customer_id,monthly_spend
20451981,2750.9400000000005
23251656,940.7958750000004
64082260,304.5850119904077
82505923,226.7596374622358
89981994,235.46590909090907
64973937,237.93095744680852
27610278,233.56418994413423
35883083,102.83581395348838
20490020,275.8694117647059
54517670,186.79625000000001
94359232,109.10529197080292
17326886,258.9833053221291
86594167,1115.69
94873255,152.2087402597402
62944765,1609.9220276497708
95482882,131.30408450704226
76963069,2426.1059999999998
25112257,4751.43
69916855,368.9
71088357,233.56418994413423
50168897,109.10529197080292
67403679,150.04094972067037
55474643,1609.9220276497708
54852556,606.767747440273
63667529,152.2087402597402
48025998,659.7300000000001
93351324,534.5108749999997
18887996,276.25972972972977
49568688,859.649333333334
92911099,373.16271052631566
11717924,104.12850299401197
62085471,441.8939516129031
78336143,226.7596374622358
13087851,477.5229927007295
33506258,381.63388535031834
61356554,102.1490019193858
11967368,189.10726224783863
98374877,117.45431818181818
76845536,516.0625945945947
59313599,109.88411764705883
41041059,164.67875
22292838,114.50824267782428
99892065,101.33750677506774
78345355,2476.1604347826087
85986903,191.10626373626368
27715035,270.83317010309287
66099730,696.660730994152
75346786,108.52439024390245
22860710,140.35418738049717
65958654,155.79055555555558
82607442,186.79625000000001
43471475,152.2087402597402
36465070,323.0488235294117
21931749,101.33750677506774
66815930,119.73680412371134
44485157,304.5850119904077
78728059,377.0003614457832
89264710,152.2087402597402
81874643,258.9833053221291
48603927,101.69683498647431
20257622,101.69683498647431
88360790,119.46414985590778
79411556,258.9833053221291
24819092,205.4150924024642
74678656,108.4384375
22548045,191.10626373626368
95827783,477.5229927007295
60019526,152.45037234042553
82548254,826.7446726190482
90453319,152.2087402597402
15312091,696.660730994152
34786964,123.3634188034188
46684232,546.2616071428573
84597099,104.12850299401197
98134524,843.2258620689655
18531043,352.5433333333333
14953383,1281.6142857142859
80944054,304.5850119904077
34873753,254.65242038216576
95577033,100.65767045454548
50215436,173.8515736040609
95347203,318.76994897959236
58614046,318.76994897959236
40368791,373.16271052631566
23316775,950.8165714285715
23331513,123.3634188034188
40038060,205.4150924024642
22096579,270.83317010309287
24978810,224.9241085271318
65890694,257.2252112676054
47906818,1343.284527363184
38478694,304.5850119904077
54797755,287.0254151624548
44533278,138.17057347670251
58182080,304.5850119904077
67491014,696.660730994152
45798475,101.69683498647431
41586132,203.1221052631579
22956540,1010.5833333333334
25367334,1348.5354166666666
70503250,152.2087402597402
58307796,101.69683498647431
59859757,528.2157446808513
47787665,168.59012269938648
69610612,287.0254151624548
66658967,1003.4724242424245
37962749,678.481315789474
87675902,641.6119230769231
61682179,318.76994897959236
78073125,405.0755414012738
73229345,128.39344827586206
43171437,1023.2660176991145
69766997,107.573283416528
14939250,1033.29
12328281,129.53979253112036
76560997,318.76994897959236
57569914,257.2252112676054
20883894,745.906465517241
22766188,438.09613636363633
62905121,122.27020212765962
36295477,100.15424657534247
55610529,191.10626373626368
40366302,114.50824267782428
18624954,257.2252112676054
72668820,1018.4977142857142
23817472,108.4384375
99830054,304.5850119904077
63410560,373.16271052631566
11811963,146.53415254237288
68778133,152.2087402597402
61211015,377.0003614457832
85223112,220.66263297872334
17785980,226.7596374622358
51523712,318.76994897959236
88242319,144.2896153846154
66674532,110.58633333333334
76442132,242.55999999999997
84193848,226.7596374622358
80878809,146.53415254237288
92088473,564.0105714285716
18574912,156.57601941747572
82956926,403.7961111111111
57265640,129.53979253112036
27961225,318.76994897959236
65404075,127.27878504672903
98698597,108.58736842105263
63221757,333.73315789473685
45396691,258.9833053221291
95724535,191.10626373626368
98157590,138.17057347670251
60909030,127.27878504672903
20932142,107.573283416528
85604729,101.33750677506774
25410553,220.66263297872334
76477501,151.11062049062048
29459273,114.32115241635687
71879657,101.69683498647431
67115179,107.573283416528
82348794,110.58633333333334
32880748,257.2252112676054
36203607,146.1078773584905
20891850,516.0625945945947
94570583,659.7170212765958
47560755,152.2087402597402
39752876,477.5229927007295
68980243,108.4384375
71143374,477.5229927007295
89917748,313.4097959183675
30461949,817.251111111111
67458886,140.35418738049717
44166816,129.42166666666665
48218923,174.6085526315789
83104523,159.62069999999997
23739634,135.48040650406503
45544123,559.6280888888886
72316980,155.51441176470587
24805396,257.2252112676054
85045576,154.41209302325578
21314164,1202.2242941176473
52842656,153.3216296296296
12382139,183.03
88152347,305.9511743772239
49270171,237.93095744680852
20221404,1202.2242941176473
25851974,119.20818749999997
95701680,301.64854838709675
83739665,522.9484507042253
61996348,101.69683498647431
12797236,154.41209302325578
25554853,1609.9220276497708
72618187,110.58633333333334
77583489,220.66263297872334
79450582,102.1490019193858
84595636,102.14175675675675
89981949,725.4049999999996
69424476,217.5471774193548
55064308,294.17807017543856
82956266,151.11062049062048
60185159,477.5229927007295
80612747,318.76994897959236
41303090,146.1078773584905
13517787,122.27020212765962
34078093,241.82600000000002
69030112,254.65242038216576
61791328,722.7446376811594
51789245,441.8939516129031
88068699,101.33750677506774
33399367,138.17057347670251
79597553,258.9833053221291
70695101,546.7243181818183
98169962,213.39
89251190,107.573283416528
53044281,205.4150924024642
73528670,373.16271052631566
14751149,546.7243181818183
61490053,243.74375000000003
51385275,507.55229508196726
41764194,276.25972972972977
96598282,120.64734374999999
96823449,122.27020212765962
30931247,153.3216296296296
60872668,696.660730994152
97835669,1202.2242941176473
36785828,146.1078773584905
25812131,696.660730994152
38410800,695.9792857142858
33023072,101.69683498647431
48250594,101.33750677506774
94891015,506.63
65307671,205.4150924024642
99621779,257.2252112676054
83959755,381.63388535031834
64535310,205.4150924024642
30594968,1827.846794871795
10263960,211.71190476190475
60876075,119.46414985590778
12217583,373.16271052631566
29989580,826.7446726190482
31184452,826.7446726190482
16182148,2377.2864705882357
74700470,254.41145631067977
53084609,373.16271052631566
36052930,110.92999999999999
86583512,107.76955357142857
10930793,305.9511743772239
74179918,100.0
89853445,477.5229927007295
75258370,119.46414985590778
93197004,477.5229927007295
16551408,122.27020212765962
36115326,305.9511743772239
47243451,1609.9220276497708
90773939,419.64343750000006
30735291,146.51051724137932
66891211,119.46414985590778
77142249,151.11062049062048
24530798,287.0254151624548
78204046,107.573283416528
60230110,318.76994897959236
13017302,477.5229927007295
21044447,136.91155555555554
28976655,305.9511743772239
52214813,100.65767045454548
61575366,117.45431818181818
23125986,151.11062049062048
11614855,118.78444444444443
68090330,101.69683498647431
31241329,318.76994897959236
21561157,156.63155844155847
61917300,151.11062049062048
82147824,114.32115241635687
91513421,104.7085588235294
30753790,134.79454545454547
33700064,113.81903409090906
86773406,4077.9428571428575
41719197,270.83317010309287
67399596,102.8217256637168
37696535,107.573283416528
15791208,1248.9199453551912
24348676,233.56418994413423
24480974,606.767747440273
49440078,173.8515736040609
48242779,1362.4881132075473
13405947,606.5327777777778
34531671,114.32115241635687
63652222,318.76994897959236
97745210,151.11062049062048
48557187,418.9836363636363
79801016,257.2252112676054
93409518,270.83317010309287
48891463,107.573283416528
41134793,107.76955357142857
76776302,107.71610169491525
89505130,129.53979253112036
46129267,121.33500000000001
57862630,104.7085588235294
32227094,859.649333333334
72887559,101.69683498647431
97826236,129.53979253112036
40250768,153.3216296296296
56765848,152.2087402597402
11244823,657.9656097560975
40189321,138.17057347670251
68120430,546.7243181818183
64917610,415.416
79290200,1361.0802083333335
13110537,257.69384615384615
56816135,516.0625945945947
27525357,564.0105714285716
71914367,223.79187499999998
23989491,1036.9499999999998
86436168,564.0105714285716
63499286,398.2320865139953
18619374,120.64734374999999
52222614,305.9511743772239
75467866,104.7085588235294
28926111,156.63155844155847
98661834,257.2252112676054
73087852,1609.9220276497708
48887326,826.7446726190482
87383314,107.573283416528
88682579,843.2258620689655
12617324,151.11062049062048
49224165,724.89625
69951588,140.3975
11713703,160.55314285714286
59435002,3013.6944444444443
61153563,398.2320865139953
57206499,2750.9400000000005
89140242,101.33750677506774
95100771,110.58633333333334
32638417,110.58633333333334
61625712,318.76994897959236
61250133,140.80593425605528
17952873,241.95518518518517
14513813,241.82600000000002
57500282,119.46414985590778
51340284,117.27714285714286
35897956,138.17057347670251
21856280,159.62069999999997
36786275,293.4055555555556
99178725,1202.2242941176473
48955886,257.2252112676054
51811678,301.64854838709675
81930210,189.10726224783863
49161318,482.8169318181819
24723720,507.55229508196726
14950936,257.2252112676054
54638593,373.16271052631566
98115682,826.7446726190482
10533857,196.987
87478097,159.62069999999997
60429975,140.80593425605528
38969729,152.2087402597402
64656132,122.27020212765962
86963086,224.9241085271318
17268859,381.63388535031834
72142121,1023.2660176991145
91574809,398.2320865139953
54272037,107.573283416528
16058661,2209.732522522522
74133244,1500.0851999999995
14281752,109.10529197080292
46666867,119.46414985590778
75686584,1467.8118181818181
25546684,304.5850119904077
80619174,129.80027027027023
61749604,151.11062049062048
38248391,146.51051724137932
16877088,140.35418738049717
99140321,539.761447368421
15975231,318.76994897959236
40531945,305.9511743772239
71708672,101.69683498647431
85030779,477.5229927007295
61117487,146.1078773584905
42638536,249.84828571428568
82326061,100.65767045454548
17028661,846.184487179487
26048783,104.12850299401197
34262255,102.8217256637168
14326462,304.5850119904077
93816989,224.9241085271318
23690395,318.76994897959236
94999262,859.649333333334
81971277,103.53074074074074
90562416,102.1490019193858
95799765,107.573283416528
89244724,100.65767045454548
83879641,304.5850119904077
96424387,100.58813953488372
51051501,257.2252112676054
29249441,1343.284527363184
62893412,123.3634188034188
61417835,127.27878504672903
62755928,135.28055555555554
66501572,241.95518518518517
76084740,258.9833053221291
27624326,129.53979253112036
86757966,102.12857142857142
92455037,113.81903409090906
67852942,398.2320865139953
30696098,1248.9199453551912
44792329,114.32115241635687
10390388,381.63388535031834
17826936,377.0003614457832
71880941,530.6884810126584
98184673,152.2087402597402
60002125,107.573283416528
34664804,152.2087402597402
37594595,318.76994897959236
42980815,108.52439024390245
25819880,150.04094972067037
16484408,257.2252112676054
91766904,107.76955357142857
82866803,107.573283416528
82424284,950.8165714285715
72903422,233.56418994413423
11480750,217.5471774193548
96983867,152.2087402597402
41426492,270.83317010309287
24002286,478.8838095238095
18056145,114.50824267782428
72362977,119.20818749999997
15977163,318.76994897959236
51036186,105.3860606060606
34918337,307.82068965517243
20599813,119.46414985590778
19900890,1202.2242941176473
27971378,254.65242038216576
50965403,101.69683498647431
49026734,2476.1604347826087
14192253,165.84208333333333
76817070,267.9484615384616
41164681,257.2252112676054
94312885,104.12850299401197
38527851,226.7596374622358
88279496,1343.284527363184
15498361,477.5229927007295
17691622,107.573283416528
43719564,2476.1604347826087
27861137,140.35418738049717
20308452,122.27020212765962
97996598,105.85322033898305
93656677,477.5229927007295
20464937,287.0254151624548
25195757,220.28517241379316
95231592,151.11062049062048
96604510,213.39
12888073,377.0003614457832
99408984,122.27020212765962
65238591,160.33492753623193
24114707,507.55229508196726
70796256,107.573283416528
64703869,318.76994897959236
35203752,119.20818749999997
47453323,107.573283416528
12385313,146.51051724137932
54441418,151.3859649122807
83549825,1434.1876923076923
20370209,1248.9199453551912
68357218,564.0105714285716
62743829,102.1490019193858
20331898,191.10626373626368
43934228,257.2252112676054
47620709,135.28055555555554
75355275,107.573283416528
63446649,152.2087402597402
89051919,3064.2782608695657
92954904,222.8470588235294
64731800,411.22761467889933
27945685,238.46217391304344
98412215,156.63155844155847
19535502,418.9836363636363
66516822,146.1078773584905
45373292,100.65767045454548
34711249,287.0254151624548
48370651,903.31
71354510,102.14175675675675
56728847,140.80593425605528
40004525,170.282
94648945,140.80593425605528
62756732,270.83317010309287
80428237,559.6280888888886
64878556,312.7527272727273
30597278,100.65767045454548
40357660,318.76994897959236
98010210,132.8392156862745
43275959,108.4384375
67938712,398.2320865139953
50506973,355.71638157894733
27421159,146.51051724137932
51123211,107.573283416528
51887530,107.573283416528
68372581,102.8217256637168
31184062,100.0
55543655,606.5327777777778
71805162,226.7596374622358
98612541,282.8279518072289
67235486,411.22761467889933
35490134,107.573283416528
74647441,824.97
73962817,192.88614678899083
95192638,1091.4587096774192
96803902,1343.284527363184
97635826,140.35418738049717
34428942,1949.0816770186334
86699979,156.57601941747572
79766437,122.27020212765962
55732878,107.573283416528
20035702,507.55229508196726
54997853,221.4931818181818
91776457,108.046812749004
13967606,1609.9220276497708
88365927,105.3860606060606
92907413,102.14175675675675
89771364,376.4266666666667
75648081,1609.9220276497708
97365061,100.65767045454548
29587137,107.76955357142857
22019813,156.57601941747572
29469529,318.76994897959236
66670735,107.573283416528
84380411,722.7446376811594
17040729,659.7170212765958
25307807,748.3725
33962361,418.9836363636363
67969299,152.2087402597402
38562471,984.7
33114742,859.649333333334
54307298,745.644333333333
20058700,151.11062049062048
33779532,152.2087402597402
88110162,107.573283416528
36112292,2168.625
38475061,940.7958750000004
92644264,101.69683498647431
92355731,1827.846794871795
75478249,100.0
23875741,528.2157446808513
88793850,102.8217256637168
14142195,318.76994897959236
67422773,745.644333333333
36705498,101.33750677506774
62072834,355.71638157894733
33337577,1018.4977142857142
14298054,381.63388535031834
96998725,108.4384375
70579244,153.3216296296296
26844678,150.04094972067037
97441250,104.12850299401197
49239286,261.2191333333335
19469855,156.57601941747572
82552850,101.69683498647431
60170958,205.4150924024642
28237826,411.22761467889933
84208342,1766.2711290322584
28295140,150.04094972067037
38477827,205.4150924024642
54941872,405.0755414012738
15450767,138.17057347670251
93656934,134.79454545454547
54273142,101.69683498647431
63648675,104.7085588235294
31875954,138.17057347670251
60881802,217.5471774193548
17233443,1140.8066666666668
28953932,304.5850119904077
64958348,1343.284527363184
27038940,678.481315789474
25667330,210.1689565217392
89200812,101.37735294117645
63109620,367.85712499999994
34692595,102.8217256637168
45554823,101.69683498647431
50487516,398.2320865139953
37970303,509.8804761904762
20944145,293.4055555555556
54232510,119.46414985590778
58289637,522.9484507042253
70295882,1044.4616666666666
11855847,373.16271052631566
26640485,120.64734374999999
92806514,477.5229927007295
43703605,355.71638157894733
75507937,722.7446376811594
21361381,109.10529197080292
73615273,127.27878504672903
92437179,105.3860606060606
57813173,101.69683498647431
99373127,318.76994897959236
95805212,1023.2660176991145
61946147,528.2157446808513
24903202,119.46414985590778
88268253,745.644333333333
45270713,477.5229927007295
67013519,139.8733333333333
64480094,146.51051724137932
18481385,1003.4724242424245
69314375,318.76994897959236
58464172,160.33492753623193
57844179,129.53979253112036
65371057,233.56418994413423
22749627,122.27020212765962
64747851,100.0
35545690,1038.1095535714285
91575937,156.57601941747572
11663787,101.69683498647431
59570536,109.10529197080292
53724418,843.2258620689655
78572661,101.69683498647431
38544041,151.3859649122807
27091356,606.5327777777778
20013110,135.48040650406503
11862841,107.573283416528
54926458,411.22761467889933
72702715,1229.3668421052632
65477001,477.5229927007295
99407693,233.56418994413423
15192014,355.71638157894733
87232785,104.7085588235294
76412402,152.16125
49393943,657.9656097560975
53853124,168.59012269938648
17486636,1766.2711290322584
64895733,1002.7396261682239
64938150,233.2525454545454
62321885,100.65767045454548
14616504,104.7085588235294
53996148,911.4207692307692
17209399,257.2252112676054
25102335,522.9484507042253
54515012,203.84384615384616
80596244,268.6823529411765
54217244,411.22761467889933
29133774,152.2087402597402
60727794,106.57246575342464
55160698,151.11062049062048
18231141,318.76994897959236
91091163,2750.9400000000005
52747750,100.65767045454548
97932301,203.84384615384616
77391969,2374.3925
64274314,217.5471774193548
82861922,142.9029411764706
95155142,203.84384615384616
57522876,287.0254151624548
46054634,107.573283416528
32006732,152.45037234042553
62808198,168.59012269938648
60875435,189.10726224783863
15688688,153.3216296296296
13559129,203.84384615384616
25489744,287.0254151624548
55669591,411.22761467889933
10763911,189.10726224783863
15579269,107.573283416528
18433265,102.83581395348838
72131946,155.51441176470587
50106249,233.56418994413423
21363716,220.66263297872334
80090384,135.48040650406503
37971475,121.33500000000001
31314120,140.80593425605528
73683678,114.84171428571429
29703095,2209.732522522522
87144591,101.37735294117645
44689207,696.660730994152
42450190,108.4384375
92653218,301.64854838709675
67727493,110.58633333333334
55742747,1511.0
96941026,859.649333333334
89824134,1202.2242941176473
19822449,241.95518518518517
18676315,190.59214285714285
17316044,140.80593425605528
81559769,493.4
98912158,372.9034426229508
67772871,101.37735294117645
65921862,405.0755414012738
12636566,173.8515736040609
88608909,123.3634188034188
43902318,264.97574468085105
59512038,1949.0816770186334
77976362,859.649333333334
57092914,233.56418994413423
47412567,192.88614678899083
17145991,559.6280888888886
56270450,940.7958750000004
47467383,859.649333333334
10449714,920.65
43156511,273.71
71377851,217.5471774193548
54093810,122.27020212765962
78096026,151.11062049062048
57320154,140.80593425605528
45383520,140.80593425605528
38351707,125.83142857142857
70796190,140.35418738049717
29977177,107.573283416528
97584339,108.52439024390245
47886559,237.81285714285715
45622137,412.78789473684213
21500277,127.27878504672903
47647928,381.63388535031834
54496344,233.56418994413423
44268785,210.1689565217392
75946241,100.65767045454548
30459191,570.1127272727274
15840319,186.79625000000001
72588739,220.66263297872334
73017157,151.11062049062048
25420365,398.2320865139953
55377863,546.2616071428573
51370964,102.14175675675675
48905468,146.51051724137932
83191846,152.2087402597402
59334183,318.76994897959236
94009638,559.6280888888886
41721760,257.2252112676054
35401283,606.767747440273
69685525,152.2087402597402
84271975,221.4931818181818
95753616,606.767747440273
32526219,107.573283416528
64532934,907.172722513089
76031822,174.6085526315789
52468855,109.10529197080292
21028902,220.66263297872334
34108713,102.14175675675675
84943048,1065.7024427480915
84439701,107.573283416528
16539498,100.65767045454548
24537949,151.11062049062048
19537971,318.76994897959236
72069403,1609.9220276497708
84333546,108.52439024390245
11868598,134.79454545454547
72165230,696.660730994152
86606477,411.22761467889933
85432562,140.35418738049717
53853013,101.69683498647431
87319378,102.8217256637168
32466967,940.7958750000004
80519195,107.573283416528
12289146,318.76994897959236
17893529,1023.2660176991145
76217556,1348.5354166666666
27323024,411.22761467889933
86557861,962.9460000000001
37601873,140.3975
43146250,376.4266666666667
51498335,424.182
46939189,381.63388535031834
36620181,152.2087402597402
59890806,102.8217256637168
19160668,114.32115241635687
94555827,189.10726224783863
73451577,1202.2242941176473
83828090,102.1490019193858
92021594,119.46414985590778
15822386,101.33750677506774
57405310,398.2320865139953
22671359,1609.9220276497708
68101436,119.46414985590778
66910009,101.69683498647431
55778706,270.83317010309287
75120697,102.1490019193858
12885545,152.2087402597402
28604372,159.62069999999997
97297156,2750.9400000000005
18964928,2345.335
61244754,1038.1095535714285
45178470,257.2252112676054
65250669,150.04094972067037
75566313,477.5229927007295
25053248,122.27020212765962
71082761,192.88614678899083
25210276,170.282
39718089,940.7958750000004
51364178,107.573283416528
31211994,108.4384375
71509945,411.22761467889933
98330029,152.2087402597402
22456435,373.16271052631566
56912862,318.76994897959236
41548833,859.649333333334
34760776,107.573283416528
54015943,2652.5
75943554,522.9484507042253
61847706,411.22761467889933
79766441,129.53979253112036
29099073,102.1490019193858
92971983,117.45431818181818
77042656,2476.1604347826087
41355522,140.25938596491227
37905258,168.59012269938648
62845536,140.80593425605528
70252689,109.10529197080292
69012389,107.573283416528
55230723,217.5471774193548
36148733,523.2321428571429
11166306,398.2320865139953
86661349,304.5850119904077
39933083,108.4384375
91301497,522.9484507042253
84697954,305.9511743772239
16890490,156.63155844155847
46638869,107.76955357142857
44149767,106.57246575342464
18897403,951.8399999999999
77411533,102.14175675675675
62885631,318.76994897959236
34219564,626.616
69042251,205.4150924024642
24137005,254.65242038216576
66305720,140.80593425605528
17619455,146.1078773584905
63065642,107.76955357142857
43970026,313.4097959183675
78870428,258.9833053221291
72114631,114.32115241635687
84664219,233.56418994413423
25739422,411.22761467889933
54038039,131.30408450704226
55081531,477.5229927007295
45672847,146.53415254237288
29734641,257.2252112676054
63805244,411.22761467889933
82782411,107.573283416528
64705797,441.8939516129031
59326862,151.11062049062048
48549098,3064.2782608695657
39570097,129.53979253112036
98000370,205.4150924024642
63674921,377.0003614457832
16674336,257.2252112676054
77063987,119.46414985590778
67143015,140.35418738049717
10570033,241.95518518518517
47185088,606.767747440273
63757190,107.573283416528
43453041,1362.4881132075473
17890447,153.3216296296296
34735493,117.45431818181818
40580820,261.2191333333335
84776860,1609.9220276497708
34883247,220.66263297872334
75437035,101.69683498647431
63198281,477.5229927007295
33289878,1003.4724242424245
42222441,152.2087402597402
53518898,101.33750677506774
77756377,152.2087402597402
66266331,1343.284527363184
75207542,318.76994897959236
65741993,205.8758823529412
30452290,150.04094972067037
30341625,191.10626373626368
10196118,659.7170212765958
39997400,441.8939516129031
42764498,151.11062049062048
93568775,107.573283416528
60138513,318.76994897959236
95863174,220.66263297872334
92194956,140.25938596491227
34979379,534.8764285714285
71517927,108.4384375
80092401,102.1490019193858
29853468,294.17807017543856
95595164,140.80593425605528
47277321,696.660730994152
95111852,287.0254151624548
49309773,257.2252112676054
52060622,304.5850119904077
18920892,313.4097959183675
95549548,254.41145631067977
28343921,189.10726224783863
24575136,160.55314285714286
51405326,221.4931818181818
88024456,724.89625
61475538,1043.46
86032798,140.35418738049717
99829874,528.2157446808513
96251785,1045.0645454545452
11235918,113.81903409090906
41084979,107.573283416528
31949326,107.573283416528
88425482,101.69683498647431
41724063,1766.2711290322584
24244868,411.22761467889933
96443454,595.1405555555557
83159015,101.69683498647431
24632345,333.7758333333333
44153806,318.76994897959236
93580629,523.2321428571429
53277959,257.2252112676054
99759183,589.6133333333333
55252816,100.65767045454548
41285175,105.3860606060606
73261084,546.2616071428573
99347555,911.4207692307692
70567494,107.573283416528
76764787,1343.284527363184
14328685,153.3216296296296
66866287,205.4150924024642
49679159,221.4931818181818
58671247,109.88411764705883
20236719,2209.732522522522
34585357,100.0
45051453,186.79625000000001
51786574,305.9511743772239
79731887,100.8778125
54354970,745.644333333333
77833826,859.649333333334
80242735,108.046812749004
79336488,1303.91
51121070,546.2616071428573
15930057,102.83581395348838
84864986,139.8733333333333
97820091,1362.4881132075473
76206876,146.1078773584905
34508398,907.172722513089
15581330,826.7446726190482
24272114,1023.2660176991145
45684128,101.69683498647431
53910689,101.33750677506774
89611963,119.73680412371134
19439294,210.1689565217392
44476677,1003.4724242424245
72816714,119.73680412371134
74817899,152.2087402597402
24462605,114.50824267782428
62629343,477.5229927007295
60387272,122.27020212765962
60976677,140.25938596491227
25938630,257.2252112676054
89171283,258.9833053221291
23407854,595.5751515151516
84390020,174.6085526315789
10131944,516.0625945945947
61185673,907.172722513089
76507951,1003.4724242424245
92456997,373.16271052631566
27091498,168.59012269938648
22015405,205.4150924024642
64048811,415.416
59963315,189.10726224783863
99392827,724.89625
52435285,606.767747440273
68018936,140.80593425605528
92985874,107.573283416528
19827012,101.69683498647431
32076309,107.573283416528
74459345,135.48040650406503
59329650,203.84384615384616
70105673,205.4150924024642
47359337,1609.9220276497708
27991858,257.2252112676054
36755663,806.2902
94560591,724.5204166666667
47944050,119.20818749999997
49561372,203.1221052631579
96160989,151.11062049062048
67474261,104.7085588235294
71965824,606.767747440273
13777105,100.65767045454548
64739771,859.649333333334
57691432,100.65767045454548
21801740,189.10726224783863
74352185,696.660730994152
91521650,523.2321428571429
64797772,257.69384615384615
48820263,140.35418738049717
14791909,154.41209302325578
82868024,151.11062049062048
97971853,136.45181818181814
75654232,159.62069999999997
30725718,173.8515736040609
83442812,539.761447368421
62376431,210.1689565217392
45295601,312.7527272727273
44038407,102.1490019193858
74138589,107.573283416528
78812422,220.66263297872334
57253455,745.644333333333
10109432,419.64343750000006
70492234,304.5850119904077
16499768,905.9760784313723
29721809,220.28517241379316
99970795,107.573283416528
38494075,203.83470588235295
13300921,205.4150924024642
18255583,276.25972972972977
76957329,411.22761467889933
83103502,398.2320865139953
24570014,411.22761467889933
19318542,398.2320865139953
70614169,293.4055555555556
68374888,724.5204166666667
10546051,168.59012269938648
82817153,223.79187499999998
26190736,108.046812749004
26227414,102.44636363636364
55825692,233.56418994413423
65550483,106.57246575342464
14872097,294.17807017543856
32405281,150.04094972067037
37055817,113.81903409090906
42617798,122.27020212765962
30684771,107.573283416528
21842298,140.35418738049717
44215525,530.6884810126584
54734331,374.02045454545447
77244965,173.8515736040609
31618537,122.27020212765962
10912371,119.46414985590778
25284273,104.12850299401197
63793006,100.0
40346903,305.9511743772239
14281423,899.5445454545454
10329833,477.5229927007295
58147868,826.7446726190482
62215262,678.481315789474
11535494,233.56418994413423
55289261,205.4150924024642
93054393,257.2415517241379
15613905,803.4718181818181
52346993,102.8217256637168
31426410,100.58813953488372
11924915,107.573283416528
83461539,859.649333333334
68351051,696.660730994152
23144760,1197.08
97049626,911.4207692307692
94895031,101.69683498647431
14702382,186.79625000000001
22232789,151.11062049062048
14653500,184.75230769230768
45931554,152.2087402597402
39099976,114.32115241635687
65803003,305.9511743772239
56391701,1343.284527363184
92222330,846.184487179487
93455198,1949.0816770186334
52410336,1827.846794871795
82423675,559.6280888888886
25925356,411.22761467889933
88622240,155.79055555555558
37830382,119.46414985590778
97198420,174.6085526315789
21477504,155.79055555555558
84142976,1362.4881132075473
96401209,135.9925
18047299,120.64734374999999
25908320,516.0625945945947
69709013,192.88614678899083
63707451,101.33750677506774
68674616,173.8515736040609
41246291,107.573283416528
93099265,122.27020212765962
44969882,140.80593425605528
94840571,151.11062049062048
24428966,186.79625000000001
73406276,159.62069999999997
74093567,107.573283416528
55445678,114.32115241635687
56770356,102.8217256637168
20116401,301.64854838709675
23989432,140.35418738049717
77573883,1896.6559999999997
30955534,140.80593425605528
46007298,192.88614678899083
60038151,119.46414985590778
16169663,826.7446726190482
40454664,102.14175675675675
62049127,213.39
19821119,140.80593425605528
56611586,122.58583333333333
55267084,113.81903409090906
55813034,2209.732522522522
23867957,101.69683498647431
90096160,105.85322033898305
32751852,248.74666666666667
21394047,826.7446726190482
80032862,254.43586206896552
22418983,226.7596374622358
52802197,107.573283416528
48673505,122.27020212765962
14195685,114.50824267782428
22205138,108.4384375
96628154,241.95518518518517
44734813,109.10529197080292
55802873,595.5751515151516
41368275,131.98999999999998
67686446,530.6884810126584
97989934,100.0
65686117,114.32115241635687
45591525,102.1490019193858
14884094,119.73680412371134
60291749,477.5229927007295
46418453,107.573283416528
30133967,405.0755414012738
30307611,102.14175675675675
76539721,313.4097959183675
93325285,114.32115241635687
69825909,270.83317010309287
10220197,173.8515736040609
34178403,101.69683498647431
67327944,823.6933333333334
58361366,105.85322033898305
35080838,477.5229927007295
24415695,233.2525454545454
30354080,318.76994897959236
24117628,146.1078773584905
62628994,100.0
51012198,606.767747440273
68125143,839.16
94485707,102.1490019193858
40172711,189.10726224783863
17647583,151.11062049062048
94790367,107.573283416528
18254706,133.37541666666667
65733568,101.33750677506774
58357649,114.84171428571429
42289495,226.7596374622358
15020288,100.65767045454548
31419590,103.38333333333333
37233713,1002.7396261682239
26330225,381.63388535031834
73976501,419.64343750000006
90642644,551.1062962962965
63791881,318.76994897959236
40102213,1766.2711290322584
60203926,826.7446726190482
36257216,452.1171428571429
24119768,678.481315789474
30403208,826.7446726190482
39737862,1267.295
41150683,257.2252112676054
99351268,217.5471774193548
62692262,398.2320865139953
72711178,122.27020212765962
10083097,257.2252112676054
65370298,559.6280888888886
84388395,109.10529197080292
52114454,152.2087402597402
74646950,268.6823529411765
72720701,205.4150924024642
45732529,217.5471774193548
10509116,152.2087402597402
36154567,102.83581395348838
46124383,556.175
27866730,152.2087402597402
62320931,233.56418994413423
78979954,100.58813953488372
52531638,300.3
70662494,122.27020212765962
88174413,140.25938596491227
21513664,411.22761467889933
26546743,606.767747440273
89094189,101.69683498647431
34006202,249.84828571428568
44458405,107.573283416528
46102741,745.644333333333
80947937,606.767747440273
73456376,477.5229927007295
27640503,221.4931818181818
66469621,477.5229927007295
35504694,101.69683498647431
24815317,657.9656097560975
58171289,105.3860606060606
18612790,318.76994897959236
63428669,546.2616071428573
57949817,1609.9220276497708
72876573,373.16271052631566
96193736,257.2252112676054
57932688,305.9511743772239
61617398,457.8290476190477
57513357,477.5229927007295
46336493,233.56418994413423
56173102,257.2252112676054
22210971,205.4150924024642
27397907,101.69683498647431
94750459,398.2320865139953
23197778,107.573283416528
62692781,114.84171428571429
94164438,134.54
19395402,424.182
94219712,154.41209302325578
33491568,108.046812749004
67632603,160.33492753623193
19852962,696.660730994152
73405784,724.89625
88192699,305.9511743772239
29867417,102.14175675675675
84909546,722.7446376811594
52598919,1248.9199453551912
86077350,441.8939516129031
43929538,641.6119230769231
89992133,186.79625000000001
33643157,826.7446726190482
40190924,122.27020212765962
97098808,257.2252112676054
87635513,499.1391666666666
16478169,2750.9400000000005
79498204,333.73315789473685
62568791,1622.7093333333332
36457296,122.27020212765962
29599077,220.66263297872334
22644116,257.2252112676054
69419691,1202.2242941176473
21970018,109.10529197080292
31666748,355.71638157894733
84691804,522.9484507042253
19277545,443.6661111111111
78443496,233.56418994413423
92759112,122.27020212765962
49629913,749.9933333333332
14874574,140.35418738049717
61108399,101.69683498647431
53618559,657.9656097560975
46977752,101.69683498647431
87695599,398.2320865139953
68430793,287.0254151624548
11606038,102.14175675675675
52469720,318.76994897959236
91726930,140.80593425605528
14558288,100.65767045454548
98640275,122.27020212765962
82918511,132.8392156862745
32992592,159.62069999999997
36930879,152.2087402597402
73360172,205.4150924024642
22281491,224.9241085271318
33813436,155.79055555555558
49300946,301.64854838709675
56371129,318.76994897959236
83899433,101.69683498647431
25827679,1197.08
16631062,122.27020212765962
86793673,381.63388535031834
99689707,156.63155844155847
69776211,135.48040650406503
55892015,168.59012269938648
19716865,167.788
46860460,140.80593425605528
66143638,1343.284527363184
46241046,151.3859649122807
47497471,304.5850119904077
38256243,270.83317010309287
90078699,152.2087402597402
66607961,101.33750677506774
15632043,205.4150924024642
81498334,826.7446726190482
82443801,257.2252112676054
88411591,151.11062049062048
18221799,411.22761467889933
30242976,108.52439024390245
66494245,107.573283416528
49287510,102.8217256637168
83370642,226.7596374622358
92348451,101.69683498647431
55790147,102.8217256637168
49423398,183.03
39715763,146.1078773584905
46440335,254.65242038216576
78128236,372.9034426229508
63409672,1576.6495238095238
98873842,113.80138461538462
34782044,150.04094972067037
70391546,140.80593425605528
76956234,318.76994897959236
41544516,189.10726224783863
42550648,318.76994897959236
98465226,102.1490019193858
30886863,294.17807017543856
84535276,273.71
54301788,411.22761467889933
78637034,257.2252112676054
61387156,100.0
71715096,203.84384615384616
47859897,102.14175675675675
59800013,377.0003614457832
95293248,1467.8118181818181
11553772,318.76994897959236
91107127,984.7
66825939,101.69683498647431
33598864,106.57246575342464
18818037,559.6280888888886
86800656,373.16271052631566
45209421,122.27020212765962
99712718,102.14175675675675
80320840,254.41145631067977
24591401,381.63388535031834
90294177,156.57601941747572
14404076,226.7596374622358
60829113,114.50824267782428
22529505,101.33750677506774
59566170,100.0
40149323,1609.9220276497708
40382936,452.1171428571429
99300537,119.46414985590778
44631793,109.10529197080292
49450050,107.573283416528
62395628,114.32115241635687
30879014,191.10626373626368
85524688,101.69683498647431
87381496,826.7446726190482
66258576,134.07208333333335
71415255,546.7243181818183
45179604,405.0755414012738
82676573,104.7085588235294
14654038,107.573283416528
57261303,233.2525454545454
69037727,411.22761467889933
78583522,441.8939516129031
49703078,100.15424657534247
78525136,129.53979253112036
86407509,305.9511743772239
33024193,1343.284527363184
38535158,606.767747440273
84179400,107.573283416528
24680896,804.2450000000001
42024082,140.80593425605528
31137878,940.7958750000004
92689780,122.27020212765962
93487228,516.0625945945947
27421195,159.62069999999997
27611928,189.10726224783863
25261420,1343.284527363184
46864780,129.53979253112036
51909487,456.8357142857143
37913958,224.9241085271318
74334619,745.906465517241
24422548,151.11062049062048
58508595,606.767747440273
25087154,107.573283416528
76806766,135.28055555555554
27262464,107.71610169491525
73422693,304.5850119904077
58175270,189.10726224783863
76648743,367.85712499999994
36026120,528.2157446808513
87485989,367.85712499999994
88798255,268.4408333333334
85293030,1695.7350000000001
87029422,140.80593425605528
72679949,122.27020212765962
25871017,108.52439024390245
61396744,122.27020212765962
63197784,1609.9220276497708
49632353,189.10726224783863
65625596,102.14175675675675
86795596,258.26727272727277
81433856,168.59012269938648
87476873,911.4207692307692
98147948,301.64854838709675
99212421,253.60666666666663
78236394,559.6280888888886
60511137,102.1490019193858
37030090,1315.3857142857144
47227545,411.22761467889933
38980163,287.0254151624548
33290320,174.6085526315789
57735630,287.0254151624548
37888473,419.64343750000006
54251453,269.1216666666666
85556127,152.2087402597402
26903779,252.5941176470588
91692809,233.56418994413423
32446203,307.82068965517243
34350235,106.57246575342464
28532174,1576.6495238095238
59869496,122.27020212765962
37887202,122.27020212765962
54799254,205.4150924024642
44298051,1065.7024427480915
89901990,146.1078773584905
73292166,318.76994897959236
21775362,127.27878504672903
36884233,155.79055555555558
66353025,100.65767045454548
19481125,102.14175675675675
95336492,859.649333333334
32400462,1023.2660176991145
28975228,113.81903409090906
11320585,678.481315789474
32162156,127.27878504672903
88724326,745.906465517241
67650053,220.66263297872334
21038175,233.56418994413423
64836379,108.4384375
60827779,140.35418738049717
88997264,725.4049999999996
44622902,355.71638157894733
85670106,101.69683498647431
38945693,101.69683498647431
69337730,373.16271052631566
22890345,287.0254151624548
93106331,159.62069999999997
56257607,152.2087402597402
42845025,477.5229927007295
10678470,528.2157446808513
35975743,7176.01
44298756,352.5433333333333
66670226,107.573283416528
37883517,950.8165714285715
62831558,189.10726224783863
25294874,107.573283416528
34601413,2377.2864705882357
61300626,528.2157446808513
63694211,318.76994897959236
70308634,717.8957575757576
92846964,257.2252112676054
32093061,696.660730994152
68496425,270.83317010309287
36724576,257.2252112676054
18988842,104.7085588235294
44304522,109.10529197080292
91192236,152.2087402597402
27105876,159.62069999999997
89869414,107.573283416528
45877010,132.41444444444446
24146001,305.9511743772239
23395701,151.3859649122807
38974456,258.9833053221291
57842607,318.76994897959236
51687346,122.58583333333333
99288080,477.5229927007295
58963406,110.58633333333334
29443260,482.8169318181819
62626422,940.7958750000004
57515098,120.64734374999999
61739694,1003.4724242424245
27459512,132.41444444444446
84889146,122.27020212765962
58681841,101.33750677506774
63593417,2209.732522522522
33073018,441.8939516129031
18775917,100.65767045454548
38962045,343.16
67933426,100.8778125
54603681,546.2616071428573
83399485,221.4931818181818
64199110,101.69683498647431
82415208,373.16271052631566
87961803,135.48040650406503
44853010,114.50824267782428
59952980,101.33750677506774
88562279,233.56418994413423
55858413,583.122
61198975,101.69683498647431
37448315,1248.9199453551912
19525923,205.4150924024642
35026025,226.7596374622358
37029910,108.52439024390245
65651564,266.615
76546746,101.69683498647431
78805012,477.5229927007295
73332787,477.5229927007295
45937289,373.16271052631566
99048249,826.7446726190482
29475704,318.76994897959236
93694996,534.5108749999997
18159173,113.81903409090906
50435273,107.573283416528
56812269,152.45037234042553
10385151,419.64343750000006
74541267,1343.284527363184
16719195,107.573283416528
48754743,107.573283416528
18188655,104.12850299401197
32063627,373.16271052631566
95749552,152.2087402597402
95191424,474.17
79363744,318.76994897959236
47169927,546.2616071428573
77108983,100.65767045454548
44823862,127.27878504672903
81122519,210.1689565217392
18168723,151.11062049062048
59737458,226.7596374622358
12477444,114.84171428571429
89609832,1827.846794871795
50913652,159.62069999999997
42856249,107.573283416528
62711409,257.2252112676054
67374114,152.2087402597402
26708384,257.2252112676054
57463109,257.2252112676054
64273952,101.69683498647431
56304545,102.1490019193858
82795140,270.83317010309287
14007213,102.8217256637168
54415843,101.33750677506774
54590957,220.28517241379316
67350145,203.83470588235295
74993313,140.80593425605528
62432527,258.9833053221291
33713363,155.79055555555558
80390114,107.573283416528
12723951,105.85322033898305
71416124,134.07208333333335
72440899,257.2252112676054
60115717,210.1689565217392
26317947,114.32115241635687
35504199,398.2320865139953
30187539,411.22761467889933
55346293,257.2252112676054
90516502,470.1895000000001
72045347,102.8217256637168
79850408,118.78444444444443
20443404,2209.732522522522
84501791,152.2087402597402
73999320,119.46414985590778
98913461,101.69683498647431
37225199,129.53979253112036
16193655,381.63388535031834
72620298,1343.284527363184
64188152,205.4150924024642
67784083,373.16271052631566
90552658,594.305
80748000,828.4954285714284
38083778,843.2258620689655
65525497,113.81903409090906
19381953,107.573283416528
65723090,523.2321428571429
76151738,546.2616071428573
48225827,398.2320865139953
27357384,151.11062049062048
72090603,373.16271052631566
13739096,150.04094972067037
42442381,257.2252112676054
57561155,507.55229508196726
35942827,140.35418738049717
89196128,438.09613636363633
90585757,100.0
28123361,107.573283416528
54892166,226.7596374622358
34399967,102.14175675675675
36429013,411.22761467889933
87308981,377.0003614457832
99529719,257.2252112676054
22093311,516.0625945945947
81263538,107.573283416528
71338939,301.54599999999994
26758105,546.2616071428573
97028969,100.0
64463656,205.4150924024642
56099433,107.573283416528
85325718,205.8758823529412
44166454,224.9241085271318
36489810,140.35418738049717
33207901,189.10726224783863
27978007,119.46414985590778
81479630,192.88614678899083
51537650,411.22761467889933
45619520,140.80593425605528
38111175,318.76994897959236
52128949,951.8399999999999
25404819,102.1490019193858
76230938,101.69683498647431
35633669,151.11062049062048
17486296,398.2320865139953
26823352,546.2616071428573
24234066,113.80138461538462
69609466,310.2707017543861
44500625,477.5229927007295
25810885,1054.27756097561
47095933,258.9833053221291
29996746,220.66263297872334
26824387,100.15424657534247
22560248,102.14175675675675
67043419,152.2087402597402
56128877,859.649333333334
78532613,101.69683498647431
63334626,258.26727272727277
41942475,631.3714285714286
71572581,1362.4881132075473
31224917,398.2320865139953
52061385,1622.7093333333332
85648776,318.76994897959236
89601046,477.5229927007295
16315474,373.16271052631566
90885644,559.6280888888886
69988016,411.22761467889933
55363982,152.2087402597402
15084841,907.172722513089
85269120,254.41145631067977
31531393,151.11062049062048
65511292,127.27878504672903
76207920,1248.9199453551912
25765261,1343.284527363184
99628783,129.53979253112036
29123949,1609.9220276497708
84071477,477.5229927007295
55408575,119.46414985590778
18563235,1949.0816770186334
32862824,3013.6944444444443
87247913,564.0105714285716
70811397,606.767747440273
79135010,258.9833053221291
95532555,107.76955357142857
91619153,220.66263297872334
85185899,257.2252112676054
45503458,203.83470588235295
40572975,258.9833053221291
89004010,152.45037234042553
34562042,373.16271052631566
63463440,355.71638157894733
64460362,107.573283416528
67250925,108.4384375
14939721,258.9833053221291
35310686,194.9325
71187848,122.27020212765962
61524357,3208.556666666667
36782194,606.767747440273
89842273,722.7446376811594
20614858,398.2320865139953
68048266,122.27020212765962
62462117,411.22761467889933
72115510,258.9833053221291
14057421,152.2087402597402
99878320,203.84384615384616
68934495,138.17057347670251
63897425,606.767747440273
30823846,109.10529197080292
45856506,151.11062049062048
36318458,477.5229927007295
54709816,105.3860606060606
58956301,477.5229927007295
61193977,165.84208333333333
94916864,738.2797297297299
95563649,1560.2707692307692
11808364,288.28
53108582,108.046812749004
37502181,1047.1833333333334
37996385,140.70496598639457
53563779,140.35418738049717
62612706,381.63388535031834
33233317,152.2087402597402
39285196,102.1490019193858
12469660,1404.8400000000001
10086272,254.65242038216576
61556619,254.65242038216576
44239580,1827.846794871795
37303458,318.76994897959236
69742763,220.66263297872334
79252407,1252.9619999999998
55035288,146.53415254237288
22573833,206.75035714285713
73616028,101.52807339449542
72379751,101.37735294117645
63515051,109.10529197080292
43605274,151.11062049062048
94526159,110.58633333333334
87017405,1343.284527363184
27785122,287.0254151624548
88986010,151.11062049062048
83705830,101.33750677506774
19294754,261.2191333333335
10016581,438.09613636363633
98337631,122.27020212765962
96284977,1002.7396261682239
85120493,2377.2864705882357
76912038,150.04094972067037
38273802,2377.2864705882357
31373003,1023.2660176991145
16311364,696.660730994152
81773825,107.573283416528
85451822,104.12850299401197
83837897,146.53415254237288
79840167,318.76994897959236
10053165,287.0254151624548
66085962,135.48040650406503
74446354,2476.1604347826087
71248291,546.2616071428573
13527988,1949.0816770186334
59655162,534.908
81270080,257.2252112676054
25459024,108.046812749004
57124820,192.88614678899083
38744724,398.2320865139953
14672828,254.65242038216576
86208199,305.9511743772239
60804234,122.27020212765962
26637959,108.52439024390245
84505191,151.11062049062048
34949195,301.54599999999994
18236230,377.0003614457832
83633670,722.7446376811594
38795738,146.1078773584905
57060441,1023.2660176991145
63193750,333.7758333333333
16584196,114.50824267782428
97470867,109.88411764705883
57117308,122.27020212765962
28539736,101.33750677506774
42854708,107.573283416528
74612987,395.46363636363645
18574187,100.15424657534247
82554201,304.5850119904077
63502035,528.2157446808513
91862663,843.2258620689655
92211122,100.0
31056808,477.5229927007295
16943964,196.987
32863651,738.2797297297299
68176876,119.73680412371134
49131404,220.66263297872334
70277995,102.8217256637168
35494136,205.4150924024642
81234980,373.16271052631566
38613978,151.11062049062048
58078556,516.0625945945947
44540392,270.83317010309287
54581831,108.046812749004
27711464,109.10529197080292
34639609,305.9511743772239
61465981,826.7446726190482
97434739,1389.5749999999998
11115465,119.46414985590778
73204702,534.5108749999997
43122014,257.2252112676054
82465915,122.27020212765962
70336402,104.7085588235294
66860305,1766.2711290322584
41500458,138.17057347670251
92919391,186.79625000000001
99618084,594.2427777777777
86909460,205.4150924024642
17337355,119.46414985590778
42353664,107.75684210526316
21765685,140.70496598639457
89088918,114.32115241635687
35899962,153.77404255319146
68684318,528.2157446808513
18484780,119.46414985590778
87388388,411.22761467889933
90094211,318.76994897959236
16804039,189.10726224783863
91010086,129.53979253112036
99469868,114.32115241635687
37545302,257.2252112676054
71878464,131.98999999999998
21183040,377.0003614457832
35304073,477.5229927007295
50348670,100.0
34230931,146.1078773584905
48867425,726.8282857142858
35018884,150.04094972067037
82792644,152.2087402597402
55638604,189.10726224783863
45618589,102.1490019193858
94996859,477.5229927007295
59711138,301.64854838709675
20008628,122.27020212765962
74210201,1065.7024427480915
71592370,722.7446376811594
91112168,696.660730994152
86979588,101.69683498647431
77491019,140.35418738049717
82906889,132.8392156862745
47215201,516.0625945945947
74482354,205.4150924024642
85248466,119.46414985590778
48081067,220.66263297872334
15387364,859.649333333334
49479914,211.71190476190475
67144063,2345.335
21546784,107.71610169491525
33690767,405.0755414012738
33115846,205.4150924024642
61562965,104.12850299401197
39809818,101.69683498647431
68123009,377.0003614457832
51851996,3064.2782608695657
14592737,146.53415254237288
53703850,1248.9199453551912
32305458,122.27020212765962
15802272,405.0755414012738
36113397,152.2087402597402
10490484,377.0003614457832
60733954,140.80593425605528
99162691,546.2616071428573
93098807,108.4384375
40838545,203.84384615384616
11051825,205.4150924024642
82908690,1038.1095535714285
71787511,725.4049999999996
72823966,1065.7024427480915
12980060,226.7596374622358
96086415,192.88614678899083
23697274,678.481315789474
51614059,2750.9400000000005
78779574,516.0625945945947
95241308,152.2087402597402
17643222,411.22761467889933
93263316,305.9511743772239
37302631,119.46414985590778
87271886,122.27020212765962
55736876,722.7446376811594
51594702,166.16833333333335
83945766,122.27020212765962
79078313,114.32115241635687
31277810,318.76994897959236
74965419,113.81903409090906
12557472,100.0
61610958,318.76994897959236
87565891,287.0254151624548
69835471,101.52807339449542
50409416,749.6437499999998
77449547,100.8778125
97554546,477.5229927007295
15981479,220.66263297872334
19522006,1609.9220276497708
27996044,107.76955357142857
41161764,528.2157446808513
20740770,696.660730994152
70042803,150.04094972067037
52210690,189.10726224783863
81657059,152.2087402597402
67733763,254.41145631067977
19453777,899.5445454545454
76648543,104.7085588235294
38569009,546.2616071428573
24713941,122.27020212765962
89660454,119.46414985590778
85740410,516.0625945945947
86257801,564.0105714285716
86873805,254.65242038216576
33399735,477.5229927007295
37535534,405.0755414012738
27667456,4077.9428571428575
61581329,123.3634188034188
51263630,220.66263297872334
52033053,119.46414985590778
90888218,205.4150924024642
12546179,205.4150924024642
83093814,186.79625000000001
46297699,105.85322033898305
97044400,241.82600000000002
31763919,109.10529197080292
16008849,133.37541666666667
51084945,146.53415254237288
59957604,264.97574468085105
18780994,110.58633333333334
87997537,253.60666666666663
45685391,150.04094972067037
44441149,545.0503846153845
14178311,305.9511743772239
43522500,100.0
91025767,146.1078773584905
92328854,107.573283416528
53582398,107.76955357142857
79088536,907.172722513089
46193764,105.3860606060606
84800487,173.8515736040609
58906346,173.8515736040609
16384425,151.11062049062048
31314423,205.4150924024642
78713693,398.2320865139953
59579059,101.69683498647431
51309878,373.16271052631566
18367921,411.22761467889933
17963218,1580.2891666666667
63773516,1896.6559999999997
43820904,129.53979253112036
61844633,477.5229927007295
97433520,696.660730994152
67890378,546.2616071428573
84770654,318.76994897959236
56388014,220.66263297872334
48498606,139.8733333333333
96139568,140.35418738049717
23184000,258.26727272727277
82435682,1202.2242941176473
84725417,120.64734374999999
80398008,107.573283416528
21408816,113.81903409090906
40561414,113.81903409090906
47526789,1267.295
34202671,186.79625000000001
47410501,119.46414985590778
18437030,107.573283416528
89947527,907.172722513089
48179652,3182.433333333334
43574355,606.767747440273
93441626,100.65767045454548
49833156,377.0003614457832
27436801,140.70496598639457
43212239,122.27020212765962
57781002,122.27020212765962
80452756,122.27020212765962
69547198,189.10726224783863
92282402,101.69683498647431
60080700,477.5229927007295
77220496,434.7515
54095090,102.1490019193858
28159066,102.1490019193858
76298460,304.5850119904077
57334293,1609.9220276497708
51349452,317.3615625
57825954,114.50824267782428
75566691,129.53979253112036
21994482,304.5850119904077
15472109,192.88614678899083
74524636,1949.0816770186334
50954892,1327.8133333333333
72834699,140.35418738049717
62999750,159.62069999999997
33123268,725.4049999999996
66540114,140.80593425605528
54002928,221.4931818181818
55085304,102.8217256637168
22151066,146.1078773584905
65334729,516.0625945945947
30865724,102.8217256637168
90388666,287.0254151624548
55605064,355.71638157894733
69408128,405.0755414012738
99473168,2750.9400000000005
75818797,152.2087402597402
62565025,1949.0816770186334
75143116,150.04094972067037
47696923,152.45037234042553
19416750,745.644333333333
22855194,559.6280888888886
67192782,373.16271052631566
87517475,135.48040650406503
56350089,152.45037234042553
34134972,107.573283416528
60576347,101.37735294117645
26319072,109.10529197080292
88893111,160.33492753623193
68033382,140.35418738049717
94035885,220.66263297872334
81187160,507.55229508196726
28315736,411.22761467889933
22692256,186.79625000000001
37267592,122.27020212765962
91150814,109.10529197080292
26431305,138.17057347670251
87910232,109.88411764705883
41955248,307.82068965517243
69743430,146.51051724137932
46703259,120.64734374999999
31441294,189.10726224783863
52540774,477.5229927007295
86506186,156.57601941747572
59584539,155.51441176470587
97314977,301.54599999999994
96666615,304.5850119904077
79683457,152.2087402597402
82209443,268.6823529411765
28258830,411.22761467889933
42067661,233.56418994413423
66297804,108.046812749004
16941404,152.2087402597402
75005309,152.2087402597402
24570745,151.11062049062048
86113362,102.8217256637168
17047985,258.9833053221291
65773050,109.10529197080292
58445540,507.55229508196726
48523637,403.7961111111111
95993557,134.54
88761628,135.28055555555554
35281082,102.14175675675675
63427827,241.95518518518517
38736916,109.10529197080292
86580197,138.17057347670251
23112535,301.54599999999994
70370352,101.69683498647431
27855625,102.14175675675675
60833031,101.33750677506774
23047956,1361.0802083333335
87351286,107.76955357142857
75886001,119.46414985590778
66301086,304.5850119904077
60935733,122.10307692307691
98414359,220.66263297872334
93169508,1053.4148
77985316,287.0254151624548
22647726,168.59012269938648
39865459,237.93095744680852
81994206,606.767747440273
62822262,107.573283416528
85331429,152.2087402597402
75110630,107.573283416528
51138756,101.69683498647431
83491442,318.76994897959236
67891583,477.5229927007295
65475315,153.3216296296296
37180335,248.74666666666667
53617145,101.69683498647431
66644091,150.04094972067037
85685863,140.70496598639457
67756317,152.45037234042553
47286828,528.2157446808513
30798257,107.573283416528
55429056,1896.6559999999997
48423935,151.11062049062048
70215654,323.0488235294117
84995114,174.6085526315789
34191374,248.33521739130435
94424055,318.76994897959236
35266032,152.45037234042553
10282778,108.046812749004
74509894,101.69683498647431
62379565,140.80593425605528
69295266,233.2525454545454
19487319,140.80593425605528
80523155,1560.2707692307692
76258438,907.172722513089
15381648,905.9760784313723
76313330,146.1078773584905
67909709,516.0625945945947
94172578,152.2087402597402
73730320,559.6280888888886
93164433,373.16271052631566
47160388,114.50824267782428
39990609,220.66263297872334
64566990,745.644333333333
91126842,511.24
52824809,122.27020212765962
57254599,318.76994897959236
38718331,233.56418994413423
86095545,254.65242038216576
47117496,107.573283416528
38398092,122.27020212765962
35904079,317.3615625
90919237,189.10726224783863
56102015,1949.0816770186334
71540566,140.70496598639457
10011577,696.660730994152
84723499,696.660730994152
12437858,173.8515736040609
55600884,123.3634188034188
14903844,104.12850299401197
79656066,318.76994897959236
22833793,905.9760784313723
52725368,152.2087402597402
69338616,102.1490019193858
69512258,477.5229927007295
96249786,151.11062049062048
93289839,305.9511743772239
89525161,559.6280888888886
25602400,318.76994897959236
82687645,140.25938596491227
86466057,373.16271052631566
31039064,101.37735294117645
38126410,100.0
98941268,270.83317010309287
98887377,1091.4587096774192
19069593,305.9511743772239
48991500,1065.7024427480915
81340729,101.33750677506774
17755803,107.573283416528
28332754,101.69683498647431
48710415,159.62069999999997
13552122,119.46414985590778
67175252,140.35418738049717
81401006,2209.732522522522
87569420,516.0625945945947
68775804,105.85322033898305
51303767,224.31413793103448
36907350,114.32115241635687
11852044,220.66263297872334
57122012,103.38333333333333
42764646,154.41209302325578
23299341,140.3975
99527596,152.2087402597402
97393585,140.80593425605528
43578412,107.573283416528
98294611,477.5229927007295
30924809,102.8217256637168
88121507,477.5229927007295
81094653,107.573283416528
83948197,102.83581395348838
53707208,152.2087402597402
72598207,107.573283416528
96325015,129.53979253112036
32527392,114.32115241635687
13367283,107.573283416528
70926441,1343.284527363184
14507496,107.573283416528
84516945,355.71638157894733
17478153,205.4150924024642
83347951,318.76994897959236
42507501,477.5229927007295
54322410,102.1490019193858
51129418,146.1078773584905
92284337,1647.15
56191305,192.88614678899083
69717201,140.35418738049717
77803958,907.172722513089
30868541,156.57601941747572
21948362,102.8217256637168
64597726,117.45431818181818
24753315,254.41145631067977
83137150,441.8939516129031
87115344,102.14175675675675
99984175,373.16271052631566
78503238,1003.4724242424245
56241324,559.6280888888886
44979606,138.17057347670251
73782771,114.84171428571429
83259646,101.69683498647431
83615385,539.761447368421
84238097,261.2191333333335
90104229,257.2252112676054
47165230,189.10726224783863
90052115,107.573283416528
29318397,2750.9400000000005
66821977,305.9511743772239
74914365,107.573283416528
21821045,102.1490019193858
78077361,191.10626373626368
11290483,140.35418738049717
18150280,101.69683498647431
97190006,528.2157446808513
23716973,109.10529197080292
22402268,155.79055555555558
22495547,139.8733333333333
62732805,140.80593425605528
35149813,907.172722513089
45074208,122.27020212765962
16930048,119.46414985590778
37034316,318.76994897959236
41257506,859.649333333334
37119194,101.69683498647431
67834562,108.4384375
34524417,189.10726224783863
65917034,2209.732522522522
89187031,1343.284527363184
38918236,258.9833053221291
15343670,1065.7024427480915
14075655,205.4150924024642
38174910,1215.5763636363636
58723158,129.53979253112036
60249533,267.105
97281245,506.63
72949298,135.28055555555554
15101045,108.046812749004
28123842,189.10726224783863
79777819,205.4150924024642
49207880,129.53979253112036
80546483,724.4280000000001
64032695,417.2049999999999
13192282,470.1895000000001
77309020,122.27020212765962
61977302,140.80593425605528
97344057,107.573283416528
30586194,846.184487179487
56677229,745.906465517241
22130117,1248.9199453551912
40261245,152.2087402597402
30166032,151.11062049062048
77089984,107.573283416528
26878900,678.481315789474
61371436,155.79055555555558
42742062,107.71610169491525
95339974,301.54599999999994
56107946,129.53979253112036
75011328,1038.1095535714285
72662754,690.2125
72203106,107.573283416528
70496852,254.41145631067977
13201993,102.8217256637168
78164844,100.15424657534247
59342403,152.45037234042553
94540895,1343.284527363184
46539631,1038.1095535714285
72239923,101.69683498647431
87927143,109.10529197080292
58112642,304.5850119904077
46348606,186.79625000000001
41028863,441.8939516129031
24368370,205.4150924024642
29933781,507.55229508196726
82791847,1237.82
96015529,107.573283416528
54561874,119.46414985590778
53184693,101.33750677506774
76671373,1023.2660176991145
63611357,152.45037234042553
80706420,254.65242038216576
55017743,159.62069999999997
80689892,102.1490019193858
84469446,100.8778125
23226721,377.0003614457832
85084580,109.10529197080292
80669002,151.11062049062048
65745002,411.22761467889933
89007400,482.8169318181819
29824422,373.16271052631566
35775431,595.5751515151516
14074630,696.660730994152
72325201,1215.5763636363636
23874500,725.4049999999996
37300173,168.59012269938648
33493494,606.767747440273
30229764,546.2616071428573
43966954,530.6884810126584
27845488,347.1174358974358
37461765,1292.1228571428571
54994083,131.276
73747516,100.0
41276058,304.5850119904077
55912598,101.69683498647431
60686267,189.10726224783863
32726148,102.14175675675675
99279088,516.0625945945947
28728541,294.17807017543856
13858737,1674.85
21895570,282.8279518072289
76323759,113.81903409090906
79038940,205.4150924024642
29272847,119.20818749999997
98713132,152.2087402597402
92394953,859.649333333334
96580365,304.5850119904077
44481344,154.41209302325578
16420037,151.11062049062048
93921984,254.41145631067977
26481610,119.46414985590778
36292815,3064.2782608695657
77806189,241.95518518518517
75958945,109.10529197080292
65456150,429.7838461538461
80743824,305.9511743772239
49966934,270.83317010309287
86026791,950.8165714285715
85816309,257.2252112676054
15568874,516.0625945945947
99556884,722.7446376811594
27514144,419.64343750000006
33950340,220.66263297872334
90674412,102.14175675675675
31688776,109.10529197080292
58380703,678.481315789474
59666638,102.1490019193858
28858647,318.76994897959236
96281488,2426.1059999999998
81757957,101.69683498647431
15387606,119.46414985590778
95978588,113.80138461538462
38876766,287.0254151624548
97177476,114.32115241635687
56304916,522.9484507042253
94447504,107.573283416528
12858830,107.573283416528
29325031,129.53979253112036
45137864,140.25938596491227
40574206,859.649333333334
14671172,606.767747440273
79393183,131.30408450704226
73490914,725.4049999999996
74160460,203.1221052631579
44164617,107.573283416528
82646950,220.66263297872334
13359174,151.11062049062048
75134927,270.83317010309287
36042465,205.4150924024642
83839627,152.2087402597402
23668396,257.2252112676054
75299261,318.76994897959236
41480775,107.573283416528
33690039,122.27020212765962
22503085,1343.284527363184
37466667,269.1216666666666
14321282,189.10726224783863
71351933,395.46363636363645
87081502,119.46414985590778
65472553,1593.5466666666669
99213360,114.50824267782428
10832464,160.33492753623193
51819797,1091.4587096774192
75955259,160.33492753623193
88647663,213.9
48629803,220.66263297872334
83286245,152.45037234042553
88766577,1036.8536111111114
92941012,398.2320865139953
77129657,107.573283416528
98212477,100.65767045454548
47578988,318.76994897959236
50209960,641.6119230769231
34219777,539.761447368421
79439231,114.32115241635687
73635146,318.76994897959236
64910994,107.71610169491525
53834693,749.6437499999998
11363592,318.76994897959236
10873772,478.8838095238095
87767702,693.5119642857144
23454749,693.5119642857144
58196808,153.3216296296296
68491285,140.3975
92242279,114.84171428571429
33507598,977.4224999999999
31155680,140.80593425605528
69782815,826.7446726190482
99510246,114.32115241635687
76945883,101.52807339449542
17094345,102.14175675675675
46337525,211.71190476190475
28488983,184.75230769230768
16761031,189.10726224783863
79032271,109.10529197080292
62295468,102.83581395348838
34239247,152.2087402597402
13382072,962.9460000000001
22594211,122.27020212765962
57247913,220.66263297872334
91685716,318.76994897959236
17466502,696.660730994152
33964749,722.7446376811594
51427608,233.2525454545454
24310192,119.20818749999997
31116680,313.4097959183675
11417356,122.27020212765962
62762079,100.15424657534247
42671255,1949.0816770186334
96926020,119.46414985590778
50275050,551.1062962962965
39760605,152.2087402597402
74898826,249.84828571428568
72916922,146.1078773584905
15943032,189.10726224783863
74582816,318.76994897959236
59875250,210.1689565217392
80790659,745.644333333333
19888418,233.56418994413423
31588130,213.39
66158465,144.2896153846154
18800645,122.27020212765962
64505218,102.83581395348838
56056799,108.52439024390245
10374837,477.5229927007295
41300143,107.573283416528
78621253,152.2087402597402
11141195,100.8778125
33865847,477.5229927007295
90610974,477.5229927007295
98930552,839.16
12727530,135.28055555555554
52930535,477.5229927007295
93753865,258.9833053221291
70595210,528.2157446808513
86025280,140.35418738049717
78663509,140.35418738049717
21322626,477.5229927007295
38172344,205.4150924024642
12467923,1082.9837499999999
59832255,745.644333333333
60019461,641.6119230769231
36274445,381.63388535031834
35417851,905.9760784313723
24997453,724.5204166666667
83094532,108.046812749004
90174488,2209.732522522522
71319002,371.12625
29621396,373.16271052631566
10011880,826.7446726190482
17190126,946.6432000000001
70424510,169.08652173913043
11417531,270.83317010309287
27554957,221.4931818181818
13689480,100.0
69613512,355.71638157894733
74318773,477.5229927007295
45221034,826.7446726190482
12200305,134.54
29052499,108.046812749004
91168920,101.69683498647431
99587330,381.63388535031834
85493546,570.1127272727274
36510260,220.66263297872334
40370308,278.52
89123563,516.0625945945947
68894033,241.82600000000002
73938236,726.8282857142858
25242707,257.2252112676054
87339346,1202.2242941176473
34182148,738.2797297297299
55488547,169.08652173913043
58799207,398.2320865139953
99415472,600.5402499999999
50374353,530.6884810126584
44632960,304.5850119904077
46918499,725.4049999999996
61219752,140.80593425605528
57928854,127.27878504672903
22536598,1647.15
69936903,146.1078773584905
69696012,107.573283416528
75807455,726.8282857142858
31557332,1054.27756097561
98503124,317.3615625
45347570,258.26727272727277
91321804,859.649333333334
56392111,355.71638157894733
86308272,151.3859649122807
64596791,570.1127272727274
80652734,528.2157446808513
15067372,186.79625000000001
19485124,110.58633333333334
14453004,189.10726224783863
26285533,186.79625000000001
92838656,109.10529197080292
37408293,151.11062049062048
44619550,539.761447368421
12229798,101.33750677506774
19471907,528.2157446808513
79387412,2750.9400000000005
62896852,109.10529197080292
45934349,233.2525454545454
16860511,119.46414985590778
43506983,220.66263297872334
70740306,152.2087402597402
92814410,826.7446726190482
42104710,257.2252112676054
23656647,2476.1604347826087
16622582,696.660730994152
91730318,107.76955357142857
71502047,411.22761467889933
62198081,189.10726224783863
35586426,102.1490019193858
73159054,146.1078773584905
72932579,151.11062049062048
15860553,905.9760784313723
76499202,3064.2782608695657
49147306,1038.1095535714285
66173222,1343.284527363184
36048465,107.573283416528
58226162,516.0625945945947
75348253,398.2320865139953
29406516,152.2087402597402
30120831,287.0254151624548
88886135,258.9833053221291
90716300,146.1078773584905
12118186,122.27020212765962
39388114,151.11062049062048
43348151,318.76994897959236
70648988,355.71638157894733
89828759,1162.26
25774436,101.52807339449542
56166234,140.80593425605528
46207048,333.73315789473685
24260337,1949.0816770186334
43372122,174.6085526315789
99211792,142.9029411764706
72425048,304.5850119904077
58848576,570.1127272727274
69451066,101.69683498647431
46571746,678.481315789474
35037281,102.1490019193858
85573733,826.7446726190482
85004009,144.2896153846154
98713147,159.62069999999997
99574842,139.8733333333333
56403873,257.2252112676054
79242881,205.4150924024642
58458582,120.64734374999999
68482067,257.2252112676054
16690135,102.8217256637168
15173091,1949.0816770186334
61448444,307.82068965517243
69237042,220.66263297872334
85145895,477.5229927007295
22701271,150.04094972067037
39148372,107.573283416528
94500108,546.2616071428573
68415143,659.7170212765958
40595467,257.2252112676054
53076141,168.59012269938648
73641861,641.6119230769231
48605668,122.27020212765962
69923530,107.76955357142857
49319680,398.2320865139953
45928049,101.69683498647431
73814109,257.2252112676054
61386764,1949.0816770186334
67209776,1065.7024427480915
10596331,140.3975
14387887,101.69683498647431
66568548,151.11062049062048
59240082,237.93095744680852
35040177,257.2252112676054
99480365,398.2320865139953
68333386,606.767747440273
95572882,105.85322033898305
38132096,1003.4724242424245
76955826,276.25972972972977
17729676,254.65242038216576
42211142,843.2258620689655
20158681,156.57601941747572
79393152,528.2157446808513
39911125,117.45431818181818
88836366,1362.4881132075473
20409154,301.54599999999994
15026679,254.65242038216576
42131515,726.8282857142858
54650905,104.7085588235294
26838390,140.80593425605528
65068346,381.63388535031834
92979933,107.573283416528
95452518,152.2087402597402
38822689,129.53979253112036
46355252,530.6884810126584
12444224,101.69683498647431
42979270,528.2157446808513
77573762,257.2252112676054
14826829,101.69683498647431
28709839,411.22761467889933
18829646,122.27020212765962
96568537,150.04094972067037
56829547,104.7085588235294
93979772,257.2252112676054
17626588,907.172722513089
34011504,606.767747440273
52636134,304.5850119904077
91687348,270.83317010309287
36508418,155.79055555555558
82621948,235.46590909090907
89318730,122.27020212765962
98717167,119.20818749999997
26278873,104.12850299401197
56823412,2374.3925
75609163,696.660730994152
90104725,119.73680412371134
75874553,270.83317010309287
48469293,153.3216296296296
70313722,2750.9400000000005
48269879,907.172722513089
30338233,153.3216296296296
32779513,114.84171428571429
75548478,134.54
38561257,114.32115241635687
10945373,843.2258620689655
15756944,1343.284527363184
46940446,411.22761467889933
24659465,173.8515736040609
88948806,756.96
34164402,233.56418994413423
79477391,304.5850119904077
15537006,318.76994897959236
88911942,140.80593425605528
96378293,104.12850299401197
76422231,140.35418738049717
12309843,270.83317010309287
96239148,301.64854838709675
86466781,217.5471774193548
49050128,107.573283416528
14724818,907.172722513089
56683970,1038.1095535714285
98393974,101.69683498647431
84824034,1141.905
92573067,107.573283416528
73226546,152.2087402597402
61358064,304.5850119904077
59398688,1141.905
14969480,373.16271052631566
80588045,144.2896153846154
95597071,152.2087402597402
54836005,135.28055555555554
23220441,522.9484507042253
59018993,528.2157446808513
68425900,114.50824267782428
96400633,102.1490019193858
32664783,530.6884810126584
37951383,539.761447368421
42701020,192.88614678899083
23132709,220.66263297872334
36039638,1609.9220276497708
14728562,257.2252112676054
62765095,304.5850119904077
90518206,117.27714285714286
99330676,745.906465517241
54002963,477.5229927007295
80024301,152.2087402597402
83450392,122.27020212765962
80827964,127.27878504672903
22623823,528.2157446808513
85154401,477.5229927007295
92409200,717.8957575757576
37461274,678.481315789474
39412052,102.1490019193858
99188219,140.80593425605528
10533163,108.52439024390245
16576946,411.22761467889933
10571061,1462.7914285714287
11502784,151.11062049062048
10627022,749.9933333333332
66112731,159.62069999999997
12271580,2209.732522522522
19300863,186.79625000000001
42301466,373.16271052631566
93227392,258.9833053221291
13989390,411.22761467889933
83189444,101.69683498647431
88982820,1348.5354166666666
86309809,828.4954285714284
93812427,254.41145631067977
79351177,443.6661111111111
73882065,301.64854838709675
85331771,107.573283416528
33746879,276.25972972972977
90357052,113.81903409090906
42998447,189.10726224783863
42297649,152.2087402597402
74232297,108.4384375
68234963,140.25938596491227
79955240,114.50824267782428
33685499,101.69683498647431
74031111,151.11062049062048
81527691,826.7446726190482
25578339,419.64343750000006
36826714,205.4150924024642
66720469,109.10529197080292
58271754,745.906465517241
79175453,108.046812749004
91006186,405.0755414012738
75399510,152.2087402597402
65438642,140.80593425605528
72193555,244.58869565217395
52661224,381.63388535031834
40274658,151.11062049062048
63582038,102.1490019193858
95316180,134.54
31722576,101.37735294117645
51439680,140.25938596491227
92864642,152.45037234042553
24588628,226.7596374622358
62383426,101.69683498647431
91245064,140.70496598639457
61715372,152.45037234042553
65148106,546.2616071428573
91441992,140.80593425605528
49274969,101.69683498647431
33917232,318.76994897959236
83235081,226.7596374622358
40753215,104.7085588235294
70796627,203.84384615384616
73931614,220.66263297872334
56857736,1766.2711290322584
54064504,257.2252112676054
20389019,570.1127272727274
57574601,129.0681818181818
16478279,233.56418994413423
68356151,186.79625000000001
99711808,101.33750677506774
98284968,144.2896153846154
30598390,107.573283416528
55132880,706.3044444444445
34163532,752.34
40857770,152.2087402597402
79839486,310.2707017543861
78134573,606.767747440273
96251286,1202.2242941176473
46606815,159.62069999999997
53204628,140.80593425605528
39264189,1896.6559999999997
66917873,411.22761467889933
75228206,101.69683498647431
57466748,152.16125
75500440,107.573283416528
88152254,839.16
88711927,107.573283416528
71935730,318.76994897959236
11714210,745.644333333333
99304127,477.5229927007295
79629484,152.2087402597402
64599027,859.649333333334
71633685,606.767747440273
14342958,318.76994897959236
27958253,102.1490019193858
61174518,102.8217256637168
74916891,304.5850119904077
72753968,398.2320865139953
36262662,107.573283416528
60917615,107.573283416528
99306721,411.22761467889933
53075886,377.0003614457832
73928511,105.85322033898305
19965325,257.2252112676054
54826574,1361.0802083333335
64209168,261.2191333333335
34147586,318.76994897959236
98269123,398.2320865139953
97467622,261.2191333333335
85814087,122.27020212765962
72333580,907.172722513089
30873738,482.8169318181819
10331403,140.25938596491227
35344119,151.11062049062048
35769080,151.11062049062048
21575135,102.14175675675675
75304823,546.7243181818183
23401574,122.27020212765962
83090193,146.1078773584905
86996430,102.14175675675675
99751646,559.6280888888886
23591049,101.37735294117645
81709576,477.5229927007295
82444468,102.83581395348838
38288153,2511.51
87446209,173.8515736040609
12079734,318.76994897959236
25058080,102.14175675675675
89691662,224.31413793103448
13150938,151.11062049062048
36020495,100.15424657534247
54923182,258.9833053221291
28841079,101.69683498647431
41392965,100.0
17119564,152.45037234042553
57430704,659.7300000000001
36272284,724.89625
91925114,140.35418738049717
74412922,940.7958750000004
65743046,528.2157446808513
48653211,546.2616071428573
36332370,539.761447368421
85424579,109.10529197080292
95090269,123.3634188034188
95971802,122.27020212765962
86256336,355.71638157894733
31156844,507.55229508196726
37688219,142.9029411764706
82437324,102.1490019193858
21950676,261.2191333333335
54094553,103.53074074074074
74374536,355.71638157894733
61738687,254.65242038216576
19277250,119.46414985590778
84311990,140.80593425605528
94274494,109.88411764705883
89122239,2476.1604347826087
97119289,911.4207692307692
29959537,107.573283416528
22777840,1949.0816770186334
39391011,101.33750677506774
15127918,318.76994897959236
47251761,1609.9220276497708
20023773,100.65767045454548
96682736,107.573283416528
12309412,233.56418994413423
11517944,233.56418994413423
59425514,1202.2242941176473
28854961,516.0625945945947
63750719,1539.0420000000001
69531684,156.01870967741937
73516640,419.64343750000006
92500346,962.9460000000001
66124065,107.573283416528
28886163,806.2902
19680706,254.41145631067977
83673598,817.251111111111
85519237,104.12850299401197
37110854,477.5229927007295
96010780,724.89625
51391268,828.645
17655078,405.0755414012738
26863121,641.6119230769231
30839269,102.1490019193858
22418770,100.15424657534247
88029081,559.6280888888886
27689636,100.65767045454548
58431423,1054.27756097561
43802347,373.16271052631566
83961382,220.66263297872334
27938336,140.80593425605528
35978100,129.53979253112036
89319775,1450.27125
30362974,150.04094972067037
93105032,2086.005
20314268,107.573283416528
34550012,398.2320865139953
28077484,411.22761467889933
64656384,257.2252112676054
48022436,119.20818749999997
40507726,859.649333333334
10314144,859.649333333334
81012787,106.57246575342464
45672873,257.2252112676054
25759428,140.80593425605528
13512722,254.41145631067977
96070498,107.573283416528
21352279,261.2191333333335
54205490,528.2157446808513
44645119,151.9325
37332321,152.45037234042553
54601842,1002.7396261682239
60801709,140.35418738049717
28903523,146.1078773584905
79159760,146.1078773584905
20416757,152.2087402597402
38432201,119.20818749999997
60739859,102.14175675675675
89931987,233.56418994413423
60999736,119.46414985590778
43182602,138.17057347670251
89739478,205.4150924024642
50450523,110.58633333333334
73950928,257.2252112676054
12330781,366.996
50236542,287.0254151624548
34912503,129.80027027027023
25536468,257.2252112676054
63776599,241.95518518518517
56389530,696.660730994152
60881312,257.2252112676054
94656046,252.20125
84143693,318.76994897959236
60768240,1023.2660176991145
60458308,135.28055555555554
53948557,110.58633333333334
11612817,119.20818749999997
71889062,102.1490019193858
77172079,1038.1095535714285
34222625,323.0488235294117
69965828,101.33750677506774
94714430,138.17057347670251
71961534,122.27020212765962
32936108,168.59012269938648
18431618,189.10726224783863
13548537,826.7446726190482
86674079,1766.2711290322584
21748194,100.4785
40124541,443.6661111111111
33347811,220.66263297872334
92929218,100.0
72190892,152.2087402597402
66963455,1560.2707692307692
96157867,138.17057347670251
15254705,1343.284527363184
89064766,122.27020212765962
85305349,438.09613636363633
58781934,160.8
42553797,523.2321428571429
18721533,696.660730994152
58244383,509.8804761904762
13696896,405.0755414012738
65894339,151.11062049062048
61098619,154.41209302325578
26018756,373.16271052631566
59479424,258.9833053221291
81738781,102.1490019193858
91106215,717.8957575757576
71223563,304.5850119904077
95945745,221.4931818181818
91424061,146.51051724137932
67135880,220.66263297872334
15528553,839.16
33657705,140.80593425605528
62553289,140.35418738049717
60993054,156.63155844155847
42800613,100.0
17769800,696.660730994152
21401202,140.70496598639457
52155473,192.88614678899083
93304650,477.5229927007295
51407728,241.95518518518517
89543732,261.2191333333335
43419947,101.69683498647431
41488699,151.11062049062048
60974422,107.573283416528
65352047,318.76994897959236
37012905,257.2252112676054
14787203,140.80593425605528
29417973,140.80593425605528
19835446,696.660730994152
43255500,1038.1095535714285
28812691,100.0
18722953,152.2087402597402
93227004,403.7961111111111
35371569,1622.7093333333332
12076594,122.27020212765962
17330331,101.33750677506774
70946197,159.62069999999997
44132847,107.573283416528
77445263,107.573283416528
56880921,3536.648461538461
11480304,257.2252112676054
44407005,1202.2242941176473
57603851,129.53979253112036
36951093,186.79625000000001
18651476,103.38333333333333
28758403,1343.284527363184
29842235,110.58633333333334
80915194,155.79055555555558
87361082,114.50824267782428
67711479,523.2321428571429
96493355,107.573283416528
60783295,1622.7093333333332
56178874,107.573283416528
36921713,907.172722513089
48581624,155.51441176470587
75576141,398.2320865139953
20755403,205.4150924024642
52097748,156.63155844155847
30927924,146.53415254237288
52924618,205.8758823529412
23083091,101.69683498647431
10593933,152.45037234042553
14984647,100.65767045454548
50764768,1003.4724242424245
42909851,104.7085588235294
47962891,101.69683498647431
24155862,305.9511743772239
96222874,594.2427777777777
76243625,233.56418994413423
83785580,534.5108749999997
68046684,333.73315789473685
35026518,411.22761467889933
21144795,205.4150924024642
42304823,411.22761467889933
32449171,100.0
67804951,403.7961111111111
80988109,258.9833053221291
31562948,507.55229508196726
80571715,257.2252112676054
91879270,237.93095744680852
80331872,102.8217256637168
39788137,545.0503846153845
78186126,151.11062049062048
34300076,109.10529197080292
70710711,134.54
19520201,151.11062049062048
75968232,411.22761467889933
62441830,381.63388535031834
87704160,205.4150924024642
38039509,318.76994897959236
87299257,189.10726224783863
34604480,254.41145631067977
93559487,559.6280888888886
35225951,287.0254151624548
80500038,102.1490019193858
88587318,1002.7396261682239
72460444,131.30408450704226
28502361,170.282
91781888,748.3725
83528344,2476.1604347826087
15266445,257.2252112676054
83532377,403.7961111111111
74780110,129.53979253112036
88664511,129.53979253112036
81767501,403.7961111111111
41015579,107.76955357142857
19338404,153.3216296296296
14667759,641.6119230769231
66260119,1576.6495238095238
20542479,1343.284527363184
54097170,102.14175675675675
35669653,146.1078773584905
94127563,109.10529197080292
81488029,109.10529197080292
93329952,859.649333333334
57217043,220.66263297872334
65522547,411.22761467889933
73695068,419.64343750000006
13539769,398.2320865139953
44056017,1002.7396261682239
46617581,101.33750677506774
68464888,107.573283416528
45303083,528.2157446808513
86984156,113.81903409090906
56630529,220.66263297872334
78254395,129.53979253112036
30913049,191.10626373626368
82688614,211.71190476190475
88893045,233.56418994413423
94639808,539.761447368421
52742143,717.8957575757576
64260968,1003.4724242424245
76546956,100.65767045454548
83523035,1003.4724242424245
11013053,1248.9199453551912
44130994,189.10726224783863
53796074,559.6280888888886
35498168,546.2616071428573
63562445,119.46414985590778
42365113,226.7596374622358
54613679,355.71638157894733
69835682,101.69683498647431
40747675,108.046812749004
37071709,254.43586206896552
11644754,1580.2891666666667
29456046,112.53045454545455
63575365,155.51441176470587
62030210,101.33750677506774
84640048,114.32115241635687
61377846,477.5229927007295
72441550,1647.15
11270022,411.22761467889933
70261792,101.69683498647431
52404988,559.6280888888886
84003906,693.5119642857144
31204633,564.0105714285716
75242666,546.2616071428573
49434528,119.46414985590778
42863318,101.33750677506774
47571305,355.71638157894733
66490879,140.25938596491227
82396141,168.59012269938648
96803616,305.9511743772239
10584088,405.0755414012738
41994657,220.66263297872334
87186973,107.573283416528
71213873,102.8217256637168
49764305,100.65767045454548
43725149,381.63388535031834
83812129,113.80138461538462
63290164,107.573283416528
79318573,261.2191333333335
10844028,107.573283416528
19798231,1343.284527363184
97056407,107.573283416528
32215003,318.76994897959236
94765090,313.4097959183675
47235057,381.63388535031834
94429036,151.11062049062048
19267342,152.2087402597402
79884507,3536.648461538461
68548734,417.2049999999999
64679483,101.69683498647431
99761027,154.41209302325578
77538039,600.5402499999999
28035639,119.20818749999997
66579510,186.79625000000001
50333547,122.27020212765962
30957545,105.85322033898305
87343589,522.9484507042253
45470859,152.45037234042553
57383256,405.0755414012738
62753404,107.573283416528
65906932,1827.846794871795
54060112,1949.0816770186334
88317327,477.5229927007295
46875481,726.8282857142858
86614127,957.3476923076923
91675434,282.8279518072289
83895227,583.122
86365373,107.76955357142857
19948626,108.52439024390245
79630167,101.69683498647431
89106944,101.69683498647431
46083057,123.3634188034188
96150610,101.37735294117645
35015883,109.10529197080292
69747407,101.69683498647431
55538576,1896.6559999999997
97411049,107.573283416528
11519556,257.2252112676054
81677533,119.46414985590778
60065328,170.282
91824420,151.11062049062048
72549395,108.046812749004
75208950,257.2252112676054
54258616,235.46590909090907
28371507,546.2616071428573
33800661,745.644333333333
94718676,696.660730994152
98426094,109.10529197080292
41019343,258.26727272727277
55953203,477.5229927007295
97258831,114.781875
12406914,101.69683498647431
54260975,102.14175675675675
17839314,258.9833053221291
59228162,109.10529197080292
53104947,282.8279518072289
13405871,846.184487179487
30540873,117.27714285714286
10681459,249.84828571428568
88488173,100.65767045454548
11138134,1329.71
55965946,381.63388535031834
21024415,189.82
98633407,546.7243181818183
17665044,318.76994897959236
52365929,151.11062049062048
45919010,122.27020212765962
29159751,242.55999999999997
25938815,107.573283416528
31864619,205.4150924024642
84907440,749.9933333333332
55408023,105.85322033898305
97513676,258.9833053221291
71808636,222.5642857142857
37329985,1044.4616666666666
66719590,213.39
19832352,578.47
63673893,826.7446726190482
54185196,140.35418738049717
66171184,333.73315789473685
15702584,152.45037234042553
26362681,1949.0816770186334
15300602,261.2191333333335
54091216,373.16271052631566
41649165,189.10726224783863
17221791,156.57601941747572
60925601,152.16125
98579259,166.82
84327985,806.2902
42373455,226.7596374622358
51759034,641.6119230769231
57369993,693.5119642857144
86174456,226.7596374622358
40095064,138.17057347670251
36904267,606.767747440273
95653857,101.69683498647431
91047161,107.573283416528
24858933,119.46414985590778
43668504,270.83317010309287
64688863,101.69683498647431
19394328,1036.8536111111114
90928544,107.573283416528
54501975,106.57246575342464
55816692,104.7085588235294
54235055,102.14175675675675
54802075,411.22761467889933
44582261,102.1490019193858
30580440,224.13454545454545
53586985,101.69683498647431
45293131,122.27020212765962
61623792,109.10529197080292
12664255,287.0254151624548
99282552,123.3634188034188
57422029,205.4150924024642
95049365,107.573283416528
44630924,217.5471774193548
59932513,235.46590909090907
79864196,304.5850119904077
38025450,268.6823529411765
43187524,101.33750677506774
85710350,220.66263297872334
39439329,129.53979253112036
11767243,477.5229927007295
40729807,411.22761467889933
95837440,101.69683498647431
62785546,102.14175675675675
18032525,940.7958750000004
78515248,583.122
64000264,257.2252112676054
70932637,1500.0851999999995
56631286,1171.43
82611641,294.17807017543856
14610215,101.69683498647431
65282606,119.20818749999997
31080502,318.76994897959236
66137109,559.6280888888886
55286917,151.3859649122807
19462876,304.5850119904077
37235871,907.172722513089
53584009,151.11062049062048
99377565,826.7446726190482
82994298,151.11062049062048
64250472,101.69683498647431
61269314,405.0755414012738
26299312,139.8733333333333
97300018,1054.27756097561
74523665,373.16271052631566
19970243,1065.7024427480915
14406104,186.79625000000001
87865772,411.22761467889933
12224440,122.27020212765962
62628011,119.46414985590778
30735313,373.16271052631566
12214322,160.33492753623193
80943078,546.2616071428573
89421265,874.4860000000001
72762674,107.573283416528
55920835,140.70496598639457
95456446,1023.2660176991145
96630600,287.0254151624548
20077759,210.1689565217392
77066065,140.35418738049717
47856776,322.33625
31685937,373.16271052631566
41522098,282.8279518072289
30032101,122.27020212765962
91606427,189.10726224783863
22900349,146.53415254237288
43552678,270.83317010309287
38881909,220.66263297872334
77508029,1343.284527363184
95128506,104.7085588235294
64627729,174.6085526315789
56744301,107.76955357142857
59338251,373.16271052631566
19662574,257.2252112676054
92971829,146.1078773584905
18409584,859.649333333334
71760159,100.15424657534247
43660858,441.8939516129031
77997629,107.76955357142857
33928732,400.80928571428575
68629875,696.660730994152
48480450,318.76994897959236
54283664,287.0254151624548
65942293,258.26727272727277
95573502,1176.114814814815
45086632,102.1490019193858
23012000,136.45181818181814
45395839,546.2616071428573
15432712,1256.58
72298046,268.6823529411765
84408769,152.2087402597402
25246226,155.79055555555558
20056705,151.11062049062048
67856036,522.9484507042253
56138985,122.27020212765962
89984541,107.71610169491525
34860961,911.4207692307692
55067089,257.2252112676054
63717753,377.0003614457832
89165138,151.11062049062048
22336894,140.35418738049717
23089519,287.0254151624548
74572156,151.11062049062048
96120368,1622.7093333333332
70734227,1766.2711290322584
43842124,134.54
98567604,355.71638157894733
54538757,151.11062049062048
40105171,477.5229927007295
12135438,398.2320865139953
73738446,140.70496598639457
62385208,192.88614678899083
56062641,261.2191333333335
60234485,258.9833053221291
37490148,258.9833053221291
73644773,307.82068965517243
25147876,318.76994897959236
98738159,102.1490019193858
36202424,127.27878504672903
90053455,594.2427777777777
34861961,105.3860606060606
40235987,101.37735294117645
25289802,159.62069999999997
72831408,1202.2242941176473
62725172,381.63388535031834
20547868,477.5229927007295
43821417,258.9833053221291
39911650,318.76994897959236
76282034,101.33750677506774
93532589,318.76994897959236
71389546,570.1127272727274
26491098,114.32115241635687
63364173,859.649333333334
74256814,241.95518518518517
35509595,102.1490019193858
18139863,140.70496598639457
68577776,2476.1604347826087
29522715,305.9511743772239
77706518,381.63388535031834
14006179,398.2320865139953
92579248,101.52807339449542
59229974,119.20818749999997
62295609,322.33625
84259414,111.81263157894738
47815936,140.70496598639457
81563963,2209.732522522522
13005852,168.59012269938648
62738558,102.1490019193858
57070759,138.17057347670251
99600292,109.88411764705883
94306787,530.6884810126584
95225104,257.2252112676054
55330216,101.69683498647431
36532262,101.33750677506774
46565446,745.644333333333
49087723,419.64343750000006
59534453,539.761447368421
48055811,226.7596374622358
88400730,210.1689565217392
99040799,1343.284527363184
54783545,107.573283416528
51521420,168.59012269938648
62125112,355.71638157894733
41533842,102.8217256637168
37548888,140.80593425605528
15800993,507.55229508196726
72777210,1248.9199453551912
27213732,977.4224999999999
86541928,258.9833053221291
24899277,151.3859649122807
87153365,100.58813953488372
29377093,112.53045454545455
17126249,1009.5747058823528
83735200,152.2087402597402
75294081,1827.846794871795
50305812,107.573283416528
80598326,151.11062049062048
73085224,138.17057347670251
36011967,152.2087402597402
27344122,419.64343750000006
65167661,2476.1604347826087
22697886,1038.1095535714285
79772982,119.20818749999997
75656583,101.69683498647431
28706133,151.11062049062048
94307664,1896.6559999999997
79181014,140.35418738049717
64940514,1202.2242941176473
42076518,318.76994897959236
38290514,210.1689565217392
12647465,823.6933333333334
51615379,100.8778125
58583551,114.50824267782428
89324282,154.41209302325578
53391853,122.27020212765962
22488467,2476.1604347826087
77912827,696.660730994152
92699296,1609.9220276497708
98391080,220.66263297872334
25085429,217.5471774193548
58232338,817.251111111111
40856740,940.7958750000004
86463099,516.0625945945947
30661871,233.56418994413423
43294411,516.0625945945947
95379944,100.65767045454548
10473693,114.32115241635687
60542399,826.7446726190482
52521598,119.46414985590778
78214020,318.76994897959236
42119756,101.69683498647431
74645008,373.16271052631566
68736704,1609.9220276497708
13851365,122.27020212765962
10956933,1949.0816770186334
76588396,318.76994897959236
48664414,745.644333333333
75409758,152.2087402597402
60867152,258.26727272727277
49408128,745.906465517241
32398201,318.76994897959236
33820657,107.573283416528
99096183,1609.9220276497708
71729207,108.046812749004
13424233,105.3860606060606
69313487,264.97574468085105
51427900,203.84384615384616
20461232,1248.9199453551912
63893951,153.3216296296296
93871936,233.56418994413423
63699477,138.17057347670251
96362629,138.17057347670251
53928117,257.2252112676054
41164553,210.1689565217392
36908648,205.4150924024642
29666927,123.3634188034188
11938394,516.0625945945947
52496134,106.57246575342464
32481667,107.573283416528
61487441,678.481315789474
78992007,1065.7024427480915
52895411,140.80593425605528
58726779,146.3803846153846
20458217,347.1174358974358
60265538,287.0254151624548
48479448,140.80593425605528
72404425,318.76994897959236
91400370,233.56418994413423
56260955,119.46414985590778
65491665,294.17807017543856
11663385,107.573283416528
18615500,1248.9199453551912
87935522,102.1490019193858
58889457,100.65767045454548
19169471,749.6437499999998
66133962,405.0755414012738
66731452,564.0105714285716
39410896,152.45037234042553
54940054,140.35418738049717
10662394,1248.9199453551912
80972130,105.3860606060606
45235634,1248.9199453551912
32971413,262.9733333333333
79283360,169.08652173913043
67055260,318.76994897959236
56118755,117.45431818181818
29230461,1362.4881132075473
37178907,304.5850119904077
80400106,160.33492753623193
67091284,477.5229927007295
54160936,2476.1604347826087
26849200,122.27020212765962
49585462,411.22761467889933
29429374,101.33750677506774
95616903,3064.2782608695657
40605040,122.27020212765962
77364221,205.4150924024642
63366619,405.0755414012738
82932107,189.10726224783863
11504000,140.80593425605528
66338948,254.41145631067977
17704772,546.2616071428573
70406271,114.32115241635687
78457345,3013.6944444444443
47160363,140.80593425605528
76792443,310.2707017543861
76133904,140.35418738049717
30534387,146.53415254237288
27949452,318.76994897959236
98920505,220.66263297872334
79101538,100.0
41201623,128.39344827586206
16952322,313.4097959183675
97020909,304.5850119904077
76043497,305.9511743772239
34495964,135.48040650406503
68971691,168.59012269938648
68553106,153.3216296296296
90311747,233.56418994413423
89361909,107.573283416528
20406930,270.83317010309287
38933836,318.76994897959236
38377549,258.9833053221291
23346090,270.83317010309287
12625694,276.25972972972977
57311677,318.76994897959236
53924641,119.20818749999997
36865701,745.644333333333
22626294,205.4150924024642
94697405,101.69683498647431
89675917,151.11062049062048
28055737,152.2087402597402
17371555,476.2995000000001
31452123,254.41145631067977
39910354,113.81903409090906
16661684,101.69683498647431
11696365,333.73315789473685
13890760,102.8217256637168
23308655,100.65767045454548
58265470,108.046812749004
23915393,119.20818749999997
47202387,1949.0816770186334
63170132,545.0503846153845
85663208,477.5229927007295
11731667,102.1490019193858
96387342,373.16271052631566
56912577,108.68166666666666
96546739,205.4150924024642
56118135,138.17057347670251
65848480,107.573283416528
29524312,203.84384615384616
61207733,1343.284527363184
95068416,100.0
93730714,107.76955357142857
58209441,104.7085588235294
77468100,257.2415517241379
94556768,318.76994897959236
66214153,108.02499999999999
63178801,405.0755414012738
47025809,606.767747440273
17223815,100.8778125
26808769,318.76994897959236
25114626,257.2252112676054
33184251,257.2252112676054
38562723,135.48040650406503
19383477,210.1689565217392
81390291,104.7085588235294
20998216,600.5402499999999
95233875,398.2320865139953
36756234,528.2157446808513
80596646,313.4097959183675
92304937,528.2157446808513
37613954,220.66263297872334
58590718,131.30408450704226
53992915,168.59012269938648
54005253,107.573283416528
68781482,113.81903409090906
70720914,107.573283416528
29283338,411.22761467889933
71373910,102.1490019193858
82737999,109.10529197080292
38789318,102.1490019193858
50526394,528.2157446808513
24047944,146.1078773584905
56710540,104.7085588235294
18038779,559.6280888888886
87817642,516.0625945945947
54364617,2374.3925
49277751,107.71610169491525
50647092,102.83581395348838
74938295,528.2157446808513
94151619,405.0755414012738
14146499,530.6884810126584
44114070,257.2252112676054
71013634,114.50824267782428
92727921,122.27020212765962
23408005,287.0254151624548
55353418,152.2087402597402
42627732,2209.732522522522
52380113,1533.8899999999999
76380932,1038.1095535714285
85051446,411.22761467889933
13441812,507.55229508196726
75634466,139.8733333333333
77418032,101.33750677506774
26069913,405.0755414012738
56951161,859.649333333334
65568116,146.1078773584905
61527594,441.8939516129031
17428821,186.79625000000001
23710142,546.2616071428573
95218141,146.1078773584905
64929695,140.80593425605528
16991389,210.1689565217392
28240625,1827.846794871795
27547150,826.7446726190482
66381811,192.88614678899083
33749942,104.7085588235294
35190059,333.73315789473685
63026525,528.2157446808513
52393671,287.0254151624548
32813270,199.38
49072955,101.69683498647431
39300176,318.76994897959236
46915044,257.2252112676054
59260240,482.8169318181819
12697027,301.54599999999994
52828733,173.8515736040609
73335938,513.2583333333333
55961268,100.0
13325471,152.45037234042553
29398613,131.98999999999998
27052291,108.046812749004
15955952,1003.4724242424245
23271818,1343.284527363184
99724134,1949.0816770186334
24071058,114.50824267782428
31560904,233.56418994413423
65419988,122.27020212765962
15085530,100.0
19942722,724.89625
13275930,318.76994897959236
22982323,826.7446726190482
36522599,173.8515736040609
82021909,1248.9199453551912
68645790,564.0105714285716
54788650,102.14175675675675
42678082,745.906465517241
60925510,110.58633333333334
88286089,122.27020212765962
58263484,241.95518518518517
65619117,186.79625000000001
38104250,122.27020212765962
13756583,522.9484507042253
60053914,405.0755414012738
64871810,347.1174358974358
58457956,169.08652173913043
46159970,119.46414985590778
68250229,152.2087402597402
47390028,826.7446726190482
32969075,373.16271052631566
53581810,257.2252112676054
79530731,1002.7396261682239
24487509,222.8470588235294
69933962,140.70496598639457
65663302,696.660730994152
12423653,122.10307692307691
58871872,146.53415254237288
58171151,160.33492753623193
30617224,516.0625945945947
69106909,203.84384615384616
13212070,1036.8536111111114
68351771,287.0254151624548
87624917,104.12850299401197
11970895,140.35418738049717
44431758,1053.4148
16633955,1036.8536111111114
42590404,304.5850119904077
86953915,859.649333333334
15250738,411.22761467889933
44832140,186.79625000000001
73698594,403.7961111111111
42128660,109.88411764705883
79549553,233.56418994413423
71619272,100.65767045454548
42016649,1141.905
61877206,217.5471774193548
56572912,419.64343750000006
71598751,411.22761467889933
34544077,745.906465517241
28672236,1264.746666666667
68689312,205.4150924024642
20267244,101.33750677506774
68781454,1609.9220276497708
27270801,107.573283416528
37219515,100.0
12011866,102.1490019193858
98392715,107.573283416528
87201351,468.91999999999996
14908777,1038.1095535714285
34723195,146.53415254237288
27339925,151.11062049062048
65420496,100.65767045454548
40933008,152.2087402597402
47440503,140.35418738049717
94970875,109.10529197080292
91029594,826.7446726190482
65336637,152.45037234042553
82023374,122.58583333333333
11380763,119.73680412371134
99699540,100.65767045454548
52649545,127.27878504672903
46299510,146.1078773584905
71452565,1065.7024427480915
67641699,257.2415517241379
12714684,367.85712499999994
60016742,140.35418738049717
53641525,717.8957575757576
43542290,151.11062049062048
32126954,745.906465517241
38213318,261.2191333333335
19971849,294.17807017543856
69256669,606.767747440273
23756854,119.46414985590778
62908704,122.27020212765962
32399173,301.54599999999994
39238887,1343.284527363184
94428578,249.84828571428568
52458139,205.4150924024642
80574227,114.32115241635687
90487261,241.95518518518517
31852005,154.41209302325578
24086418,477.5229927007295
82209864,153.77404255319146
29014855,101.69683498647431
56782601,152.2087402597402
24702075,205.4150924024642
74660449,189.10726224783863
40117654,122.27020212765962
60385260,1609.9220276497708
35958980,826.7446726190482
69458629,210.1689565217392
92886159,305.9511743772239
97734269,100.65767045454548
19053695,477.5229927007295
22371112,478.8838095238095
49183639,1949.0816770186334
53526975,217.5471774193548
26290335,477.5229927007295
13359830,516.0625945945947
39340686,105.3860606060606
85521089,108.046812749004
26704193,783.1733333333334
86626423,429.7838461538461
80675333,127.405625
38369741,114.50824267782428
10428306,304.5850119904077
18197840,152.2087402597402
78586780,226.7596374622358
40311310,146.53415254237288
51507375,226.7596374622358
10857110,129.53979253112036
88736789,205.4150924024642
10823128,102.14175675675675
75933085,2209.732522522522
87766438,146.1078773584905
64406530,107.71610169491525
33833037,551.1062962962965
51715740,174.6085526315789
59611801,109.88411764705883
74340374,1202.2242941176473
55507333,1647.15
10416536,411.22761467889933
43556040,100.65767045454548
63137873,950.8165714285715
70387789,261.2191333333335
29408506,146.1078773584905
38244388,304.5850119904077
26541311,107.573283416528
21032019,205.4150924024642
95710332,477.5229927007295
80660421,2426.1059999999998
81086775,119.46414985590778
14692465,102.8217256637168
35590067,152.45037234042553
37534494,129.53979253112036
46669694,373.16271052631566
68379291,101.33750677506774
28943151,105.3860606060606
85214973,528.2157446808513
49160221,318.76994897959236
57027484,257.2252112676054
79515834,220.66263297872334
48903593,477.5229927007295
49944843,803.4718181818181
15919205,564.0105714285716
89043859,826.7446726190482
22557888,441.8939516129031
45588391,1343.284527363184
67323319,113.81903409090906
67813677,203.84384615384616
94570366,257.2415517241379
99333664,318.76994897959236
62452475,318.76994897959236
27164888,150.04094972067037
13777597,859.649333333334
58863729,152.2087402597402
75372835,301.64854838709675
46531922,454.65000000000003
22638297,107.573283416528
43377425,261.2191333333335
45061752,100.0
87232001,110.58633333333334
99721166,419.64343750000006
63930988,530.6884810126584
67323116,107.573283416528
90199043,119.46414985590778
16025812,101.37735294117645
90192151,528.2157446808513
85194090,101.69683498647431
82716623,114.84171428571429
70041588,101.69683498647431
10909503,119.20818749999997
38910820,254.41145631067977
67605038,107.573283416528
22421268,257.2252112676054
12483701,122.27020212765962
99756084,313.4097959183675
72806047,108.046812749004
82569264,304.5850119904077
85085562,140.25938596491227
51688242,217.5471774193548
67031304,123.3634188034188
67620733,224.13454545454545
15399183,226.7596374622358
83228475,678.481315789474
59551778,102.1490019193858
58024179,551.1062962962965
67130514,233.56418994413423
36292117,441.8939516129031
40708056,301.64854838709675
16154757,1343.284527363184
56077131,318.76994897959236
24589481,1491.0494736842104
73507348,121.33500000000001
98283340,151.11062049062048
78682956,220.66263297872334
48031966,476.13166666666666
54069937,119.46414985590778
12509398,546.2616071428573
55254106,318.76994897959236
99797445,146.53415254237288
46298966,405.0755414012738
97439691,726.8282857142858
77392495,152.2087402597402
20307174,438.09613636363633
99295729,107.573283416528
13479279,102.1490019193858
57906842,606.767747440273
11957267,100.65767045454548
46011088,107.573283416528
40051988,1343.6
76565808,119.73680412371134
38007540,104.7085588235294
79111798,528.2157446808513
44170417,129.53979253112036
81747003,142.83333333333334
10689207,101.69683498647431
68762949,507.55229508196726
41533253,146.1078773584905
72624609,559.848
95729378,1054.27756097561
63404247,257.2252112676054
66851416,203.1221052631579
52878792,1361.0802083333335
69816189,135.48040650406503
93215948,373.16271052631566
82196067,151.11062049062048
65951347,114.32115241635687
28150709,1343.284527363184
26445964,438.09613636363633
59886188,122.27020212765962
47858132,233.43142857142857
10617528,1827.846794871795
26555436,138.17057347670251
75176293,828.4954285714284
15592659,546.7243181818183
17002563,136.45181818181814
65418918,855.2166666666667
50328250,101.33750677506774
29587649,107.573283416528
58771361,169.08652173913043
11138502,312.7527272727273
87806628,233.56418994413423
92541302,100.65767045454548
20045193,101.69683498647431
53943287,220.66263297872334
72973012,310.2707017543861
98243897,745.644333333333
50425980,217.5471774193548
53891279,108.52439024390245
12653293,441.8939516129031
79516817,186.79625000000001
57736550,136.45181818181814
68504332,146.53415254237288
51418176,726.8282857142858
52844688,100.15424657534247
14924228,146.1078773584905
17385055,155.51441176470587
48584675,101.52807339449542
84113591,434.7515
24176804,907.172722513089
42578288,101.69683498647431
22976178,154.41209302325578
59427067,151.11062049062048
62214101,108.4384375
31095835,125.83142857142857
61084952,304.5850119904077
24538640,146.1078773584905
17397516,950.8165714285715
53588939,261.2191333333335
64801503,140.25938596491227
22306102,333.7758333333333
73464976,156.57601941747572
25265317,3377.24
67321055,534.5108749999997
52652991,1248.9199453551912
77364707,287.0254151624548
28941979,377.0003614457832
74248679,1003.4724242424245
67415672,122.27020212765962
80048641,122.27020212765962
42348096,109.10529197080292
76460518,123.3634188034188
34956566,411.22761467889933
77002192,528.2157446808513
88577445,476.2995000000001
38297974,257.2415517241379
97975641,1193.6471428571426
15692698,1343.284527363184
83507949,165.84208333333333
91740530,275.4142857142857
37895673,109.10529197080292
19139820,151.11062049062048
89742287,233.56418994413423
63175133,477.5229927007295
52867973,166.85916666666665
16690451,138.17057347670251
37055011,153.3216296296296
17248647,419.64343750000006
17328412,101.69683498647431
63923102,2209.732522522522
34421040,960.8149999999999
99940233,122.27020212765962
45814646,304.5850119904077
58613984,217.5471774193548
31285738,257.2252112676054
35071743,257.2252112676054
52223959,398.2320865139953
61904367,152.2087402597402
31525138,226.7596374622358
73171290,220.66263297872334
44582195,101.69683498647431
90109527,152.2087402597402
26952082,101.37735294117645
53620380,304.5850119904077
94287883,1197.08
77186365,318.76994897959236
33864808,107.76955357142857
70959138,217.5471774193548
52099246,546.2616071428573
22249291,140.80593425605528
48803280,411.22761467889933
89982531,151.11062049062048
64289923,1362.4881132075473
22000557,101.69683498647431
26219747,151.11062049062048
31130738,233.43142857142857
32445244,108.4384375
75236281,114.32115241635687
13587715,528.2157446808513
52514750,117.45431818181818
90786271,155.79055555555558
15005065,109.88411764705883
20097518,109.10529197080292
50625868,373.16271052631566
84412981,110.58633333333334
92773944,119.46414985590778
25312123,108.4384375
70396417,122.27020212765962
54865863,254.43586206896552
35803808,114.50824267782428
59597265,678.481315789474
93311848,101.69683498647431
32340446,287.0254151624548
96794801,186.79625000000001
40380864,205.4150924024642
82007689,127.27878504672903
84851707,129.80027027027023
83174692,304.5850119904077
59083400,102.1490019193858
17580169,135.28055555555554
18219500,122.27020212765962
87811781,241.95518518518517
14088369,108.046812749004
67659430,257.2415517241379
42456496,318.76994897959236
87353322,522.9484507042253
13917344,109.10529197080292
19886405,119.20818749999997
77800166,678.481315789474
77068569,159.62069999999997
88362858,101.69683498647431
71241476,1609.9220276497708
24814654,159.62069999999997
46691706,546.2616071428573
79162545,318.76994897959236
42908985,114.32115241635687
74936566,305.9511743772239
19620916,151.11062049062048
54347722,122.58583333333333
90271799,859.649333333334
25414359,374.6
35809369,270.83317010309287
57731323,107.573283416528
37887687,1609.9220276497708
76623206,107.573283416528
69954876,257.2252112676054
78180146,2209.732522522522
90681578,138.17057347670251
41794614,119.46414985590778
83295852,224.9241085271318
31156145,140.25938596491227
62711916,528.2157446808513
74676618,135.48040650406503
43248708,120.64734374999999
69180825,257.2252112676054
75624999,419.64343750000006
37667208,1023.2660176991145
77810578,258.26727272727277
47115768,102.14175675675675
81589304,1361.0802083333335
74472711,114.84171428571429
82711188,224.9241085271318
55272778,159.62069999999997
98229885,150.04094972067037
70058028,304.5850119904077
90729377,122.27020212765962
13401279,441.8939516129031
85519612,726.8282857142858
17006769,411.22761467889933
99888523,140.80593425605528
22354297,641.6119230769231
43508583,100.0
96795828,135.48040650406503
96608998,107.573283416528
67452091,203.84384615384616
40571985,1343.284527363184
15232782,1609.9220276497708
86789043,173.8515736040609
14046478,140.80593425605528
45515801,101.69683498647431
26318506,1827.846794871795
34584473,101.33750677506774
15369631,160.33492753623193
26479383,135.28055555555554
81346470,154.43124999999998
83197984,107.573283416528
70331904,241.95518518518517
78907246,1609.9220276497708
42709019,322.33625
97184353,189.10726224783863
35589537,678.481315789474
83942112,304.5850119904077
58293013,147.63
78567689,150.96300000000002
88610012,189.10726224783863
68628621,102.8217256637168
51584806,119.46414985590778
29419986,151.11062049062048
21476578,203.1221052631579
77370060,122.27020212765962
33607448,1580.2891666666667
47890072,398.2320865139953
11234362,140.35418738049717
70681971,257.2252112676054
45196219,282.8279518072289
58136807,107.573283416528
21383428,151.11062049062048
38088367,160.33492753623193
57071133,110.58633333333334
83834449,100.0
72194210,1343.284527363184
14582584,305.9511743772239
16017322,114.50824267782428
18598541,287.0254151624548
82812670,411.22761467889933
53563234,381.63388535031834
63779141,213.39
70854456,405.0755414012738
83535660,129.53979253112036
51099419,119.46414985590778
30503407,1609.9220276497708
90802363,173.8515736040609
84057874,108.046812749004
93637941,107.573283416528
33888588,100.65767045454548
78183407,220.66263297872334
88497510,100.0
88829918,301.64854838709675
72639649,477.5229927007295
15627595,189.10726224783863
68832460,253.60666666666663
31734310,105.3860606060606
69212161,101.37735294117645
62980146,119.46414985590778
69972227,546.2616071428573
53162285,146.53415254237288
10963473,103.53074074074074
65276908,220.66263297872334
72611634,381.63388535031834
81292347,477.5229927007295
34705944,696.660730994152
54322977,114.84171428571429
27155431,564.0105714285716
61373056,108.52439024390245
64530093,152.2087402597402
44187538,373.16271052631566
29110806,114.32115241635687
34026881,724.89625
67734035,534.5108749999997
90355788,140.80593425605528
76930932,258.9833053221291
31194080,151.11062049062048
26948420,722.7446376811594
60117998,119.20818749999997
23540580,304.5850119904077
29255361,104.12850299401197
47322059,352.5433333333333
50570727,107.573283416528
71874386,123.3634188034188
27325447,233.56418994413423
92986477,135.28055555555554
27856293,140.35418738049717
55159001,150.04094972067037
88660196,173.8515736040609
82148252,102.14175675675675
15421314,1023.2660176991145
27620141,105.3860606060606
12348320,217.5471774193548
84344897,101.69683498647431
10950855,122.27020212765962
44290434,373.16271052631566
84843689,120.64734374999999
85814690,135.48040650406503
60406086,226.7596374622358
35395832,152.2087402597402
54621645,108.52439024390245
29154162,107.76955357142857
40230589,564.0105714285716
46902130,304.5850119904077
70579622,119.20818749999997
86272378,107.573283416528
12294631,233.56418994413423
29412564,976.6783870967741
88089176,381.63388535031834
91193188,153.3216296296296
36523137,372.9034426229508
54050884,108.52439024390245
19187985,1423.7330000000004
91884750,1343.284527363184
77985469,270.83317010309287
19362736,1560.2707692307692
37641826,100.0
17997673,140.80593425605528
12296621,104.7085588235294
94210085,105.3860606060606
84475360,318.76994897959236
44450631,189.10726224783863
96917819,313.4097959183675
76581579,203.83470588235295
16376842,140.35418738049717
20378565,142.83333333333334
67149501,826.7446726190482
74149592,107.573283416528
55437574,100.15424657534247
86258875,173.8515736040609
25154125,1202.2242941176473
64289878,140.35418738049717
59484061,101.69683498647431
39600891,126.57625
40907835,114.32115241635687
47183606,146.1078773584905
71132260,724.5204166666667
19424487,1343.284527363184
35720925,105.85322033898305
74210516,101.69683498647431
53089641,146.1078773584905
27778699,305.9511743772239
73489375,478.8838095238095
46042524,101.69683498647431
59554727,270.83317010309287
31273971,224.9241085271318
31543147,102.14175675675675
74490349,109.10529197080292
65190591,803.4718181818181
21122660,275.4142857142857
54597323,1267.295
77569150,152.2087402597402
68093533,355.71638157894733
87099884,101.69683498647431
64825958,546.2616071428573
27545112,477.5229927007295
87791632,287.0254151624548
93384265,411.22761467889933
64047299,404.1042857142857
23357980,146.1078773584905
88585802,1343.284527363184
26754357,107.76955357142857
99964380,152.2087402597402
63611208,1050.52
10618556,1281.6142857142859
12155276,135.48040650406503
56528554,726.8282857142858
72203638,305.9511743772239
48174886,257.2415517241379
25749233,257.2252112676054
11912269,101.33750677506774
14181748,911.4207692307692
77013810,378.8453846153846
59885886,146.1078773584905
92982194,233.56418994413423
88065861,606.767747440273
14857189,107.71610169491525
60358916,477.5229927007295
72265262,1343.284527363184
20471623,2930.46
88951362,144.2896153846154
22364003,114.50824267782428
85137999,411.22761467889933
84176549,318.76994897959236
25849299,226.7596374622358
21233903,189.10726224783863
95963515,205.4150924024642
47630408,318.76994897959236
38763223,113.81903409090906
34812513,152.2087402597402
77372953,1343.284527363184
74724495,233.2525454545454
34162435,108.4384375
60046268,247.55399999999997
19475755,146.51051724137932
89620481,2476.1604347826087
26981207,233.56418994413423
13918048,220.66263297872334
36590125,287.0254151624548
78119113,122.27020212765962
43245514,107.573283416528
88082339,101.69683498647431
62738760,107.573283416528
55254407,122.27020212765962
85112378,105.85322033898305
40490983,107.573283416528
44048989,203.83470588235295
15551565,301.54599999999994
27681538,205.8758823529412
98232104,101.69683498647431
14018289,119.20818749999997
82522150,318.76994897959236
65483357,119.46414985590778
94158408,186.79625000000001
50266167,191.10626373626368
28805175,975.95875
93929668,1018.4977142857142
15540290,237.93095744680852
98661090,545.0503846153845
50074109,135.28055555555554
85017115,140.35418738049717
99914220,659.7170212765958
76334714,233.2525454545454
38140938,318.76994897959236
93933852,220.66263297872334
13190892,907.172722513089
67747085,403.7961111111111
96389355,411.22761467889933
42380180,841.1278571428572
55522772,152.45037234042553
18839853,101.69683498647431
93030803,304.5850119904077
19574384,146.1078773584905
17501488,168.59012269938648
92757638,318.76994897959236
47546392,138.17057347670251
56569095,152.2087402597402
34392418,1065.7024427480915
49367171,373.16271052631566
37669142,155.51441176470587
33580264,411.22761467889933
52617381,305.9511743772239
13011861,859.649333333334
97498208,159.62069999999997
53388262,107.573283416528
63018369,140.35418738049717
59266953,122.27020212765962
33256210,114.50824267782428
26585585,203.84384615384616
43342989,696.660730994152
81962175,257.2252112676054
54752385,100.0
12906623,341.665
12144505,477.5229927007295
47329191,127.27878504672903
35302686,114.50824267782428
29541158,546.7243181818183
80447228,122.27020212765962
56399590,101.69683498647431
44327442,411.22761467889933
65756284,717.8957575757576
13967851,523.2321428571429
33766889,210.1689565217392
70886578,174.6085526315789
85448456,451.7542105263159
24208719,826.7446726190482
72059158,114.50824267782428
30666083,318.76994897959236
45090209,186.79625000000001
79520644,376.4266666666667
41015799,367.85712499999994
22610356,166.85916666666665
46940244,152.2087402597402
21443863,119.46414985590778
63769088,254.41145631067977
32298027,373.16271052631566
26046152,411.22761467889933
60326272,184.75230769230768
24693880,102.1490019193858
18317166,119.73680412371134
64265688,186.79625000000001
27910854,189.10726224783863
56810750,107.573283416528
97007881,411.22761467889933
90317702,546.7243181818183
81231529,155.79055555555558
85899649,257.2252112676054
92087175,173.8515736040609
24070483,233.56418994413423
87629146,318.76994897959236
11101794,258.26727272727277
67889079,1065.7024427480915
25576186,118.78444444444443
67657245,205.4150924024642
74992266,113.81903409090906
83091668,113.80138461538462
41547362,129.53979253112036
75141878,258.26727272727277
11562295,514.0074999999999
23748006,110.58633333333334
89825179,411.22761467889933
46505766,3064.2782608695657
36098274,151.11062049062048
61326956,1362.4881132075473
69020339,108.046812749004
35844282,398.2320865139953
86014291,119.20818749999997
72500654,528.2157446808513
11567986,191.10626373626368
95910506,150.04094972067037
73565600,257.2252112676054
83729347,1343.284527363184
39689433,1609.9220276497708
26513864,940.7958750000004
20449852,678.481315789474
10382065,318.76994897959236
61096786,373.16271052631566
40823824,122.10307692307691
95687753,190.59214285714285
88043962,205.4150924024642
43192291,287.0254151624548
18631499,826.7446726190482
27194752,106.57246575342464
48023684,258.9833053221291
76180232,114.32115241635687
99345059,745.644333333333
46554999,546.2616071428573
57537267,101.33750677506774
72087202,101.69683498647431
60008708,398.2320865139953
13534295,257.2252112676054
90971189,152.2087402597402
55662480,122.27020212765962
81189360,373.16271052631566
49401774,318.76994897959236
12131946,1560.2707692307692
78732926,696.660730994152
38392538,1343.284527363184
64273801,126.57625
62858255,203.84384615384616
13288053,152.2087402597402
80940080,152.2087402597402
73197703,156.63155844155847
88918806,895.3522222222222
45088467,257.2252112676054
42105313,287.0254151624548
51515302,122.27020212765962
85071892,859.649333333334
23401512,129.53979253112036
70514922,305.9511743772239
53367560,373.16271052631566
30799466,977.4224999999999
87442307,305.9511743772239
84081332,110.58633333333334
87505658,400.80928571428575
10151086,405.0755414012738
19254776,522.9484507042253
38019521,745.644333333333
40151098,102.1490019193858
75965212,717.8957575757576
38667600,205.4150924024642
55646285,119.46414985590778
35548301,257.2252112676054
18737005,318.76994897959236
76771390,528.2157446808513
23778594,104.12850299401197
63739797,151.11062049062048
40559434,372.9034426229508
15970404,101.69683498647431
41963393,287.0254151624548
36850376,1343.284527363184
30703622,108.046812749004
53681130,221.4931818181818
52524172,261.2191333333335
78986568,411.22761467889933
60868659,107.573283416528
55970571,151.11062049062048
69603000,220.66263297872334
24475423,102.1490019193858
30105284,217.5471774193548
42638975,546.2616071428573
54205765,318.76994897959236
77026950,559.6280888888886
55738198,1827.846794871795
49309757,305.9511743772239
52256145,626.616
14972722,138.17057347670251
47613103,241.95518518518517
31244414,109.10529197080292
67669646,516.0625945945947
85221335,134.54
29598209,367.85712499999994
64960038,129.53979253112036
36072721,101.52807339449542
48855526,151.11062049062048
40290168,318.76994897959236
84094689,102.1490019193858
64780070,101.69683498647431
62238032,101.69683498647431
44102009,373.16271052631566
13443938,318.76994897959236
27288438,135.48040650406503
26505769,507.55229508196726
62425735,100.0
41742405,318.76994897959236
35508108,122.27020212765962
67267851,257.2252112676054
65786198,696.660730994152
69652252,101.69683498647431
78338794,164.67875
98205508,301.54599999999994
90079134,150.04094972067037
89240929,131.98999999999998
59365630,570.1127272727274
16423455,237.93095744680852
30410578,151.3859649122807
41943183,106.57246575342464
17181615,101.69683498647431
31537031,102.14175675675675
55634963,192.88614678899083
14790401,367.85712499999994
49470022,203.83470588235295
68137744,151.11062049062048
10800640,152.45037234042553
82878129,109.10529197080292
98099360,152.2087402597402
36414556,119.46414985590778
74858657,151.11062049062048
41406039,122.27020212765962
67297495,318.76994897959236
98019387,150.04094972067037
17133275,907.172722513089
44434588,745.644333333333
23385843,441.8939516129031
51805988,270.83317010309287
65443150,220.66263297872334
77624321,1827.846794871795
80056192,745.906465517241
92008819,114.32115241635687
78973038,152.2087402597402
36356168,127.405625
23051465,170.282
18225590,134.79454545454547
30705007,477.5229927007295
51916309,226.7596374622358
49014177,156.01870967741937
46939883,100.65767045454548
27552020,122.27020212765962
76064439,606.767747440273
42732794,907.172722513089
78185687,134.79454545454547
37150067,254.41145631067977
60216204,1362.4881132075473
67861895,226.7596374622358
82668831,108.046812749004
26865256,722.7446376811594
20296005,507.55229508196726
91164112,203.83470588235295
48751412,233.56418994413423
92672083,140.25938596491227
66451503,119.46414985590778
79223008,151.11062049062048
86295795,101.33750677506774
12188395,1609.9220276497708
33148873,113.81903409090906
18236078,372.9034426229508
53763750,153.77404255319146
90278346,205.4150924024642
23921552,1343.284527363184
60806947,443.6661111111111
87988487,101.69683498647431
33594333,122.27020212765962
51767697,140.25938596491227
76176593,301.54599999999994
20106678,398.2320865139953
89323122,140.80593425605528
15084276,100.65767045454548
46737280,220.66263297872334
27725859,140.80593425605528
47502584,696.660730994152
89375361,1202.2242941176473
54279167,373.16271052631566
62834953,140.35418738049717
51358955,140.35418738049717
43105700,305.9511743772239
71610282,108.58736842105263
79952909,305.9511743772239
86913278,398.2320865139953
72344233,140.35418738049717
41143291,441.8939516129031
47312733,304.5850119904077
73376655,103.38333333333333
44219943,109.10529197080292
18665144,559.6280888888886
38016360,108.046812749004
50277432,151.11062049062048
14668690,318.76994897959236
44041678,477.5229927007295
68597599,203.83470588235295
55600173,107.573283416528
78109218,258.9833053221291
43432402,114.32115241635687
57793276,507.55229508196726
82143513,373.16271052631566
13373907,152.2087402597402
78336625,477.5229927007295
51821030,102.8217256637168
57620512,377.0003614457832
94840760,717.8957575757576
71866671,1065.7024427480915
12967437,381.2250000000001
94620585,477.5229927007295
45148967,373.16271052631566
28096166,151.11062049062048
76948857,950.8165714285715
44584760,140.80593425605528
36577484,107.573283416528
63103602,305.9511743772239
15647671,516.0625945945947
86020607,151.11062049062048
80235014,119.46414985590778
40496834,155.51441176470587
98549441,203.84384615384616
71915619,392.26124999999996
27813348,373.16271052631566
48090735,377.0003614457832
91818207,411.22761467889933
12597429,104.7085588235294
99318296,140.25938596491227
38085169,217.5471774193548
38823071,305.9511743772239
61630311,114.84171428571429
78195551,477.5229927007295
88131419,333.73315789473685
18300026,1065.7024427480915
99585455,546.2616071428573
51530595,247.07999999999998
94166971,104.7085588235294
13633057,528.2157446808513
68298368,258.9833053221291
69215865,304.5850119904077
30064972,261.2191333333335
96997224,109.10529197080292
45138943,192.88614678899083
21749235,283.335
62856234,318.76994897959236
23982292,107.76955357142857
17686144,318.76994897959236
57256437,477.5229927007295
85469927,109.10529197080292
14451732,477.5229927007295
85268432,1343.284527363184
64602955,140.35418738049717
74101500,102.1490019193858
80083521,373.16271052631566
11433359,1141.905
99198713,253.60666666666663
12281135,254.41145631067977
60094475,429.7838461538461
18817746,318.76994897959236
80803307,1202.2242941176473
50415370,102.14175675675675
65098425,189.10726224783863
52785060,101.69683498647431
76797423,101.69683498647431
57752962,1197.08
30340212,119.20818749999997
17309152,102.8217256637168
29046975,140.80593425605528
58339630,224.9241085271318
38269849,222.5642857142857
65498444,122.27020212765962
56278811,477.5229927007295
65904109,102.1490019193858
34436387,174.6085526315789
83162633,108.046812749004
41922575,1609.9220276497708
67606284,102.1490019193858
74148614,2511.51
31898202,907.172722513089
12816787,398.2320865139953
73390625,151.11062049062048
44602780,724.4280000000001
59497966,318.76994897959236
33304284,318.76994897959236
70931726,213.78571428571428
44381487,160.33492753623193
55483533,102.8217256637168
41096987,136.91155555555554
60844342,129.53979253112036
46382270,441.8939516129031
41975761,606.767747440273
20086347,102.8217256637168
82572177,516.0625945945947
27871083,398.2320865139953
47060550,104.7085588235294
44062914,233.2525454545454
29352791,151.11062049062048
42368060,122.27020212765962
83186065,155.79055555555558
86750602,411.22761467889933
18043718,123.3634188034188
85319365,367.85712499999994
93521329,146.1078773584905
68774400,1724.3656249999997
27686846,258.9833053221291
73144512,257.2252112676054
47707941,129.53979253112036
91947483,108.046812749004
54467473,113.81903409090906
25827075,403.7961111111111
99472188,826.7446726190482
29814538,152.2087402597402
98588385,150.04094972067037
15032563,559.6280888888886
73738020,140.80593425605528
11480212,146.1078773584905
75221745,108.046812749004
19968090,1343.284527363184
70404205,107.573283416528
68659791,261.2191333333335
33092757,312.7527272727273
78193594,107.573283416528
98198145,221.4931818181818
99767011,907.172722513089
56688046,102.1490019193858
66475382,268.6823529411765
75692782,1724.3656249999997
26808729,107.573283416528
32171695,122.27020212765962
88456703,153.3216296296296
20999557,745.644333333333
28934979,109.10529197080292
37107836,101.69683498647431
50278467,102.1490019193858
61940174,606.767747440273
17559774,189.10726224783863
21430086,257.2252112676054
10776426,304.5850119904077
98097088,107.573283416528
43113087,146.1078773584905
12862019,205.4150924024642
44592366,169.08652173913043
96886172,203.84384615384616
96480201,152.2087402597402
85983502,398.2320865139953
23038927,140.25938596491227
53573032,105.3860606060606
34553934,318.76994897959236
51249487,159.62069999999997
85349173,140.35418738049717
40895869,140.35418738049717
99256510,102.1490019193858
76469230,101.69683498647431
18165718,606.767747440273
96264289,122.27020212765962
20452221,146.1078773584905
15739031,270.83317010309287
75157790,318.76994897959236
28901434,257.2252112676054
98941473,119.46414985590778
84489512,258.9833053221291
11168890,152.2087402597402
45041073,257.2252112676054
85582491,217.5471774193548
14863106,411.22761467889933
53607444,270.83317010309287
39640829,254.65242038216576
83896205,724.5204166666667
66887097,107.573283416528
54562627,186.79625000000001
60923346,551.1062962962965
85626709,305.9511743772239
11687354,217.5471774193548
99055900,318.76994897959236
94176139,257.2415517241379
65142810,1343.284527363184
21025866,140.80593425605528
86231352,191.10626373626368
94223565,318.76994897959236
53094412,170.282
16579300,104.12850299401197
68788821,104.12850299401197
22347006,140.35418738049717
89447420,258.9833053221291
92132840,1343.284527363184
61120099,150.04094972067037
66390529,318.76994897959236
36752526,258.9833053221291
28673093,140.35418738049717
60187719,107.573283416528
47937195,304.5850119904077
18528428,1045.0645454545452
72855294,1343.284527363184
77314174,367.85712499999994
74208091,268.6823529411765
25265856,482.8169318181819
43541187,907.172722513089
22027673,696.660730994152
39533389,301.64854838709675
28548263,1362.4881132075473
78891989,122.27020212765962
68562696,696.660730994152
45297826,516.0625945945947
14532340,696.660730994152
42487332,307.82068965517243
79497837,411.22761467889933
48787566,411.22761467889933
43024895,192.88614678899083
54043001,355.71638157894733
18517095,373.16271052631566
42190640,1716.2600000000002
81702926,1054.27756097561
20584669,152.45037234042553
48104361,160.55314285714286
95781341,108.52439024390245
42595500,1533.8899999999999
34081689,152.2087402597402
18465181,104.7085588235294
87028165,114.50824267782428
25157413,220.66263297872334
33500861,107.76955357142857
22501784,305.9511743772239
90954690,155.79055555555558
12079890,551.1062962962965
24560931,205.4150924024642
57180097,224.9241085271318
53805689,104.12850299401197
54653374,108.4384375
79714919,140.25938596491227
52629831,108.4384375
30315883,3064.2782608695657
55900800,122.27020212765962
62528560,217.5471774193548
17439043,108.4384375
64302335,233.0972413793103
53498595,102.1490019193858
92248005,270.83317010309287
65132848,1343.284527363184
54712644,114.32115241635687
26501578,1609.9220276497708
57973578,119.46414985590778
64849387,899.5445454545454
38331875,106.57246575342464
84564845,138.17057347670251
34335614,477.5229927007295
18851658,606.767747440273
10997678,151.11062049062048
40768250,206.75035714285713
47646719,108.4384375
92937467,1343.284527363184
61661397,107.71610169491525
48317061,132.8392156862745
97216589,257.2252112676054
39977323,305.9511743772239
46445975,1281.6142857142859
94283551,258.9833053221291
49677766,119.46414985590778
85991335,107.573283416528
23059563,304.5850119904077
98641777,826.7446726190482
62115510,140.80593425605528
63322573,600.0166666666667
88463974,398.2320865139953
29063398,102.14175675675675
94756964,213.39
84286445,1343.284527363184
86644899,2413.545
58366829,100.65767045454548
87935193,477.5229927007295
65710078,140.80593425605528
55211028,817.251111111111
20090342,110.58633333333334
17885846,419.64343750000006
87917108,127.27878504672903
35243872,312.7527272727273
78681572,841.1278571428572
36496663,258.9833053221291
88567292,528.2157446808513
90883683,745.906465517241
77163639,101.69683498647431
70680981,4077.9428571428575
72230973,119.46414985590778
13786940,1500.0851999999995
56650323,108.4384375
67337097,138.17057347670251
65297160,257.2252112676054
23393351,101.69683498647431
43711949,114.32115241635687
45998905,317.3615625
94413146,155.51441176470587
30684529,102.1490019193858
28147355,1609.9220276497708
14737001,261.2191333333335
55758535,220.66263297872334
95914131,101.69683498647431
95400320,189.10726224783863
29157079,122.27020212765962
34838551,110.58633333333334
79573538,101.69683498647431
53853858,738.2797297297299
46958037,152.45037234042553
40355076,1827.846794871795
79162800,114.50824267782428
61449541,122.27020212765962
68870249,135.48040650406503
13256146,102.14175675675675
23687793,102.14175675675675
49330994,101.69683498647431
47955268,318.76994897959236
24572229,411.22761467889933
85493065,140.80593425605528
95994562,205.4150924024642
86822089,247.55399999999997
38878729,174.6085526315789
83459912,152.45037234042553
40295244,189.10726224783863
95702507,398.2320865139953
97865744,516.0625945945947
81724417,173.8515736040609
22296895,606.767747440273
25100739,1036.8536111111114
11994578,146.51051724137932
43823713,146.3803846153846
57595389,372.9034426229508
37162594,102.12857142857142
51432674,696.660730994152
96977947,403.7961111111111
69353041,150.04094972067037
97471377,477.5229927007295
78888703,564.0105714285716
58472902,859.649333333334
77647159,318.76994897959236
63649430,1343.284527363184
11295973,1065.7024427480915
11886952,1248.9199453551912
31115337,131.30408450704226
53945582,100.0
73391100,102.1490019193858
16170017,477.5229927007295
96391937,140.80593425605528
49663888,499.9428571428571
37966282,310.2707017543861
91789209,546.2616071428573
47228126,373.16271052631566
26588476,606.767747440273
87591569,114.32115241635687
15315145,114.84171428571429
70198893,258.9833053221291
61666968,102.1490019193858
22175686,122.27020212765962
63396595,184.75230769230768
18727617,100.0
19777468,258.26727272727277
30527873,287.0254151624548
95114158,108.046812749004
41739701,405.0755414012738
11369670,114.32115241635687
74973026,220.66263297872334
73622781,138.17057347670251
52281834,140.80593425605528
16897176,101.33750677506774
63339672,1361.0802083333335
94319057,114.50824267782428
89357552,122.27020212765962
24886317,530.6884810126584
59666869,213.39
72430983,559.6280888888886
85345596,451.7542105263159
24218852,150.04094972067037
82044920,140.25938596491227
28204462,950.8165714285715
25544623,108.58736842105263
98645538,101.33750677506774
35786181,1434.1876923076923
56759514,482.8169318181819
94979414,101.69683498647431
52508190,530.6884810126584
49317061,152.45037234042553
76293520,140.3975
67067662,150.04094972067037
11847526,134.54
14139283,270.83317010309287
35602964,155.51441176470587
61092334,152.2087402597402
69270579,104.12850299401197
47517321,477.5229927007295
10542988,127.405625
66912082,140.80593425605528
42445139,1162.26
73053729,248.33521739130435
96699423,205.4150924024642
18843679,257.2252112676054
86433075,152.45037234042553
26883104,1003.4724242424245
19601132,155.51441176470587
37017650,138.17057347670251
83138933,140.35418738049717
73247661,140.35418738049717
59307450,373.16271052631566
31131827,205.4150924024642
69966233,1766.2711290322584
40243877,1248.9199453551912
41951589,261.2191333333335
36031262,257.2252112676054
42623413,589.6133333333333
67891203,395.46363636363645
51970188,140.80593425605528
24213498,859.649333333334
96242069,107.573283416528
41943430,1343.284527363184
89189267,1766.2711290322584
19898345,102.1490019193858
60572858,1036.8536111111114
34988552,119.46414985590778
91110384,377.0003614457832
75957507,222.8470588235294
64422949,100.65767045454548
93823627,122.27020212765962
93745711,151.11062049062048
17782008,140.35418738049717
40016743,468.91999999999996
78676337,254.65242038216576
96591242,102.8217256637168
83545822,270.83317010309287
89501773,1003.4724242424245
19293886,100.65767045454548
58534753,546.2616071428573
56198063,476.13166666666666
60777659,101.69683498647431
65431978,155.79055555555558
94604898,235.46590909090907
76197738,696.660730994152
81980523,373.16271052631566
41676275,160.8
36497965,1827.846794871795
23177824,113.81903409090906
85192608,100.65767045454548
30289672,108.046812749004
98138275,1176.114814814815
57817320,367.85712499999994
42234307,606.5327777777778
35893634,107.75684210526316
18195993,102.8217256637168
98403244,373.16271052631566
63004294,122.27020212765962
54567579,477.5229927007295
91568379,105.3860606060606
82476880,254.41145631067977
55652262,381.63388535031834
20373341,101.37735294117645
58632297,318.76994897959236
24786934,696.660730994152
43722745,152.2087402597402
87508719,318.76994897959236
80752603,107.573283416528
16698668,322.33625
78798734,411.22761467889933
18461999,516.0625945945947
81299277,135.48040650406503
91417891,205.4150924024642
25190830,717.8957575757576
73164327,152.2087402597402
92759943,477.5229927007295
18785269,102.1490019193858
67717385,152.2087402597402
68136920,108.046812749004
77810360,233.56418994413423
62012820,101.52807339449542
55983128,140.80593425605528
28119370,457.81
34978717,151.11062049062048
52374215,528.2157446808513
66651771,695.9792857142858
49306420,696.660730994152
57524470,313.4097959183675
50884173,152.2087402597402
41477733,168.59012269938648
14875840,405.0755414012738
11186021,122.27020212765962
36355598,1038.1095535714285
54557949,107.573283416528
69426516,150.04094972067037
92092667,151.11062049062048
52668902,140.80593425605528
63561915,101.69683498647431
11154750,140.80593425605528
48765039,129.53979253112036
91136342,113.80138461538462
41265217,1343.284527363184
25331950,122.27020212765962
59339185,114.50824267782428
59925803,134.54
15169957,722.7446376811594
14437249,213.39
98971521,160.8
26418410,152.2087402597402
85892267,140.35418738049717
29358885,374.02045454545447
90069301,102.14175675675675
11408026,140.35418738049717
77952900,110.58633333333334
83752708,678.481315789474
15243872,140.80593425605528
20649757,257.2252112676054
94157069,398.2320865139953
80138291,411.22761467889933
79658232,102.1490019193858
20876663,123.3634188034188
66248879,107.573283416528
98196787,151.11062049062048
11070217,477.5229927007295
54123194,570.1127272727274
86862821,606.767747440273
40252559,101.69683498647431
60519623,105.3860606060606
11098932,101.33750677506774
77544004,107.573283416528
43855714,104.12850299401197
57112829,102.1490019193858
69104738,107.573283416528
51426009,153.77404255319146
96759585,1054.27756097561
61695552,559.6280888888886
29335973,134.54
86711404,305.9511743772239
96132003,1766.2711290322584
71930157,522.9484507042253
24207989,191.10626373626368
81239737,100.65767045454548
19246532,101.69683498647431
12541440,189.10726224783863
10876544,257.2252112676054
11012723,233.2525454545454
38854043,294.17807017543856
78679072,113.81903409090906
39567200,140.25938596491227
59107952,258.9833053221291
79981461,152.2087402597402
16385065,150.04094972067037
42418677,307.82068965517243
26750207,192.88614678899083
92430939,405.0755414012738
22967094,152.2087402597402
40195159,189.10726224783863
72466218,189.10726224783863
34482136,106.57246575342464
13940540,205.4150924024642
22725269,477.5229927007295
78995555,595.1405555555557
73638726,150.04094972067037
64722395,103.53074074074074
89563722,546.7243181818183
32568591,109.88411764705883
45801232,134.54
20301291,1202.2242941176473
40244043,101.33750677506774
64129406,976.6783870967741
72297320,113.81903409090906
13456518,122.27020212765962
27325248,109.10529197080292
33468754,114.50824267782428
60910395,156.57601941747572
32681832,355.71638157894733
21428869,152.2087402597402
86653666,233.56418994413423
32786522,482.8169318181819
64027869,411.22761467889933
34126567,101.69683498647431
42278394,254.41145631067977
95376056,140.35418738049717
99562015,333.2781818181818
15133980,859.649333333334
54026308,122.27020212765962
76441994,102.1490019193858
94110128,102.14175675675675
20201258,606.767747440273
84604326,146.1078773584905
27309117,841.1278571428572
85307886,138.17057347670251
68918906,1362.4881132075473
16328223,165.84208333333333
18599779,117.45431818181818
54032168,102.1490019193858
56206271,253.60666666666663
20991939,140.35418738049717
78007881,122.27020212765962
43136632,438.09613636363633
26961880,1248.9199453551912
59246484,318.76994897959236
97485255,220.66263297872334
21548886,122.27020212765962
41405520,257.2252112676054
17265204,110.58633333333334
57594370,108.046812749004
86204456,104.7085588235294
47896500,146.1078773584905
49072175,107.75684210526316
57819104,997.62
38029807,724.5204166666667
72219430,1560.2707692307692
51835434,237.93095744680852
40820294,264.97574468085105
39676991,189.10726224783863
47329975,305.9511743772239
40515929,398.2320865139953
49496398,310.2707017543861
79829278,110.58633333333334
25676253,257.2252112676054
83511561,257.2252112676054
97282391,108.046812749004
48159381,1065.7024427480915
26133617,140.35418738049717
14830790,152.2087402597402
38458641,153.3216296296296
92902816,419.64343750000006
67366474,1343.284527363184
12931119,1036.8536111111114
29119450,198.166
69182586,127.27878504672903
95601790,726.8282857142858
37235321,205.4150924024642
18453791,2463.8066666666664
73959998,140.80593425605528
85145437,101.52807339449542
20490331,100.65767045454548
40505076,373.16271052631566
39895736,4077.9428571428575
36927127,477.5229927007295
68104733,135.48040650406503
65498526,318.76994897959236
29077796,102.14175675675675
12700500,322.33625
23234787,205.4150924024642
32248328,151.11062049062048
47710917,1003.4724242424245
53904169,153.3216296296296
41795394,516.0625945945947
81931808,268.6823529411765
89546300,109.10529197080292
81512800,1981.9269230769228
74490322,100.65767045454548
77716971,528.2157446808513
76509280,102.8217256637168
86774198,210.1689565217392
63795592,146.1078773584905
15728342,1361.0802083333335
97525554,516.0625945945947
81201227,477.5229927007295
98995752,168.59012269938648
88336972,806.2902
56577963,107.573283416528
73375002,109.10529197080292
92846400,257.2252112676054
63160455,119.73680412371134
31277941,150.04094972067037
44244750,108.046812749004
46198195,1362.4881132075473
92939641,907.172722513089
97399227,107.573283416528
32829265,107.573283416528
73813213,210.1689565217392
71142772,101.69683498647431
26186456,1343.284527363184
86118507,138.17057347670251
91253288,152.2087402597402
16739260,113.81903409090906
97712970,101.52807339449542
33709101,1018.4977142857142
97473173,150.04094972067037
84445365,107.573283416528
33683407,419.64343750000006
55156833,205.4150924024642
39198647,104.7085588235294
84859914,134.54
42321053,122.27020212765962
26496602,107.573283416528
87373088,122.27020212765962
18576200,693.5119642857144
30304669,100.65767045454548
97043852,258.26727272727277
65885111,140.25938596491227
67235670,559.6280888888886
70791484,233.56418994413423
80687580,220.66263297872334
15865255,381.63388535031834
50517128,257.2252112676054
72791395,398.2320865139953
43267986,101.33750677506774
93567577,403.7961111111111
15107743,140.80593425605528
50225644,678.481315789474
50174181,806.2902
41401409,102.12857142857142
80395755,203.1221052631579
58616743,226.7596374622358
62863764,546.2616071428573
54033467,482.8169318181819
36905471,107.573283416528
68728934,257.2252112676054
11399296,403.7961111111111
42319589,152.2087402597402
71193471,411.22761467889933
67728154,147.655
99252537,304.5850119904077
69554397,110.58633333333334
57406844,1609.9220276497708
17460622,1949.0816770186334
29136908,304.5850119904077
88836387,203.84384615384616
56749521,1248.9199453551912
42038296,1343.284527363184
27575312,899.5445454545454
27787635,129.53979253112036
22639453,2086.005
95074248,1065.7024427480915
62398547,151.11062049062048
48210895,806.2902
87163679,100.0
84638479,102.8217256637168
74277222,606.767747440273
47124707,108.046812749004
29597912,441.8939516129031
73217471,559.6280888888886
54203733,859.649333333334
86493934,398.2320865139953
50925419,305.9511743772239
36161210,478.8838095238095
18638157,101.33750677506774
95763224,139.8733333333333
92017449,373.16271052631566
30955049,233.56418994413423
88464978,258.9833053221291
81709003,151.11062049062048
94640782,135.28055555555554
28684873,2209.732522522522
82032258,140.70496598639457
81929396,274.515
69137949,2209.732522522522
58556748,270.83317010309287
83494716,310.2707017543861
51219421,724.5204166666667
20118968,104.7085588235294
56424305,419.64343750000006
91040440,589.6133333333333
82249910,441.8939516129031
65005094,826.7446726190482
14333847,603.291111111111
79940622,355.71638157894733
36407377,159.62069999999997
16485177,131.98999999999998
19967320,122.27020212765962
86757224,150.04094972067037
47859734,109.10529197080292
15329881,189.10726224783863
38097629,113.81903409090906
63914375,859.649333333334
68107359,477.5229927007295
30898448,192.88614678899083
62098958,109.10529197080292
82555231,907.172722513089
74537472,745.644333333333
53883476,539.761447368421
87349008,102.14175675675675
60387770,120.64734374999999
76029782,220.66263297872334
17330605,107.573283416528
73592240,294.17807017543856
46762043,138.17057347670251
35726404,559.6280888888886
19188826,110.58633333333334
69934099,2897.35375
98236292,140.80593425605528
66601351,516.0625945945947
24082367,606.767747440273
86399833,1002.7396261682239
29406161,411.22761467889933
77568118,233.56418994413423
68454220,140.35418738049717
20326815,659.7170212765958
96392075,257.2252112676054
43846930,1141.905
64059970,224.9241085271318
59660323,140.80593425605528
30664289,107.573283416528
80504110,151.11062049062048
69214158,270.83317010309287
37153701,233.0972413793103
94463524,140.35418738049717
27069908,104.7085588235294
19881454,977.4224999999999
62073736,564.0105714285716
81301863,140.25938596491227
84692821,258.9833053221291
18061173,1609.9220276497708
20396165,108.52439024390245
90290263,102.14175675675675
53205197,101.69683498647431
71639333,103.38333333333333
26581527,1140.8066666666668
88753189,559.6280888888886
12152481,377.0003614457832
66369748,595.5751515151516
31086360,318.76994897959236
68141078,114.50824267782428
87072389,104.7085588235294
97229380,102.8217256637168
14239930,152.2087402597402
47067735,1038.1095535714285
23013670,907.172722513089
91166617,310.2707017543861
46464430,104.7085588235294
48307993,140.25938596491227
65322743,266.615
50086685,1096.895
65335801,192.88614678899083
83887090,189.10726224783863
79333390,411.22761467889933
84490520,205.4150924024642
90753494,1949.0816770186334
17091898,564.0105714285716
94064213,806.2902
76172003,192.88614678899083
36639874,107.573283416528
93190659,696.660730994152
77671761,107.573283416528
64459243,434.7515
92415904,151.11062049062048
22451687,101.69683498647431
99098676,411.22761467889933
96250656,104.7085588235294
43637666,1197.08
87755511,660.3793333333332
39642098,100.8778125
29533984,140.3975
57860445,123.3634188034188
33335103,109.10529197080292
40928352,477.5229927007295
66938624,261.2191333333335
97908221,140.35418738049717
32317269,516.0625945945947
56374872,859.649333333334
56164704,559.6280888888886
16557670,101.37735294117645
57350487,102.14175675675675
73640189,100.65767045454548
28886856,100.58813953488372
66838952,102.14175675675675
73125445,826.7446726190482
89817544,1091.4587096774192
69175507,140.25938596491227
93099722,107.573283416528
42498618,398.2320865139953
58133975,693.5119642857144
50823382,108.046812749004
82720881,174.6085526315789
47566077,313.4097959183675
77236358,411.22761467889933
24977235,233.56418994413423
82212369,146.1078773584905
61416619,152.2087402597402
14011629,318.76994897959236
47820649,373.16271052631566
87027470,1248.9199453551912
84406467,107.573283416528
18483336,139.8733333333333
11745857,122.27020212765962
72009137,122.27020212765962
21373342,122.27020212765962
50764118,152.2087402597402
17876513,129.53979253112036
21573530,1343.284527363184
62535056,381.63388535031834
52924658,220.66263297872334
59116751,106.16666666666667
96464552,107.573283416528
41877592,270.83317010309287
27556664,128.39344827586206
82049392,419.64343750000006
21890177,107.573283416528
84019657,152.2087402597402
70836939,333.7758333333333
73269246,372.9034426229508
65430516,101.33750677506774
15552867,1404.8400000000001
16632045,107.573283416528
58510236,103.53074074074074
94607287,107.573283416528
16582909,1580.2891666666667
91254889,107.76955357142857
52951693,270.83317010309287
42015762,140.35418738049717
39537878,107.573283416528
75334066,477.5229927007295
15509168,106.57246575342464
21848464,123.3634188034188
15512926,641.6119230769231
19852776,107.573283416528
98991290,108.52439024390245
67867067,1038.1095535714285
75069265,287.0254151624548
33163007,101.33750677506774
72461037,122.27020212765962
79368575,102.14175675675675
19283832,189.10726224783863
74686369,257.2252112676054
42431987,138.17057347670251
49107046,146.1078773584905
21631633,249.84828571428568
57757752,1140.8066666666668
64260092,411.22761467889933
23733208,107.573283416528
81359267,606.767747440273
78964700,258.9833053221291
33821569,1560.2707692307692
52189182,257.2252112676054
67362415,105.3860606060606
32252347,1003.4724242424245
42461075,105.3860606060606
42564953,957.3476923076923
53441096,106.57246575342464
28942045,107.573283416528
92173510,405.0755414012738
37939234,107.573283416528
83072941,859.649333333334
72001493,2426.1059999999998
88722560,173.8515736040609
24458695,152.2087402597402
34236973,1193.6471428571426
63527431,107.71610169491525
35020078,107.573283416528
96240931,395.46363636363645
96449025,724.89625
73324268,140.80593425605528
20943504,1896.6559999999997
65163807,156.57601941747572
65735235,539.761447368421
34006121,477.5229927007295
11206259,1065.7024427480915
21142225,249.84828571428568
43933688,528.2157446808513
20195114,318.76994897959236
18089453,257.2252112676054
87927482,3064.2782608695657
72119177,693.5119642857144
68722653,129.80027027027023
99012228,477.5229927007295
95191404,318.76994897959236
68494900,122.27020212765962
11789848,859.649333333334
51367435,398.2320865139953
83199690,146.1078773584905
44222449,119.46414985590778
97059152,220.66263297872334
21321783,140.80593425605528
89238156,173.8515736040609
75658495,122.27020212765962
80514422,101.69683498647431
80098101,270.83317010309287
57507250,398.2320865139953
82869937,189.10726224783863
64737683,126.57625
64663030,318.76994897959236
22362250,107.573283416528
51054867,101.52807339449542
60302181,534.5108749999997
89897892,696.660730994152
99745406,477.5229927007295
52137793,696.660730994152
94617943,135.48040650406503
92402481,1343.284527363184
29177060,101.69683498647431
96789879,150.04094972067037
16733828,106.57246575342464
69997197,1003.4724242424245
80009529,122.27020212765962
70971147,107.573283416528
89268742,136.91155555555554
81559172,110.58633333333334
19799436,1065.7024427480915
96316683,907.172722513089
16202604,641.6119230769231
99234264,257.2252112676054
89790861,424.182
80624261,107.573283416528
98327008,156.63155844155847
43114030,106.57246575342464
38992659,1141.905
26185292,152.2087402597402
84958392,122.27020212765962
63532044,107.573283416528
72780852,156.63155844155847
63755363,140.80593425605528
63435369,107.573283416528
49085103,160.33492753623193
39826465,206.75035714285713
89335030,2209.732522522522
92393797,101.69683498647431
36385689,110.58633333333334
14218024,152.2087402597402
43067447,220.66263297872334
11821155,1827.846794871795
96671043,287.0254151624548
64977532,122.27020212765962
51923648,269.1216666666666
52082499,123.3634188034188
58693008,100.15424657534247
77432555,101.69683498647431
11692478,477.5229927007295
88536020,104.7085588235294
13996971,254.65242038216576
92291100,1202.2242941176473
77799089,100.65767045454548
46970679,110.58633333333334
96819382,129.80027027027023
25751312,261.2191333333335
89990705,305.9511743772239
52038068,522.9484507042253
32344173,559.6280888888886
33993191,146.1078773584905
52279123,108.4384375
18496274,151.11062049062048
89490563,205.4150924024642
17329696,107.573283416528
16967446,134.79454545454547
80888202,859.649333333334
14661504,119.46414985590778
19604443,140.35418738049717
37821572,606.767747440273
88831769,106.57246575342464
32405077,534.5108749999997
52763362,828.4954285714284
75573252,859.649333333334
54781465,282.8279518072289
22599480,258.26727272727277
93311234,129.80027027027023
69925053,546.2616071428573
12598333,1202.2242941176473
94909106,270.83317010309287
86019408,104.7085588235294
96477826,826.7446726190482
47575439,217.5471774193548
44219472,151.11062049062048
14808414,152.2087402597402
51535602,134.07208333333335
85960705,146.1078773584905
52391461,104.12850299401197
81172596,107.573283416528
11351493,507.55229508196726
72733290,152.2087402597402
74877854,678.481315789474
27680792,395.46363636363645
44946524,333.2781818181818
23475779,477.5229927007295
48465422,139.8733333333333
52076835,546.2616071428573
44646564,205.4150924024642
87277346,254.41145631067977
47973044,318.76994897959236
75500097,191.10626373626368
36145678,122.27020212765962
85625020,104.7085588235294
97404967,826.7446726190482
11411712,113.81903409090906
80164594,151.11062049062048
30555374,131.98999999999998
93243676,104.7085588235294
12801610,907.172722513089
58651288,108.046812749004
52409464,142.9029411764706
26481577,859.649333333334
99557550,905.9760784313723
92346786,1036.8536111111114
33277389,247.55399999999997
78792921,140.35418738049717
89378277,100.65767045454548
82856305,318.76994897959236
30767488,507.55229508196726
36397903,1343.284527363184
64870928,122.27020212765962
11575457,374.6
39041845,1065.7024427480915
92898654,381.63388535031834
16929732,155.79055555555558
33334714,441.8939516129031
12221534,287.0254151624548
73945645,104.12850299401197
68971550,151.11062049062048
75565371,282.8279518072289
59677619,114.32115241635687
93539814,242.55999999999997
24106217,100.0
55020351,477.5229927007295
15672017,559.6280888888886
10841847,226.7596374622358
86946687,257.2415517241379
99799054,270.83317010309287
81128474,189.10726224783863
80366080,122.27020212765962
10218336,477.5229927007295
72351128,119.73680412371134
56132260,129.53979253112036
99301338,398.2320865139953
84453738,477.5229927007295
58188871,107.573283416528
81971342,151.11062049062048
94124547,102.1490019193858
32266038,146.51051724137932
71760843,373.16271052631566
77203995,140.80593425605528
84611651,108.4384375
76627771,261.2191333333335
12653847,367.85712499999994
43336328,367.85712499999994
91500607,114.50824267782428
68213549,1343.284527363184
35549327,405.0755414012738
80808916,129.53979253112036
17110481,1609.9220276497708
99587119,530.6884810126584
92334856,696.660730994152
53359226,151.11062049062048
80618402,318.76994897959236
41703808,211.71190476190475
19195409,100.0
76941149,203.84384615384616
97584818,1202.2242941176473
56683377,155.79055555555558
67011320,205.4150924024642
15480221,104.7085588235294
68081328,189.10726224783863
55487684,403.7961111111111
74199206,140.25938596491227
90165063,146.53415254237288
36193583,235.46590909090907
10917950,257.2252112676054
92870312,600.5402499999999
72030717,1343.284527363184
17113758,1248.9199453551912
89153386,140.70496598639457
45809568,122.27020212765962
30803532,233.2525454545454
41936053,189.10726224783863
14429173,224.9241085271318
86629786,159.88666666666668
60024688,203.84384615384616
75100924,724.5204166666667
19587468,107.573283416528
88088850,546.2616071428573
14339658,600.5402499999999
93643220,100.65767045454548
61257147,150.04094972067037
47372664,205.4150924024642
72551157,151.11062049062048
70006271,220.66263297872334
66160499,304.5850119904077
14115358,254.65242038216576
24138292,516.0625945945947
81649352,411.22761467889933
86450554,374.02045454545447
43772724,140.25938596491227
76147600,318.76994897959236
37814705,381.63388535031834
79438450,603.291111111111
30374304,1248.9199453551912
54234194,659.7170212765958
94516994,101.69683498647431
15639119,478.8838095238095
98234744,411.22761467889933
84292967,107.76955357142857
14583946,107.573283416528
74680521,213.39
10214287,226.7596374622358
43877051,122.27020212765962
28904050,783.1733333333334
62063260,119.46414985590778
50651267,106.57246575342464
76093719,600.5402499999999
42788012,313.4097959183675
64271564,372.9034426229508
36033563,101.69683498647431
32364760,318.76994897959236
82718318,140.35418738049717
42781597,206.75035714285713
63047151,1343.284527363184
54331908,477.5229927007295
88556646,859.649333333334
80038856,174.6085526315789
62561061,1343.284527363184
65834717,152.2087402597402
80358828,101.69683498647431
35099840,318.76994897959236
50872993,146.53415254237288
80223193,107.573283416528
28448374,270.83317010309287
92231676,107.573283416528
65717894,242.55999999999997
86298764,261.2191333333335
76299579,107.573283416528
15449921,108.4384375
44677435,650.7466666666667
75188492,122.27020212765962
99785392,477.5229927007295
27084775,101.52807339449542
34483861,108.046812749004
44135541,100.65767045454548
85537076,100.8778125
32577802,132.8392156862745
58632323,107.573283416528
65794441,584.31
91626972,154.43124999999998
80568466,226.7596374622358
19317452,117.45431818181818
19462773,304.5850119904077
16861573,257.2252112676054
61543398,530.6884810126584
67189144,308.05333333333334
46184090,301.54599999999994
14969625,477.5229927007295
12339000,226.7596374622358
87651999,373.16271052631566
48444572,146.1078773584905
43026767,138.17057347670251
25666315,268.6823529411765
85141494,113.81903409090906
10196732,419.64343750000006
89772932,109.10529197080292
76197106,102.12857142857142
35668637,477.5229927007295
47789451,114.84171428571429
11772481,859.649333333334
92352486,108.4384375
74959731,419.64343750000006
24006644,318.76994897959236
70184471,220.28517241379316
63616459,4077.9428571428575
65420176,108.52439024390245
52778454,318.76994897959236
20334394,373.16271052631566
29566160,516.0625945945947
41218910,1065.7024427480915
57645530,102.14175675675675
32753016,132.41444444444446
53485349,516.0625945945947
99359057,1491.0494736842104
50033107,107.573283416528
21562381,2209.732522522522
77828671,101.33750677506774
59082786,119.46414985590778
99756703,471.662
62477883,151.11062049062048
62194095,2476.1604347826087
77240295,318.76994897959236
78173906,152.2087402597402
51850860,153.3216296296296
36247163,119.46414985590778
80372868,136.45181818181814
55810884,270.83317010309287
39425335,287.0254151624548
64769998,160.55314285714286
74184119,261.2191333333335
30910517,257.2252112676054
82036794,233.56418994413423
27288556,153.3216296296296
73750248,826.7446726190482
93836103,1248.9199453551912
21006367,859.649333333334
93898545,189.10726224783863
94582565,140.25938596491227
13137522,138.17057347670251
31604761,745.644333333333
60718232,477.5229927007295
22356430,564.0105714285716
39386475,237.93095744680852
16350350,101.69683498647431
70755780,270.83317010309287
55920671,724.5204166666667
30409198,160.33492753623193
12366994,1766.2711290322584
99624161,318.76994897959236
27085439,859.649333333334
26222780,398.2320865139953
13513100,264.97574468085105
83619693,102.1490019193858
65230131,101.69683498647431
74197231,696.660730994152
16535315,826.7446726190482
49313519,318.76994897959236
54192335,546.2616071428573
80736897,258.26727272727277
99406225,173.8515736040609
67818530,100.0
84284655,950.8165714285715
30897932,546.7243181818183
32254189,108.4384375
31849680,114.50824267782428
41359333,101.37735294117645
66456629,127.27878504672903
68729486,254.65242038216576
40630348,287.0254151624548
93988333,516.0625945945947
47811524,304.5850119904077
98617237,583.122
20362387,233.56418994413423
84645660,318.76994897959236
16861971,122.27020212765962
34588999,1002.7396261682239
53427517,1462.7914285714287
42513475,189.10726224783863
57705547,109.10529197080292
49742880,127.27878504672903
66920323,749.6437499999998
12354776,745.906465517241
25840613,377.0003614457832
45114259,257.2415517241379
49079923,516.0625945945947
63116367,173.8515736040609
63802912,107.573283416528
48974796,221.4931818181818
30061599,135.28055555555554
68578654,254.65242038216576
54173227,129.53979253112036
96680380,696.660730994152
23868064,745.644333333333
51824090,1855.8875
34839733,101.69683498647431
80054187,114.50824267782428
12685572,559.6280888888886
41567061,105.3860606060606
94877842,138.17057347670251
58492968,226.7596374622358
71326484,104.7085588235294
70920278,140.35418738049717
54663137,191.10626373626368
32126460,140.80593425605528
54874790,107.573283416528
13538436,1202.2242941176473
30100038,101.69683498647431
80017866,151.11062049062048
64347455,381.63388535031834
13683069,2476.1604347826087
48039428,102.1490019193858
99567150,287.0254151624548
85509215,146.51051724137932
60668698,477.5229927007295
12191456,261.2191333333335
77765786,109.10529197080292
12528361,140.80593425605528
58442957,1343.284527363184
54303594,152.2087402597402
27681147,3861.2744444444447
69098569,1361.0802083333335
95221316,355.71638157894733
40109548,109.10529197080292
55576313,100.58813953488372
53153958,1343.284527363184
21200840,104.12850299401197
50894265,224.31413793103448
23626838,242.55999999999997
12418418,377.0003614457832
22706358,129.53979253112036
45395670,220.66263297872334
87327017,108.02499999999999
13017114,367.85712499999994
32271547,482.8169318181819
74538679,140.25938596491227
39506103,136.45181818181814
46816166,101.69683498647431
66503105,173.8515736040609
65579176,114.84171428571429
40074247,257.2252112676054
91310031,102.1490019193858
77444410,377.0003614457832
69955281,745.644333333333
67331105,189.10726224783863
45643632,217.5471774193548
73282363,411.22761467889933
13642505,191.10626373626368
68901430,373.16271052631566
89906679,261.2191333333335
52711886,101.33750677506774
79575331,907.172722513089
92616283,826.7446726190482
30763055,1038.1095535714285
16611953,268.6823529411765
33070179,307.82068965517243
80347205,907.172722513089
83995335,119.46414985590778
14535805,102.1490019193858
84879838,110.58633333333334
11864901,903.31
14658965,534.5108749999997
24293507,696.660730994152
70453525,123.3634188034188
87798104,122.27020212765962
19197193,419.64343750000006
28284548,318.76994897959236
86044842,539.761447368421
23057275,108.52439024390245
27985337,1162.26
22587547,405.0755414012738
12855508,186.79625000000001
64337495,151.11062049062048
86712331,257.2252112676054
61189156,1248.9199453551912
91594873,117.27714285714286
54835971,1023.2660176991145
44370830,318.76994897959236
23684803,122.27020212765962
92481929,2209.732522522522
35638424,140.35418738049717
25657749,119.46414985590778
39381975,155.51441176470587
72999107,140.35418738049717
25818586,114.32115241635687
58036789,151.11062049062048
94320377,119.46414985590778
47110506,318.76994897959236
66399362,101.33750677506774
68909982,129.53979253112036
16073310,119.46414985590778
43288405,516.0625945945947
71579560,516.0625945945947
16507355,1609.9220276497708
48802207,1003.4724242424245
89915294,102.14175675675675
97679852,140.80593425605528
29217698,156.57601941747572
27435911,119.46414985590778
78879242,1896.6559999999997
27175130,477.5229927007295
29020135,403.7961111111111
78626569,696.660730994152
71067812,113.80138461538462
96690513,1038.1095535714285
95531962,434.7515
98356800,102.1490019193858
86104439,696.660730994152
55595900,122.27020212765962
75208610,257.2252112676054
15300209,826.7446726190482
61949363,254.41145631067977
65881085,258.26727272727277
66803690,151.11062049062048
71508510,146.51051724137932
77429269,317.3615625
70868754,304.5850119904077
93223292,1343.284527363184
70378280,226.7596374622358
72142932,606.767747440273
88911193,140.80593425605528
89761834,146.1078773584905
36836619,377.0003614457832
53134062,122.27020212765962
98828461,114.50824267782428
55370391,511.24
69978664,189.10726224783863
48824111,138.17057347670251
11383415,438.09613636363633
89041808,355.71638157894733
31864759,745.644333333333
85436725,606.767747440273
12287678,205.4150924024642
54577919,254.65242038216576
69095778,217.5471774193548
86755087,373.16271052631566
87570494,151.11062049062048
42971075,367.85712499999994
19251821,267.9484615384616
40154766,101.69683498647431
86599495,107.573283416528
88331508,110.58633333333334
70254717,606.767747440273
32105523,102.1490019193858
42241465,151.11062049062048
66334048,606.767747440273
56657286,1115.005
99489082,570.1127272727274
89634976,159.62069999999997
22529712,186.79625000000001
93452559,258.9833053221291
75276107,381.63388535031834
57620607,530.6884810126584
11822194,530.6884810126584
85101585,398.2320865139953
73640715,174.6085526315789
18114714,257.2252112676054
62352450,235.46590909090907
88096618,104.7085588235294
76855836,107.573283416528
76968795,434.7515
19089688,441.8939516129031
93669020,403.7961111111111
32221954,152.2087402597402
80149491,828.4954285714284
90863370,468.91999999999996
18955449,261.2191333333335
46106075,470.1895000000001
64362412,259.77727272727276
13228942,477.5229927007295
18238798,102.14175675675675
17197174,102.14175675675675
56883307,398.2320865139953
43838074,377.0003614457832
94366977,101.69683498647431
51114116,205.4150924024642
91929625,1609.9220276497708
72617691,120.64734374999999
18081983,152.2087402597402
41430371,150.04094972067037
18768333,367.85712499999994
97670981,129.53979253112036
33138884,717.8957575757576
54769750,314.2968181818182
89191521,150.04094972067037
68771611,477.5229927007295
69658524,152.2087402597402
72361657,429.7838461538461
56548670,152.2087402597402
78323750,482.8169318181819
30772189,257.2252112676054
48525110,107.573283416528
86995869,203.84384615384616
17626486,1949.0816770186334
25200634,258.26727272727277
42675735,270.83317010309287
65493081,287.0254151624548
93613666,1766.2711290322584
70416961,151.11062049062048
29938065,377.0003614457832
49578380,1423.7330000000004
98870679,107.573283416528
69931311,233.0972413793103
53406287,1827.846794871795
84279248,373.16271052631566
95721664,516.0625945945947
86560148,1609.9220276497708
54643141,154.41209302325578
87296829,152.2087402597402
44687814,101.69683498647431
17812890,138.17057347670251
55517272,105.85322033898305
83984617,103.53074074074074
50681051,398.2320865139953
74119296,304.5850119904077
67223450,1002.7396261682239
77287132,477.5229927007295
36264517,205.4150924024642
42898261,140.70496598639457
62830950,270.83317010309287
34861949,318.76994897959236
73511243,258.9833053221291
21486168,151.11062049062048
99309538,1202.2242941176473
42037617,101.33750677506774
54746843,793.11
47539615,140.80593425605528
84768747,287.0254151624548
72954519,528.2157446808513
86653160,477.5229927007295
24350012,138.17057347670251
44330162,310.2707017543861
40410889,122.27020212765962
14017526,641.6119230769231
18494070,722.7446376811594
47916307,419.64343750000006
39725498,411.22761467889933
54156054,107.573283416528
49589662,859.649333333334
87793535,110.58633333333334
25123851,373.16271052631566
55319133,1766.2711290322584
35955058,477.5229927007295
15784980,108.4384375
63967490,1045.0645454545452
84366303,102.1490019193858
32211409,1362.4881132075473
27475512,514.0074999999999
98385904,192.88614678899083
74274926,107.573283416528
26137274,1176.114814814815
35706395,546.2616071428573
25432073,155.79055555555558
56493804,261.2191333333335
21783642,305.9511743772239
24274717,318.76994897959236
93363592,257.2252112676054
50359798,1202.2242941176473
76057356,257.2252112676054
34577569,398.2320865139953
13432670,270.83317010309287
36150614,156.01870967741937
95883486,101.37735294117645
17035345,1091.4587096774192
48987823,110.58633333333334
18853302,108.046812749004
70059479,101.69683498647431
35830006,294.17807017543856
83058209,160.33492753623193
52239160,134.07208333333335
24939237,270.83317010309287
48271879,140.70496598639457
58898302,102.1490019193858
97505252,270.83317010309287
52580265,109.10529197080292
59859756,119.20818749999997
59531100,846.184487179487
82820692,102.14175675675675
73015543,1002.7396261682239
50663543,270.83317010309287
61349439,150.04094972067037
82745505,102.14175675675675
91058293,287.0254151624548
17937997,546.9683333333334
48025378,1343.284527363184
21558049,546.2616071428573
51468147,859.649333333334
87943582,114.32115241635687
72989675,114.32115241635687
10828659,224.31413793103448
78868242,155.79055555555558
63610417,1065.7024427480915
13037947,254.65242038216576
63051485,100.65767045454548
42637767,222.5642857142857
66029975,117.45431818181818
41368516,189.10726224783863
75570412,101.69683498647431
58832659,905.9760784313723
20746324,107.573283416528
41047714,1202.2242941176473
41430458,516.0625945945947
69198371,107.573283416528
46430156,112.0225
42120705,102.12857142857142
67695943,411.22761467889933
10655846,152.2087402597402
56387239,151.11062049062048
73136827,114.50824267782428
66107772,318.76994897959236
41597595,411.22761467889933
27035754,128.39344827586206
94233303,151.11062049062048
72371862,135.48040650406503
47858586,119.20818749999997
50074731,122.27020212765962
15840349,140.35418738049717
27527024,1043.46
51445447,160.8
83042677,189.10726224783863
17433657,189.10726224783863
83477453,534.8764285714285
58980418,476.13166666666666
49038207,107.573283416528
35105997,122.27020212765962
88328473,122.27020212765962
49929992,477.5229927007295
12057690,107.573283416528
22485986,135.48040650406503
18944255,745.906465517241
94296460,107.573283416528
15325948,907.172722513089
80036637,1434.1876923076923
63707416,138.17057347670251
33357067,1003.4724242424245
76260292,257.2252112676054
88542794,846.184487179487
36624049,347.1174358974358
85370002,100.0
70947321,477.5229927007295
86215831,1248.9199453551912
71799918,595.5751515151516
70779429,737.5853846153846
28177790,373.16271052631566
33416701,828.4954285714284
32210074,477.5229927007295
91177225,254.65242038216576
62230096,107.573283416528
27830922,140.70496598639457
20292159,101.69683498647431
72135125,205.4150924024642
41060839,1252.9619999999998
14610723,226.7596374622358
40291165,138.17057347670251
76063806,101.52807339449542
21250419,107.76955357142857
67512417,258.26727272727277
33443292,100.8778125
33660955,151.11062049062048
33504001,168.59012269938648
59014872,138.17057347670251
48423806,270.83317010309287
81227220,373.16271052631566
97904600,107.573283416528
80141558,102.1490019193858
13290868,119.20818749999997
12913192,1343.284527363184
94144440,1343.284527363184
53033174,258.9833053221291
93735706,583.122
59909555,203.83470588235295
99555121,205.4150924024642
13256013,222.5642857142857
93540353,411.22761467889933
97837539,107.573283416528
35669129,107.573283416528
50012137,144.2896153846154
68173579,2930.46
59440623,220.66263297872334
48714672,725.4049999999996
86973367,1343.284527363184
28395212,1248.9199453551912
50017530,304.5850119904077
48045601,205.4150924024642
60427063,113.81903409090906
49061177,101.69683498647431
42896715,859.649333333334
97451418,114.50824267782428
53456411,1003.4724242424245
99184358,1434.1876923076923
91879007,270.83317010309287
76424273,398.2320865139953
19529774,152.45037234042553
60604201,151.11062049062048
96265561,100.65767045454548
84388943,507.55229508196726
22143961,101.69683498647431
14880373,1963.5525000000002
98124884,641.6119230769231
23434755,1065.7024427480915
36626131,415.416
86172967,134.54
89507826,1609.9220276497708
51984404,107.573283416528
21328430,146.1078773584905
46133239,102.1490019193858
87118588,101.69683498647431
72466804,113.81903409090906
90243251,151.11062049062048
31491219,146.51051724137932
83702289,1949.0816770186334
78369132,907.172722513089
12074272,104.12850299401197
77297832,140.80593425605528
91732264,1434.1876923076923
51116865,135.48040650406503
81826443,318.76994897959236
26192585,907.172722513089
72261842,153.3216296296296
40619619,138.17057347670251
89999631,140.80593425605528
10490133,101.69683498647431
90054183,1023.2660176991145
62212383,318.76994897959236
19863611,254.41145631067977
51025893,405.0755414012738
83280839,154.41209302325578
53701664,152.2087402597402
70474564,826.7446726190482
52730115,282.8279518072289
28945671,109.88411764705883
76905104,318.76994897959236
60340609,189.10726224783863
14262244,318.76994897959236
86114877,377.0003614457832
24582504,103.63928571428572
77544375,156.63155844155847
18212637,477.5229927007295
31107635,318.76994897959236
73185236,1827.846794871795
73413665,107.573283416528
31204532,132.8392156862745
16646519,817.251111111111
59819313,318.76994897959236
58041963,373.16271052631566
73177607,205.4150924024642
65489959,151.11062049062048
53892134,1038.1095535714285
14638825,140.35418738049717
61652212,530.6884810126584
69208062,100.65767045454548
98205776,119.46414985590778
91953270,101.69683498647431
95708788,471.662
71079776,122.27020212765962
10948901,1949.0816770186334
79084173,222.8470588235294
41410746,114.32115241635687
50927968,189.10726224783863
99511873,101.69683498647431
87562260,477.5229927007295
48098997,131.30408450704226
77592143,318.76994897959236
50298301,156.57601941747572
95160336,377.0003614457832
13581567,826.7446726190482
76106706,826.7446726190482
53880590,159.62069999999997
50270200,151.11062049062048
13098948,107.573283416528
81835258,101.33750677506774
14238786,107.573283416528
65288499,113.81903409090906
29149871,205.4150924024642
39551396,859.649333333334
77375335,1202.2242941176473
14384374,101.69683498647431
63368293,507.55229508196726
25141477,173.8515736040609
37822276,102.1490019193858
62473299,104.12850299401197
90467887,1434.1876923076923
62270028,173.8515736040609
62101686,152.2087402597402
51642126,203.83470588235295
50281814,366.33166666666665
34969698,528.2157446808513
46962155,107.573283416528
17638609,241.95518518518517
59977095,101.69683498647431
75196820,152.2087402597402
65141041,270.83317010309287
65986306,696.660730994152
99818911,102.1490019193858
38328534,261.2191333333335
31204739,738.2797297297299
53082885,220.66263297872334
76244528,113.81903409090906
46394887,129.53979253112036
65939511,138.17057347670251
96048217,106.57246575342464
60425489,102.1490019193858
69419323,294.17807017543856
15008203,140.35418738049717
70058997,377.0003614457832
44067940,477.5229927007295
47031542,220.66263297872334
28929546,726.8282857142858
34548603,745.906465517241
36515676,564.0105714285716
42765717,135.48040650406503
60296558,101.69683498647431
84332226,318.76994897959236
76539663,539.761447368421
73504572,120.64734374999999
64646486,140.35418738049717
28262602,122.27020212765962
74447096,318.76994897959236
23247586,107.573283416528
99044390,1141.905
66743385,1248.9199453551912
62841747,220.66263297872334
98271312,105.3860606060606
54969068,1003.4724242424245
49548078,140.25938596491227
47147429,152.45037234042553
46113098,127.27878504672903
52623517,114.84171428571429
43618531,119.46414985590778
54174309,373.16271052631566
21908078,101.69683498647431
56753065,235.46590909090907
22723502,516.0625945945947
88620530,1038.1095535714285
38560702,381.2250000000001
66126723,100.0
24731893,110.58633333333334
19472558,696.660730994152
44766250,152.2087402597402
75919229,1193.6471428571426
27459467,203.83470588235295
85529275,102.1490019193858
88503537,940.7958750000004
66147417,140.35418738049717
53916103,146.1078773584905
65299077,123.3634188034188
82070950,268.6823529411765
69058105,119.20818749999997
89985793,152.2087402597402
38430174,907.172722513089
24884771,107.573283416528
37414962,152.45037234042553
35739187,173.8515736040609
52492779,411.22761467889933
70409358,186.79625000000001
38452011,122.27020212765962
43879270,108.046812749004
70351120,304.5850119904077
47671157,122.27020212765962
60667365,678.481315789474
85223481,140.70496598639457
83739939,940.7958750000004
36389934,826.7446726190482
84194560,205.4150924024642
66937745,249.84828571428568
82520946,998.516
52339932,235.46590909090907
19641281,528.2157446808513
69795343,109.88411764705883
99135350,119.46414985590778
27549583,101.33750677506774
94476832,135.48040650406503
58221865,104.7085588235294
25319395,140.35418738049717
74970303,205.8758823529412
10305170,411.22761467889933
82291258,600.5402499999999
81383048,104.7085588235294
79987158,606.767747440273
13533229,152.2087402597402
40426833,113.80138461538462
79077516,104.7085588235294
49738320,119.46414985590778
51126693,191.10626373626368
52635836,946.6432000000001
46715477,129.80027027027023
82258908,373.16271052631566
56878285,1045.0645454545452
19130210,107.573283416528
92849186,1343.284527363184
24338810,477.5229927007295
24758650,476.2995000000001
70913184,108.4384375
37987399,100.0
74913796,399.75
17667485,101.69683498647431
64222955,151.11062049062048
96958008,109.10529197080292
10416049,403.7961111111111
60398901,318.76994897959236
24738469,119.46414985590778
50592747,258.26727272727277
96289055,1576.6495238095238
38420705,113.81903409090906
93968498,1212.34
79579077,140.35418738049717
66828068,1609.9220276497708
96166759,120.64734374999999
32805078,205.4150924024642
96021280,177.58375
73914137,745.644333333333
38819078,826.7446726190482
26837951,693.5119642857144
86644106,696.660730994152
55183461,678.481315789474
52422099,725.4049999999996
83190904,724.5204166666667
80939883,441.8939516129031
12388368,100.15424657534247
15537990,220.66263297872334
52619092,114.50824267782428
14251589,313.4097959183675
78390765,304.5850119904077
43497859,305.9511743772239
18381852,312.7527272727273
53390528,1425.8162499999999
32023086,138.17057347670251
55881129,102.8217256637168
56955427,318.76994897959236
78797526,140.35418738049717
81441605,477.5229927007295
49418138,203.84384615384616
16343356,305.9511743772239
50953620,127.405625
80530984,318.76994897959236
92363214,140.80593425605528
11505021,395.46363636363645
10464949,127.27878504672903
40174242,110.58633333333334
46922794,546.7243181818183
31165878,1003.4724242424245
92160351,530.6884810126584
97225599,226.7596374622358
57289385,318.76994897959236
10490505,477.5229927007295
40593414,237.93095744680852
69535718,405.0755414012738
29927353,745.644333333333
65834728,398.2320865139953
77297694,108.046812749004
20453767,135.48040650406503
38742201,254.65242038216576
44178016,1650.9666666666665
26155961,403.7961111111111
85037563,965.76
13481675,102.1490019193858
32710978,210.1689565217392
42008191,107.76955357142857
13117186,101.33750677506774
32427009,270.83317010309287
77926757,606.767747440273
11233435,304.5850119904077
16522541,717.8957575757576
63770815,114.32115241635687
77164558,107.573283416528
74405387,1002.7396261682239
74698287,606.767747440273
90725998,546.2616071428573
24204802,2374.3925
89034765,745.644333333333
34875172,477.5229927007295
74411316,210.1689565217392
81157871,333.7758333333333
44232316,606.767747440273
48083558,102.14175675675675
75280463,690.5538709677419
11329117,405.0755414012738
67082756,403.7961111111111
11237434,846.184487179487
69921139,107.75684210526316
68448780,140.80593425605528
77761059,220.66263297872334
29006434,1202.2242941176473
30190038,367.85712499999994
28376932,107.573283416528
39355382,403.7961111111111
42494595,101.69683498647431
16756651,1018.4977142857142
78115658,846.184487179487
27261411,398.2320865139953
71919180,100.0
99090920,528.2157446808513
64351618,140.80593425605528
88658759,911.4207692307692
14195927,1002.7396261682239
63820196,129.80027027027023
23866225,2209.732522522522
50484100,282.8279518072289
98406048,140.35418738049717
64139858,233.2525454545454
93302980,104.12850299401197
62155483,155.79055555555558
69791340,1036.8536111111114
19631546,108.4384375
26192431,258.9833053221291
68268852,101.33750677506774
14862183,102.14175675675675
50141937,313.4097959183675
85256282,159.62069999999997
11027564,3013.6944444444443
51577553,140.80593425605528
77132573,108.4384375
55254268,583.122
25529214,150.04094972067037
89287048,333.73315789473685
23253967,559.6280888888886
22644692,152.2087402597402
32245140,150.0575
82072504,101.33750677506774
34678460,1907.6533333333334
55373081,911.4207692307692
12138481,411.22761467889933
23632970,100.65767045454548
44285474,104.7085588235294
88075177,101.69683498647431
13117787,1248.9199453551912
14797111,103.53074074074074
28697695,241.95518518518517
34748486,1343.284527363184
30506810,534.5108749999997
57410372,122.27020212765962
28776122,1065.7024427480915
18346451,438.09613636363633
29932007,1766.2711290322584
82654800,373.16271052631566
67038086,427.785
95282943,107.573283416528
90723621,1197.08
37760202,107.573283416528
97077656,1248.9199453551912
67823833,606.767747440273
25222231,107.573283416528
63451552,1267.295
66552053,119.20818749999997
83488554,318.76994897959236
24886655,846.184487179487
83798512,305.9511743772239
46152763,398.2320865139953
96015866,318.76994897959236
51731151,122.27020212765962
34899750,859.649333333334
55529926,151.11062049062048
95405536,100.0
29288544,100.0
50076589,235.46590909090907
37886285,189.10726224783863
69818934,254.65242038216576
13957412,373.16271052631566
27493225,318.76994897959236
81186892,477.5229927007295
72734336,114.50824267782428
20148129,846.184487179487
23391747,123.3634188034188
45833590,477.5229927007295
85777842,102.1490019193858
92975129,895.3522222222222
33382289,826.7446726190482
95953281,107.573283416528
60074802,258.9833053221291
23912733,102.8217256637168
31346779,304.5850119904077
25605125,106.57246575342464
96288207,189.10726224783863
44535745,372.9034426229508
16008313,846.184487179487
91365542,659.7170212765958
67385764,381.63388535031834
31465116,151.11062049062048
99474816,101.33750677506774
26141909,159.62069999999997
72548314,258.9833053221291
39043955,659.7170212765958
55963655,102.8217256637168
54632315,169.08652173913043
48726285,155.79055555555558
76251227,203.84384615384616
83562410,826.7446726190482
93775374,107.573283416528
21446329,415.416
37345001,138.17057347670251
49628614,257.2252112676054
35767914,1766.2711290322584
10876536,138.17057347670251
47339936,129.80027027027023
89347542,2209.732522522522
22457603,113.80138461538462
77199929,156.63155844155847
46378399,318.76994897959236
70602262,102.1490019193858
54666534,1647.15
56421405,523.2321428571429
97652177,159.62069999999997
15442637,119.46414985590778
92360497,107.573283416528
16847908,578.47
14220385,381.63388535031834
25905603,152.2087402597402
58331647,108.046812749004
22292196,826.7446726190482
37237832,395.46363636363645
33009500,424.182
12533428,2426.1059999999998
46939545,104.12850299401197
41868505,206.75035714285713
75616535,696.660730994152
73878512,429.7838461538461
67270933,152.2087402597402
98281662,159.62069999999997
66553316,441.8939516129031
34303551,693.5119642857144
82645628,826.7446726190482
57257821,140.35418738049717
21288888,294.17807017543856
85963653,152.2087402597402
47876249,2750.9400000000005
21439489,155.79055555555558
52566254,102.14175675675675
57084214,155.79055555555558
16925768,140.35418738049717
32782035,140.35418738049717
31791186,151.11062049062048
62797819,1362.4881132075473
35384978,220.66263297872334
21945105,1343.284527363184
81557774,189.10726224783863
85407739,102.1490019193858
86085126,101.33750677506774
95296354,160.55314285714286
90881439,186.79625000000001
30757344,717.8957575757576
48457713,226.7596374622358
89571542,112.53045454545455
94067050,152.45037234042553
48271561,1002.7396261682239
69357732,107.573283416528
86325273,220.66263297872334
18152649,477.5229927007295
33899410,150.04094972067037
22781669,107.573283416528
17283281,318.76994897959236
51785872,1202.2242941176473
33104833,957.3476923076923
91682435,138.17057347670251
70713314,318.76994897959236
13110268,258.9833053221291
34642793,1609.9220276497708
41694899,119.46414985590778
86278349,104.7085588235294
11717089,146.1078773584905
59185456,257.2252112676054
59344396,108.046812749004
89922228,570.1127272727274
62027210,282.8279518072289
98523447,102.1490019193858
77330146,1827.846794871795
78386939,1343.284527363184
66831282,205.4150924024642
17596778,1002.7396261682239
72290481,235.46590909090907
31606355,418.9836363636363
72940683,114.50824267782428
24736121,1252.9619999999998
47814214,398.2320865139953
39410982,534.8764285714285
44151940,244.58869565217395
65594908,528.2157446808513
79125454,261.2191333333335
50322107,482.8169318181819
76200003,168.59012269938648
85059302,258.26727272727277
95450721,119.46414985590778
93253826,405.0755414012738
19723778,606.767747440273
35980406,107.573283416528
67285479,400.80928571428575
68864075,189.10726224783863
37422791,109.10529197080292
73798025,1343.284527363184
97232135,129.53979253112036
50064513,1609.9220276497708
75638682,119.20818749999997
41937405,395.46363636363645
18443662,151.11062049062048
68899727,138.17057347670251
18388313,139.8733333333333
69521945,107.573283416528
31596715,151.11062049062048
78472605,189.10726224783863
12713963,140.80593425605528
46768823,220.66263297872334
27538097,559.848
89955366,261.2191333333335
94081889,270.83317010309287
65214899,102.1490019193858
95205973,1609.9220276497708
83140994,220.66263297872334
69014391,119.46414985590778
66919280,395.46363636363645
86299194,318.76994897959236
14394397,294.17807017543856
88465251,152.2087402597402
82447513,305.9511743772239
90676745,140.80593425605528
61229086,559.6280888888886
30557316,606.767747440273
48578361,100.65767045454548
29085329,105.85322033898305
99539415,745.644333333333
33750162,398.2320865139953
51880900,119.46414985590778
81942693,696.660730994152
44828087,419.64343750000006
80752087,154.41209302325578
99218652,534.8764285714285
37433425,1018.4977142857142
39115683,122.27020212765962
26601986,107.76955357142857
50469308,104.12850299401197
69872975,415.416
18483245,516.0625945945947
12588982,257.2252112676054
79454705,122.27020212765962
76523232,205.4150924024642
96131595,1053.4148
99680250,146.1078773584905
82622915,411.22761467889933
11290284,974.6266666666667
80057162,482.8169318181819
72165316,539.761447368421
79751433,160.33492753623193
33215554,160.55314285714286
42852506,140.80593425605528
56093872,373.16271052631566
64167041,257.2252112676054
83380458,2426.1059999999998
32651438,101.69683498647431
38364846,173.8515736040609
74621857,107.573283416528
62748794,122.27020212765962
71435421,100.0
76163868,1434.1876923076923
14677956,220.66263297872334
48283664,102.14175675675675
93787027,318.76994897959236
75353617,1252.9619999999998
44130726,305.9511743772239
75634285,1609.9220276497708
27969925,119.20818749999997
34662422,411.22761467889933
46428766,257.2415517241379
40279741,151.3859649122807
58991338,1609.9220276497708
52295288,152.2087402597402
25429358,745.906465517241
91223525,257.2252112676054
80429592,304.5850119904077
36010937,236.814
61652867,907.172722513089
34655678,151.11062049062048
32281319,1362.4881132075473
74717544,696.660730994152
81780208,257.2252112676054
74117270,678.481315789474
94663011,146.3803846153846
18715534,205.4150924024642
89926226,257.2252112676054
31441075,101.69683498647431
85656066,534.5108749999997
63154501,101.69683498647431
56954947,899.5445454545454
35193891,233.56418994413423
68045567,102.14175675675675
75523548,131.30408450704226
80044768,203.84384615384616
80565568,146.1078773584905
58680458,556.175
93434632,258.26727272727277
38164915,318.76994897959236
39561694,304.5850119904077
23940974,1023.2660176991145
66689621,107.573283416528
91586014,173.8515736040609
68610549,140.80593425605528
44648566,156.63155844155847
68443861,233.56418994413423
95300751,155.79055555555558
74650313,128.36066666666665
78190939,657.9656097560975
79583687,102.14175675675675
78744133,381.63388535031834
19424377,101.69683498647431
74426958,107.573283416528
30714675,146.1078773584905
20297631,226.7596374622358
62326689,2209.732522522522
72851226,152.2087402597402
94924877,107.573283416528
39912297,377.0003614457832
50554145,107.573283416528
51964385,108.046812749004
91524053,381.2250000000001
67059408,140.80593425605528
13707505,100.0
96336923,477.5229927007295
18937921,140.35418738049717
23247466,254.41145631067977
20718626,477.5229927007295
62001591,411.22761467889933
32183930,2426.1059999999998
29520078,305.9511743772239
20246948,977.4224999999999
12865925,168.59012269938648
75414040,976.6783870967741
29805887,907.172722513089
91828173,318.76994897959236
92911827,516.0625945945947
21259879,940.7958750000004
27730704,304.5850119904077
10805384,976.6783870967741
28772124,135.28055555555554
67895243,261.2191333333335
70282510,823.6933333333334
76926492,823.6933333333334
56029416,170.282
42166025,907.172722513089
88855559,606.767747440273
71679738,151.11062049062048
95011645,438.09613636363633
23391388,122.27020212765962
97276431,1065.7024427480915
78499453,1896.6559999999997
50845143,101.37735294117645
63593365,110.58633333333334
44645094,372.9034426229508
92805008,123.3634188034188
95966284,110.58633333333334
86968525,102.14175675675675
35459557,151.11062049062048
16959595,119.46414985590778
66852864,503.378
64976874,155.79055555555558
90803282,140.80593425605528
32597480,146.51051724137932
22525205,411.22761467889933
18357388,528.2157446808513
55224009,105.3860606060606
12066751,189.10726224783863
51600054,419.64343750000006
33097870,826.7446726190482
44165189,119.46414985590778
92174554,140.80593425605528
75685484,134.07208333333335
79648156,140.80593425605528
34473914,570.1127272727274
42069298,108.046812749004
24749467,101.33750677506774
37024144,905.9760784313723
53463208,659.7170212765958
61035399,112.0225
92975059,305.9511743772239
16258293,221.4931818181818
80353068,152.2087402597402
69637564,101.52807339449542
60889557,205.4150924024642
45682120,1949.0816770186334
62566155,205.4150924024642
86829598,129.53979253112036
77516810,1003.4724242424245
32602883,1609.9220276497708
99658649,104.7085588235294
98115366,1176.114814814815
40551984,186.79625000000001
89171680,109.10529197080292
78104461,459.25833333333327
80805720,173.8515736040609
44701781,101.33750677506774
32357693,381.63388535031834
16257080,606.767747440273
63758432,843.2258620689655
86560064,101.69683498647431
76704426,477.5229927007295
29021087,140.80593425605528
30903210,441.8939516129031
59650055,154.41209302325578
16537007,318.76994897959236
44043751,101.69683498647431
93550246,258.9833053221291
74795536,122.27020212765962
36252893,186.79625000000001
60712266,101.52807339449542
54795015,100.0
59038432,144.2896153846154
53101267,477.5229927007295
96137757,419.64343750000006
61894184,659.7170212765958
56980533,100.15424657534247
40911725,107.573283416528
78253728,1827.846794871795
46517280,1343.284527363184
98578100,373.16271052631566
92998542,152.2087402597402
85778453,1082.9837499999999
67897199,122.27020212765962
37385434,189.10726224783863
29978687,384.1955555555556
63462293,152.45037234042553
82610119,373.16271052631566
11195863,405.0755414012738
22813157,318.76994897959236
16061850,140.80593425605528
25000757,107.573283416528
23839386,109.10529197080292
62901003,146.1078773584905
85332734,152.45037234042553
41185457,119.46414985590778
32349244,564.0105714285716
75213525,1949.0816770186334
24267861,119.73680412371134
80759464,107.573283416528
38052934,418.9836363636363
36983078,140.70496598639457
48438532,155.79055555555558
98811621,220.66263297872334
41602835,1343.284527363184
79191702,100.0
91526426,1248.9199453551912
12436955,696.660730994152
35460655,108.046812749004
24893618,257.2252112676054
12318894,107.573283416528
75385870,140.35418738049717
24016887,1002.7396261682239
93798376,140.70496598639457
10041197,411.22761467889933
44196192,241.95518518518517
34259961,1202.2242941176473
79360399,1140.8066666666668
90648365,134.54
32784142,151.11062049062048
88014206,2374.3925
47541115,159.62069999999997
81087277,376.4266666666667
99414879,690.2125
96312378,119.73680412371134
45292998,377.0003614457832
62464969,564.0105714285716
89056154,122.27020212765962
43815757,122.27020212765962
36326737,155.51441176470587
66733240,114.32115241635687
82154113,907.172722513089
75774127,107.573283416528
99633023,189.515
54243966,257.2252112676054
21507777,307.82068965517243
89526022,261.2191333333335
35342783,103.53074074074074
75576574,122.27020212765962
86207238,257.2252112676054
11999604,192.88614678899083
64241630,1003.4724242424245
49681885,114.50824267782428
20476163,826.7446726190482
82534020,477.5229927007295
80449403,258.9833053221291
91978419,859.649333333334
13134274,101.33750677506774
30921031,140.35418738049717
35948510,270.83317010309287
37862013,2086.005
74364264,129.53979253112036
73089121,220.66263297872334
71120219,189.10726224783863
81357330,1560.2707692307692
86696339,257.69384615384615
32694372,626.616
86397240,119.46414985590778
75410743,257.2252112676054
54107967,101.69683498647431
53182244,100.0
84949062,108.4384375
17578514,102.1490019193858
66553240,257.2252112676054
78244783,539.761447368421
85750494,151.11062049062048
26835204,152.45037234042553
25568634,104.61263157894737
62833472,318.76994897959236
89441409,102.1490019193858
30957350,152.2087402597402
83492659,355.71638157894733
14123667,135.28055555555554
81332426,100.0
75963486,1343.284527363184
97473965,233.56418994413423
52550411,226.7596374622358
38852859,101.69683498647431
86945814,113.81903409090906
99213841,150.04094972067037
93296884,1599.745
74681265,367.85712499999994
67628381,101.69683498647431
53194004,122.27020212765962
79129949,950.8165714285715
21417992,107.573283416528
65584374,189.10726224783863
83994457,151.11062049062048
79552394,828.4954285714284
14169455,318.76994897959236
11006346,205.4150924024642
55920445,189.10726224783863
42183979,151.11062049062048
27236753,138.17057347670251
38623845,205.4150924024642
56539617,377.0003614457832
89514584,205.4150924024642
55800655,907.172722513089
95341263,140.80593425605528
90170967,477.5229927007295
25603899,826.7446726190482
80752063,257.2252112676054
74272993,153.3216296296296
83204984,241.82600000000002
56041749,140.80593425605528
99929710,186.79625000000001
24093076,953.22
76171771,152.2087402597402
87313105,153.3216296296296
13150529,3064.2782608695657
85314779,398.2320865139953
23218937,107.573283416528
15797769,102.8217256637168
18451890,1003.4724242424245
23712138,160.33492753623193
40201741,1099.1016666666667
74044702,398.2320865139953
91758728,1248.9199453551912
41605529,104.12850299401197
30345669,375.81391304347824
72490311,546.2616071428573
11341429,105.85322033898305
86562367,101.69683498647431
65741146,114.84171428571429
28059650,499.1391666666666
36854120,107.573283416528
70514815,102.14175675675675
28991223,127.405625
34210782,745.906465517241
97420540,1003.4724242424245
53582966,135.28055555555554
25471995,205.4150924024642
40521306,304.5850119904077
18442744,102.1490019193858
86475933,103.63928571428572
35156621,305.9511743772239
92398280,261.2191333333335
64419847,138.17057347670251
27879667,152.2087402597402
33454324,101.33750677506774
78234554,119.46414985590778
37295459,140.80593425605528
76464828,239.98125
89898019,259.84
94459827,105.3860606060606
30672049,107.76955357142857
93226295,107.573283416528
66733496,191.10626373626368
24799537,477.5229927007295
30909458,119.20818749999997
20815913,1202.2242941176473
77231006,233.56418994413423
63770561,146.1078773584905
61281100,107.573283416528
25443496,1176.114814814815
90941407,109.10529197080292
85217471,1343.284527363184
11330523,189.10726224783863
60135515,159.62069999999997
96537329,859.649333333334
89713236,160.55314285714286
87856838,564.0105714285716
68427758,129.53979253112036
35697471,119.20818749999997
30758105,140.35418738049717
66828597,403.7961111111111
64179941,109.10529197080292
57531913,152.2087402597402
82276369,287.0254151624548
33117908,257.2252112676054
23807930,482.8169318181819
58313771,101.69683498647431
86361973,477.5229927007295
54136725,806.2902
80609057,101.69683498647431
23386046,101.69683498647431
88923790,545.0503846153845
50739054,1622.7093333333332
85701835,107.573283416528
11164690,168.59012269938648
60686704,129.53979253112036
56500955,254.65242038216576
92377094,210.1689565217392
27377686,377.0003614457832
14820376,107.573283416528
24454653,136.91155555555554
49068691,102.14175675675675
68870887,107.573283416528
40404763,110.58633333333334
53993271,276.25972972972977
76624283,101.69683498647431
84681113,696.660730994152
39182711,248.33521739130435
99418549,107.573283416528
54009403,846.184487179487
15732665,107.573283416528
21105712,107.573283416528
76841454,108.52439024390245
77456803,477.5229927007295
94681649,156.63155844155847
42127705,254.65242038216576
86327920,119.20818749999997
49706768,104.61263157894737
47210863,114.32115241635687
98862874,233.56418994413423
80625113,152.2087402597402
13147967,106.57246575342464
79644262,189.10726224783863
40821766,107.573283416528
38964351,441.8939516129031
80037468,318.76994897959236
10709528,119.20818749999997
14006566,119.46414985590778
84355937,233.56418994413423
68139676,169.08652173913043
51613745,717.8957575757576
77042505,150.04094972067037
35307179,226.7596374622358
43137990,1002.7396261682239
60366178,477.5229927007295
28449137,477.5229927007295
54714633,693.5119642857144
86469326,152.45037234042553
81392986,108.046812749004
94816275,102.1490019193858
20992851,151.11062049062048
33220037,107.76955357142857
52922027,104.7085588235294
70522751,712.0575
35179027,150.96300000000002
11006610,109.10529197080292
97027045,102.8217256637168
60842426,258.9833053221291
37962781,104.12850299401197
57446778,109.88411764705883
46803142,2209.732522522522
96412152,146.51051724137932
41948607,257.2252112676054
30401183,318.76994897959236
82446721,603.291111111111
98640166,152.2087402597402
16426411,100.58813953488372
40919986,539.761447368421
34959842,100.0
76545890,468.91999999999996
38671669,403.7961111111111
74577885,641.6119230769231
77894868,110.58633333333334
44132106,373.16271052631566
13303745,233.2525454545454
82202428,140.80593425605528
69359286,102.14175675675675
49249118,152.45037234042553
65186472,233.56418994413423
86728284,257.69384615384615
89113200,373.16271052631566
64085288,226.7596374622358
83095293,226.7596374622358
55834975,140.70496598639457
12408851,152.45037234042553
45102161,189.10726224783863
21425066,220.66263297872334
49253416,107.573283416528
91720337,722.7446376811594
38125202,257.2252112676054
76716879,301.54599999999994
75093314,745.906465517241
94720863,156.63155844155847
69306868,102.1490019193858
78783123,205.4150924024642
31503266,220.66263297872334
51221256,104.12850299401197
36978860,134.07208333333335
77102844,129.53979253112036
85218856,312.7527272727273
64674000,305.9511743772239
71928536,168.59012269938648
71632516,745.906465517241
44645677,192.88614678899083
27089889,189.10726224783863
85001254,381.63388535031834
80789294,477.5229927007295
94921905,1050.52
87557595,268.6823529411765
27812172,846.184487179487
70326518,823.6933333333334
76820242,102.14175675675675
37798149,318.76994897959236
95689974,907.172722513089
86698149,101.69683498647431
82332389,551.1062962962965
38769988,152.2087402597402
62104171,411.22761467889933
20008764,270.83317010309287
88250848,1729.43
99989436,119.46414985590778
20654244,160.33492753623193
63645129,154.43124999999998
66237213,398.2320865139953
89366030,725.4049999999996
43885604,373.16271052631566
20777495,144.2896153846154
17630232,310.2707017543861
41034819,659.7300000000001
30863558,813.992
30990096,203.84384615384616
14528263,606.767747440273
38046616,1054.27756097561
21720690,150.04094972067037
41971276,109.10529197080292
81966182,318.76994897959236
81876034,305.9511743772239
23233042,189.10726224783863
59959368,318.76994897959236
25429816,398.2320865139953
40884180,220.66263297872334
88955672,1023.2660176991145
43077536,146.1078773584905
22541133,514.0074999999999
98515757,108.046812749004
96170890,129.53979253112036
33994765,156.63155844155847
91089578,140.80593425605528
38840418,107.573283416528
92439017,220.66263297872334
30192634,305.9511743772239
30769461,101.69683498647431
80205723,104.7085588235294
55131937,230.445
29185681,911.4207692307692
80773149,516.0625945945947
84757256,313.4097959183675
81505232,122.27020212765962
57555020,108.046812749004
70106520,102.14175675675675
43240131,516.0625945945947
57158414,101.33750677506774
63966023,318.76994897959236
46075950,305.9511743772239
47516649,101.33750677506774
57203804,123.3634188034188
99285503,372.9034426229508
23511969,152.2087402597402
78376646,806.2902
48884000,411.22761467889933
98727752,1434.1876923076923
82907215,606.767747440273
72719170,477.5229927007295
39149918,191.10626373626368
85435767,318.76994897959236
54111802,261.2191333333335
92599919,482.8169318181819
24226064,257.2252112676054
96829833,1609.9220276497708
27301621,101.69683498647431
15887246,221.4931818181818
51726302,367.85712499999994
51260265,1609.9220276497708
45934883,101.69683498647431
97289930,482.8169318181819
42847093,367.85712499999994
13695159,318.76994897959236
21664737,257.2252112676054
72162540,477.5229927007295
45972276,443.6661111111111
71222059,411.22761467889933
18901787,119.46414985590778
64794868,182.80133333333333
96040179,205.4150924024642
43891507,287.0254151624548
94649367,367.85712499999994
85490151,152.45037234042553
51948440,235.46590909090907
44237958,189.10726224783863
97658202,155.51441176470587
77699657,724.89625
23252427,100.15424657534247
10697423,305.9511743772239
99095154,419.64343750000006
86344123,152.2087402597402
32740825,122.27020212765962
39699187,546.2616071428573
79334316,594.2427777777777
13862142,155.79055555555558
95022546,109.10529197080292
85671131,152.2087402597402
13946093,233.56418994413423
71911642,516.0625945945947
74557358,1343.284527363184
76424216,140.35418738049717
60569056,347.1174358974358
21429356,304.5850119904077
37147011,254.65242038216576
22363795,146.1078773584905
22711721,217.5471774193548
32781826,151.11062049062048
79919377,107.573283416528
95950869,264.97574468085105
67975454,377.0003614457832
61846310,696.660730994152
47190136,233.56418994413423
72140487,976.2366666666667
33356353,186.79625000000001
57558815,226.7596374622358
85765913,257.2252112676054
67405346,100.15424657534247
47178751,270.83317010309287
92743619,318.76994897959236
67809997,826.7446726190482
95649734,123.3634188034188
35761786,102.8217256637168
20333506,373.16271052631566
39856656,381.63388535031834
80659941,101.69683498647431
72539676,318.76994897959236
34808508,127.405625
18684795,1609.9220276497708
60926773,367.85712499999994
25343604,257.2252112676054
85280076,101.69683498647431
51516725,859.649333333334
54359603,570.1127272727274
65763192,135.28055555555554
53926540,156.57601941747572
77237054,102.1490019193858
75498756,105.3860606060606
99166662,307.82068965517243
72410551,477.5229927007295
82923327,318.76994897959236
46066488,392.26124999999996
33059137,381.63388535031834
51480279,123.3634188034188
19373977,907.172722513089
90715980,140.80593425605528
56492794,108.4384375
46037369,152.16125
22743995,381.63388535031834
42553042,203.83470588235295
36975311,859.649333333334
75351486,107.573283416528
30981897,957.3476923076923
35580501,184.75230769230768
40483549,398.2320865139953
64819235,101.69683498647431
26688957,220.66263297872334
94904538,108.046812749004
46754012,241.95518518518517
36796857,129.53979253112036
28461943,113.81903409090906
14026453,318.76994897959236
69053024,114.50824267782428
32733126,398.2320865139953
40931025,140.35418738049717
19427950,107.573283416528
84597120,722.7446376811594
18811334,138.17057347670251
78324699,1896.6559999999997
77953974,122.27020212765962
27862041,103.53074074074074
37247191,287.0254151624548
25562317,101.69683498647431
73172608,108.046812749004
33104896,233.56418994413423
82319650,257.2415517241379
21799452,140.80593425605528
64888946,104.7085588235294
97264595,127.27878504672903
10429454,151.11062049062048
61575325,477.5229927007295
56897257,122.27020212765962
37059519,261.2191333333335
52110520,381.63388535031834
81197632,192.88614678899083
78041929,269.1216666666666
62481600,140.70496598639457
79068390,100.0
35652591,107.573283416528
39694436,108.046812749004
95898355,477.5229927007295
80006639,107.573283416528
53958546,3064.2782608695657
58986255,381.63388535031834
35034634,257.2252112676054
21845497,257.2252112676054
40578913,304.5850119904077
52684708,318.76994897959236
89834641,101.69683498647431
65511611,907.172722513089
65731676,151.11062049062048
83770991,718.9100000000001
56280602,528.2157446808513
44140498,226.7596374622358
52748496,107.573283416528
76136540,101.33750677506774
35483441,122.27020212765962
25193108,258.9833053221291
27434478,101.69683498647431
84357441,817.251111111111
70840263,100.65767045454548
45633382,114.84171428571429
68317032,119.20818749999997
73465107,287.0254151624548
24929921,559.6280888888886
87300428,100.0
69871020,152.2087402597402
23755175,318.76994897959236
91971062,305.9511743772239
74483617,122.27020212765962
89642342,140.80593425605528
33276861,189.10726224783863
18861332,168.59012269938648
77211245,257.2415517241379
52041127,233.56418994413423
95864050,398.2320865139953
82528777,173.8515736040609
62702832,322.33625
24146181,150.04094972067037
90263367,101.37735294117645
47033948,318.76994897959236
97856612,152.2087402597402
73014333,3064.2782608695657
46731094,189.515
15781171,826.7446726190482
51156245,155.79055555555558
85958922,160.33492753623193
52550761,107.573283416528
15567593,153.3216296296296
50279318,3261.1949999999997
88796422,119.46414985590778
66724358,140.80593425605528
51443999,205.4150924024642
32661637,151.11062049062048
12999579,318.76994897959236
32460111,107.76955357142857
70354263,101.69683498647431
99768418,107.573283416528
93597400,119.46414985590778
42968448,127.27878504672903
11447851,806.2902
76146411,372.9034426229508
86917958,1949.0816770186334
57526187,101.69683498647431
71062405,210.1689565217392
72847399,301.64854838709675
54891075,151.11062049062048
89841901,173.8515736040609
90056417,826.7446726190482
77892346,257.2252112676054
31627402,107.573283416528
78864638,238.46217391304344
16022883,203.83470588235295
21980955,140.80593425605528
98291218,109.10529197080292
37406677,140.80593425605528
73253470,129.53979253112036
80239984,2086.005
60323265,110.58633333333334
93655248,150.04094972067037
58796215,101.69683498647431
94203496,131.30408450704226
89472702,140.35418738049717
29142290,146.53415254237288
71021568,257.2252112676054
69197364,411.22761467889933
67499939,318.76994897959236
51780875,258.9833053221291
46941857,305.9511743772239
57911836,1949.0816770186334
38559875,140.80593425605528
81398050,102.14175675675675
75334315,131.30408450704226
59308610,385.9975
16247087,411.22761467889933
43247285,1062.83
45215633,1827.846794871795
40481058,381.63388535031834
40365284,310.2707017543861
92836079,517.7891666666666
70303716,221.4931818181818
81749724,101.33750677506774
41853820,1002.7396261682239
81440480,122.27020212765962
84996580,411.22761467889933
35919442,859.649333333334
19046260,102.14175675675675
90423631,305.9511743772239
92961031,105.3860606060606
89855372,100.65767045454548
77816576,107.573283416528
12194715,134.07208333333335
20115124,559.6280888888886
73703358,224.13454545454545
89792966,101.69683498647431
43706254,152.45037234042553
70266281,101.69683498647431
78529732,140.80593425605528
31638825,107.573283416528
58167471,122.27020212765962
93767960,107.573283416528
55879589,373.16271052631566
67388602,546.2616071428573
86008328,189.515
53844650,146.1078773584905
86660948,142.9029411764706
39941650,109.10529197080292
44395757,104.7085588235294
81989533,257.2252112676054
46504700,119.46414985590778
39402032,419.64343750000006
85919943,233.56418994413423
80733130,313.4097959183675
25189661,270.83317010309287
14623666,136.45181818181814
70848155,254.65242038216576
68571484,1343.284527363184
51228995,1343.6
49683485,745.644333333333
56036763,1766.2711290322584
32459332,104.7085588235294
10860915,151.11062049062048
43696664,151.11062049062048
87941364,203.84384615384616
76183083,150.04094972067037
20966309,268.6823529411765
37699108,140.35418738049717
55952526,113.81903409090906
15616438,101.33750677506774
86514240,539.761447368421
92945955,174.6085526315789
63145934,377.0003614457832
58853662,717.8957575757576
79304271,318.76994897959236
24276255,530.6884810126584
43245413,478.8838095238095
59024690,600.5402499999999
13551336,108.046812749004
44848614,100.65767045454548
61087377,151.11062049062048
11885900,318.76994897959236
92535927,146.1078773584905
21708152,104.12850299401197
45352808,318.76994897959236
75624156,477.5229927007295
32001265,305.9511743772239
20413825,411.22761467889933
40305802,159.62069999999997
61861688,1957.8728571428571
33441351,114.32115241635687
30365812,114.84171428571429
43625038,102.1490019193858
40659534,122.27020212765962
72885406,107.573283416528
55817366,233.56418994413423
78604997,127.27878504672903
14364198,152.2087402597402
70814486,102.83581395348838
71030650,100.15424657534247
93257457,153.77404255319146
65515227,107.573283416528
23048185,1009.5747058823528
64021401,140.35418738049717
81601136,122.27020212765962
60464050,110.58633333333334
62126832,257.2252112676054
76122802,140.80593425605528
68619547,477.5229927007295
69931017,257.2252112676054
52039321,696.660730994152
96748453,1949.0816770186334
40650345,1343.284527363184
94190496,305.9511743772239
40034795,220.66263297872334
16725203,355.71638157894733
37869032,696.660730994152
87784983,693.5119642857144
67445694,140.80593425605528
44138052,122.27020212765962
56359862,159.62069999999997
27113776,140.80593425605528
73853459,262.9733333333333
76284169,270.83317010309287
42581373,1343.284527363184
74617250,377.0003614457832
29606632,151.11062049062048
22328059,304.5850119904077
94596005,1248.9199453551912
73640300,136.45181818181814
52511016,1065.7024427480915
63643579,122.27020212765962
73979691,528.2157446808513
76806109,381.63388535031834
67084872,606.767747440273
94616960,107.573283416528
44018639,304.5850119904077
10369424,100.0
19417264,189.10726224783863
77137301,104.12850299401197
33598935,101.69683498647431
81379316,403.7961111111111
67627945,355.71638157894733
74067952,371.42944444444447
54161507,140.80593425605528
55930611,102.1490019193858
64919315,477.5229927007295
92109871,160.33492753623193
88653847,113.81903409090906
50331596,826.7446726190482
68139580,1343.284527363184
80241693,152.45037234042553
74034028,100.0
22712040,477.5229927007295
18212521,373.16271052631566
60434302,113.81903409090906
45427525,114.50824267782428
95853311,140.80593425605528
70857259,150.04094972067037
81477083,101.69683498647431
27723524,168.59012269938648
25206032,2476.1604347826087
12102381,294.17807017543856
72428170,398.2320865139953
27672042,801.7025
77000429,258.9833053221291
95589605,152.45037234042553
44647376,119.73680412371134
21338536,152.2087402597402
13820529,131.30408450704226
24568041,411.22761467889933
90117191,826.7446726190482
45800664,107.573283416528
13557339,477.5229927007295
19087413,570.1127272727274
11616417,1343.284527363184
22015830,203.83470588235295
42617304,313.4097959183675
72598754,441.8939516129031
34839793,304.5850119904077
77660297,270.83317010309287
13706769,104.12850299401197
71694094,258.9833053221291
26712974,122.27020212765962
11161484,114.50824267782428
92404281,441.8939516129031
29267516,108.4384375
44574998,107.573283416528
66291057,165.84208333333333
13701175,100.65767045454548
24177160,226.7596374622358
81405301,559.6280888888886
11589439,160.8
17537269,318.76994897959236
98168887,477.5229927007295
57508409,150.04094972067037
83408387,530.6884810126584
43301435,368.9
49258344,257.2415517241379
98631322,117.45431818181818
69659096,114.50824267782428
99106028,233.56418994413423
37856658,101.37735294117645
42881579,109.10529197080292
77859891,189.10726224783863
81041727,140.25938596491227
47217829,258.9833053221291
53083229,318.76994897959236
79619006,318.76994897959236
87897995,122.27020212765962
17964917,718.9100000000001
80568888,257.2252112676054
43042929,140.35418738049717
62796073,122.27020212765962
61083401,134.54
14141477,140.25938596491227
68306110,104.7085588235294
43708354,122.10307692307691
73883907,168.59012269938648
75966104,127.27878504672903
55672599,102.1490019193858
14917596,287.0254151624548
65294870,122.27020212765962
14049454,101.69683498647431
93295381,441.8939516129031
27730907,4584.8
52543486,203.84384615384616
79427440,101.33750677506774
46627987,152.45037234042553
63096372,355.71638157894733
21047227,100.0
94588817,318.76994897959236
82925355,373.16271052631566
20239710,140.80593425605528
66560522,152.2087402597402
34394729,205.4150924024642
74199492,135.48040650406503
59577067,222.8470588235294
69919638,724.89625
46718033,859.649333333334
84917912,101.69683498647431
31599665,152.2087402597402
39056365,239.98125
48895978,104.7085588235294
47094246,724.89625
19549587,477.5229927007295
18563899,107.573283416528
81642903,152.2087402597402
12095543,974.6266666666667
67140026,114.50824267782428
11054636,657.9656097560975
21698635,241.95518518518517
23623849,258.9833053221291
71392936,100.65767045454548
83425325,530.6884810126584
14553390,100.0
70274030,696.660730994152
19402442,140.3975
11041677,110.58633333333334
77513563,108.046812749004
87335721,539.761447368421
17466406,104.7085588235294
11267365,152.2087402597402
89144675,114.50824267782428
89338457,127.27878504672903
87803439,373.16271052631566
20104582,151.11062049062048
95781089,102.8217256637168
66358482,107.573283416528
62863016,371.12625
92557337,828.4954285714284
10876766,559.6280888888886
70473205,270.83317010309287
87569671,1609.9220276497708
61139578,122.27020212765962
53121878,146.53415254237288
15430462,107.573283416528
67332796,528.2157446808513
75641163,367.85712499999994
23552924,1434.1876923076923
56332291,103.63928571428572
83472051,226.7596374622358
73213649,191.10626373626368
47802315,595.5751515151516
42459098,253.60666666666663
59654537,477.5229927007295
49312825,317.3615625
80983900,151.11062049062048
58178507,2509.61
50382416,104.12850299401197
66073034,151.11062049062048
43848284,108.046812749004
85092410,108.046812749004
22321014,478.8838095238095
31162245,113.81903409090906
26802981,398.2320865139953
89737386,107.573283416528
22704344,131.30408450704226
56000373,104.12850299401197
96310766,146.1078773584905
70324095,107.573283416528
86441629,168.59012269938648
12514793,1115.005
89583392,233.56418994413423
36498032,722.7446376811594
22072881,107.573283416528
23992589,114.50824267782428
25380807,140.80593425605528
30026993,101.69683498647431
65742850,107.573283416528
33236806,191.10626373626368
64518820,235.46590909090907
42371713,107.573283416528
47924596,257.2252112676054
55469978,248.74666666666667
29356220,373.16271052631566
98913649,530.6884810126584
22201860,104.12850299401197
17005574,304.5850119904077
61767605,907.172722513089
63003964,2379.1800000000003
52904792,101.52807339449542
87014699,578.47
60476269,594.2427777777777
23374773,304.5850119904077
12887652,107.573283416528
11366466,104.7085588235294
62053080,102.14175675675675
21354279,257.2252112676054
58635346,304.5850119904077
57475663,268.6823529411765
44627129,287.0254151624548
29419543,100.0
47538164,530.6884810126584
19854086,153.3216296296296
63381374,101.69683498647431
55348437,107.573283416528
80254443,859.649333333334
23105559,220.66263297872334
25129271,108.52439024390245
40257293,233.2525454545454
63509506,826.7446726190482
45432136,247.55399999999997
19785631,101.69683498647431
22859019,258.9833053221291
36147504,146.1078773584905
54449509,189.515
81205631,477.5229927007295
98103632,160.33492753623193
32691265,140.80593425605528
72768344,1949.0816770186334
51890279,152.16125
48043615,107.573283416528
25374441,108.046812749004
59962384,1002.7396261682239
28910995,534.5108749999997
13141234,105.3860606060606
50747063,254.41145631067977
55252279,131.30408450704226
52007426,100.15424657534247
30847276,119.20818749999997
62106368,152.2087402597402
60214573,477.5229927007295
40002314,1896.6559999999997
32428356,282.8279518072289
53658343,596.9116666666666
29161839,107.573283416528
46396012,151.11062049062048
62360708,146.53415254237288
43297939,100.65767045454548
12562149,249.84828571428568
36028116,287.0254151624548
87330286,395.46363636363645
88119407,257.2252112676054
26750897,138.17057347670251
49969361,104.12850299401197
97204974,101.69683498647431
99702598,258.9833053221291
52763802,102.83581395348838
68901809,153.3216296296296
39208673,373.16271052631566
54033485,107.573283416528
54497531,168.59012269938648
53990991,756.96
84489537,224.31413793103448
35670801,696.660730994152
78791350,287.0254151624548
20845184,1140.8066666666668
13555027,283.335
37646059,105.3860606060606
76127874,224.9241085271318
92134461,411.22761467889933
35770374,203.83470588235295
71020209,499.1391666666666
34171582,441.8939516129031
50654248,223.61166666666668
42458567,134.07208333333335
19190057,1896.6559999999997
54080489,128.39344827586206
68542535,221.4931818181818
45210646,205.4150924024642
59714270,151.11062049062048
88185676,257.2252112676054
71490260,100.0
30639393,217.5471774193548
82576353,153.3216296296296
24335906,826.7446726190482
21049647,154.41209302325578
13781432,101.33750677506774
86079138,101.69683498647431
40000990,1003.4724242424245
73775201,203.1221052631579
35148701,1023.2660176991145
81596880,151.11062049062048
94320273,103.53074074074074
36438421,146.1078773584905
53057217,318.76994897959236
25248077,477.5229927007295
73038169,270.83317010309287
73258090,304.5850119904077
87336796,1609.9220276497708
78963426,104.12850299401197
12232405,169.08652173913043
86811261,129.80027027027023
43165541,257.2252112676054
83018865,451.7542105263159
37762842,150.96300000000002
65591705,174.6085526315789
67890361,140.80593425605528
94753186,114.32115241635687
93051402,570.1127272727274
18623638,606.767747440273
35256497,108.52439024390245
79246585,304.5850119904077
23762226,146.1078773584905
67287814,140.80593425605528
78864148,725.4049999999996
30658878,107.573283416528
97960066,140.35418738049717
19914732,257.2415517241379
23619037,140.35418738049717
27095793,104.12850299401197
83667300,678.481315789474
76686009,372.9034426229508
79911388,192.88614678899083
36038618,122.27020212765962
91489166,233.56418994413423
64088644,264.97574468085105
10087238,220.66263297872334
68403788,100.8778125
95817054,205.4150924024642
57182933,1896.6559999999997
83941537,129.53979253112036
86909159,745.644333333333
45478492,559.6280888888886
84142111,310.2707017543861
45223652,1343.284527363184
15651868,333.73315789473685
48952352,657.9656097560975
53380245,153.3216296296296
56211427,305.9511743772239
66961588,100.15424657534247
38567012,600.5402499999999
74938615,105.3860606060606
81147200,534.908
74772897,287.0254151624548
80316029,117.27714285714286
76791795,135.48040650406503
95549661,261.2191333333335
91524955,189.82
93849275,156.63155844155847
61885188,102.1490019193858
17120455,826.7446726190482
71403569,726.8282857142858
57944962,114.781875
72483844,205.4150924024642
45141218,371.42944444444447
47525065,301.64854838709675
24379765,398.2320865139953
91215387,146.53415254237288
39945150,405.0755414012738
25481926,304.5850119904077
72167432,318.76994897959236
15652519,400.80928571428575
58079379,122.27020212765962
81779274,151.11062049062048
11313638,1248.9199453551912
82915596,411.22761467889933
12551058,539.761447368421
69374139,244.58869565217395
27490970,100.0
28663701,258.9833053221291
51901697,156.01870967741937
19964529,826.7446726190482
14203976,398.2320865139953
86724526,205.4150924024642
46513661,226.7596374622358
42464585,304.5850119904077
14360059,899.5445454545454
72181637,405.0755414012738
78956787,976.6783870967741
30264496,122.58583333333333
77227528,451.7542105263159
50534372,101.69683498647431
12187853,264.97574468085105
97814800,241.95518518518517
49704538,559.6280888888886
31844965,1202.2242941176473
89449307,152.2087402597402
72286626,859.649333333334
90641879,107.573283416528
39977212,287.0254151624548
56406335,114.50824267782428
46671061,318.76994897959236
21883230,139.8733333333333
57754484,257.2252112676054
96138639,122.27020212765962
48581654,146.51051724137932
15477564,119.20818749999997
18367532,438.09613636363633
57040971,114.84171428571429
24677280,101.69683498647431
38279741,140.35418738049717
39630161,305.9511743772239
94354941,114.32115241635687
73739305,243.74375000000003
36839896,114.84171428571429
60950133,2750.9400000000005
34560824,114.50824267782428
89848060,1002.7396261682239
21727334,477.5229927007295
96402755,419.64343750000006
99203156,477.5229927007295
69252455,1609.9220276497708
86645439,102.1490019193858
83677892,151.11062049062048
22897635,233.56418994413423
45288708,1145.7749999999999
59969436,101.69683498647431
94774349,122.27020212765962
16886474,1647.15
44198009,373.16271052631566
64700341,295.97833333333335
64505698,726.8282857142858
77323444,275.8694117647059
27706778,4077.9428571428575
59628829,405.0755414012738
55365465,169.08652173913043
69970571,1609.9220276497708
94271260,257.2252112676054
52700573,2210.2433333333333
45014443,226.7596374622358
71021280,122.27020212765962
51886091,546.2616071428573
91170937,107.573283416528
92081846,105.3860606060606
95719079,109.88411764705883
12428005,150.04094972067037
38292857,1609.9220276497708
75786036,1202.2242941176473
76868352,233.56418994413423
61787836,411.22761467889933
92993294,205.4150924024642
23885591,224.9241085271318
40800066,140.80593425605528
56146741,108.52439024390245
49447892,108.52439024390245
52965378,151.11062049062048
93685952,102.1490019193858
89649731,156.63155844155847
47102704,257.2415517241379
52908918,151.11062049062048
77943419,1248.9199453551912
92500699,528.2157446808513
51420779,1622.7093333333332
72830394,100.65767045454548
72781023,154.41209302325578
16161212,220.66263297872334
73724856,846.184487179487
76991618,859.649333333334
95797758,173.8515736040609
82786703,258.9833053221291
77183119,203.84384615384616
56026782,233.56418994413423
16589083,155.79055555555558
47749953,305.9511743772239
27187508,745.906465517241
51723171,135.28055555555554
56627258,135.48040650406503
75635227,693.5119642857144
57547046,102.8217256637168
36631973,159.62069999999997
17463415,107.573283416528
26674861,153.3216296296296
56995341,100.65767045454548
26126144,151.11062049062048
58450363,102.8217256637168
89312269,108.52439024390245
16817991,140.35418738049717
84965319,724.5204166666667
43319013,1065.7024427480915
44400321,304.5850119904077
80024230,478.8838095238095
74521218,1896.6559999999997
44832141,107.573283416528
70162625,123.3634188034188
43589357,120.64734374999999
14100726,109.88411764705883
36520084,258.9833053221291
98999098,102.8217256637168
14148442,135.9925
90033275,189.10726224783863
19819492,174.6085526315789
94929441,1315.3857142857144
64769677,318.76994897959236
80605119,287.0254151624548
61896581,109.10529197080292
25053770,152.2087402597402
74893395,160.55314285714286
53560531,1361.0802083333335
89710260,151.11062049062048
93875018,477.5229927007295
64766158,1202.2242941176473
54305179,146.53415254237288
30403292,205.4150924024642
60767564,114.32115241635687
35303188,477.5229927007295
21177257,220.66263297872334
15350431,108.4384375
19112314,150.96300000000002
10078818,109.10529197080292
23150338,318.76994897959236
47635759,477.5229927007295
30605686,235.46590909090907
29709781,355.71638157894733
13735642,438.09613636363633
99020214,107.573283416528
28873624,696.660730994152
70890497,1609.9220276497708
99675492,205.4150924024642
62216584,146.53415254237288
84668724,940.7958750000004
88738488,411.22761467889933
35683009,1647.15
72816721,159.62069999999997
19163259,205.4150924024642
51202613,678.481315789474
56056704,122.27020212765962
49879334,101.69683498647431
16786843,135.48040650406503
47533115,107.573283416528
22109413,1343.284527363184
85518746,129.53979253112036
93362991,102.1490019193858
16124077,100.65767045454548
76182432,107.573283416528
26790843,287.0254151624548
89672220,107.573283416528
12756298,1343.284527363184
16926806,304.5850119904077
14000956,100.8778125
36806959,107.573283416528
87017954,101.69683498647431
43944283,516.0625945945947
44101724,108.52439024390245
67316534,907.172722513089
88490548,276.25972972972977
88665651,546.2616071428573
83830852,233.56418994413423
35512699,186.79625000000001
49228670,138.17057347670251
47172196,477.5229927007295
86195285,174.6085526315789
61100752,104.7085588235294
23609539,367.85712499999994
95881788,405.0755414012738
44925764,441.8939516129031
83971268,107.573283416528
17370699,411.22761467889933
76384877,318.76994897959236
93972349,102.1490019193858
64752973,108.4384375
22747583,1372.21
38304968,138.17057347670251
10235307,152.2087402597402
25779125,107.573283416528
12843653,1091.4587096774192
78094768,123.3634188034188
10635284,104.12850299401197
13687234,122.27020212765962
53936042,122.27020212765962
82732686,146.51051724137932
96543781,107.573283416528
82228529,108.046812749004
12775154,122.27020212765962
55255907,238.46217391304344
32916130,129.53979253112036
18504284,1065.7024427480915
65825890,140.25938596491227
33391713,516.0625945945947
93331533,725.4049999999996
89345152,696.660730994152
46576484,310.2707017543861
33320733,108.52439024390245
10724817,1091.4587096774192
41244276,102.1490019193858
39841607,318.76994897959236
59463885,606.767747440273
61317492,1560.2707692307692
33725830,373.16271052631566
15316450,224.13454545454545
53318939,107.76955357142857
82300735,134.54
44927585,318.76994897959236
80951510,103.38333333333333
51421456,468.91999999999996
67936055,859.649333333334
48065777,119.73680412371134
56103730,555.24
40566531,595.5751515151516
61129612,182.80133333333333
72015593,367.85712499999994
73826407,122.27020212765962
88021730,102.1490019193858
85653819,140.35418738049717
45194339,100.65767045454548
91086895,108.046812749004
51919540,140.35418738049717
23157322,1609.9220276497708
51628095,211.71190476190475
96537190,101.69683498647431
53402735,546.2616071428573
36360155,108.046812749004
37694507,107.573283416528
83593533,304.5850119904077
24284452,546.2616071428573
21000889,110.58633333333334
18518898,152.2087402597402
11533995,122.27020212765962
91728492,452.1171428571429
32889326,203.83470588235295
16392740,1343.284527363184
93954664,696.660730994152
40527969,411.22761467889933
13359501,140.64857142857142
54613106,1362.4881132075473
89494294,101.69683498647431
43243456,102.1490019193858
49320975,1940.0040000000001
66824387,108.4384375
13395531,823.6933333333334
84702746,140.80593425605528
46376987,146.53415254237288
16949551,859.649333333334
76113598,1002.7396261682239
88051686,305.9511743772239
21575972,1827.846794871795
25797068,100.0
46519671,305.9511743772239
62958708,107.573283416528
41163598,1091.4587096774192
90108134,377.0003614457832
40305514,140.80593425605528
28323820,186.79625000000001
36148206,113.81903409090906
41903222,138.17057347670251
34111269,140.80593425605528
22460898,1202.2242941176473
87095926,318.76994897959236
99063606,826.7446726190482
41090287,403.7961111111111
76553835,477.5229927007295
40520930,911.4207692307692
72499276,100.65767045454548
40722377,122.27020212765962
23596828,109.10529197080292
94118199,907.172722513089
54177823,404.1042857142857
32744353,1949.0816770186334
83540534,905.9760784313723
60135160,918.1933333333333
32215997,859.649333333334
60591783,140.25938596491227
75534413,140.35418738049717
74381587,254.65242038216576
83928867,224.9241085271318
31779925,114.84171428571429
71389415,258.9833053221291
36657020,104.7085588235294
52833217,205.4150924024642
43206206,377.0003614457832
21701449,398.2320865139953
38073031,373.16271052631566
34369333,189.10726224783863
92620587,107.76955357142857
11512547,3064.2782608695657
81501365,254.41145631067977
91014044,257.2252112676054
90225400,377.0003614457832
77353219,678.481315789474
55291546,507.55229508196726
22923482,138.17057347670251
14288303,696.660730994152
55909136,749.6437499999998
41957261,140.80593425605528
17675131,107.76955357142857
13490253,107.573283416528
79023756,257.2252112676054
98393510,1003.4724242424245
36169986,122.27020212765962
98879925,205.4150924024642
64713126,546.2616071428573
54807445,305.9511743772239
76751871,205.4150924024642
98441518,149.82
54149693,411.22761467889933
42794612,122.27020212765962
76036112,405.0755414012738
14657728,405.0755414012738
73292737,2652.5
37897222,841.1278571428572
24707301,570.1127272727274
54570938,1609.9220276497708
47969890,146.1078773584905
86391847,139.8733333333333
43251995,304.5850119904077
61789630,104.12850299401197
12601759,287.0254151624548
86045386,151.11062049062048
67870680,477.5229927007295
92603070,104.7085588235294
45118743,405.0755414012738
40352166,411.22761467889933
96817260,1202.2242941176473
70031890,1002.7396261682239
18280163,801.7025
84418154,1343.284527363184
50657043,110.58633333333334
24196657,205.4150924024642
30339428,119.46414985590778
97021401,293.4055555555556
35926246,169.08652173913043
78296017,119.46414985590778
91378970,226.7596374622358
80348783,411.22761467889933
90424864,313.4097959183675
65449342,146.1078773584905
50552285,478.8838095238095
96371635,377.0003614457832
72833770,305.9511743772239
94834332,907.172722513089
34291304,1343.284527363184
61020465,129.53979253112036
58556746,305.9511743772239
39138083,377.0003614457832
25334186,102.14175675675675
34764813,119.46414985590778
37404139,224.9241085271318
44171473,373.16271052631566
32137098,119.46414985590778
72644851,1003.4724242424245
57301182,107.573283416528
68777856,258.9833053221291
46687209,101.69683498647431
69167315,403.7961111111111
82057134,530.6884810126584
28611499,217.5471774193548
73817431,318.76994897959236
66885663,1202.2242941176473
81244724,817.9525000000001
17815149,257.2415517241379
76792976,237.93095744680852
32232188,905.9760784313723
32884692,239.98125
51904668,102.14175675675675
54177086,2476.1604347826087
79785130,109.88411764705883
24791309,109.10529197080292
79748184,109.10529197080292
71076766,606.767747440273
91713473,119.20818749999997
21889636,104.7085588235294
88684450,186.79625000000001
13868166,294.17807017543856
72609306,119.46414985590778
40230821,745.644333333333
65326864,107.573283416528
47873334,119.46414985590778
38502225,109.88411764705883
78086792,373.16271052631566
19000370,275.8694117647059
18794356,826.7446726190482
15695931,318.76994897959236
69820899,372.9034426229508
42730808,189.10726224783863
55693372,257.2252112676054
39793167,352.5433333333333
42174587,411.22761467889933
17562701,119.46414985590778
75887228,2086.005
86381737,304.5850119904077
50478816,140.35418738049717
59640073,119.73680412371134
76678970,482.8169318181819
23159711,102.1490019193858
74146213,152.2087402597402
73679527,801.7025
83678670,257.2252112676054
82153168,977.4224999999999
81585077,101.69683498647431
51172809,441.8939516129031
93348209,140.80593425605528
40526730,173.8515736040609
35477741,138.17057347670251
26904107,129.53979253112036
98083773,102.8217256637168
62394914,318.76994897959236
38403298,102.83581395348838
19395977,122.27020212765962
28561023,1949.0816770186334
45885910,186.79625000000001
95086890,220.66263297872334
19776574,102.14175675675675
60586201,151.11062049062048
89147481,1099.1016666666667
47209892,134.07208333333335
47476854,305.9511743772239
60953282,146.53415254237288
72001460,270.83317010309287
22546493,122.27020212765962
48912589,477.5229927007295
37241017,108.4384375
40152795,254.41145631067977
45771924,305.9511743772239
70307319,152.45037234042553
42825484,101.69683498647431
32535623,398.2320865139953
54789245,107.71610169491525
72682970,254.41145631067977
51218700,213.78571428571428
16039328,140.25938596491227
44678506,641.6119230769231
59530373,270.83317010309287
81467001,122.27020212765962
50258434,950.8165714285715
27681355,173.8515736040609
69431073,606.767747440273
93968709,148.98000000000002
56478207,122.27020212765962
19466001,745.644333333333
45204787,270.83317010309287
44120969,261.2191333333335
11347094,109.10529197080292
33817003,546.2616071428573
84812841,128.39344827586206
82947487,122.27020212765962
22317982,108.4384375
95086863,101.69683498647431
73084974,452.1171428571429
96665202,826.7446726190482
52954565,411.22761467889933
22781049,114.32115241635687
39742164,101.69683498647431
20712973,107.71610169491525
76124953,152.2087402597402
53726970,107.573283416528
30895251,261.2191333333335
87940348,318.76994897959236
95321478,318.76994897959236
41613207,140.35418738049717
64780104,1038.1095535714285
72574405,1119.911111111111
87909513,101.69683498647431
80918662,153.3216296296296
50842195,101.33750677506774
37167999,318.76994897959236
56430683,136.45181818181814
62519911,659.7170212765958
29251792,355.71638157894733
85925973,102.1490019193858
34644536,546.9683333333334
39276706,100.15424657534247
81892516,107.573283416528
30222761,907.172722513089
10422044,783.1733333333334
28074362,905.9760784313723
64967123,107.573283416528
38282963,101.52807339449542
76769818,120.64734374999999
81835353,419.64343750000006
34737343,1609.9220276497708
51032996,122.27020212765962
32565254,477.5229927007295
51764743,138.17057347670251
92831396,110.58633333333334
84077215,119.20818749999997
77480283,826.7446726190482
52724196,113.81903409090906
78039908,411.22761467889933
46605850,1609.9220276497708
61041851,101.69683498647431
10551671,347.1174358974358
84956232,333.73315789473685
93609795,745.906465517241
63261476,228.67
78773692,159.88666666666668
41527728,1949.0816770186334
86838609,122.27020212765962
46835475,104.7085588235294
23285553,398.2320865139953
83082562,270.83317010309287
33889237,100.8778125
46836989,189.10726224783863
42683388,1580.2891666666667
15212938,101.37735294117645
63857629,114.84171428571429
71736760,411.22761467889933
41166882,257.2252112676054
88287708,318.76994897959236
68218612,1065.7024427480915
34505104,318.76994897959236
50756606,257.2252112676054
40004505,122.27020212765962
89798576,269.1216666666666
43860123,398.2320865139953
93655218,411.22761467889933
71051446,606.767747440273
93380848,530.6884810126584
27980449,226.7596374622358
57084880,333.2781818181818
46438239,114.50824267782428
30942515,151.11062049062048
19590564,267.9484615384616
83623165,109.10529197080292
76716085,152.45037234042553
60666996,131.98999999999998
78361983,220.66263297872334
72701952,318.76994897959236
74922910,101.69683498647431
63759907,140.35418738049717
68856134,203.84384615384616
79795778,128.39344827586206
97178936,907.172722513089
56185778,146.53415254237288
48290079,452.1171428571429
29392023,859.649333333334
54780943,102.83581395348838
97751068,102.8217256637168
69746506,224.9241085271318
55371174,318.76994897959236
67781652,186.79625000000001
78245291,173.8515736040609
64158812,127.27878504672903
60974365,168.59012269938648
12800790,233.56418994413423
96154030,1023.2660176991145
98482327,257.2252112676054
17464700,318.76994897959236
56270967,678.481315789474
46584495,151.11062049062048
72785702,249.84828571428568
41281460,173.8515736040609
80424496,1949.0816770186334
18835766,173.8515736040609
87502261,107.573283416528
96135205,107.573283416528
26258289,102.1490019193858
75302604,603.291111111111
98645752,107.76955357142857
58643859,826.7446726190482
90141148,381.63388535031834
52181895,152.2087402597402
16710404,114.32115241635687
26056734,1343.284527363184
39602380,213.78571428571428
66983144,546.7243181818183
52507579,843.2258620689655
97432890,114.50824267782428
85547503,101.69683498647431
63906202,539.761447368421
84599750,109.10529197080292
84325254,104.61263157894737
39975048,112.53045454545455
81574706,411.22761467889933
30468791,352.5433333333333
97533812,101.33750677506774
18711694,100.65767045454548
51787778,1609.9220276497708
61409887,102.1490019193858
22014620,159.62069999999997
38836545,140.35418738049717
87391833,223.79187499999998
69117778,155.51441176470587
68122788,170.282
51241051,220.66263297872334
87186215,159.62069999999997
84468326,1713.3
86410473,1949.0816770186334
56236242,152.2087402597402
59626902,678.481315789474
66112801,101.69683498647431
84626603,102.14175675675675
68630773,696.660730994152
33563434,1609.9220276497708
52975992,477.5229927007295
26817104,257.2252112676054
19501484,961.1949999999999
62595745,606.767747440273
41563117,135.48040650406503
52796320,258.9833053221291
21489695,372.9034426229508
56658010,287.0254151624548
91048109,405.0755414012738
68814610,127.27878504672903
47089966,1115.005
79261064,114.32115241635687
43267298,334.79
35491922,152.2087402597402
91103900,128.36066666666665
81885878,261.2191333333335
10004659,152.2087402597402
49810234,108.046812749004
65062190,132.41444444444446
57566037,826.7446726190482
55754004,696.660730994152
99179360,304.5850119904077
67491962,101.69683498647431
55660033,257.2252112676054
96584547,104.12850299401197
36088377,102.1490019193858
97242422,107.573283416528
12109366,114.50824267782428
57248099,826.7446726190482
46843789,696.660730994152
15574311,205.4150924024642
39119987,696.660730994152
95964371,128.39344827586206
93965777,477.5229927007295
32720737,233.56418994413423
38011636,101.52807339449542
28738450,122.27020212765962
82845868,261.2191333333335
92357814,1082.9837499999999
94273774,174.6085526315789
86770972,282.8279518072289
95965665,528.2157446808513
80658412,159.62069999999997
11188732,107.573283416528
78466957,102.1490019193858
77853776,101.69683498647431
81589793,546.9683333333334
49765777,114.50824267782428
88579415,534.5108749999997
65011154,107.76955357142857
32352609,304.5850119904077
25644810,257.2252112676054
36867135,104.12850299401197
88848522,318.76994897959236
54293859,419.64343750000006
33019527,254.65242038216576
46924492,318.76994897959236
19488750,114.50824267782428
94594464,122.27020212765962
73247876,107.573283416528
71373451,696.660730994152
27655514,101.52807339449542
94112335,101.33750677506774
79135715,305.9511743772239
69231521,233.2525454545454
11994136,283.335
27288623,516.0625945945947
88123955,146.51051724137932
10000265,372.9034426229508
79772833,152.2087402597402
93882232,1267.295
32109681,107.573283416528
65404136,140.80593425605528
33831079,826.7446726190482
71847266,403.7961111111111
81003839,182.80133333333333
19285579,109.10529197080292
51911514,184.75230769230768
55539434,2476.1604347826087
44536751,258.9833053221291
70028057,107.573283416528
86860126,507.55229508196726
64254454,138.17057347670251
98284782,106.57246575342464
34610652,127.27878504672903
75568847,546.2616071428573
65674652,109.10529197080292
55019276,530.6884810126584
55592552,534.5108749999997
94267636,151.11062049062048
69222634,152.2087402597402
85591369,559.6280888888886
43835656,146.3803846153846
87803052,530.6884810126584
26232040,189.10726224783863
91061668,146.1078773584905
30001734,220.66263297872334
64074995,1036.8536111111114
98892450,205.4150924024642
30473837,106.57246575342464
95158643,152.2087402597402
42377220,270.83317010309287
64814717,287.0254151624548
30148862,1202.2242941176473
62010302,189.10726224783863
99477712,419.64343750000006
70875105,976.6783870967741
20465640,516.0625945945947
27850961,323.0488235294117
44835254,1043.46
37634561,152.45037234042553
46702648,257.2252112676054
86839823,318.76994897959236
67985741,1002.7396261682239
27791703,102.1490019193858
27289673,846.184487179487
47043760,140.35418738049717
54808934,101.69683498647431
98155995,318.76994897959236
69341643,100.0
19401682,287.0254151624548
97496254,146.1078773584905
26009392,220.66263297872334
76357312,907.172722513089
60644292,159.62069999999997
92095667,102.14175675675675
16021125,270.83317010309287
52662306,113.81903409090906
22527415,405.0755414012738
11178457,257.2252112676054
19452873,859.649333333334
89463603,108.52439024390245
55778959,119.46414985590778
45079947,106.57246575342464
71913651,398.2320865139953
26030335,257.2252112676054
18887144,258.9833053221291
67192573,318.76994897959236
93955593,826.7446726190482
51025425,101.69683498647431
59882564,138.17057347670251
39586553,160.55314285714286
10235871,122.27020212765962
44636319,258.9833053221291
37290007,722.7446376811594
14108687,304.5850119904077
34932666,129.53979253112036
80941617,468.91999999999996
54682782,203.83470588235295
89652985,100.0
13137515,109.88411764705883
69623259,140.80593425605528
58672181,140.80593425605528
19145583,140.80593425605528
15756823,100.0
48404289,254.65242038216576
81082424,1023.2660176991145
73224913,258.9833053221291
75845341,102.1490019193858
98474913,105.3860606060606
41962691,146.1078773584905
48961741,217.5471774193548
87593653,122.27020212765962
84917993,101.33750677506774
24081947,125.83142857142857
54462462,261.2191333333335
51963469,1003.4724242424245
94467679,114.50824267782428
31642363,976.6783870967741
66097711,107.76955357142857
12884742,100.65767045454548
94999391,100.65767045454548
44605879,559.6280888888886
35787017,186.79625000000001
45450960,546.2616071428573
95291199,270.83317010309287
96016558,1609.9220276497708
84566828,140.35418738049717
47412693,140.80593425605528
49029700,108.046812749004
60010012,100.0
75883768,192.88614678899083
26202342,126.57625
42317663,113.81903409090906
81534336,477.5229927007295
89007837,220.66263297872334
55830410,411.22761467889933
42889086,304.5850119904077
81610198,411.22761467889933
17452253,101.33750677506774
71203731,140.35418738049717
80449971,1044.4616666666666
69429731,254.65242038216576
54605956,304.5850119904077
34299688,603.291111111111
87819668,1981.9269230769228
35995429,226.7596374622358
79395935,140.35418738049717
77309412,318.76994897959236
43863935,301.64854838709675
25184246,186.79625000000001
36615071,318.76994897959236
38474717,224.9241085271318
93825316,140.3975
33683398,101.33750677506774
69346242,243.74375000000003
59095929,138.17057347670251
87118088,696.660730994152
45924958,381.63388535031834
78591323,105.3860606060606
37759814,1609.9220276497708
79378632,107.573283416528
74799649,101.69683498647431
53222755,254.41145631067977
36749663,111.81263157894738
48476133,120.64734374999999
49028666,725.4049999999996
74177764,151.11062049062048
14771208,101.37735294117645
53613430,411.22761467889933
58749152,140.80593425605528
32751897,100.65767045454548
26470651,100.0
35002941,257.2252112676054
18541890,313.4097959183675
57596711,1248.9199453551912
24072464,122.27020212765962
31435093,1949.0816770186334
30602585,146.1078773584905
75360000,419.64343750000006
46273615,103.53074074074074
95181699,101.33750677506774
91310621,564.0105714285716
82017783,102.1490019193858
70908643,3064.2782608695657
15861638,107.76955357142857
50835625,107.573283416528
28964861,859.649333333334
29864397,1362.4881132075473
12057084,377.0003614457832
28334945,156.57601941747572
60084019,419.64343750000006
63996133,100.65767045454548
24215888,398.2320865139953
73974645,528.2157446808513
75072747,104.7085588235294
45633768,373.16271052631566
35646913,606.767747440273
53661067,233.56418994413423
78907585,224.31413793103448
76922109,282.8279518072289
62248680,189.10726224783863
73320273,140.70496598639457
22179940,114.84171428571429
26991418,135.48040650406503
21855522,226.7596374622358
55265808,381.63388535031834
58224140,166.85916666666665
19913819,399.75
90275479,114.50824267782428
97988475,152.2087402597402
83636674,367.85712499999994
19875524,433.765
90421480,105.3860606060606
81793670,287.0254151624548
85521270,1949.0816770186334
97359529,108.52439024390245
91814930,264.97574468085105
39016297,140.80593425605528
94156929,220.66263297872334
45023538,101.33750677506774
58269517,101.69683498647431
35694304,1140.8066666666668
64951262,304.5850119904077
95920942,152.2087402597402
41847450,1065.7024427480915
15255858,105.3860606060606
95924527,101.69683498647431
12518283,398.2320865139953
99811369,114.32115241635687
59569343,595.1405555555557
47206769,107.573283416528
51079651,259.77250000000004
23194465,355.71638157894733
83356805,304.5850119904077
26586384,102.14175675675675
55548495,119.46414985590778
86324071,108.02499999999999
75101749,102.14175675675675
16463144,109.10529197080292
19396787,155.79055555555558
33279246,248.09500000000003
49233593,189.10726224783863
48210075,140.80593425605528
55054820,318.76994897959236
96257897,411.22761467889933
51430742,826.7446726190482
83437485,104.7085588235294
50578351,304.5850119904077
97275251,377.0003614457832
16222585,192.88614678899083
39525336,318.76994897959236
78481250,220.66263297872334
90967247,205.4150924024642
84855982,113.81903409090906
57782649,100.15424657534247
77997002,1343.284527363184
36215630,304.5850119904077
95580912,114.50824267782428
59034107,205.4150924024642
74775777,102.14175675675675
39971311,1176.114814814815
89020638,258.9833053221291
51169286,135.48040650406503
99644215,140.35418738049717
90744203,102.1490019193858
96320211,459.25833333333327
36465697,403.7961111111111
86214609,377.0003614457832
81033519,247.55399999999997
61860616,119.73680412371134
11758072,859.649333333334
72796099,119.73680412371134
12154166,528.2157446808513
48588483,103.63928571428572
75800458,159.62069999999997
27360889,107.573283416528
84455620,405.0466666666666
94594944,1530.743333333333
73063439,712.0575
81513909,600.5402499999999
76078349,105.3860606060606
18738053,153.77404255319146
29574045,241.95518518518517
80540560,107.573283416528
25751173,107.573283416528
26008933,2456.2457142857143
99638568,275.4142857142857
16106243,403.7961111111111
46712863,189.10726224783863
62434322,102.14175675675675
41483187,826.7446726190482
56776930,343.16
79612305,140.35418738049717
64780825,151.11062049062048
45536007,101.69683498647431
46661025,2209.732522522522
77061678,287.0254151624548
60393588,722.7446376811594
63346660,112.53045454545455
27845955,257.2252112676054
55504400,477.5229927007295
29005367,151.11062049062048
22069246,238.46217391304344
84008491,477.5229927007295
17133631,373.16271052631566
84832150,102.14175675675675
45723864,907.172722513089
43493787,859.649333333334
66097518,696.660730994152
70168465,100.58813953488372
94063743,107.573283416528
14576418,706.3044444444445
67277120,140.25938596491227
94345958,119.46414985590778
30685847,107.76955357142857
85948230,140.80593425605528
89817663,107.573283416528
32957921,1343.284527363184
46701128,135.28055555555554
70035645,146.1078773584905
60395047,859.649333333334
88839252,1003.4724242424245
84131490,146.53415254237288
75586325,119.20818749999997
80103534,220.66263297872334
43032685,257.2252112676054
15972126,101.33750677506774
41404247,318.76994897959236
38893753,268.4408333333334
73633779,1202.2242941176473
35904393,384.1955555555556
24714022,477.5229927007295
19048345,1609.9220276497708
47004008,107.573283416528
94742593,539.761447368421
75269823,817.251111111111
25552669,119.46414985590778
51828771,134.54
70179002,2476.1604347826087
38115411,107.573283416528
40317565,186.79625000000001
21110207,252.20125
84762082,257.2252112676054
48690899,1343.284527363184
76594160,114.50824267782428
54192522,257.2252112676054
72813893,101.69683498647431
21004583,226.7596374622358
64817154,220.66263297872334
42706195,135.9925
48103074,213.39
21878260,1343.284527363184
36272220,109.10529197080292
13817497,907.172722513089
41737305,1202.2242941176473
45517239,318.76994897959236
89500514,859.649333333334
35952974,318.76994897959236
79180368,411.22761467889933
49972479,347.1174358974358
16468436,101.69683498647431
66415757,107.573283416528
60737619,559.6280888888886
61065232,226.7596374622358
40172654,101.69683498647431
89609665,114.84171428571429
23952725,107.573283416528
72896307,152.2087402597402
43835334,152.2087402597402
15170417,270.83317010309287
67479665,355.71638157894733
33361674,100.0
44130617,377.0003614457832
51579953,224.31413793103448
75908580,257.2252112676054
55554604,108.52439024390245
78855633,105.3860606060606
16657542,806.2902
54732615,516.0625945945947
61746292,347.1174358974358
57869356,262.9733333333333
29926611,257.2252112676054
75275045,186.79625000000001
47886535,159.62069999999997
44918482,220.66263297872334
78968246,317.3615625
54136456,546.2616071428573
90807736,347.1174358974358
60276696,456.8357142857143
82048962,151.3859649122807
92669446,140.80593425605528
48680297,101.69683498647431
20902349,114.50824267782428
56991657,140.25938596491227
47839152,151.11062049062048
78844128,174.6085526315789
13384224,559.6280888888886
46213331,122.27020212765962
34116626,233.56418994413423
13884884,119.46414985590778
86060261,419.64343750000006
33698474,104.7085588235294
65729973,101.33750677506774
10671871,696.660730994152
35704807,140.35418738049717
55231783,109.10529197080292
62208192,1434.1876923076923
67563103,318.76994897959236
72548470,318.76994897959236
35725437,696.660730994152
91119982,301.54599999999994
58303560,411.22761467889933
48430844,160.8
17825416,477.5229927007295
97821966,122.27020212765962
76538437,1248.9199453551912
46855429,233.56418994413423
70135617,318.76994897959236
68330883,377.0003614457832
82205109,1343.284527363184
47743752,100.15424657534247
55059767,551.1062962962965
88243398,1003.4724242424245
44699350,516.0625945945947
35330178,606.767747440273
25203468,119.46414985590778
40479165,101.69683498647431
10947997,122.27020212765962
76351104,539.761447368421
11445786,113.80138461538462
49470754,168.59012269938648
25466549,101.37735294117645
68081302,156.63155844155847
66965573,107.573283416528
91230160,205.4150924024642
44322697,205.4150924024642
17542284,261.2191333333335
43035885,122.27020212765962
73926094,415.416
64948505,378.8453846153846
78950808,305.9511743772239
38422125,477.5229927007295
70854487,301.54599999999994
96303461,717.8957575757576
46698218,107.573283416528
42918073,114.32115241635687
60976113,233.56418994413423
80414616,122.27020212765962
11919826,546.2616071428573
78548658,678.481315789474
21857739,107.573283416528
29877271,1202.2242941176473
12698388,477.5229927007295
11871707,724.5204166666667
80819542,118.78444444444443
95941128,127.27878504672903
15401105,155.79055555555558
32754426,136.91155555555554
69235267,105.3860606060606
71590075,223.79187499999998
93562904,307.82068965517243
48418506,258.9833053221291
91190923,696.660730994152
33120061,1425.8162499999999
79992717,257.2252112676054
57263719,257.2252112676054
97902872,1053.4148
11659952,114.84171428571429
19463140,122.27020212765962
32523829,1963.5525000000002
91862885,507.55229508196726
72799092,477.5229927007295
53477503,233.56418994413423
66993460,151.11062049062048
13665562,373.16271052631566
80709687,551.1062962962965
40330962,258.9833053221291
42684844,257.2252112676054
27675885,107.573283416528
38250322,478.8838095238095
63478776,102.1490019193858
62285686,140.80593425605528
97553472,570.1127272727274
64732641,122.10307692307691
10341748,247.55399999999997
34930451,134.07208333333335
53726168,907.172722513089
69426758,138.072
90029637,287.0254151624548
94611401,1343.284527363184
31394855,102.1490019193858
36645175,105.3860606060606
56281801,696.660730994152
12148162,217.5471774193548
18771087,152.2087402597402
15509457,411.22761467889933
58811830,151.11062049062048
73003066,107.573283416528
34190353,233.56418994413423
70731913,411.22761467889933
55320872,907.172722513089
41886703,205.4150924024642
16884593,107.75684210526316
90415325,2656.3413333333333
28408198,101.69683498647431
65914001,268.4408333333334
75122895,395.46363636363645
80177938,1362.4881132075473
37984269,135.48040650406503
81491790,173.8515736040609
37294085,108.4384375
23335477,135.9925
74996570,226.7596374622358
11602841,1248.9199453551912
70152712,3064.2782608695657
37504288,101.69683498647431
76619689,122.27020212765962
95075447,477.5229927007295
62779399,1162.26
66278648,398.2320865139953
18002070,107.573283416528
94135062,233.0972413793103
74396322,333.73315789473685
97169764,2750.9400000000005
84630384,261.2191333333335
46052909,946.6432000000001
60213474,257.2252112676054
33797784,107.573283416528
59759309,381.63388535031834
47001738,150.04094972067037
76899861,107.573283416528
54444766,1949.0816770186334
26850612,977.4224999999999
22468145,252.5941176470588
39243645,233.56418994413423
35759583,107.573283416528
92468992,151.11062049062048
68717112,411.22761467889933
47344834,377.0003614457832
52115284,257.2252112676054
21042322,101.69683498647431
79258805,1343.284527363184
51304748,411.22761467889933
23253686,114.32115241635687
43275074,258.26727272727277
81602713,184.75230769230768
60924053,726.8282857142858
50363853,113.80138461538462
28412591,114.50824267782428
65145713,110.58633333333334
47077663,823.6933333333334
58136966,114.32115241635687
67034290,152.2087402597402
72057747,257.2252112676054
78034116,119.46414985590778
99365155,516.0625945945947
56151729,254.41145631067977
68997667,155.79055555555558
46532370,140.35418738049717
43276809,146.51051724137932
70460118,288.28
66150334,355.71638157894733
92614050,373.16271052631566
69313526,129.80027027027023
70949373,756.96
98595102,128.39344827586206
57731071,140.35418738049717
58855043,122.27020212765962
45456441,101.69683498647431
39733268,140.80593425605528
71064725,109.10529197080292
29668017,153.3216296296296
94555207,477.5229927007295
60811404,1065.7024427480915
53154973,152.2087402597402
79534885,140.80593425605528
82049293,696.660730994152
19578533,102.1490019193858
66374977,102.83581395348838
16850211,101.69683498647431
98217866,102.14175675675675
33773989,1343.284527363184
14998381,516.0625945945947
92421507,152.2087402597402
66591282,140.35418738049717
27243576,100.65767045454548
58962954,113.81903409090906
62891715,156.63155844155847
40256776,104.7085588235294
92014626,2086.005
68868046,119.20818749999997
47811896,977.4224999999999
86438296,318.76994897959236
10421272,304.5850119904077
56519274,132.41444444444446
84854339,151.11062049062048
95049673,139.8733333333333
65578696,270.83317010309287
85747970,152.2087402597402
69874974,749.6437499999998
34594425,114.32115241635687
14874183,717.8957575757576
91643227,138.072
94998930,1002.7396261682239
25184219,301.64854838709675
78637662,100.0
40102355,696.660730994152
33004293,153.3216296296296
85498300,1343.284527363184
37721019,146.1078773584905
78482421,224.9241085271318
81912650,104.7085588235294
86410146,479.34000000000003
69095320,304.5850119904077
56569332,101.33750677506774
97340317,151.11062049062048
37533494,152.45037234042553
55430447,108.58736842105263
45610406,140.70496598639457
64085140,859.649333333334
81416250,2476.1604347826087
70034683,318.76994897959236
40315264,140.80593425605528
73160601,477.5229927007295
54677638,258.9833053221291
90571590,411.22761467889933
84772888,107.573283416528
90285847,110.92999999999999
80203339,100.58813953488372
73536003,140.80593425605528
56021479,257.2252112676054
10526589,626.616
23648848,146.1078773584905
27805990,127.27878504672903
46740683,102.1490019193858
66243364,210.1689565217392
88626421,102.14175675675675
81009655,100.15424657534247
47576712,113.80138461538462
73803450,678.481315789474
47427075,150.04094972067037
72540520,129.53979253112036
55407503,109.10529197080292
49275948,1065.7024427480915
74312584,102.14175675675675
84174297,254.65242038216576
96261162,203.83470588235295
22879870,907.172722513089
13933179,318.76994897959236
20116066,102.8217256637168
38689361,127.27878504672903
63156536,222.8470588235294
95340838,411.22761467889933
75352375,139.8733333333333
48265534,559.6280888888886
74912030,210.1689565217392
70071430,1580.2891666666667
87025516,270.83317010309287
52784904,282.8279518072289
96281041,217.5471774193548
60302206,1361.0802083333335
88862209,105.3860606060606
66359731,1343.284527363184
56582999,238.46217391304344
78391067,129.80027027027023
84566381,318.76994897959236
15548328,304.5850119904077
49432086,226.7596374622358
49054075,100.65767045454548
71689174,101.69683498647431
64196832,270.83317010309287
85965917,411.22761467889933
30935690,1053.4148
55460540,119.20818749999997
89457485,102.14175675675675
10188743,106.57246575342464
58823191,403.7961111111111
20643935,135.48040650406503
40325735,152.45037234042553
91136520,140.80593425605528
32259671,114.32115241635687
26400774,911.4207692307692
28057887,2476.1604347826087
82844555,102.14175675675675
51111773,257.2252112676054
42987529,237.93095744680852
62978911,105.85322033898305
11881525,528.2157446808513
86857890,257.2252112676054
79797628,122.27020212765962
80357222,318.76994897959236
35431033,210.1689565217392
99201502,133.37541666666667
90452446,559.6280888888886
18670977,405.0755414012738
66979442,108.046812749004
93738605,189.10726224783863
29213200,258.9833053221291
31107212,107.573283416528
91594833,151.11062049062048
82943336,102.1490019193858
68443662,102.8217256637168
93641230,372.9034426229508
50244475,678.481315789474
87626955,1609.9220276497708
51387553,317.3615625
71504785,184.75230769230768
58768482,127.27878504672903
47301702,122.27020212765962
46285200,111.81263157894738
27113638,110.58633333333334
63361835,122.27020212765962
42709073,114.32115241635687
87920715,1091.4587096774192
59996173,122.27020212765962
97865712,102.1490019193858
76462362,1609.9220276497708
38643308,152.2087402597402
62694540,107.573283416528
62141335,102.14175675675675
34503041,203.1221052631579
11311229,411.22761467889933
51623206,257.2252112676054
28560163,127.27878504672903
94388349,1343.284527363184
86256710,108.4384375
61215694,114.32115241635687
80946911,122.27020212765962
35537651,534.5108749999997
66755381,310.2707017543861
73455092,355.71638157894733
34041393,233.56418994413423
30484078,1896.6559999999997
62329986,254.65242038216576
62897188,678.481315789474
51881772,907.172722513089
94211751,108.52439024390245
61613645,114.781875
71479652,499.9428571428571
85310501,373.16271052631566
23110318,101.33750677506774
82884759,254.65242038216576
51095836,107.573283416528
52772048,470.1895000000001
17245854,101.33750677506774
96708865,221.4931818181818
67276218,516.0625945945947
89528454,118.78444444444443
73044839,224.9241085271318
92820854,122.27020212765962
81415527,146.51051724137932
54704500,101.37735294117645
62696690,100.58813953488372
43848311,192.88614678899083
30447397,150.04094972067037
96343937,152.2087402597402
19151468,859.649333333334
75047192,114.50824267782428
29891460,140.35418738049717
47625277,304.5850119904077
57930980,153.3216296296296
48354539,101.69683498647431
27628114,282.8279518072289
32690361,107.573283416528
93744019,100.65767045454548
99861438,152.2087402597402
30181088,129.80027027027023
31181640,254.65242038216576
44766788,140.64857142857142
65594080,411.22761467889933
22508377,140.35418738049717
97181173,249.84828571428568
17420303,153.3216296296296
67800143,441.8939516129031
33454469,304.5850119904077
30418520,121.33500000000001
89752463,140.35418738049717
55142148,113.81903409090906
20848293,102.1490019193858
12617495,241.95518518518517
20378275,254.65242038216576
37172337,318.76994897959236
21839038,594.2427777777777
66993155,100.65767045454548
41249770,140.25938596491227
80181790,745.644333333333
36248478,595.5751515151516
99097401,134.54
16998435,233.56418994413423
28345246,911.4207692307692
97230601,318.76994897959236
67442292,100.65767045454548
54477624,119.73680412371134
22866548,217.5471774193548
86504569,106.57246575342464
81257074,223.61166666666668
53101206,220.66263297872334
77626907,140.80593425605528
15402267,108.4384375
66190974,119.20818749999997
85276459,174.6085526315789
61882567,101.33750677506774
67503548,398.2320865139953
80801220,220.66263297872334
45827465,107.573283416528
13145303,206.75035714285713
92842662,456.8357142857143
73150077,253.60666666666663
10904048,106.57246575342464
89655386,1949.0816770186334
91827598,113.81903409090906
36736446,287.0254151624548
73791907,419.64343750000006
93237533,1065.7024427480915
29020722,530.6884810126584
31344857,108.4384375
67961594,122.27020212765962
82896045,1176.114814814815
79782925,107.573283416528
65627534,102.8217256637168
51055429,1065.94
24073352,304.5850119904077
63468697,477.5229927007295
69815836,107.573283416528
94658489,241.95518518518517
89803063,4149.24
41826065,140.80593425605528
95957321,2476.1604347826087
72164672,107.573283416528
88171071,546.2616071428573
47273090,101.37735294117645
19574799,140.35418738049717
74042503,1343.284527363184
73199665,107.573283416528
32553552,104.7085588235294
99007181,100.0
86459252,171.655
33160158,3064.2782608695657
89403244,220.66263297872334
83607429,1470.0666666666668
54979491,107.573283416528
34711897,135.28055555555554
76049090,152.45037234042553
38209438,398.2320865139953
43607471,146.1078773584905
37603490,1002.7396261682239
28133465,1141.905
66543688,119.46414985590778
13310180,1343.284527363184
70639698,217.5471774193548
31227382,189.10726224783863
27953042,101.69683498647431
62042217,122.27020212765962
91860613,254.65242038216576
55497701,275.4142857142857
20529003,477.5229927007295
95270433,528.2157446808513
99713042,287.0254151624548
78850782,249.84828571428568
57339822,546.2616071428573
89910926,237.93095744680852
22738331,1202.2242941176473
29399410,102.8217256637168
48960030,104.7085588235294
23209349,398.2320865139953
40869262,3536.648461538461
13469481,1038.1095535714285
37901584,152.2087402597402
15827667,318.76994897959236
36279211,3536.648461538461
60254169,119.20818749999997
15666676,261.2191333333335
83527323,146.1078773584905
38323312,318.76994897959236
16145827,102.8217256637168
25816799,258.26727272727277
31540608,477.5229927007295
78332853,122.27020212765962
50241601,287.0254151624548
59793938,261.2191333333335
99765396,305.9511743772239
22142241,131.30408450704226
28238312,107.573283416528
56677251,233.56418994413423
79286536,1065.7024427480915
20049898,905.9760784313723
79883465,1229.3668421052632
64419086,152.2087402597402
35428504,304.5850119904077
83636473,153.3216296296296
91911110,257.2252112676054
94747885,696.660730994152
77052407,318.76994897959236
89274668,108.046812749004
65429257,168.59012269938648
18949424,102.1490019193858
78354959,226.7596374622358
38613499,119.20818749999997
99410878,726.8282857142858
17066881,151.11062049062048
84559340,108.046812749004
45796615,595.1405555555557
18650747,205.4150924024642
87098836,715.22
18956602,152.2087402597402
49896714,1896.6559999999997
51066559,135.48040650406503
72393934,112.53045454545455
63389143,477.5229927007295
35204339,419.64343750000006
51345357,103.53074074074074
46322354,155.79055555555558
33951394,559.6280888888886
41031096,210.1689565217392
42228451,107.573283416528
41161057,104.12850299401197
98892524,151.11062049062048
19811103,122.27020212765962
65448488,100.8778125
32428376,398.2320865139953
85323274,375.81391304347824
92258087,102.1490019193858
79217297,233.56418994413423
11989719,100.65767045454548
28471365,140.80593425605528
34542074,140.35418738049717
29164293,131.30408450704226
84304086,826.7446726190482
31817572,104.12850299401197
77771839,2750.9400000000005
14239440,411.22761467889933
46882099,107.573283416528
38983396,355.71638157894733
31683463,546.7243181818183
78092716,138.17057347670251
42013895,146.53415254237288
65197071,114.84171428571429
64495960,377.0003614457832
68745703,152.2087402597402
51390927,107.71610169491525
94850983,107.573283416528
24328415,138.17057347670251
85572847,1162.26
42303463,546.7243181818183
48215084,1091.4587096774192
35427122,477.5229927007295
62307341,104.12850299401197
63212299,102.1490019193858
97856687,1248.9199453551912
35540248,100.65767045454548
41303810,186.79625000000001
72749855,233.2525454545454
21620577,152.2087402597402
33846878,104.7085588235294
72596574,140.35418738049717
85230815,221.4931818181818
72103187,146.3803846153846
39368813,220.66263297872334
77055150,186.79625000000001
61280124,122.27020212765962
88442406,696.660730994152
34283144,304.5850119904077
20283328,270.83317010309287
15081148,102.14175675675675
30803223,100.15424657534247
95977285,254.65242038216576
73578397,152.2087402597402
23548274,186.79625000000001
70020229,205.8758823529412
13657037,411.22761467889933
62209540,186.79625000000001
69122837,104.61263157894737
56882140,1362.4881132075473
31090970,266.615
18895583,108.52439024390245
56220075,516.0625945945947
81883128,398.2320865139953
85178304,477.5229927007295
44572294,377.0003614457832
69139777,138.17057347670251
77682175,257.2252112676054
98697835,104.12850299401197
82862062,2476.1604347826087
63154444,258.9833053221291
36052607,257.2252112676054
80221636,101.69683498647431
14612606,745.906465517241
22793087,1023.2660176991145
27221763,189.10726224783863
85356281,1248.9199453551912
72870330,101.69683498647431
21631750,226.7596374622358
65662420,150.04094972067037
94704718,107.573283416528
68031612,140.80593425605528
23780065,940.7958750000004
76854946,101.69683498647431
65320814,287.0254151624548
98544588,606.767747440273
66236365,107.573283416528
33614608,287.0254151624548
41538321,205.4150924024642
52604597,152.2087402597402
51929168,205.4150924024642
34989178,107.573283416528
17968995,233.56418994413423
17104507,247.55399999999997
31799006,258.9833053221291
80534303,107.573283416528
39486975,104.7085588235294
70473933,100.0
39315812,104.12850299401197
32664756,257.2415517241379
40582877,154.43124999999998
14853484,534.5108749999997
72018275,107.71610169491525
85501233,318.76994897959236
62857702,100.15424657534247
37589957,859.649333333334
75861106,546.2616071428573
82048801,191.10626373626368
41226392,146.51051724137932
43191623,2209.732522522522
98896014,101.69683498647431
39009427,122.27020212765962
67635937,257.2252112676054
93989030,3064.2782608695657
58213050,152.2087402597402
39089500,108.046812749004
48099206,114.50824267782428
65115683,257.2252112676054
19072238,107.71610169491525
50691779,135.9925
74240054,266.615
57606331,381.63388535031834
50124096,105.3860606060606
50596395,257.2252112676054
96230340,151.11062049062048
73626141,140.35418738049717
12420303,140.25938596491227
64008469,1343.284527363184
44066450,120.64734374999999
27734466,1467.8118181818181
30219489,153.3216296296296
43296487,477.5229927007295
22060633,1281.6142857142859
23197881,258.26727272727277
65499520,152.45037234042553
42012431,438.09613636363633
42076492,146.3803846153846
92931745,478.8838095238095
47924563,102.8217256637168
17036042,403.7961111111111
79903869,140.70496598639457
27876581,355.71638157894733
10911722,100.0
21207465,140.80593425605528
90406241,140.64857142857142
92048586,104.12850299401197
72112785,237.93095744680852
10881048,110.92999999999999
71511312,233.43142857142857
42854203,151.3859649122807
23271785,859.649333333334
92261360,476.2995000000001
14679655,110.58633333333334
90532154,101.33750677506774
32402071,233.56418994413423
90864060,126.57625
27274358,107.573283416528
26334631,134.79454545454547
39224642,119.20818749999997
19272671,304.5850119904077
77841869,546.2616071428573
27204546,1609.9220276497708
12405459,257.2252112676054
23265034,477.5229927007295
97633242,1248.9199453551912
15746059,304.5850119904077
91462754,233.56418994413423
71359730,140.70496598639457
61463575,1045.0645454545452
66429439,140.80593425605528
63351764,186.79625000000001
96265907,151.11062049062048
87085441,783.1733333333334
53920662,405.0755414012738
67679919,270.83317010309287
96779897,109.10529197080292
27837717,102.14175675675675
37035368,305.9511743772239
26123523,400.80928571428575
79652243,173.8515736040609
91451403,381.63388535031834
29758902,173.8515736040609
47019965,261.2191333333335
14375753,1003.4724242424245
85119076,1065.7024427480915
58032446,270.83317010309287
58129049,641.6119230769231
89574518,312.7527272727273
61206117,101.69683498647431
30554474,270.83317010309287
65452020,220.66263297872334
97089415,477.5229927007295
75395475,107.573283416528
58881030,1248.9199453551912
49402947,107.573283416528
68947111,140.80593425605528
48259609,1361.0802083333335
46561397,102.14175675675675
99687364,101.69683498647431
91051315,233.56418994413423
88446486,110.58633333333334
57583992,120.64734374999999
50054814,318.76994897959236
42048168,2209.732522522522
49480319,270.83317010309287
72653841,151.11062049062048
93923592,152.2087402597402
60863343,606.767747440273
64544903,1560.2707692307692
13683649,257.2252112676054
35441685,205.4150924024642
52702103,257.2415517241379
33316809,975.95875
99319395,1348.5354166666666
42958811,318.76994897959236
79034999,156.57601941747572
76692806,398.2320865139953
12247918,102.14175675675675
82872484,108.4384375
74712172,254.43586206896552
40198101,108.4384375
21709825,477.5229927007295
56134477,1197.08
64741940,377.0003614457832
20094279,107.76955357142857
86415472,119.46414985590778
71923505,140.80593425605528
86463105,140.80593425605528
27182144,114.84171428571429
78605487,270.83317010309287
61339703,108.046812749004
19457777,123.3634188034188
14282521,134.54
53055745,122.27020212765962
64045100,258.9833053221291
67336212,168.59012269938648
30110453,114.32115241635687
84766140,152.2087402597402
37132913,140.35418738049717
37337576,1949.0816770186334
81785280,859.649333333334
33749639,105.3860606060606
65293655,257.2252112676054
99472212,1957.8728571428571
78611736,122.27020212765962
34109955,477.5229927007295
85732620,305.9511743772239
22271257,117.45431818181818
17111467,102.8217256637168
87529909,226.7596374622358
80109140,418.9836363636363
74139761,122.27020212765962
46468468,1002.7396261682239
11871024,477.5229927007295
38948416,2209.732522522522
79710564,859.649333333334
76775271,151.11062049062048
39022631,477.5229927007295
90991831,546.2616071428573
89162323,257.2415517241379
23588134,477.5229927007295
97925196,911.4207692307692
73394555,459.25833333333327
81939394,151.11062049062048
34503849,459.25833333333327
97624284,2750.9400000000005
83688015,173.8515736040609
26753007,107.573283416528
87953339,184.75230769230768
63187534,725.4049999999996
67816850,477.5229927007295
58193423,522.9484507042253
63256520,107.573283416528
14482256,205.4150924024642
70047018,146.53415254237288
25694473,100.0
18876734,140.25938596491227
24815106,826.7446726190482
32093953,104.12850299401197
21672606,477.5229927007295
51265019,102.1490019193858
46633682,528.2157446808513
99505720,127.27878504672903
72684116,305.9511743772239
73603518,224.31413793103448
42812113,1003.4724242424245
91497924,226.7596374622358
94645725,105.3860606060606
83011406,696.660730994152
40459671,318.76994897959236
28128683,367.85712499999994
89799485,189.10726224783863
78077056,477.5229927007295
60018274,254.65242038216576
63035070,258.9833053221291
50452662,140.35418738049717
90748238,191.10626373626368
19626211,114.32115241635687
76831160,107.573283416528
64430456,122.27020212765962
21788725,113.80138461538462
62692428,381.63388535031834
44601450,101.69683498647431
84918858,2426.1059999999998
60654538,150.04094972067037
33549671,102.14175675675675
96482407,189.10726224783863
38139452,110.92999999999999
25148521,102.83581395348838
39090111,826.7446726190482
37364225,101.69683498647431
79808740,114.84171428571429
54570288,100.65767045454548
81519320,113.81903409090906
61290981,102.1490019193858
82595740,696.660730994152
99018938,140.35418738049717
84429722,153.3216296296296
70463415,129.53979253112036
13251670,220.66263297872334
63915791,108.046812749004
37156544,205.4150924024642
19087720,191.10626373626368
15777066,304.5850119904077
88419707,100.0
48515636,113.81903409090906
88810042,107.573283416528
55078871,110.58633333333334
82278966,189.10726224783863
33265741,745.906465517241
64678931,907.172722513089
26504939,101.69683498647431
64056925,477.5229927007295
46046461,129.53979253112036
47352478,441.8939516129031
91442238,104.12850299401197
89293921,138.17057347670251
12378808,261.2191333333335
10153799,107.573283416528
21954731,826.7446726190482
76938502,152.2087402597402
51632874,151.11062049062048
56510091,2750.9400000000005
54773302,170.282
29181400,257.2252112676054
36937513,1176.114814814815
75732466,220.66263297872334
53117846,318.76994897959236
38538746,159.62069999999997
27988038,102.1490019193858
48886162,101.37735294117645
24085686,102.14175675675675
57820012,1343.284527363184
46878225,1949.0816770186334
20632751,101.37735294117645
47775231,140.80593425605528
46789610,1609.9220276497708
72806360,373.16271052631566
21856002,1202.2242941176473
42319053,367.85712499999994
99630613,108.52439024390245
61255494,140.80593425605528
76945971,258.9833053221291
40393163,140.25938596491227
81941837,373.16271052631566
45930551,1692.87
24573538,213.39
52994547,122.27020212765962
28445231,846.184487179487
45643109,381.63388535031834
75887247,270.83317010309287
46367713,152.45037234042553
12575157,122.27020212765962
85076068,373.16271052631566
84603623,2426.1059999999998
45514815,140.80593425605528
52278951,1609.9220276497708
50360032,678.481315789474
52896193,140.80593425605528
91847198,411.22761467889933
25179521,210.1689565217392
92545328,102.1490019193858
75231573,128.39344827586206
37926120,606.767747440273
51096687,140.35418738049717
62646217,119.20818749999997
62619222,940.7958750000004
39457866,100.15424657534247
47130686,261.2191333333335
78763249,1343.284527363184
69618147,151.11062049062048
64127746,270.83317010309287
56593004,254.65242038216576
97403924,221.4931818181818
73948550,570.1127272727274
11236514,411.22761467889933
54389520,140.80593425605528
76068841,398.2320865139953
59631248,419.64343750000006
34575405,107.573283416528
91359645,128.39344827586206
14542871,102.14175675675675
37836409,282.8279518072289
99958710,183.03
50329848,826.7446726190482
55825298,186.79625000000001
43158591,696.660730994152
95022900,678.481315789474
11903900,134.07208333333335
59905554,123.3634188034188
33394781,205.4150924024642
85262305,205.4150924024642
18156267,305.9511743772239
77719072,233.56418994413423
72353806,1343.284527363184
61973490,233.56418994413423
80257850,678.481315789474
27763246,140.35418738049717
28152447,168.59012269938648
40447839,268.6823529411765
88401173,205.4150924024642
77151749,107.573283416528
76938434,287.0254151624548
14595997,107.573283416528
22245783,140.80593425605528
45164346,256.8514285714286
44320199,122.27020212765962
35470526,122.27020212765962
83276172,102.14175675675675
65081928,102.8217256637168
34774976,1609.9220276497708
10096416,1350.31
76574726,2656.3413333333333
88509347,113.81903409090906
11304650,696.660730994152
26418453,102.1490019193858
69643263,114.32115241635687
30241547,122.27020212765962
89725513,693.5119642857144
32289745,559.848
33888699,220.66263297872334
67508421,101.37735294117645
86446610,826.7446726190482
71641515,4077.9428571428575
46243423,114.84171428571429
86921194,528.2157446808513
15222892,113.81903409090906
29435694,110.58633333333334
35795322,164.67875
39026338,107.573283416528
27051431,112.53045454545455
91107111,100.65767045454548
76674186,152.45037234042553
17932616,678.481315789474
86326117,1467.8118181818181
64151997,517.7891666666666
