customer_id,monthly_spend
20451981,964.8023025155876
23251656,443.14416706412294
64082260,315.1409581226185
82505923,70.76161127603018
89981994,660.7599622281796
64973937,318.46384752126414
27610278,291.37692732824144
35883083,541.1541950299729
20490020,1139.1789752092227
54517670,502.80918841083485
94359232,-33.43195077128166
17326886,452.0038535232502
86594167,1724.608606726471
94873255,32.64671306186074
62944765,797.8073499339635
95482882,406.7829597018531
76963069,1266.8608435461283
25112257,2091.8233500643887
69916855,977.8161076994938
71088357,253.26202911407154
50168897,-141.87086374300407
67403679,197.79674259195508
55474643,912.3841808873331
54852556,786.3191551028804
63667529,21.479858835376035
48025998,496.11779351372934
93351324,491.7812103896881
18887996,267.1050357182198
49568688,673.0814142912891
92911099,415.0891692455207
11717924,252.20069138296913
62085471,480.4754799578659
78336143,-26.879432079513208
13087851,527.2655723260091
33506258,574.932510120102
61356554,-254.23175912864554
11967368,189.12154843798135
98374877,132.22593957445633
76845536,666.8522641100117
59313599,310.7111148930553
41041059,1064.8893898438268
22292838,280.5790577120624
99892065,223.68344884853786
78345355,1053.9070279224957
85986903,156.95804799441385
27715035,149.1140831665748
66099730,685.8630831643354
75346786,397.4610285268982
22860710,34.1226515030844
65958654,163.78831909685778
82607442,377.34325564165647
43471475,114.69105896135625
36465070,762.3209600917512
21931749,167.48019310580912
66815930,858.347188800733
44485157,263.9210225249126
78728059,408.1220498436305
89264710,73.94562446933787
81874643,349.3794900226844
48603927,183.72159967694597
20257622,393.67589441242444
88360790,-50.08998595843195
79411556,316.9402650743332
24819092,325.0163662130326
74678656,155.71221795815836
22548045,97.24741054788728
95827783,653.2393659108311
60019526,408.4433904482298
82548254,557.7666141173081
90453319,139.14744287653093
15312091,508.66935398180703
34786964,387.2186637320706
46684232,292.8528657694651
84597099,223.4989565433848
98134524,872.5135639153718
18531043,755.7724972117667
14953383,505.02309607267034
80944054,272.59621667888587
34873753,360.6396043546911
95577033,63.47112336365035
50215436,251.41507815664954
95347203,376.9742710313508
58614046,561.78185663675
40368791,351.8255339953798
23316775,547.3377291114352
23331513,619.3242025212567
40038060,259.6300555006869
22096579,213.62354845297068
24978810,478.5372968008137
65890694,263.18305330430076
47906818,922.1207127724092
38478694,367.0988629409371
54797755,271.71937125293607
44533278,482.5505114143639
58182080,330.04530245786964
67491014,528.5570184620801
45798475,320.63011117739234
41586132,446.9272732727054
22956540,292.11489654885327
25367334,600.3113555610407
70503250,24.8483643338368
58307796,338.7184687059512
59859757,451.95823742343464
47787665,258.0608569539404
69610612,262.35182397816607
66658967,505.3008484833463
37962749,587.6685628933328
87675902,863.148044546494
61682179,359.94725123389435
78073125,561.2283797212913
73229345,242.64865180304605
43171437,660.7143461283645
69766997,170.9399308039001
14939250,2306.717376750966
12328281,166.00222675869327
76560997,483.6138770513585
57569914,394.832520154941
20883894,408.02878973810857
22766188,299.9132452768772
62905121,-41.59928410961129
36295477,1074.3461414123358
55610529,137.99284503990566
40366302,326.30781234910364
18624954,328.569364016646
72668820,351.1331808745831
23817472,173.57046708174903
99830054,295.48340204731403
63410560,425.5180542513931
11811963,253.49213751903972
68778133,95.03350288605179
61211015,296.68361598375395
85223112,400.5994256203903
17785980,-29.694460662515212
51523712,413.289862293806
88242319,348.9648893125632
66674532,255.24582837093885
76442132,537.8333335372199
84193848,136.33241429352893
80878809,159.17398356214153
92088473,638.7496222857012
18574912,247.2629873377623
82956926,574.2857730991204
57265640,164.94088902759086
27961225,402.9998534932711
65404075,359.62388272340377
98698597,414.67254062950724
63221757,379.23582269889357
45396691,396.86193551162387
95724535,134.4854633361074
98157590,394.9693684543872
60909030,540.2317335042085
20932142,-82.1602262964766
85604729,219.94595873977096
25410553,451.1726241971155
76477501,337.88926728570914
29459273,170.70982239893237
71879657,228.75800119319
67115179,-86.08220871039657
82348794,371.3442138653472
32880748,384.91149596471223
36203607,411.1215707317856
20891850,454.7276499066211
94570583,709.9504824692035
47560755,-13.774394695976753
39752876,680.5107784090073
68980243,256.9062591173156
71143374,418.1343062334904
89917748,373.9747501431957
30461949,687.2477894059284
67458886,134.39423113647672
44166816,507.239031640398
48218923,305.7277947480334
83104523,292.2537727541908
23739634,383.0645450072907
45544123,510.4230448337057
72316980,326.53792075407137
24805396,488.92056570687146
85045576,661.4999593546836
21314164,684.6628692278946
52842656,307.6659779050856
12382139,148.37611394596297
88152347,379.09694649355606
49270171,321.64786071457183
20221404,682.5401937656898
25851974,295.2532936423454
95701680,783.0418818040503
83739665,306.0967793583395
61996348,198.44145170704405
12797236,216.94643785161634
25554853,783.595358719509
72618187,362.16115889572984
77583489,320.30877057279395
79450582,-270.5208097054897
84595636,303.69635148545876
89981949,691.3998802248161
69424476,70.25375046038653
55064308,970.8013442918973
82956266,253.8611221293454
60185159,551.7219562411833
80612747,339.04386512233395
41303090,459.849846256981
13517787,-7.406368309360914
34078093,822.0336254441695
69030112,384.58812745422165
61791328,411.905156052213
51789245,433.36201907923214
88068699,231.98965839220546
33399367,295.48340204731403
79597553,285.19339324677867
70695101,733.9446216685492
98169962,958.8488768390935
89251190,-122.53667617818974
53044281,300.74447460301144
73528670,364.9305713789163
14751149,540.9697027248203
61490053,476.73798984909945
51385275,562.2897174523937
41764194,480.10649534755976
96598282,455.650111432386
96823449,72.51530212792977
30931247,342.22787831564165
60872668,423.94885570464703
97835669,688.3547432368459
36785828,365.761800705051
25812131,516.4677027098305
38410800,404.890392644616
33023072,-6.208182278813183
48250594,123.18176081017691
94891015,460.4945553720704
65307671,317.5870020953148
99621779,392.89433699788924
83959755,711.1963125054585
64535310,539.9560089994247
30594968,889.9115962290261
10263960,307.5727177995632
60876075,-136.7030512928286
12217583,379.6048073091997
29989580,504.4696191572116
31184452,566.4874243710965
16182148,970.1546072709157
74700470,515.7297334892187
53084609,473.73846896094483
36052930,485.4131840030732
86583512,-70.80887976483973
10930793,425.5180542513931
74179918,-200.19679494793763
89853445,519.7905921084757
75258370,-241.12672174510863
93197004,528.4657862624495
16551408,64.90144570505845
36115326,376.4664102157071
47243451,575.854971645867
90773939,254.41459904480462
30735291,368.11458457222443
66891211,-338.7221490008369
77142249,162.2191205501117
24530798,311.5879603190051
78204046,1.6834265547331597
60230110,422.518533363238
13017302,488.41270489122735
21044447,587.0218258723512
28976655,444.66774951105435
52214813,-0.853849617592914
61575366,157.92815352588605
23125986,264.7046078453395
11614855,184.69170520841817
68090330,-57.28924167118157
31241329,470.3243473626685
21561157,169.0950077523703
61917300,216.62306934112576
82147824,83.86664865956709
91513421,116.81373442356198
30753790,569.9927781690035
33700064,320.30877057279395
86773406,1996.8584590865098
41719197,160.09644508790643
67399596,442.1304733387278
37696535,-13.589902390823681
15791208,680.6476267084527
24348676,285.7012540624228
24480974,593.5287284643045
49440078,300.8357068026421
48242779,586.051720340879
13405947,966.0481325518435
34531671,126.04240549299402
63652222,501.3332499696112
97745210,180.63084658916114
48557187,753.4176854387015
79801016,498.8415898971002
93409518,197.4733740814645
48891463,-111.41543805152014
41134793,95.40248749635748
76776302,681.5265000402942
89505130,166.69457987949
46129267,565.8883313558226
57862630,153.68280260147594
32227094,479.2296499216104
72887559,355.515380098439
97826236,191.5199484049699
40250768,400.000332605116
56765848,75.74493142105257
11244823,267.84300493883165
40189321,334.3362694820953
68120430,751.1105176713431
64917610,337.8436511858936
79290200,941.6850087421917
13110537,306.3268877633077
56816135,505.07074007837764
27525357,587.7141789931479
71914367,604.0488456698076
23989491,1250.0162881479332
86436168,716.1796326504809
63499286,317.817110500283
18619374,463.632952465563
52222614,368.4835691825301
75467866,209.1937052234075
28926111,237.66533165802366
98661834,272.0427397634271
73087852,723.6546128680143
48887326,638.5651299805486
87383314,-268.9059950589285
88682579,848.5650408158417
12617324,196.08866783987105
49224165,865.5028563195592
69951588,388.0955091580199
11713703,608.1097042890647
59435002,1230.8686207941637
61153563,309.2807925516472
57206499,1178.5893753712467
89140242,197.612250286802
95100771,472.44499491898205
32638417,634.0876427452777
61625712,383.52678972311924
61250133,220.63831186056768
17952873,1495.224836414764
14513813,839.6141221570847
57500282,-97.20344683706571
51340284,250.86160124119078
35897956,451.311500402453
21856280,392.70984469273617
36786275,301.2979515184702
99178725,736.390665641245
48955886,300.2366137873678
51811678,805.6056986619874
81930210,248.6476935793553
49161318,612.0316867029846
24723720,665.9754186840619
14950936,326.63118085959377
54638593,313.7106357812104
98115682,624.1686464609411
10533857,829.1852371512118
87478097,282.8406093796052
60429975,185.19956602406182
38969729,6.2521459896343
64656132,40.26056948473115
86963086,430.6858667015681
17268859,596.2048808419681
72142121,742.9888004328286
91574809,252.06181517763116
54272037,-206.0113444190938
16058661,891.3875346702498
74133244,630.0744281317279
14281752,-341.7672859888071
46666867,-204.39652977253218
75686584,1190.029926196623
25546684,248.6933096791704
80619174,488.6428132961955
61749604,182.2456612357223
38248391,594.7289424007445
16877088,112.24501498866039
99140321,706.5819769707427
15975231,391.14064614598965
40531945,508.1614931661629
71708672,56.45635995605335
85030779,544.6159606339561
61117487,293.8229713009373
42638536,289.57762037652674
82326061,99.83233072592066
17028661,839.5208620515623
26048783,230.74382835594952
34262255,241.72619027728115
14326462,277.57953682390826
93816989,386.2029421007828
23690395,357.8245757716895
94999262,627.7216442645545
81971277,89.1733373150796
90562416,-85.02087097929416
95799765,-15.897070158181577
89244724,106.89271023333231
83879641,221.92975799663827
96424387,642.4394683887608
51051501,274.349907530785
29249441,797.9006100394863
62893412,334.060544977312
61417835,378.0356087624532
62755928,358.1003002764728
66501572,768.8278626837036
76084740,256.6761507123474
27624326,279.9779367908968
86757966,1088.3300521277138
92455037,428.4243150340253
67852942,316.20229585372135
30696098,550.5217423047429
44792329,74.45348528498153
10390388,631.643626678474
17826936,346.6577215452048
71880941,647.1014479291844
98184673,83.49766404926095
60002125,-102.1867669820881
34664804,72.56091822774442
37594595,347.7190592763077
42980815,378.31133326723693
25819880,241.03383715648442
16484408,567.7808984130593
91766904,151.92911174957635
82866803,84.28124936968834
82424284,518.6359942718509
72903422,198.16572720226077
11480750,82.48194241797364
96983867,9.436159182941992
41426492,214.3159015737674
24002286,310.5722386877178
18056145,371.1597215601946
72362977,291.51580353357895
15977163,496.39554592440436
51036186,70.80722737584574
34918337,547.0599767007602
20599813,-214.17867775742343
19900890,830.8020797036652
27971378,340.10520285343637
50965403,134.6243395414449
49026734,1147.8105811692726
14192253,627.4915358595863
76817070,495.2885920934864
41164681,314.21849659685404
94312885,203.28792355262067
38527851,104.26217395548383
88279496,624.952231781368
15498361,462.38712242930706
17691622,-3.4843858954418465
43719564,889.125983002707
27861137,14.096110817473345
20308452,-14.835732427079165
97996598,232.7276276128173
93656677,502.80918841083485
20464937,311.5879603190051
25195757,140.7622575230921
95231592,368.3903090770077
96604510,997.8406204792132
12888073,424.4567165202907
99408984,88.84996880458903
65238591,308.727315636188
24114707,609.448794430843
70796256,-49.35201673782012
64703869,582.5007504431578
35203752,355.8407765148222
47453323,70.4382427655396
12385313,467.5093187796674
54441418,479.3664982210562
83549825,757.1551755474675
20370209,671.7879402493263
68357218,679.171688267229
62743829,21.525474935191596
20331898,355.1463954881333
43934228,279.6565961862975
47620709,305.1266738268673
75355275,14.419479327963927
63446649,48.24341051790816
89051919,1096.8663700763495
92954904,613.5076251442083
64731800,546.3696514858552
27945685,213.3934400480025
98412215,247.58635584825288
19535502,792.3638129790052
66516822,335.81423582921116
45373292,109.89223112148738
34711249,224.05243345884355
48370651,946.8984372921818
71354510,391.78535526107953
56728847,192.12106932613642
40004525,654.0705952369658
94648945,184.32272059811248
62756732,192.16668542595107
80428237,367.05324684112156
64878556,141.63910294904144
30597278,75.5604391158995
40357660,344.7195383881526
98010210,450.5279150820261
43275959,274.62563203556874
67938712,382.8800527021376
50506973,597.9109276881604
27421159,415.41253775601126
51123211,-56.08902773474165
51887530,-47.737202091258496
68372581,372.6833040071251
31184062,299.22089215608
55543655,977.7684636937865
71805162,119.3053944960725
98612541,637.2716559385858
67235486,587.4840705881793
35490134,-10.5447654028535
74647441,461.27814069249735
73962817,291.19243502308836
95192638,854.887451102642
96803902,576.5473247666632
97635826,-56.96587316069099
34428942,988.798469620825
86699979,244.95581957040395
79766437,180.63084658916114
55732878,165.26425753808144
20035702,522.0977598758341
54997853,464.0475531756838
91776457,155.2976172480371
13967606,870.0695478485686
88365927,-35.14002552336569
92907413,293.40634268492386
89771364,448.5420879192666
75648081,856.411033549573
97365061,62.96326254800624
29587137,117.73619594932643
22019813,250.63149283622306
29469529,435.0700938313157
66670735,-32.00162842987311
84380411,477.8449436800174
17040729,567.5031460023843
25307807,866.7486863558152
33962361,504.2851268520585
67969299,-35.92361084379263
38562471,588.6822566187279
33114742,766.1537382119318
54307298,637.0891915393245
20058700,326.72241305922444
33779532,102.6473593089222
88110162,110.12233952645556
36112292,891.8497793860788
38475061,515.8209656888494
92644264,192.25791762558174
92355731,973.5707567750837
75478249,-90.83542045045033
23875741,370.6062446447354
88793850,475.44654371302886
14142195,589.2377614400789
67422773,808.7917397611873
36705498,234.11233385441028
62072834,475.44451580713667
33337577,427.5474696080755
14298054,788.9953074805444
96998725,259.9057800054702
70579244,393.0788293030423
26844678,235.54265619581838
97441250,164.48067221765405
49239286,466.17022863788907
19469855,307.15811708944193
82552850,167.94040991574548
60170958,284.0864394158607
28237826,448.5441158251583
84208342,737.5888516717928
28295140,225.43713970043655
38477827,503.2714331266634
54941872,485.73655251356377
15450767,513.8827825317967
93656934,620.0124998302695
54273142,227.51217115693453
63648675,189.85951765859318
31875954,527.2179283203018
60881802,41.04415480515854
17233443,682.8635622761803
28953932,251.00047744652875
64958348,632.9350728145446
27038940,509.6850756130939
25667330,250.95486134671364
89200812,246.70951042230308
63109620,547.1532368062822
34692595,408.99889526958077
45554823,379.97176401361367
50487516,351.3176731797362
37970303,588.6822566187279
20944145,119.35101059588806
54232510,-280.99531081117766
58289637,299.72875297172413
70295882,645.0243885667942
11855847,436.1770476622337
26640485,436.6849084778778
92806514,625.5989688023492
43703605,399.3992116839504
75507937,403.922315019036
21361381,-147.03867619317907
73615273,827.5724504105428
92437179,153.2205578856474
57813173,239.74036311452164
99373127,612.6328076241502
95805212,802.5149455742026
61946147,475.72226821781214
24903202,-75.2387229944029
88268253,532.0187840660628
45270713,726.0550407408946
67013519,641.0567900530591
64480094,647.70256885035
18481385,537.740073431697
69314375,495.518700498455
58464172,298.43730683565354
57844179,295.0667734313006
65371057,276.14921448249925
22749627,137.39375202463134
64747851,1681.7881407779546
35545690,686.3709439799791
91575937,222.8066034225876
11663787,714.7452544972884
59570536,-39.615484852743975
53724418,715.3940194241623
78572661,551.4421759246161
38544041,347.0246782496188
27091356,1066.9188052005097
20013110,341.02766437920127
11862841,31.123130614929778
54926458,561.597364331597
72702715,350.7165522585701
65477001,396.4929509013177
99407693,207.71776678218384
15192014,351.87115009519493
87232785,147.86825313031932
76412402,86.17381642692544
49393943,213.66916455278624
53853124,279.1487353706543
17486636,771.7817674720432
64895733,769.1512311941942
64938150,508.57812178217637
62321885,54.65705300433865
14616504,156.03558646864894
53996148,796.3770275925554
17209399,367.1921230464595
25102335,166.64896377967443
54515012,336.2288365393324
80596244,342.59686292594733
54217244,484.85970708761397
29133774,115.93688899761173
60727794,333.1836995513622
55160698,194.47385319330942
18231141,433.13191067426396
91091163,1079.149025063989
52747750,-5.607061357646671
97932301,283.07071778457384
77391969,1091.1906968105309
64274314,85.8504479164344
82861922,143.06942529045
95155142,257.55299613829675
57522876,320.1242782676409
46054634,32.13885224621663
32006732,393.3545538078256
62808198,157.92815352588605
60875435,187.69122609657325
15688688,363.3157567323551
13559129,240.01811552519712
25489744,286.94708409867826
55669591,544.2925921234655
10763911,210.57841146500095
15579269,-187.73849458538234
18433265,668.9272955665092
72131946,321.37010830389636
50106249,261.2448701472481
21363716,345.8264922190706
80090384,328.79947242161415
37971475,667.127988614795
31314120,185.56855063436797
73683678,-55.07330610345389
29703095,1303.2240788142908
87144591,227.7443074677949
44689207,533.8180910177775
42450190,180.86095499412932
92653218,845.2441793230882
67727493,775.7493659857782
55742747,853.9193734770615
96941026,558.5978434434423
89824134,760.8470495564188
19822449,766.8896795266519
18676315,1720.9167327175196
17316044,180.261861978855
81559769,472.0760103086759
98912158,554.5369848241849
67772871,225.06815509013086
65921862,575.3947548359301
12636566,343.7494328566804
88608909,325.89321163898194
43902318,674.4184765271752
59512038,1018.2381736810216
77976362,679.4494406779045
57092914,171.58666782488172
47412567,348.59590470225703
17145991,372.7289201069402
56270450,397.78439703738877
47467383,849.7672826581743
10449714,957.8351831136979
43156511,235.1736715855127
71377851,63.70123176861807
54093810,46.81308817650006
78096026,192.16668542595107
57320154,183.26138286701007
45383520,136.6557828040195
38351707,465.9401202329209
70796190,134.39423113647672
29977177,91.52612118225306
97584339,232.44987520214136
47886559,1009.7454439263092
45622137,611.8948384035384
21500277,415.96601467147
47647928,776.074762402161
54496344,173.3403586767804
44268785,289.62323647634184
75946241,56.73411236672882
30459191,497.2723913503537
15840319,765.41576899132
72588739,392.98556919751945
73017157,145.56108536296142
25420365,293.86858740075195
55377863,351.87115009519493
51370964,194.10486858300374
48905468,529.1581393832462
83191846,68.0854588983666
59334183,420.7192264115238
94009638,445.72908724215677
41721760,540.0016250992398
35401283,670.0818934031345
69685525,40.62955409503729
84271975,596.3893731471212
95753616,653.054873605678
32526219,32.13885224621663
64532934,650.7933219381357
76031822,463.9563209760536
52468855,-197.52064257027314
21028902,357.87019187150463
34108713,221.6063894861477
84943048,657.6692091403943
84439701,95.77147210666362
16539498,-30.24793757797397
24537949,186.3065198549798
19537971,498.14923677630395
72069403,640.1799446271098
84333546,297.83618591448703
11868598,566.4397803653897
72165230,693.2924472820528
86606477,444.11427259559514
85432562,163.28045828121412
53853013,295.7591265520973
87319378,350.71858016446186
32466967,512.6369524955417
80519195,-180.8626073831233
12289146,351.27205707992107
17893529,606.8638742528092
76217556,984.922103306721
27323024,554.5369848241849
86557861,456.9415575684566
37601873,452.23598983410966
43146250,486.98035464392706
51498335,1693.6473481252356
46939189,600.1268632558877
36620181,82.43632631815854
59890806,307.6659779050856
19160668,154.92863263773143
94555827,164.8496568279602
73451577,737.4520033723475
83828090,-147.73102931397534
92021594,-143.48567838956524
15822386,177.58570960119096
57405310,361.79217428542415
22671359,864.3482584829344
68101436,-158.71339123530743
66910009,190.96647148951115
55778706,208.82472061310182
75120697,59.64037314936104
12885545,46.858704276315166
28604372,273.98092292047886
97297156,1120.1701840607907
18964928,1280.5173299392318
61244754,812.5748459697688
45178470,432.5784337588052
65250669,149.94531249270904
75566313,499.6251752175276
25053248,110.44570803694614
71082761,499.21057450740636
25210276,574.3334171048277
39718089,493.4872572358804
51364178,-69.42417352324583
31211994,176.9845886800249
71509945,452.09711362877215
98330029,107.76955565928256
22456435,398.2466417532173
56912862,500.64089684881446
41548833,649.7319842070328
34760776,-283.81033939417966
54015943,1454.6679500396826
75943554,311.40346801385203
61847706,485.4131840030732
79766441,63.56235556328056
29099073,-145.9317223622611
92971983,173.52485098193347
77042656,770.8136898464631
41355522,352.84125562666713
37905258,228.11329207810104
62845536,216.2084686310045
70252689,-186.90726525924765
69012389,-215.60900009883198
55230723,120.41234832699047
36148733,502.67031220549734
11166306,283.8086870051857
86661349,304.1585962012873
39933083,207.7633828819994
91301497,256.999519222838
84697954,383.8957743334249
16890490,118.75191758061374
46638869,-58.58068780725216
44149767,480.2453715528982
18897403,799.0531799702189
77411533,237.01859463704204
62885631,319.89416986267224
34219564,483.70510925098915
69042251,478.12269609069244
24137005,286.5780994883721
66305720,214.2702854739523
17619455,229.49799831969403
63065642,185.24518212387738
43970026,400.5538095205752
78870428,298.66741524062127
72114631,121.24357765312516
84664219,259.99904011099306
25739422,484.720830882276
54038039,535.9863825797979
55081531,593.5287284643045
45672847,211.82424150125644
29734641,474.7541905922317
63805244,686.3709439799791
82782411,99.324469910277
64705797,365.11506368406936
59326862,137.20925971947827
48549098,1119.662323245147
39570097,146.66803919387894
98000370,309.4196687569847
63674921,333.1836995513622
16674336,331.24551639431
77063987,-102.74024389754686
67143015,87.09627795268989
10570033,680.0921218871022
47185088,490.21201184294205
63757190,-63.37951564712148
43453041,631.7804749779198
17890447,411.67504764724436
34735493,230.74382835594952
40580820,461.5558931031728
84776860,621.5837262829073
34883247,390.4939091250085
75437035,123.27299300980758
63198281,657.6692091403943
33289878,532.9868616916433
42222441,-8.283213735311165
53518898,243.2021287185048
77756377,-3.668878200594918
66266331,572.1174815371
75207542,335.85985192902626
65741993,464.3232776804675
30452290,164.8496568279602
30341625,133.3785095051894
10196118,545.6772983650585
39997400,391.69412306144886
42764498,349.0561215121934
93568775,51.842024421337555
60138513,447.2982857889033
95863174,315.6944350380777
92194956,452.6049744444158
34979379,470.73894807278975
71517927,256.39839830167193
80092401,-120.45961681579956
29853468,749.7714275295648
95595164,179.0160319425995
47277321,481.53681768896877
95111852,187.18336528092914
49309773,381.72748277140454
52060622,364.0993420527825
18920892,422.518533363238
95549548,408.49103445393666
28343921,225.06815509013086
24575136,601.5115694974816
51405326,522.1433759756496
88024456,686.5554362851317
61475538,1506.3957464530326
86032798,92.40296660820286
99829874,455.5112352270485
96251785,743.1732927379812
11235918,225.99061661589576
41084979,69.0079204241315
31949326,41.552015620802194
88425482,271.11825033177047
41724063,836.4757250635926
24244868,620.2466640470211
96443454,640.0866845215874
83159015,262.25856387264366
24632345,604.3722141802982
44153806,464.14081328120665
93580629,545.9074067700267
53277959,382.7888205025074
99759183,751.1105176713431
55252816,71.26947209167383
41285175,171.63228392469682
73261084,355.74751640929935
99347555,826.6935770787013
70567494,127.33385162906507
76764787,732.7444077321088
14328685,317.9559867056205
66866287,266.55155880276106
49679159,647.9782933551337
58671247,297.60607750951885
20236719,900.2472211293762
34585357,403.9679311188511
45051453,453.8964205804864
51786574,370.6062446447354
79731887,935.0392299449009
54354970,519.6060998033226
77833826,506.3165701146331
80242735,84.23563326987278
79336488,406.04499048124126
51121070,439.08330844486636
15930057,660.4365937176885
84864986,703.1202113667596
97820091,725.0372912037151
76206876,484.3062301721552
34508398,431.56271212751744
15581330,424.1333480098001
24272114,718.9014011279605
45684128,275.1791089510275
53910689,233.41998073361356
89611963,970.892576491528
19439294,211.45525689095075
44476677,530.4495855193172
72816714,817.5105221090839
74817899,70.02364205541835
24462605,293.36072658510875
62629343,461.32578469820464
60387272,144.8231161423496
60976677,351.7799178955647
25938630,329.4462094425958
89171283,456.618189057966
23407854,325.2464746180003
84390020,349.65724243335944
10131944,371.4830900706852
61185673,552.5988016671331
76507951,478.72178910596676
92456997,393.3089377080105
27091498,244.77132726525087
22015405,405.6760058709351
64048811,362.3000351010678
59963315,269.4122034855782
99392827,456.75706526330396
52435285,677.6957498260053
68018936,219.57697412946527
92985874,12.112311560606031
19827012,369.3583867025877
32076309,-72.05470980109476
74459345,344.94964679312125
59329650,318.32497131592663
70105673,316.15667975390625
47359337,659.329639886771
27991858,303.05164237036934
36755663,745.9427052211677
94560591,454.08091288563946
47944050,380.297160429996
49561372,532.3857407704768
96160989,181.36881580977297
67474261,239.14127009924778
71965824,609.309918225505
13777105,96.97168604310355
64739771,533.0801217971652
57691432,55.5338984302889
21801740,282.332748563962
74352185,505.4853407884989
91521650,527.8190492414683
64797772,271.94947965790425
48820263,72.3764259225918
14791909,402.26188427265924
82868024,182.93801435651903
97971853,476.9680982540676
75654232,269.9200643012218
30725718,260.78262543142
83442812,492.65805581563745
62376431,199.22706493336318
45295601,151.56012713927066
44038407,-4.3612313213911875
74138589,55.34940612513583
78812422,335.9054680288418
57253455,526.1586184950916
10109432,251.92293897229365
70492234,229.35912211435652
16499768,532.0644001658784
29721809,63.84010797395604
99970795,-56.82699695535348
38494075,517.2056719304423
13300921,280.02558079660366
18255583,436.13143156241904
76957329,492.15019499999426
83103502,282.3783646637771
24570014,512.684596501249
19318542,255.79930528639807
70614169,204.21038507838557
68374888,532.9412455918277
10546051,253.26202911407154
82817153,558.689075643073
26190736,231.34292137122384
26227414,646.9625717238459
55825692,248.6933096791704
65550483,500.82538915396754
14872097,849.580762447129
32405281,215.70060781536085
37055817,323.1237991557955
42617798,34.95388082921863
30684771,-143.44006228974968
21842298,175.50865023880078
44215525,725.9617806353722
54734331,118.10518055963257
77244965,276.93279980292664
31618537,105.13901938143363
10912371,-21.20375881369455
25284273,231.98965839220546
63793006,1300.7303908358876
40346903,397.8776571429112
14281423,457.90963519403704
10329833,480.659972263019
58147868,564.1346405039235
62215262,550.7994947154184
11535494,253.44652141922415
55289261,273.2885697996826
93054393,275.78022987219356
15613905,331.66011710443127
52346993,331.384392599648
31426410,707.6869028957685
11924915,-438.8548524288917
83461539,714.1958333936136
68351051,571.4251284163038
23144760,1095.3448155353108
97049626,1061.4752682455514
94895031,214.77611838370376
14702382,457.08043377379454
22232789,230.6505682504271
14653500,371.29656985963993
45931554,68.26995120351921
39099976,59.225772439240245
65803003,361.37757357530336
56391701,736.7596502515507
92222330,801.5904561425455
93455198,737.5432355719781
52410336,950.8680637118086
82423675,341.16654058453923
25925356,476.73798984909945
88622240,175.13966562849555
37830382,-161.89740442861466
97198420,499.395066812559
21477504,171.7711601300348
84142976,520.9887781390244
96401209,88.1119995839772
18047299,512.1767356856049
25908320,745.7125968161995
69709013,552.5531855673175
63707451,183.81485978246883
68674616,241.81742247691136
41246291,-62.31817791601907
93099265,22.91018117678459
44969882,157.74366122073297
94840571,191.98219312079846
24428966,686.9244208954378
73406276,462.34150632949195
74093567,38.552494732647574
55445678,117.8750721546644
56770356,315.27983432795645
20116401,827.5704225046507
23989432,204.39487738353864
77573883,1003.7484300558917
30955534,220.63831186056768
46007298,425.14906964108695
60038151,-104.30944244429293
16169663,518.7748704771889
40454664,179.9384934683644
62049127,1391.4479029834652
19821119,182.01555283075413
56611586,763.5708459397906
55267084,274.5800159357532
55813034,877.405651860764
23867957,29.184947457877115
90096160,221.92975799663827
32751852,1144.3011715595821
21394047,593.5743445641197
80032862,618.8143137997208
22418983,105.50800399173932
52802197,41.18303101049605
48673505,110.44570803694614
14195685,249.38566279996712
22205138,147.86825313031932
96628154,840.1199550668366
44734813,-53.96635227253637
55802873,334.4751456874328
41368275,134.43984723629183
67686446,478.7674052057823
97989934,-96.88007832657513
65686117,101.21703696751365
45591525,-149.94696488170302
14884094,775.7037498859631
60291749,533.6335987126245
46418453,4.359578932397653
30133967,483.6138770513585
30307611,375.680796989388
76539721,412.9664937833154
93325285,159.3584758672946
69825909,161.85013593980557
10220197,228.7123850933749
34178403,-84.14605345923655
67327944,860.7020005737982
58361366,255.24582837093885
35080838,552.0453247516739
24415695,161.11216671919374
30354080,575.9482317513894
24117628,280.7179339174004
62628994,1361.040121297689
51012198,687.1089132005909
68125143,1269.4001476243466
94485707,-124.88946004536274
40172711,250.95486134671364
17647583,193.04353085190132
94790367,-79.8530585291187
18254706,594.1278214795789
65733568,169.0950077523703
58357649,33.52355848781008
42289495,157.0513080999367
15020288,113.8142135354069
31419590,469.53873413634983
37233713,716.3164809499267
26330225,788.4874466649012
73976501,393.4001699076407
90642644,400.18482491026907
63791881,562.8431943678524
40102213,790.5624781213987
60203926,475.353283607506
36257216,726.0073967351873
24119768,618.492973195122
30403208,557.4432456068171
39737862,537.2322126160534
41150683,303.05164237036934
99351268,117.22833513368278
62692262,304.71207311674607
72711178,208.50135210261124
10083097,390.77166153568396
65370298,408.1676659434461
84388395,-26.51044746920752
52114454,-37.169440880048114
74646950,381.40411426091396
72720701,363.82361754799877
45732529,97.20179444807172
10509116,97.15617834825662
36154567,525.373005268772
46124383,625.4144764971966
27866730,103.01634391922835
62320931,233.7889653439197
78979954,508.4828337707618
52531638,627.3070435544332
70662494,15.988677874710447
88174413,415.9203985716549
21513664,759.5556034203482
26546743,637.2736838444775
89094189,286.5304554826648
34006202,395.5704893755528
44458405,-273.01246977800065
46102741,518.036901256577
80947937,878.1000328874525
73456376,451.95823742343464
27640503,568.5644837334867
66469621,645.4410171828076
35504694,413.47232669306686
24815317,265.9048217817799
58171289,-225.80777669973668
18612790,377.66662415214705
63428669,383.38791351778127
57949817,776.1659946017912
72876573,425.7481626563613
96193736,319.0173244367229
57932688,443.79090408510456
61617398,797.7617338341483
57513357,465.6167517224303
46336493,145.69996156829893
56173102,314.03400429170097
22210971,548.8156954585511
27397907,392.1999559712008
94750459,213.07007153751192
23197778,103.9388054449928
62692781,62.96326254800624
94164438,380.1582842246585
19395402,1430.8562752395978
94219712,451.17465210300725
33491568,208.68584440776385
67632603,437.70063010916465
19852962,494.1796103566767
73405784,787.8883536496269
88192699,341.35103288969185
29867417,292.8984818692802
84909546,363.86923364781387
52598919,537.4167049212065
86077350,470.36996346248407
43929538,690.8464033093574
89992133,342.41237062079426
33643157,585.0836427152994
40190924,67.39310577756942
97098808,387.0341714269175
87635513,820.4644268974234
16478169,1253.6645739629616
79498204,641.4734186690725
62568791,800.483502311628
36457296,-12.344072354568198
29599077,364.97618747873184
22644116,403.8766989192204
69419691,686.9700369952529
21970018,-35.55462623348694
31666748,499.7164074171578
84691804,285.37788555193174
19277545,504.0094023472752
78443496,238.72666938912653
92759112,-62.87165483147783
49629913,981.7837062132285
14874574,102.32399079843162
61108399,277.0240320025573
53618559,270.15017270619
46977752,164.98650512740596
87695599,333.22931565117733
68430793,257.55299613829675
11606038,425.8393948559915
52469720,707.0442216865713
91726930,171.9100363353723
14558288,21.295366530222964
98640275,112.19939888884574
82918511,551.3529716308772
32992592,283.0251016847583
36930879,80.12915855080018
73360172,503.0869408215103
22281491,368.4835691825301
33813436,127.65722013955565
49300946,1082.5175305624498
56371129,420.0268732907275
83899433,191.5199484049699
25827679,776.1659946017912
16631062,39.38372405878181
86793673,672.4346772703075
99689707,187.87571840172632
69776211,320.30877057279395
55892015,270.1045566063749
19716865,680.830091107714
46860460,229.86698292999972
66143638,633.0739490198825
46241046,242.00191478206443
47497471,334.6596379925859
38256243,181.1843235046199
90078699,-27.24841668981935
66607961,243.5254972289954
15632043,357.96345197702703
81498334,612.8629160291184
82443801,300.2366137873678
88411591,267.1506518180354
18221799,606.2647812375353
30242976,225.8517404105578
66494245,6.297762089449407
49287510,257.50738003848164
83370642,133.14840110022124
92348451,-29.787720768037616
55790147,311.91132882949614
49423398,110.9991849524049
39715763,285.14777714696356
46440335,518.5447620722202
78128236,480.659972263019
63409672,1149.2409035106812
98873842,462.38509452341486
34782044,170.15634548347316
70391546,227.7443074677949
76956234,484.16735396681725
41544516,206.8409213562345
42550648,314.40298890200665
98465226,-32.18612073502618
30886863,852.0268064198244
84535276,176.33987956493547
54301788,681.018639224651
78637034,397.3241802274524
61387156,-151.28402711758918
71715096,273.1496935943451
47859897,205.64070741979367
59800013,243.1565126186897
95293248,1065.3952227535788
11553772,306.7891324791358
91107127,615.1224397907695
66825939,222.94345172203384
33598864,410.798202221295
18818037,410.798202221295
86800656,433.5008952845701
45209421,87.23515415802785
99712718,326.72241305922444
80320840,603.0351519444121
24591401,594.0822053797633
90294177,204.0258927732325
14404076,75.19145450559336
60829113,262.35182397816607
22529505,192.67454624159518
59566170,553.9814800028339
40149323,747.2797674570538
40382936,587.6209188876255
99300537,-61.07234787976358
44631793,-68.36283579214341
49450050,-128.07347323867089
62395628,117.18271903386767
30879014,76.66739294681702
85524688,-126.55191869763166
87381496,383.01892890747513
66258576,420.6259663060018
71415255,531.9255239605409
45179604,472.63151513002686
82676573,164.5262883174696
14654038,117.0438428285297
57261303,183.076890561857
69037727,493.9038858518934
78583522,479.275266021426
49703078,1023.5408065247507
78525136,110.35244793142374
86407509,483.84398545632666
33024193,763.3843257287454
38535158,659.2840237869559
84179400,33.06131377198153
24680896,590.1602229658438
42024082,144.26963922689038
31137878,552.8745261719164
92689780,81.37498858705612
93487228,701.0451799102616
27421195,361.70094208579394
27611928,153.49831029632287
25261420,707.6889308016603
46864780,63.56235556328056
51909487,227.42093895730386
37913958,445.9135795473103
74334619,405.9061142759033
24422548,99.83233072592066
58508595,517.3445481357803
25087154,-163.46660297536118
76806766,323.7228921710698
27262464,432.5784337588052
73422693,336.2288365393324
58175270,236.0961331112776
76648743,538.9859034679525
36026120,447.52839419387146
87485989,594.4511899900695
88798255,264.0598987302501
85293030,912.2909207818107
87029422,252.01619907781605
72679949,98.03302377420596
25871017,384.3559911433613
61396744,-41.78377641476436
63197784,756.2783301215181
49632353,163.23484218139856
65625596,242.1864070872175
86795596,355.88639261463686
81433856,211.45525689095075
87476873,923.965635823939
98147948,862.5013075255129
99212421,565.7494551504847
78236394,454.4042813961305
60511137,-353.9954779463942
37030090,1107.247611076515
47227545,578.947752639544
38980163,258.6143338693996
33290320,314.03400429170097
57735630,289.0697595608831
37888473,223.72906494835252
54251453,279.47210388114445
85556127,-7.221876004208298
26903779,336.552205049823
91692809,202.41107812667133
32446203,661.3590552434534
34350235,543.3245144978855
28532174,954.1433091047465
59869496,76.06829993154315
37887202,154.92863263773143
54799254,299.86762917706164
44298051,682.8635622761803
89901990,281.7792716485028
73292166,474.56969828707906
21775362,689.5549571732868
36884233,155.11312494288404
66353025,150.31429710301518
19481125,669.8021130865673
95336492,555.5983225552873
32400462,640.3644369322628
28975228,212.88557923235885
11320585,557.1675211020338
32162156,380.1582842246585
88724326,351.87115009519493
67650053,353.25585633678884
21038175,253.49213751903972
64836379,170.24757768310337
60827779,103.38532852953404
88997264,638.0572691649045
44622902,444.20550479522626
85670106,168.81725534169527
38945693,-59.78090174369299
69337730,360.6852204545062
22890345,250.63149283622306
93106331,348.59590470225703
56257607,70.39262666572449
42845025,577.9320310082567
10678470,507.4235239455511
35975743,1993.027708872221
44298756,520.4829452292729
66670226,-63.33389954730592
37883517,588.8211328240654
62831558,159.17398356214153
25294874,-177.44848578484698
34601413,667.1736047146101
61300626,411.39729523656933
63694211,509.86956791824696
70308634,633.9507944458323
92846964,345.22739920379627
32093061,566.8107928815875
68496425,224.97489498460845
36724576,544.7548368392936
18988842,290.7758064070749
44304522,-372.96068090090284
91192236,44.8749050194474
27105876,300.92896690816406
89869414,-65.8711757196329
45877010,193.3668993623919
24146001,389.2024629889379
23395701,215.74622391517596
38974456,352.0100263005329
57842607,579.5012295550027
51687346,402.4463765778123
99288080,428.74768354451635
58963406,395.4772292700309
29443260,599.4345101350914
62626422,573.4545437729862
57515098,421.27270332698254
61739694,514.3450272476257
27459512,258.0608569539404
84889146,-30.432429883127043
58681841,149.94531249270904
63593417,964.8499465212949
33073018,385.3260966748335
18775917,138.63958206088682
38962045,52.30426913716565
67933426,1034.8029487626495
54603681,453.80316047496444
83399485,661.7756838594669
64199110,160.3265534928746
82415208,401.430654946525
87961803,303.8352276907963
44853010,307.15811708944193
59952980,217.13093015676895
88562279,196.0430517400555
55858413,265.0735924556452
61198975,133.10075709451394
37448315,698.3669996267058
19525923,387.2186637320706
35026025,133.8407542210175
37029910,280.624673811878
65651564,619.8756515308232
76546746,75.97503982602075
78805012,346.14986072956117
73332787,600.9580925820223
45937289,376.7897787261977
99048249,597.127342367733
29475704,469.63199424187223
93694996,600.7736002768693
18159173,313.89512808636346
50435273,-157.97542201469514
56812269,461.0480322875296
10385151,310.06437787207415
74541267,844.5062101024764
16719195,-62.50267022117214
48754743,209.05482901807
18188655,160.23532129324394
32063627,303.60511928582855
95749552,12.435680071096613
95191424,576.317216361695
79363744,427.0872527981396
47169927,309.69539326176846
77108983,112.7528758043045
44823862,384.58812745422165
81122519,193.7358839726976
18168723,174.44731250769837
59737458,119.3053944960725
12477444,56.918604671881894
89609832,688.2158670315084
50913652,260.8758855369424
42856249,10.313004608891788
62711409,326.63118085959377
67374114,140.20878060763334
26708384,287.63943721947453
57463109,336.3677127446699
64273952,117.45844353865095
56304545,-36.06248704913014
82795140,186.16764364964183
14007213,340.42857136392695
54415843,194.42823709349432
54590957,-88.15926807278629
67350145,531.187554739929
74993313,161.11216671919374
62432527,247.2629873377623
33713363,75.5604391158995
80390114,73.99124056915343
12723951,281.1325346275212
71416124,373.8358739378582
72440899,556.429551881422
60115717,225.8061243107427
26317947,67.02412116726373
35504199,321.87796911954
30187539,581.623905017208
55346293,455.97347994287657
90516502,376.60528642104464
72045347,382.41983589220126
79850408,181.69218432026355
20443404,948.2375274339597
84501791,89.54232192538575
73999320,-248.3715935576738
98913461,46.94993647594538
37225199,10.080868298031419
16193655,560.5816427003097
72620298,555.2749540447967
64188152,390.4026769253778
67784083,330.1841786632076
90552658,453.7099003694416
80748000,702.1521337411791
38083778,800.8981030217487
65525497,284.685532431135
19381953,38.50687863283247
65723090,507.1001554350605
76151738,445.4513348314813
48225827,338.5360043066903
27357384,397.6455208320508
72090603,405.3070212606294
13739096,231.1128129662552
42442381,473.50836055597665
57561155,536.587503500964
35942827,25.95531816475477
89196128,247.63197194806799
90585757,-171.1260754980467
28123361,-41.55366800979618
54892166,120.55122453232798
34399967,270.70364962164876
36429013,487.35136716012494
87308981,382.0964673817102
99529719,442.49945794903397
22093311,482.0446785046124
81263538,103.9388054449928
71338939,514.9917642686069
26758105,439.9601538708157
97028969,1382.5426004245232
64463656,291.0079427179353
56099433,5.559792868837576
85325718,588.4045042080529
44166454,430.31688209126196
36489810,28.077993626959596
33207901,220.13045104492403
27978007,-127.01213550756756
81479630,416.2893831819606
51537650,463.9563209760536
45619520,201.8576012112121
38111175,416.2893831819606
52128949,778.2886700639965
25404819,-93.88055743842051
76230938,161.06452271348644
35633669,204.76386199384433
17486296,249.38566279996712
26823352,428.10094652353473
24234066,352.1924906997938
69609466,623.5675255397746
44500625,384.9571120645278
25810885,515.1286125680526
47095933,209.1480891235924
29996746,355.0551632885031
26824387,1186.3836682874867
22560248,517.3425202298886
67043419,42.75222955724257
56128877,1074.4434573296421
78532613,205.73193961942434
63334626,456.7114491634884
41942475,1067.5199261216758
71572581,684.7997175273404
31224917,269.0888349750876
52061385,832.5537426496726
85648776,521.3597906552222
89601046,393.3089377080105
16315474,355.0095471886875
90885644,411.1671868316007
69988016,469.63199424187223
55363982,159.54296817244722
15084841,435.30020223628435
85269120,276.4725829929903
31531393,330.82888777829703
65511292,443.42191947479887
76207920,576.2239562561726
25765261,756.6473147318238
99628783,163.69505899133537
29123949,894.3870555584049
84071477,380.34277652981154
55408575,-259.353955479005
18563235,922.0274526668863
32862824,1234.2371262926245
87247913,654.8997966572078
70811397,567.5031460023843
79135010,273.3341858994977
95532555,33.56917458762564
91619153,246.75512652211864
85185899,517.8067928516084
45503458,438.34533922425453
40572975,261.61385475755424
89004010,490.16436783723475
34562042,406.5528512968849
63463440,489.79538322692906
64460362,-208.50300449160477
67250925,182.43015354087538
14939721,212.0087338064095
35310686,677.5092296149605
71187848,15.804185569557376
61524357,1084.499301913425
36782194,711.1963125054585
89842273,435.4846945414374
20614858,225.99061661589576
68048266,-9.344551466413577
62462117,558.7823357485954
72115510,341.07328047901683
14057421,12.435680071096613
99878320,245.14031187555702
68934495,282.3783646637771
63897425,526.0197422897536
30823846,-105.18628787024272
45856506,316.8013888689952
36318458,492.8881642206061
54709816,34.30714380823747
58956301,550.1071415946217
61193977,397.13968792229934
94916864,595.0502830053433
95563649,994.7498673914274
11808364,181.92229272523173
53108582,139.88541209714276
37502181,676.6323841890112
37996385,643.7785585305387
53563779,66.88524496192576
62612706,563.7656558936173
33233317,19.35718337317121
39285196,-258.6616023582087
12469660,707.8734231068133
10086272,415.41253775601126
61556619,417.350720913063
44239580,685.5853307536595
37303458,358.88591350279194
69742763,280.4401815067249
79252407,831.863417434768
55035288,236.64961002673635
22573833,580.1459386700922
73616028,407.10632821234367
72379751,237.66533165802366
63515051,-102.74024389754686
43605274,152.80595717552615
94526159,277.07167600826415
87017405,776.6282393176198
27785122,283.5785786002175
88986010,195.7196832295649
83705830,228.6211528937447
19294754,447.89737880417715
10016581,261.42936245240116
98337631,137.02476741432565
96284977,390.67840143016156
85120493,858.9939258217146
76912038,137.901612840275
38273802,912.0131683711347
31373003,790.0566452116468
16311364,637.13480763914
81773825,100.57029994653249
85451822,181.3231997099574
83837897,252.20069138296913
79840167,424.4567165202907
10053165,299.9132452768772
66085962,289.1153756606982
74446354,1053.5380433121895
71248291,373.6969977325207
13527988,700.3051827837576
59655162,539.0315195677676
81270080,431.8860806380085
25459024,174.07832789739268
57124820,525.7896338847854
38744724,363.1768805270176
14672828,415.41253775601126
86208199,394.00129082880676
60804234,140.20878060763334
26637959,393.21567760248763
84505191,189.85951765859318
34949195,560.5360266004946
18236230,402.63086888296493
83633670,410.47483371080443
38795738,256.0770576970731
57060441,625.3212163916742
63193750,620.1534039414992
16584196,362.1155427959152
97470867,258.6143338693996
57117308,142.70044068014386
28539736,237.84982396317673
42854708,-36.93933247507994
74612987,354.7317947780125
18574187,846.349105248114
82554201,222.99109572774069
63502035,405.53712966559715
91862663,795.9147828767268
92211122,1137.564160562661
31056808,431.7472044326705
16943964,842.6592591450544
32863651,617.0150068480066
68176876,841.6891536135831
49131404,294.053079705905
70277995,263.18305330430076
35494136,427.0872527981396
81234980,415.41253775601126
38613978,232.26538289698829
58078556,694.3081689133405
44540392,243.57111332881095
54581831,198.9036964228726
27711464,-240.20426021934372
34639609,411.1671868316007
61465981,586.3294727515545
97434739,772.9363653086684
11115465,-154.97590112654052
73204702,554.3524925190322
43122014,383.66566592845675
82465915,69.5157812397747
70336402,112.56838349915142
66860305,610.7858566667287
41500458,328.1071193008179
92919391,416.84286009741936
99618084,1011.5923948837308
86909460,307.48148559993297
17337355,-16.404930973825685
42353664,262.1217155731979
21765685,764.1679110491723
89088918,25.72520975978614
35899962,213.57793235315557
68684318,406.5984673967
18484780,-364.79334756257276
87388388,487.9048440755837
90094211,422.3340410580854
16804039,236.60399392692125
91010086,200.19514255894364
99469868,166.27997916936874
37545302,273.2885697996826
71878464,191.8433169154605
21183040,297.74495371485636
35304073,429.80902127561876
50348670,725.0829073035306
34230931,304.8053332222685
48867425,675.8487988685838
35018884,179.0160319425995
82792644,18.111353336915272
55638604,251.13935365186626
45618589,-30.940290698770696
94996859,615.3089600018147
59711138,930.6570307210445
20008628,91.48050508243796
74210201,716.5486172607866
71592370,395.7549816807059
91112168,499.48629901218965
86979588,329.8131661470097
77491019,20.464137204088274
82906889,549.7837730841311
47215201,469.63199424187223
74482354,287.45494491432146
85248466,-197.7051348754262
48081067,238.40330087863595
15387364,622.5994479141946
49479914,365.7141566993437
67144063,1232.9892683504772
21546784,288.33179034027125
33690767,515.8686096945567
33115846,403.8766989192204
61562965,213.3934400480025
39809818,83.03541933343286
68123009,338.85937281718134
51851996,1302.4384655879717
14592737,149.0684670667597
53703850,638.9797306906698
32305458,-26.002586653563867
15802272,472.8160074351799
36113397,117.18271903386767
10490484,445.54459493700415
60733954,167.6646854109622
99162691,421.5484278317663
93098807,221.237404875842
40838545,258.6143338693996
11051825,321.8323530197249
82908690,766.8460913327285
71787511,798.0851023446394
72823966,583.4232119689227
12980060,129.5954032966074
96086415,334.2450372824651
23697274,541.0629628303423
51614059,1170.005413416904
78779574,573.6410639840315
95241308,113.99870584055998
17643222,491.9657026948412
93263316,430.17800588592445
37302631,-153.54557878513197
87271886,129.77989560176047
55736876,448.4052396198208
51594702,510.19090852284535
83945766,135.4555688675796
79078313,85.8048318166193
31277810,360.82409665984414
74965419,265.9048217817799
12557472,-137.81000512374658
61610958,463.07947555010423
87565891,231.66628988171442
69835471,378.0356087624532
50409416,931.9484768571156
77449547,1006.839183143677
97554546,411.7206637470599
15981479,319.38630904702904
19522006,746.9107828467481
27996044,56.59523616139131
41161764,511.8533671751143
20740770,812.3903536646162
70042803,231.48179757656135
52210690,265.49022107165865
81657059,75.00696220044028
67733763,315.46432663310907
19453777,479.5509905262088
76648543,252.799784398243
38569009,373.1435208170619
24713941,116.62924211840891
89660454,-129.2736871751108
85740410,367.5611076567652
86257801,865.2251039088842
86873805,405.8148820762731
33399735,528.4657862624495
37535534,475.81552832333455
27667456,1874.1619388005179
61581329,371.25298166571656
51263630,362.853512016527
52033053,-166.32724765817784
90888218,261.9372232680448
12546179,388.0955091580199
83093814,611.6170859928634
46297699,296.1757551681103
97044400,795.777934577281
31763919,-143.6701706947183
16008849,524.3116675376696
51084945,288.9308833555456
59957604,623.3830332346215
18780994,414.81141683484475
87997537,498.4249612810868
45685391,183.4458751721627
44441149,768.2764136741371
14178311,314.5874812071597
43522500,-44.78329730291898
91025767,384.5425113544061
92328854,-82.85257941727377
53582398,182.93801435651903
79088536,521.4510228548525
46193764,18.894938657342664
84800487,361.46880577493357
58906346,300.1433536818449
16384425,230.09709133496835
31314423,323.0781830559804
78713693,338.02814349104665
59579059,210.48515135947855
51309878,370.97522925504154
18367921,660.9920985390395
17963218,724.8548268044542
63773516,1112.740819943073
43820904,104.8612669707577
61844633,385.83395749047713
97433520,646.7324633188782
67890378,362.66901971137395
84770654,346.84221385035744
56388014,465.6623678222454
48498606,595.3280354160188
96139568,49.35036434882613
23184000,468.75514881592244
82435682,773.5831023296496
84725417,486.8435063444813
80398008,34.30714380823747
21408816,327.55364238535867
40561414,287.31606870898395
47526789,582.6375987426031
34202671,576.5473247666632
47410501,-293.7313635844084
18437030,86.54280103723113
89947527,603.3108764491958
48179652,1119.6602953392553
43574355,673.6348912067483
93441626,66.51626035162008
49833156,378.5434695780973
27436801,738.7890656082336
43212239,52.30426913716565
57781002,2.883640491173537
80452756,63.84010797395604
69547198,181.50769201511048
92282402,62.546633931993256
60080700,429.07105205500693
77220496,341.7656335998131
54095090,-120.96747763144322
28159066,-28.448630626259273
76298460,249.7546474102728
57334293,687.7080062158648
51349452,465.9401202329209
57825954,296.54473977841644
75566691,13.588250001829692
21994482,305.77341084784894
15472109,301.99030463926647
74524636,1020.9143260586857
50954892,1679.5265891104114
72834699,133.70187801568
62999750,473.50836055597665
33123268,818.6195038458936
66540114,218.70012870351547
54002928,608.8476735096765
55085304,318.094862910958
22151066,355.8407765148222
65334729,549.3691723740098
30865724,333.1836995513622
90388666,274.2110313254475
55605064,442.2673216381736
69408128,565.4737306457014
99473168,1076.4252286806177
75818797,-20.511405692897824
62565025,805.7445748673254
75143116,184.69170520841817
47696923,329.35294933707337
19416750,860.888520784843
22855194,544.8004529391092
67192782,359.62388272340377
87517475,297.7905698146719
56350089,442.63630624847974
34134972,-157.28306889389842
60576347,215.88510012051393
26319072,-36.800456269742426
88893111,419.4733963752683
68033382,95.77147210666362
94035885,299.9132452768772
81187160,793.0105499999863
28315736,466.44798104856454
22692256,701.2296722154147
37267592,-2.6075404694920508
91150814,-88.66712888842994
26431305,483.05837223000754
87910232,342.0890021103037
41955248,700.7197834938788
69743430,401.430654946525
46703259,619.7388032313779
31441294,241.58731407194364
52540774,318.14047901077356
86506186,281.8248877483179
59584539,438.5298315294076
97314977,486.10553712386945
96666615,339.78183434294624
79683457,176.56998796990365
82209443,421.133827121645
28258830,479.3685261269479
42067661,178.13918651664972
66297804,230.83506055558018
16941404,93.46430433930527
75005309,11.92781925545296
24570745,151.052266323627
86113362,340.7975559742331
17047985,260.1835324161457
65773050,-109.6161310998059
58445540,817.466933915161
48523637,565.0571020296879
95993557,336.04434423417933
88761628,544.4294404229113
35281082,128.71855787065806
63427827,492.5171517044082
38736916,-174.67907330166054
86580197,385.0027281643429
23112535,532.5266448817065
70370352,371.98892298043666
27855625,199.08818872802567
60833031,189.12154843798135
23047956,856.9645104650317
87351286,125.16556006704423
75886001,-125.85956557683494
66301086,299.1752760562654
60935733,472.26253051972117
98414359,302.91276616503137
93169508,1149.6555042208024
77985316,233.41998073361356
22647726,209.1480891235924
39865459,267.42840422871086
81994206,554.905969434491
62822262,130.886849432678
85331429,30.016176784011805
75110630,0.437596518477676
51138756,40.6751701948524
83491442,354.64056257838183
67891583,624.8609995817374
65475315,325.56984312849136
37180335,1041.5379318536789
53617145,71.3607042913045
66644091,230.23596754030586
85685863,583.0065833529093
67756317,386.75641901624203
47286828,498.56383748642475
30798257,-57.70384238130282
55429056,985.3367040168423
48423935,249.6157712049353
70215654,761.2596223606483
84995114,335.85985192902626
34191374,-63.01053103681534
94424055,352.51788711617655
35266032,285.7468701622374
10282778,290.7301903072598
74509894,241.49405396642078
62379565,232.17415069735807
69295266,385.78834139066157
19487319,171.03319090942296
80523155,1295.3801139864518
76258438,555.2749540447967
15381648,933.749811714722
76313330,397.83204104309607
67909709,363.13126442720204
94172578,102.6473593089222
73730320,382.64994429716944
93164433,420.76484251133934
47160388,236.64961002673635
39990609,409.1357435690261
64566990,806.8535566041351
91126842,765.5982333905808
52824809,127.10374322409643
57254599,466.2634887434115
38718331,324.0006445817453
86095545,538.2023181475256
47117496,-11.467226928618402
38398092,89.0344611097421
35904079,447.85176270436205
90919237,210.0249345495422
56102015,1095.5769518461707
71540566,660.6210860228416
10011577,648.855138781083
84723499,640.6878054427534
12437858,236.69522612655146
55600884,333.1836995513622
14903844,200.2884026644656
79656066,315.8333112434152
22833793,574.5635255097964
52725368,48.24341051790816
69338616,-214.87103087822015
69512258,423.2108864840352
96249786,321.60021670886454
93289839,424.6412088254433
89525161,483.6594931511736
25602400,464.50979789151233
82687645,377.482131846994
86466057,464.8787825018185
31039064,151.3756348341176
38126410,523.3435899120896
98941268,171.8167762298499
98887377,938.6854878540371
19069593,392.57096848739866
48991500,659.9763769077526
81340729,240.3414840356877
17755803,-3.807754405932428
28332754,512.2203238795282
48710415,288.88526725573
13552122,-98.31040066798369
67175252,203.33353965243577
81401006,984.922103306721
87569420,484.16735396681725
68775804,216.06959242566654
51303767,372.95902851190885
36907350,148.19162164081035
11852044,610.3692280507157
57122012,691.3522362191088
42764646,422.2884249582703
23299341,349.65724243335944
99527596,152.62146487037353
97393585,138.96295057137786
43578412,19.07943096249528
98294611,620.6156486573273
30924809,251.6472144675099
88121507,517.6679166462709
81094653,-15.528085547875435
83948197,659.5597482917392
53707208,-52.76613833609599
72598207,-58.719564012590126
96325015,175.27651392794087
32527392,104.95452707628056
13367283,100.01682303107373
70926441,720.9784604903498
14507496,111.9216464781698
84516945,546.367623579963
17478153,393.7711824238386
83347951,338.16701969638416
42507501,321.32449220408125
54322410,-89.45071420885733
51129418,338.3058959017221
92284337,1192.15462956472
56191305,388.64898607347914
69717201,125.53454467734991
77803958,553.6601393982355
30868541,273.84204671514135
21948362,394.6480278497879
64597726,152.06798795491432
24753315,346.47322924005175
83137150,462.0637539188165
87115344,398.19899774751
99984175,403.18434579842415
78503238,567.3642697970463
56241324,415.41253775601126
44979606,528.6026345618952
73782771,-55.07330610345389
83259646,133.00952489488373
83615385,717.5643388920744
84238097,506.7311708247544
90104229,556.614044186575
47165230,305.91228705318645
90052115,98.95548529997086
29318397,950.6359274009483
66821977,400.36931721542214
74914365,119.90448751134682
21821045,-63.74850025742762
78077361,147.59050071964384
11290483,28.077993626959596
18150280,233.92581364336502
97190006,459.7565861514586
23716973,-68.1783434869908
22402268,128.71855787065806
22495547,789.4099081906656
62732805,211.77862540144133
35149813,594.0822053797633
45074208,122.67389999453326
16930048,-176.94062496920378
37034316,448.91310043546446
41257506,640.1343285272942
37119194,206.7932773505272
67834562,82.52755851778875
34524417,285.0089009416256
65917034,895.817377899813
89187031,809.4364488762767
38918236,285.88574636757585
15343670,934.6266571406718
14075655,278.2262738448894
38174910,897.6623009513428
58723158,115.65913658693671
60249533,700.4896750889106
97281245,512.22235178542
72949298,302.63501375435635
15101045,163.97281140201085
28123842,166.97233229016547
79777819,864.5803947937943
49207880,116.72047431803912
80546483,473.41510045045425
64032695,251.5083382621724
13192282,389.9404322095497
77309020,16.91113940047535
61977302,134.53310734181468
97344057,-85.02087097929416
30586194,638.2873775698727
56677229,336.0899603339949
22130117,645.9012339927435
40261245,-20.695897998050896
30166032,179.06164804241462
77089984,19.7261679834769
26878900,642.5803724999905
61371436,101.58602157781979
42742062,301.1134592133171
95339974,481.3067092840006
56107946,144.03750291603
75011328,761.6782788825535
72662754,511.02213784898004
72203106,-121.65983075223994
70496852,480.0608792477451
13201993,272.7350928842234
78164844,1594.3418182115315
59342403,217.4999147670751
94540895,865.5940885191899
46539631,792.133704574037
72239923,186.2588758492725
87927143,-324.0479130705544
58112642,281.8248877483179
46348606,529.0192631779082
41028863,470.36996346248407
24368370,309.09630024649414
29933781,572.9487108632343
82791847,256.12267379688865
96015529,82.66643472312671
54561874,-274.351559919779
53184693,181.3231997099574
76671373,755.4014846955683
63611357,393.1700615026725
80706420,592.0527900230809
55017743,593.1141277541833
80689892,-255.29309685974795
84469446,1199.8597181872215
23226721,442.68395025418704
85084580,-184.6000974918893
80669002,218.97585320829876
65745002,606.0802889323822
89007400,516.6978111147987
29824422,371.2985977655321
35775431,290.1767133918006
14074630,882.2065076065251
72325201,921.2418394405672
23874500,709.1192531430693
37300173,224.92927888479335
33493494,724.3013498889954
30229764,462.84733923924387
43966954,774.8745484657202
27845488,438.0219707137635
37461765,1307.9752626484528
54994083,432.6240498586203
73747516,627.0728793376811
41276058,188.244703012032
55912598,308.3563031199901
60686267,161.48115132949988
32726148,436.6372644721705
99279088,715.5805396352071
28728541,750.9716414660052
13858737,956.3116006667674
21895570,727.9911959920546
76323759,418.3187985386435
79038940,308.5428233310354
29272847,282.6561170744526
98713132,113.62972123025384
92394953,746.2660737316583
96580365,209.5170737338981
44481344,464.46418179169723
16420037,182.79913815118107
93921984,465.57113562261475
26481610,-248.92507047313256
36292815,1204.6129299272752
77806189,683.3693951859323
75958945,-324.37128158104497
65456150,209.05482901807
80743824,451.4047605079759
49966934,207.57889057684633
86026791,561.8730888363802
85816309,658.6849307716816
15568874,702.1065176413645
99556884,423.25650258384985
27514144,281.7316276427955
33950340,415.68826226079454
90674412,209.88605834420423
31688776,-39.10762403710032
58380703,632.1514874941181
59666638,-104.26382634447782
28858647,370.2372600344297
96281488,1374.2384187867478
81757957,182.29127733553787
15387606,-52.02816911548416
95978588,539.3072440725514
38876766,266.59717490257617
97177476,85.8048318166193
56304916,286.07023867272846
94447504,-131.94983955277485
12858830,47.596673496927
29325031,243.29336091813502
45137864,304.1129801014722
40574206,783.0895258097576
14671172,483.6594931511736
79393183,449.14320884043264
73490914,721.1629527955029
74160460,478.1662842846158
44164617,-37.26270098557097
82646950,414.0734476142329
13359174,208.50135210261124
75134927,218.42237629284
36042465,416.10489087680753
83839627,-23.003065765409247
23668396,373.744641738228
75299261,437.37726159867407
41480775,-41.2302994993056
33690039,37.07655629142391
22503085,765.6458773962881
37466667,296.3146313734478
14321282,221.3762810811795
71351933,173.47720697622663
87081502,-96.00323290062533
65472553,1325.555759361368
99213360,210.76290377015403
10832464,361.3319574754878
51819797,844.274073791616
75955259,343.2892160467445
88647663,102.83185161407528
48629803,430.22362198574
83286245,320.49326287794656
88766577,621.0758654672641
92941012,319.06294053653846
77129657,115.65913658693671
98212477,47.87442590760247
47578988,394.6936439496035
50209960,888.1579053771275
34219777,685.3096062488762
79439231,107.26169484363845
73635146,416.65836779226674
64910994,504.5172631629189
53834693,753.3244253331786
11363592,352.51788711617655
10873772,359.48500651806626
87767702,385.1416043696804
23454749,499.25619060722147
58196808,359.94725123389435
68491285,329.99968635805453
92242279,25.72520975978614
33507598,670.3120018081027
31155680,216.2084686310045
69782815,728.0844560975775
99510246,119.48988680122557
76945883,434.74672532082513
17094345,239.18688619906288
46337525,130.74797322734048
28488983,417.8109377229998
16761031,207.71776678218384
79032271,-50.274478263585024
62295468,680.278642098147
34239247,3.9449782222759495
13382072,588.4521482137598
22594211,129.22641868630126
57247913,365.6685405995281
91685716,453.5274359701807
17466502,660.4842377233963
33964749,457.81840299440637
51427608,241.91068258243422
24310192,403.50771430891473
31116680,449.09759274061753
11417356,82.25183401300546
62762079,964.0623053890836
42671255,1042.1410806807366
96926020,-100.06409151988237
50275050,497.50249975532233
39760605,-51.704800604993125
74898826,408.49103445393666
72916922,322.5247061405212
15943032,178.13918651664972
74582816,454.5887737012831
59875250,155.80547806368077
80790659,688.3091271370308
19888418,265.85920568196434
31588130,937.76099842238
66158465,380.1582842246585
18800645,110.44570803694614
64505218,668.4650508506811
56056799,223.40569643786193
10374837,543.0467620872096
41300143,-102.74024389754686
78621253,31.58537533075787
11141195,1055.2440901583818
33865847,402.4919926776274
90610974,362.99238822186453
98930552,1250.573820875176
12727530,409.3658519739947
52930535,361.74655818560905
93753865,371.1597215601946
70595210,463.30958395507196
86025280,144.499747631859
78663509,107.81517175909721
21322626,397.1853040221149
38172344,414.67456853539943
12467923,700.1206904786045
59832255,628.2295050801981
60019461,743.8200297589628
36274445,605.0645673010945
35417851,611.801578298016
24997453,502.6246961056818
83094532,292.1605126486684
90174488,951.7905252375735
71319002,431.5170960277028
29621396,395.7549816807059
10011880,601.7416779024493
17190126,951.1458161224841
70424510,432.6240498586203
11417531,182.06116893056924
27554957,434.6078491154876
13689480,1093.2201121672138
69613512,438.3909553240692
74318773,487.5814755650931
45221034,597.3118346728861
12200305,326.81567316474684
29052499,158.2971381361922
91168920,197.05674546545106
99587330,553.6601393982355
85493546,485.9210448187164
36510260,303.8352276907963
40370308,496.0245334082065
89123563,536.448627295626
68894033,738.1899725929593
73938236,696.2443241645005
25242707,391.4640146564807
87339346,618.1696046846314
34182148,645.2088808719473
55488547,367.6067237565808
58799207,410.70494211577216
99415472,328.2916116059705
50374353,546.8298682957916
44632960,241.40282176679057
46918499,587.3908104826573
61219752,158.62050664668277
57928854,415.27366155067375
22536598,1171.2968595529746
69936903,464.27968948654416
69696012,-0.8082335177778077
75807455,687.5235139107122
31557332,593.2509760536286
98503124,509.73069171290945
45347570,582.8697350534635
91321804,469.30862573138165
56392111,375.8196731947255
86308272,236.32624151624577
64596791,622.1848472040738
80652734,468.24728800027924
15067372,444.89785791602253
19485124,312.14143723446387
14453004,206.65642905108143
26285533,468.2929041000939
92838656,-70.30101894919608
37408293,142.19257986450066
44619550,523.8514507277332
12229798,240.7104686459934
19471907,447.71288649902453
79387412,1064.5204052335212
62896852,-58.396195502099545
45934349,280.7179339174004
16860511,-152.52985715384466
43506983,303.2817507753375
70740306,72.51530212792977
92814410,553.521263192898
42104710,382.0964673817102
23656647,1445.532539075773
16622582,407.8442974329555
91730318,85.29697100097519
71502047,492.15019499999426
62198081,149.76082018755596
35586426,-193.78315246150714
73159054,313.6650196813948
72932579,157.4202927102424
15860553,817.3736738096381
76499202,1155.6545459971117
49147306,711.5196810159491
66173222,770.444705236157
36048465,-158.85226744064494
58226162,454.5887737012831
75348253,288.0540379295958
29406516,66.83962886211066
30120831,200.65738727477174
88886135,289.62323647634184
90716300,281.7792716485028
12118186,-11.651719233771473
39388114,77.31412996779864
43348151,501.7022345799169
70648988,421.68730403710424
89828759,993.7341457601406
25774436,472.6771312298424
56166234,169.9718531783201
46207048,525.6051415796323
24260337,906.5240153163613
43372122,443.42191947479887
99211792,319.5708013521821
72425048,259.4911792953494
58848576,790.7033822326284
69451066,225.38949569472925
46571746,726.7473938616913
35037281,-69.05518891294014
85573733,604.4178302801133
85004009,432.07057294316155
98713147,357.0866065510777
99574842,712.3032663363765
56403873,420.3502418012181
79242881,291.88478814388463
58458582,365.11506368406936
68482067,283.0251016847583
16690135,502.0256030904079
15173091,958.4819201346795
61448444,616.8761306426686
69237042,297.2827089990283
85145895,699.337105158178
22701271,217.13093015676895
39148372,-133.7491465044891
94500108,254.55347525014213
68415143,455.69572753220154
40595467,327.50802628554356
53076141,272.41172437373325
73641861,676.3110435844119
48605668,-20.14242108259168
69923530,151.74461944442328
49319680,348.50264459673417
45928049,245.0470517700346
73814109,355.14842339402503
61386764,809.1130803657861
67209776,627.9061365697075
10596331,457.4038022842851
14387887,351.96238229482606
66568548,203.19466344709826
59240082,254.13887454002133
35040177,424.78008503078127
99480365,311.7724526241577
68333386,614.9855914913242
95572882,233.09661222312252
38132096,506.54667851960176
76955826,365.62292449971346
17729676,384.0346505387629
42211142,723.7458450676445
20158681,297.2370928992127
79393152,537.740073431697
39911125,163.23484218139856
88836366,540.6919503141444
20409154,429.3944205654975
15026679,412.59750917300926
42131515,604.7868148904195
54650905,197.65786638661712
26838390,173.15586637162778
65068346,655.0386728625458
92979933,-131.94983955277485
95452518,56.22625155108517
38822689,223.31243633233998
46355252,652.777121195003
12444224,412.77997357227014
42979270,377.7122402519626
77573762,541.0173467305272
14826829,200.24075865875875
28709839,573.8255562891841
18829646,116.9982267287146
96568537,207.90225908733692
56829547,95.91034831200113
93979772,377.29763954184136
17626588,482.82826382503936
34011504,595.6514039265094
52636134,354.50168637304387
91687348,161.15778281900884
36508418,111.69153807320163
82621948,582.2686141322974
89318730,145.884453873452
98717167,468.70953271610733
26278873,167.8491777161148
56823412,1355.4120920375776
75609163,767.2150759430347
90104725,853.179376350558
75874553,224.79040267945538
48469293,339.04386512233395
70313722,931.9484768571156
48269879,507.60801625070417
30338233,352.33339481102394
32779513,6.067653684481684
75548478,320.0786621678253
38561257,124.79657545673808
10945373,709.2104853426995
15756944,1028.2980740765884
46940446,616.3702977329172
24659465,241.1250693561151
88948806,602.295154817908
34164402,281.2714108328596
79477391,281.8248877483179
15537006,593.483112364489
88911942,169.78736087316747
96378293,244.40234265494473
76422231,175.87763484910738
12309843,244.81694336506644
96239148,767.9986612634616
86466781,63.0088786478218
49050128,56.22625155108517
14724818,588.2220398087916
56683970,745.573720610862
98393974,168.81725534169527
84824034,870.3016841594285
92573067,-366.2236699039813
73226546,35.138373134371705
61358064,324.369629192051
59398688,895.1270526849084
14969480,433.31640297941703
80588045,419.2889040701157
95597071,160.419813598397
54836005,358.2847925816254
23220441,230.9739367609177
59018993,457.4494183841002
68425900,241.58731407194364
96400633,-119.72164759518773
32664783,661.8212999592824
37951383,539.4937642835962
42701020,493.7193935467408
23132709,591.542901301545
36039638,873.2535610418759
14728562,481.1222169788475
62765095,251.18496975168182
90518206,409.6892204844853
99330676,323.49278376610164
54002963,387.9566329526824
80024301,79.43680543000391
83450392,40.44506178988422
80827964,328.2459955061554
22623823,469.8621026468404
85154401,565.5193467455169
92409200,555.0904617396441
37461274,704.782670019028
39412052,-7.729736819851951
99188219,123.18176081017691
10533163,441.9895692274986
16576946,538.7557950629839
10571061,1594.0225055128244
11502784,118.98202598558191
10627022,818.2028752298806
66112731,331.0610240891574
12271580,1015.7465136085102
19300863,390.81727763549907
42301466,442.1760894385434
93227392,405.9061142759033
13989390,688.8169879526749
83189444,-56.92025706087543
88982820,992.5815758294075
86309809,643.502834025755
93812427,393.0788293030423
79351177,490.16639574312694
73882065,914.1834878390478
85331771,-88.15926807278629
33746879,320.2631544729784
90357052,274.7188921410907
42998447,225.43713970043655
42297649,131.71807875881268
74232297,44.966137219078064
68234963,378.35897727294423
79955240,262.8596847938097
33685499,174.21517619683846
74031111,132.4560479794245
81527691,688.5848516418146
25578339,162.77259746557047
36826714,484.4907224773083
66720469,-317.31090207363286
58271754,364.05372595296694
79175453,236.32624151624577
91006186,572.3952339477755
75399510,79.25231312485084
65438642,213.20894774284943
72193555,661.6844516598367
52661224,594.590066195407
40274658,283.11633388438895
63582038,-97.94141605767754
95316180,368.99142999817377
31722576,140.9011337284296
51439680,337.4290504757723
92864642,433.2231428738942
24588628,176.38549566475058
62383426,-70.76326366502417
91245064,571.6552368212715
61715372,461.4170168978353
65148106,381.1263618502385
91441992,146.57680699424827
49274969,232.63436750729443
33917232,492.8425481207905
83235081,-55.2121823087914
40753215,178.0003103113122
70796627,281.6403954431653
73931614,330.04530245786964
56857736,726.7453659557991
54064504,430.27126599144685
20389019,578.0709072135946
57574601,506.63993862512416
16478279,236.0961331112776
68356151,486.7046301391438
99711808,239.78800712022894
98284968,778.1062056647356
30598390,69.74588964474333
55132880,1076.0542161644198
34163532,1141.6726631876254
40857770,118.9364098857668
79839486,636.1190860078523
78134573,666.021034783877
96251286,658.5916706661592
46606815,296.1301390682952
53204628,153.12932568601673
39264189,975.7390483371041
66917873,578.2553995187477
75228206,157.0036640942294
57466748,91.66499738759103
75500440,161.01890661367133
88152254,1065.3972506594705
88711927,-110.35410032041773
71935730,558.2288588331362
11714210,596.7127416576122
99304127,434.23886450518194
79629484,91.84948969274365
64599027,488.9661818066861
71633685,496.7645305347105
14342958,567.7808984130593
27958253,-120.96747763144322
61174518,335.81423582921116
74916891,284.8700247362881
72753968,213.94691696346126
36262662,-25.264617432952036
60917615,-186.3537883437889
99306721,456.3424645531827
53075886,266.73605110791414
73928511,230.42045984545894
19965325,320.95550759377556
54826574,928.3954790535022
64209168,414.76580073502964
34147586,622.0003548989207
98269123,252.24630748278423
97467622,510.09967632321514
85814087,-1.5462027383896384
72333580,576.3628324615106
30873738,470.7845641726053
10331403,512.1311195857897
35344119,188.98267223264384
35769080,342.5036028204254
21575135,326.0300599384277
75304823,596.2504969417837
23401574,177.26234109070037
83090193,326.95454937008435
86996430,227.09757044681328
99751646,383.52678972311924
23591049,241.03383715648442
81709576,550.7994947154184
82444468,551.9520646461515
38288153,2108.2036328408644
87446209,277.809645228876
12079734,643.4572179259399
25058080,463.9542930701614
89691662,281.31702693267425
13150938,125.3500523721973
36020495,638.3786097695033
54923182,280.5790577120624
28841079,168.12490222089855
41392965,719.684986448387
17119564,298.3440467301307
57430704,648.7162625757455
36272284,718.2566920128706
91925114,142.74605677995942
74412922,518.820486577004
65743046,343.8426929622033
48653211,331.2911324941256
36332370,550.4761262049278
85424579,-35.37013392833387
95090269,461.2801685983891
95971802,88.1119995839772
86256336,432.8541582635885
31156844,566.7195606819569
37688219,312.8337903552606
82437324,-41.92265262010187
21950676,514.5295195527783
54094553,-211.1335407694537
74374536,447.75850259883964
61738687,328.0615032010023
19277250,-133.88802270982706
84311990,188.5680715225226
94274494,285.0089009416256
89122239,1003.9329223610443
97119289,1057.9222704419376
29959537,-96.1421091059633
22777840,1002.5026000196362
39391011,238.0343162683298
15127918,507.377907845736
47251761,640.5489292374155
20023773,73.57663985903218
96682736,-193.09079934070996
12309412,333.0448233460247
11517944,222.25312650712885
59425514,909.8469047150065
28854961,316.8946489745181
63750719,843.4428444654818
69531684,234.94153527465232
73516640,360.0840995333406
92500346,565.7494551504847
66124065,-244.4952272435694
28886163,456.9415575684566
19680706,317.07914127967115
83673598,930.7502908265674
85519237,196.36642025054653
37110854,530.4039694195017
96010780,490.21201184294205
51391268,333.22931565117733
17655078,556.7985364917281
26863121,672.6191695754605
30839269,-126.96651940775291
22418770,668.5562830503118
88029081,422.14954875293233
27689636,56.0417592459321
58431423,539.5849964832269
43802347,397.5086725326055
83961382,292.9917419748026
27938336,180.76972279449865
35978100,75.28268670522402
89319775,811.9281089487877
30362974,224.74478657964028
93105032,1256.431958540256
20314268,0.7609650289682577
34550012,395.10824465972473
28077484,484.3518462719703
64656384,357.64008346653645
48022436,274.16541522563193
40507726,622.7383241195325
10314144,537.6944573318815
81012787,443.2374271696458
45672873,497.59575986084474
25759428,187.50673379142017
13512722,579.3167372498501
96070498,175.36977403346327
21352279,464.5554139913279
54205490,406.2294827863943
44645119,422.65740956857644
37332321,287.500561014137
54601842,651.2991548478872
60801709,146.8069153992169
28903523,236.23500931661556
79159760,437.70063010916465
20416757,189.67502535344056
38432201,566.1660837664981
60739859,273.19530969415973
89931987,224.92927888479335
60999736,-105.73976478570148
43182602,497.40923964979993
89739478,343.9815691675408
50450523,430.22362198574
73950928,455.97347994287657
12330781,-142.00973994834158
50236542,280.94804232236856
34912503,463.30958395507196
25536468,306.235655563677
63776599,788.1144062428111
56389530,754.1100385594978
60881312,429.20992826034444
94656046,672.4823212760148
84143693,527.219956226194
60768240,818.6651199457087
60458308,380.29513252410425
53948557,361.423189675118
11612817,295.9456467631421
71889062,-62.133685610865996
77172079,723.240012157893
34222625,734.8650552884219
69965828,157.74366122073297
94714430,408.21328204326164
71961534,-31.678259919382526
32936108,216.94643785161634
18431618,250.44700053107
13548537,698.4602597322278
86674079,595.9271284312931
21748194,122.85839229968633
40124541,447.1137934837502
33347811,352.0100263005329
92929218,-207.8106513708085
72190892,65.59379882585517
66963455,888.941490697554
96157867,417.4419531126937
15254705,850.8742364890918
89064766,61.53294020659769
85305349,186.4910121601324
58781934,242.0951748875873
42553797,553.7057554980511
18721533,547.6154815221112
58244383,622.0439430928436
13696896,571.8873731321319
65894339,171.4477916195442
61098619,169.78736087316747
26018756,422.0106725475948
59479424,344.7651544879682
81738781,-108.92377797900917
91106215,774.0909631452937
71223563,278.4563822498576
95945745,846.0754086492229
91424061,438.9920762452357
67135880,218.5612524981775
15528553,1221.1797329147953
33657705,165.72650225390998
62553289,58.210050807952484
60993054,137.901612840275
42800613,695.5519710437038
17769800,517.2056719304423
21401202,667.1736047146101
52155473,659.7462685027845
93304650,540.5551020146991
51407728,714.9317747083333
89543732,441.1603678072556
43419947,557.2567253957727
41488699,193.59700776736008
60974422,42.93672186239564
65352047,500.82538915396754
37012905,421.5960718374731
14787203,217.6387909724126
29417973,215.70060781536085
19835446,417.2118447077255
43255500,759.0477426047046
28812691,57.14871307685007
18722953,19.35718337317121
93227004,565.5649628453316
35371569,1074.2569371185969
12076594,-27.24841668981935
17330331,211.77862540144133
70946197,298.9907837511123
44132847,15.111832448761106
77445263,24.893980433651905
56880921,1337.599459013802
11480304,481.1222169788475
44407005,598.5120486093265
57603851,191.19657989447933
36951093,407.47531282264936
18651476,503.0849129156186
28758403,701.1364121098923
29842235,700.0274303730826
80915194,16.726647095322278
87361082,206.14856823543778
67711479,566.9952851867406
96493355,20.418521104273623
60783295,1053.9070279224957
56178874,72.7454105328975
36921713,538.4324265524933
48581624,434.1456043996591
75576141,310.8956071982084
20755403,530.0349848091955
52097748,179.0160319425995
30927924,281.4559031380122
52924618,355.6542563037774
23083091,241.1706854559302
10593933,285.5623778570848
14984647,16.865523300659788
50764768,522.1433759756496
42909851,291.97602034351576
47962891,104.67677466560463
24155862,409.0445113693954
96222874,965.6791479415374
76243625,212.51659462205316
83785580,503.68603383678465
68046684,638.2894054757649
35026518,636.5813307236813
21144795,377.9899926626381
42304823,495.1497158881489
32449171,-107.17008712711004
67804951,555.3205701446122
80988109,246.89400272745615
31562948,538.5713027578317
80571715,432.9474183691109
91879270,303.4206269806755
80331872,268.3052496546602
39788137,750.8804092663745
78186126,175.50865023880078
34300076,-205.82685211394073
70710711,577.23967788746
19520201,103.20083622438096
75968232,515.037380368422
62441830,594.590066195407
87704160,313.15715886575117
38039509,447.1137934837502
87299257,253.26202911407154
34604480,468.38616420561675
93559487,424.3178403149527
35225951,349.8873508383281
80500038,-81.09888856537418
88587318,646.8236955185084
72460444,473.78408506075994
28502361,511.62325877014655
91781888,821.3889163290801
83528344,1062.2132374661633
15266445,368.8069376930207
83532377,509.40732320241887
74780110,153.4050501908
88664511,171.35453151402135
81767501,477.5215751695264
41015579,75.19145450559336
19338404,343.2892160467445
14667759,827.1102056947138
66260119,937.4852739175963
20542479,750.9716414660052
54097170,364.51394276290375
35669653,293.8229713009373
94127563,-65.68668341447983
81488029,-112.29228347746994
93329952,555.8284309602559
57217043,410.19708130012896
65522547,554.1680002138792
73695068,338.62723650632097
13539769,369.9138915239387
44056017,760.4760370402214
46617581,238.58779318378856
68464888,31.76986763591094
45303083,436.1770476622337
86984156,330.04530245786964
56630529,257.55299613829675
78254395,233.37233672790626
30913049,184.4139527977427
82688614,188.15144290650915
88893045,244.4479587547603
94639808,517.852408951424
52742143,612.6784237239658
64260968,399.12348717916666
76546956,67.39310577756942
83523035,614.6622229808331
11013053,484.9509392872442
44130994,200.47289496961866
53796074,332.67583873571857
35498168,341.02766437920127
63562445,-19.773436472285994
42365113,57.656573892493725
54613679,481.81254219375205
69835682,170.89228679819325
40747675,152.4825886650351
37071709,532.5246169758148
11644754,1086.5783891817068
29456046,978.2307084096151
63575365,540.8308265194819
62030210,215.88510012051393
84640048,100.52468384671738
61377846,532.2488924710315
72441550,1065.9963436747448
11270022,521.5442829603753
70261792,101.72286987726557
52404988,351.087564774768
84003906,412.78200147816233
31204633,597.6352031833771
75242666,346.19547682937673
49434528,-188.47646380599372
42863318,267.9818811441696
47571305,407.0130681068208
66490879,283.0251016847583
82396141,176.70886417524116
96803616,337.2901742704348
10584088,897.7119728629423
41994657,293.9142035005675
87186973,161.89575203962067
71213873,272.91958518937645
49764305,121.24357765312516
43725149,778.5208063748569
83812129,383.61802192274945
63290164,93.83328894961096
79318573,517.8980250512391
10844028,52.02651672649017
19798231,907.031876132005
97056407,127.51834393421768
32215003,586.7461013675679
94765090,386.0184497956302
47235057,592.4673907332021
94429036,202.08770961618075
19267342,70.20813436057142
79884507,1369.624083252032
68548734,245.83266499635374
64679483,203.9782487675252
99761027,475.44654371302886
77538039,382.8800527021376
28035639,466.5868572539025
66579510,367.05324684112156
50333547,106.89271023333231
30957545,274.2110313254475
87343589,199.08818872802567
45470859,296.0368789627728
57383256,503.45592543181647
62753404,19.033814862680174
65906932,847.6902232957841
54060112,868.0857485917008
88317327,443.97539639025763
46875481,763.7076942392359
86614127,650.7933219381357
91675434,785.4402817710388
83895227,383.9870065330556
86365373,165.03414913311326
19948626,355.28527169347126
79630167,240.61720854047144
89106944,213.53028834744873
46083057,277.164936113787
96150610,236.41950162176863
35015883,-109.43163879465283
69747407,102.04623838775615
55538576,1039.925145113009
97411049,-97.57243144737186
11519556,347.1655823608485
81677533,-172.51078173964015
60065328,441.6226125230846
91824420,194.6583454984625
72549395,267.335144123188
75208950,433.8242637950607
54258616,532.4333847761841
28371507,457.72514288888397
33800661,524.7739122534981
94718676,458.37187990986513
98426094,-151.46851942274225
41019343,545.3083137547528
55953203,425.3791780460556
97258831,97.89414756886845
12406914,96.0471966114469
54260975,70.39262666572449
17839314,258.2453492590935
59228162,-95.95761680081023
53104947,742.5265557170001
13405871,769.2901073995326
30540873,141.31573443855086
10681459,410.42921761098887
88488173,112.24501498866039
11138134,961.2036886121587
55965946,543.9236075131598
21024415,287.1315764038309
98633407,468.66188871040004
17665044,434.37774071051945
52365929,194.6583454984625
45919010,16.542154790169207
29159751,549.8770331896535
25938815,125.90352928765606
31864619,326.2621962492881
84907440,1050.1695378137292
55408023,267.1050357182198
97513676,315.1409581226185
71808636,267.797388839017
37329985,683.3237790861167
66719590,946.8051771866594
19832352,769.7523521153607
63673893,599.9879870505501
54185196,230.09709133496835
66171184,543.1400221927324
15702584,268.9043426699345
26362681,779.534500100252
15300602,568.9334683437924
54091216,393.26332160819493
41649165,185.19956602406182
17221791,228.48227668840673
60925601,202.08770961618075
98579259,124.79657545673808
84327985,477.15259055922024
42373455,-11.97508774426251
51759034,758.5398817890609
57369993,395.24712086506224
86174456,147.1302839097075
40095064,379.1425625933707
36904267,665.4675578684182
95653857,84.32686546950345
91047161,-3.668878200594918
24858933,-66.19454423012348
43668504,216.1152085254821
64688863,167.61704140525444
19394328,685.9543153639656
90928544,93.64879664445834
54501975,422.7030256683911
55816692,223.72906494835252
54235055,324.2763690865286
54802075,470.5088396678216
44582261,-64.21074497325617
30580440,818.663092039817
53586985,322.106049618616
45293131,112.56838349915142
61623792,-200.19679494793763
12664255,260.1835324161457
99282552,286.02462257291336
57422029,351.5954255904121
95049365,-24.75675661730793
44630924,71.31508819148894
59932513,605.6180442165537
79864196,283.7630709053701
38025450,383.8957743334249
43187524,242.83314410819912
85710350,277.7640291290609
39439329,231.9420143864977
11767243,571.8873731321319
40729807,429.7634051758032
95837440,-9.392195472120875
62785546,158.4816304413448
18032525,474.70654658652484
78515248,356.66997793506425
64000264,467.32482647451434
70932637,790.425629821953
56631286,836.013480347764
82611641,701.8743813305041
14610215,215.1451029940099
65282606,232.8665038181548
31080502,572.5797262529286
66137109,423.2108864840352
55286917,237.43319534716375
19462876,218.19226788787182
37235871,434.42335681033455
53584009,348.36376839139666
99377565,562.0575811415333
82994298,153.35943409098536
64250472,-27.52616910049437
61269314,577.0095694824918
26299312,887.7433046670058
97300018,694.998494128245
74523665,462.7561070396132
19970243,609.125425920352
14406104,454.95775831158926
87865772,1072.2751657676217
12224440,86.86616954772171
62628011,-73.48503214250331
30735313,420.3958579010332
12214322,299.6831368719086
80943078,459.9866945564263
89421265,907.72220134691
72762674,45.84298264502786
55920835,625.3668324914888
95456446,793.2862745047701
96630600,292.11489654885327
20077759,198.5347118125669
77066065,207.57889057684633
47856776,1231.055141005209
31685937,380.71176114011723
41522098,764.3524033543254
30032101,99.64783842076804
91606427,165.5420099487569
22900349,278.64087455501067
43552678,216.1152085254821
38881909,238.77228548894163
77508029,824.5252855166805
95128506,200.8418795799248
64627729,326.2621962492881
56744301,-109.6161310998059
59338251,386.89529522157954
19662574,357.2710988562303
92971829,480.0608792477451
18409584,742.897568233198
71760159,865.1277879915774
43660858,410.47483371080443
77997629,48.98137973851999
33928732,316.52566436421193
68629875,665.3286816630807
48480450,320.95550759377556
54283664,251.32384595701933
65942293,555.2293379449816
95573502,768.8755066894109
45086632,-142.6088329636159
23012000,478.90628141111983
45395839,436.776140677508
15432712,797.4383653236578
72298046,388.32561756298855
84408769,-35.92361084379263
25246226,119.85887141153171
20056705,455.2790989161881
67856036,309.83426946710597
56138985,95.54136370169499
89984541,432.39394145365213
34860961,851.1499609938751
55067089,260.8758855369424
63717753,378.35897727294423
89165138,199.965034153975
22336894,13.034773086370933
23089519,241.07945325629953
74572156,187.41347368589732
96120368,831.4924049185702
70734227,668.4194347508655
43842124,448.5441158251583
98567604,494.9175795772885
54538757,224.4214180691497
40105171,395.0626285599096
12135438,276.702691397958
73738446,715.62412782913
62385208,372.8677963122782
56062641,517.3445481357803
60234485,273.6575544099883
37490148,307.5271016997476
73644773,735.6962846145566
25147876,428.88655974985386
98738159,-228.8985297875215
36202424,331.4300086994631
90053455,849.7652547522816
34861961,134.25535493113875
40235987,144.63862383719652
25289802,360.45511204953846
72831408,700.3984428892804
62725172,539.4937642835962
20547868,328.2459955061554
43821417,344.072801367171
39911650,551.1228632259094
76282034,179.0160319425995
93532589,463.26396785525685
71389546,851.6598497154105
26491098,107.26169484363845
63364173,495.70319280360764
74256814,694.074004696588
35509595,-99.51061460442361
18139863,626.9360310382353
68577776,931.8552167515932
29522715,423.2108864840352
77706518,656.653487509107
14006179,274.5800159357532
92579248,355.0095471886875
59229974,446.56031656829146
62295609,830.9389280031114
84259414,23.32478188690584
47815936,701.5966289198286
81563963,756.1394539161806
13005852,272.41172437373325
62738558,-182.47742202968448
57070759,417.62644541784675
99600292,288.56189874523943
94306787,533.355846301949
95225104,357.64008346653645
55330216,359.80634712266465
36532262,200.7962634801097
46565446,999.2749986324056
49087723,292.7139895641276
59534453,689.0470963576427
48055811,86.35830873207806
88400730,237.84982396317673
99040799,927.6575098328904
54783545,4.498455137735164
51521420,250.26250822591692
62125112,402.0297479617989
41533842,301.80581233411385
37548888,161.2966590243468
15800993,689.0014802578276
72777210,641.6558830683334
27213732,563.7656558936173
86541928,241.95629868224887
24899277,290.40682179676924
87153365,438.48218752369985
29377093,869.6073031327396
17126249,633.6274259353418
83735200,-4.037862810900606
75294081,1092.577430958016
50305812,69.37690503443719
80598326,282.6084730687453
73085224,371.71319847565337
36011967,70.76161127603018
27344122,236.83410233188943
65167661,987.9216241948757
22697886,775.3367931815492
79772982,316.15667975390625
75656583,275.3636012561806
28706133,199.08818872802567
94307664,1165.8989386978315
79181014,55.90288304059459
64940514,640.3188208324473
42076518,372.17544319148146
38290514,224.37580196933413
12647465,864.0705060722589
51615379,1039.925145113009
58583551,258.79882617455223
89324282,521.3597906552222
53391853,61.163955596292
22488467,1210.7508479089224
77912827,428.05533042371917
92699296,971.3568491132482
98391080,262.53631628331914
25085429,25.078472738804976
58232338,491.45784187919753
40856740,480.56671215749657
86463099,596.8516178629498
30661871,253.44652141922415
43294411,704.9671623241811
95379944,142.70044068014386
10473693,106.89271023333231
60542399,786.0414026922049
52521598,-53.412875357077155
78214020,324.87749000769463
42119756,294.8822811261475
74645008,372.03656698614395
68736704,983.5850410708349
13851365,14.419479327963927
10956933,898.493530277477
76588396,432.07057294316155
48664414,618.6774655002755
75409758,22.541196566478447
60867152,583.0542273586166
49408128,386.0640658954453
32398201,336.9211896601287
33820657,-229.95986751862438
99096183,902.1397881866133
71729207,203.887016567895
13424233,5.2820404581621005
69313487,621.0758654672641
51427900,229.54361441950914
20461232,553.197894682407
63893951,313.5261434760573
93871936,212.88557923235885
63699477,586.9285657668288
96362629,422.240780952563
53928117,458.2806477102349
41164553,217.82328327756568
36908648,325.0163662130326
29666927,481.1222169788475
11938394,730.1158993601521
52496134,290.13109729198595
32481667,-330.78492406747546
61487441,651.4400589591169
78992007,559.3358126640542
52895411,188.93705613282873
58726779,105.50800399173932
20458217,636.394810512636
60265538,330.92214788381943
48479448,220.8228041657203
72404425,307.85047021023865
91400370,201.34974039556892
56260955,5.605408968652682
65491665,775.6581337861476
11663385,9.850759893063241
18615500,700.6741673940637
87935522,-35.1856416231808
58889457,-16.26605476848772
19169471,907.72220134691
66133962,644.8875402673484
66731452,624.5832471710623
39410896,591.0350404859009
54940054,144.68423993701163
10662394,530.864186229438
80972130,159.58858427226278
45235634,568.6100998333018
32971413,483.75072535080426
79283360,510.6075371388588
67055260,450.85128359251667
56118755,132.04144726930326
29230461,510.5142770333364
37178907,296.36024747326337
80400106,379.42031500404664
67091284,514.4839034529632
54160936,983.9063816754337
26849200,173.2014824714429
49585462,482.7370316254087
29429374,286.94708409867826
95616903,1172.8660580997207
40605040,111.50704576804856
77364221,406.18386668657877
63366619,465.89450413310533
82932107,249.89352361561123
11504000,121.05908534797209
66338948,620.2466640470211
17704772,406.0906065810559
70406271,138.45508975573375
78457345,1502.2416277282523
47160363,220.63831186056768
76792443,506.0388177039581
76133904,36.93768008608595
30534387,257.9219807486029
27949452,438.8075839400826
98920505,412.31975676233424
79101538,1700.6580557210486
41201623,193.7358839726976
16952322,381.77309887121964
97020909,274.5343998359381
76043497,434.9312176259782
34495964,429.6701450702808
68971691,243.34100492384232
68553106,342.41237062079426
90311747,220.3149433500771
89361909,125.76465308231855
20406930,185.42967442903
38933836,589.422253745232
38377549,378.0812248622683
23346090,214.3159015737674
12625694,308.727315636188
57311677,497.2723913503537
53924641,246.15603350684432
36865701,728.5467008134056
22626294,473.50836055597665
94697405,387.2622519259935
89675917,290.91468261241243
28055737,-30.432429883127043
17371555,745.1570919948485
31452123,364.5615867686106
39910354,351.6866577900423
16661684,158.57286264097502
11696365,549.0001877637042
13890760,406.6917275022224
23308655,64.57807719456787
58265470,163.4649505863672
23915393,318.094862910958
47202387,831.5856650240926
63170132,525.8808660844156
85663208,509.9151840180625
11731667,46.35084346067106
96387342,419.84238098557444
56912577,1757.5556924904654
96546739,383.66566592845675
56118135,715.6697439289451
65848480,92.40296660820286
29524312,284.13205551567626
61207733,837.7235830057398
95068416,-104.67842705459861
93730714,134.02524652617058
58209441,99.46334611561497
77468100,196.0430517400555
94556768,768.5541660848126
66214153,437.9287106082411
63178801,486.98238254981925
47025809,604.3265980804827
17223815,1081.4541649254547
26808769,424.6412088254433
25114626,528.9736470780931
33184251,384.91149596471223
38562723,387.1254036265477
19383477,255.43032067609192
81390291,249.43127889978223
20998216,452.69620664404647
95233875,296.1757551681103
36756234,426.8095003874637
80596646,469.30862573138165
92304937,431.7472044326705
37613954,281.6403954431653
58590718,483.1972484353455
53992915,220.3149433500771
54005253,-7.360752209546263
68781482,390.67840143016156
70720914,-107.67794794275369
29283338,676.0809351794437
71373910,-182.47742202968448
82737999,-178.0475788001213
38789318,-101.81778237178196
50526394,498.56383748642475
24047944,267.2439119235578
56710540,42.383244946936884
18038779,453.2040674596901
87817642,559.105704259086
54364617,1219.979518978355
49277751,287.63943721947453
50647092,582.8220910477562
74938295,495.19533198796444
94151619,644.3340633518897
14146499,591.6817775068826
44114070,364.0081098531514
71013634,336.4133288444855
92727921,33.89254309811622
23408005,181.69218432026355
55353418,103.524204734872
42627732,733.6212531580586
52380113,895.817377899813
76380932,776.7671155229573
85051446,449.2364689459555
13441812,594.2210815851008
75634466,869.6549471384474
77418032,221.88414189682317
26069913,705.1060385295186
56951161,636.0278538082221
65568116,353.90259335776955
61527594,416.8884761972349
17428821,466.12461253807396
23710142,364.7916951735788
95218141,339.36723363282454
64929695,193.18240705723883
16991389,249.20117049481405
28240625,839.245137546779
27547150,577.2852939872755
66381811,455.97347994287657
33749942,16.865523300659788
35190059,427.0872527981396
63026525,405.53712966559715
52393671,303.7896115909816
32813270,607.0027504581471
49072955,235.6795044952646
39300176,424.6412088254433
46915044,483.6138770513585
59260240,472.90723963481014
12697027,532.7111371868596
52828733,247.49309574273047
73335938,186.12202754982673
55961268,317.95395879972875
13325471,437.65298610345735
29398613,197.51899018127915
27052291,144.499747631859
15955952,649.4086156965423
23271818,940.024577995815
99724134,795.2700737616374
24071058,280.7635500172155
31560904,205.27172280948798
65419988,119.48988680122557
15085530,106.38484941768911
19942722,697.7222905116159
13275930,474.7541905922317
22982323,632.5660882042389
36522599,265.2124686609832
82021909,677.2791212099919
68645790,595.6970200263245
54788650,258.8444422743678
42678082,370.97522925504154
60925510,562.4721818516546
88286089,-2.6075404694920508
58263484,670.0798654972423
65619117,439.22218465020387
38104250,75.00696220044028
13756583,186.3065198549798
60053914,476.1845129336407
64871810,577.8843870025494
58457956,502.9936807159879
46159970,-37.12382478023346
68250229,87.41964646318047
47390028,769.3377514052395
32969075,409.9213567953457
53581810,462.34150632949195
79530731,527.3568045256393
24487509,703.3503197717278
69933962,665.4199138627109
65663302,424.5023326201058
12423653,437.70063010916465
58871872,249.38566279996712
58171151,446.92930117859714
30617224,403.18434579842415
69106909,288.56189874523943
13212070,697.9980150163997
68351771,292.48388115915895
87624917,197.612250286802
11970895,187.7368421963879
44431758,1109.0489459341215
16633955,692.183465545243
42590404,308.4495632255125
86953915,676.4499197897499
15250738,653.9317190316274
44832140,402.86097728793357
73698594,587.3908104826573
42128660,231.1128129662552
79549553,261.9828393678604
71619272,7.682468331042855
42016649,812.2058613594631
61877206,39.06035554829123
56572912,292.0216364433304
71598751,669.1594318773696
34544077,322.4314460349992
28672236,1080.5793474053971
68689312,290.45446580247653
20267244,278.2718899447045
68781454,991.429005898674
27270801,49.673732859316715
37219515,387.4487721370383
12011866,-186.53828064894196
98392715,91.8951057925592
87201351,668.0048340407443
14908777,895.8650219055203
34723195,224.74478657964028
27339925,135.4555688675796
65420496,-47.27495737542995
40933008,21.295366530222964
47440503,110.4913241367617
94970875,-20.83477420338886
91029594,648.1627856602868
65336637,324.1851368868979
82023374,416.9817363027573
11380763,924.4258526338749
99699540,106.38484941768911
52649545,377.1587633365034
46299510,388.9723545839697
71452565,718.6712927229919
67641699,193.92037627785066
12714684,558.8735679482261
60016742,169.14062385218585
53641525,643.8718186360611
43542290,211.50087299076586
32126954,416.8884761972349
38213318,477.3370828643733
19971849,790.1934935110926
69256669,613.186284539609
23756854,-205.68797590860322
62908704,151.56012713927066
32399173,440.5612747919822
39238887,751.4338861818337
94428578,350.71858016446186
52458139,351.087564774768
80574227,103.70869704002507
90487261,1029.6331084065823
31852005,559.6135650747296
24086418,424.6412088254433
82209864,269.2277111804251
29014855,93.04767572329183
56782601,25.90970206493921
24702075,352.6567633215145
74660449,282.8862254794208
40117654,121.98154687373699
60385260,807.6371419245625
35958980,766.3838466169
69458629,192.67454624159518
92886159,351.087564774768
97734269,153.867294906629
19053695,487.3969832599405
22371112,342.27349441545675
49183639,749.5869352244117
53526975,-4.684599831881769
26290335,501.56335837457937
13359830,483.4750008460205
39340686,-79.43845781899745
85521089,206.70204515089654
26704193,399.5380878892879
86626423,128.5796816653201
80675333,516.5589349094612
38369741,237.15747084238046
10428306,317.44812588997684
18197840,15.111832448761106
78586780,169.64848466782905
40311310,241.03383715648442
51507375,58.348927013289995
10857110,191.70444071012298
88736789,294.8843090320397
10823128,233.51121293324377
75933085,865.5940885191899
87766438,256.26155000222616
64406530,374.29811865368674
33833037,451.95823742343464
51715740,441.6226125230846
59611801,298.4829229354682
74340374,1097.838503513714
55507333,1143.8409547496462
10416536,614.3864984760498
43556040,40.12169327939364
63137873,626.0135695124704
70387789,428.5631912393633
29408506,266.367066497608
38244388,249.5701551051202
26541311,-109.24714648950021
21032019,422.47291726342337
95710332,490.02751953778943
80660421,1420.0127895236042
81086775,-69.93203433888993
14692465,233.9278415492572
35590067,329.1684570319203
37534494,196.41000844446944
46669694,387.9566329526824
68379291,274.7188921410907
28943151,51.19528740035594
85214973,492.0113187946563
49160221,309.09630024649414
57027484,385.97283369581464
79515834,400.6450417202059
48903593,602.2039226182778
49944843,329.1684570319203
15919205,674.5573527325128
89043859,537.0021042110852
22557888,464.8787825018185
45588391,1281.1225066721822
67323319,310.01876177225904
67813677,165.91099455906306
94570366,286.94708409867826
99333664,558.2288588331362
62452475,297.5604614097033
27164888,273.47306210483566
13777597,637.8271607599363
58863729,24.663872028683727
75372835,763.9378026442046
46531922,1334.2309535153413
22638297,78.42108379871661
43377425,484.3974623717854
45061752,-126.4586585921088
87232001,727.1599666659208
99721166,265.02797635583056
63930988,554.0747401083568
67323116,136.00904578303835
90199043,-279.7494807749222
16025812,192.12106932613642
90192151,480.8444645681716
85194090,504.2374828463512
82716623,25.21734894414294
70041588,-6.622782988934432
10909503,316.15667975390625
38910820,313.7106357812104
67605038,-139.5180798758306
22421268,379.78929961435233
12483701,76.80626915215498
99756084,407.65980512780243
72806047,143.25391759560307
82569264,309.2807925516472
85085562,288.70077495057694
51688242,59.64037314936104
67031304,345.919752324593
67620733,713.5470684667403
15399183,42.42886104675199
83228475,665.0985732581121
59551778,-24.20327970184917
58024179,376.28191791055406
67130514,246.70951042230308
36292117,487.5814755650931
40708056,725.2694275145755
16154757,577.6086624977661
56077131,441.9915971333903
24589481,1106.5572858616101
73507348,557.6277379119701
98283340,249.6157712049353
78682956,255.79930528639807
48031966,354.0870856629226
54069937,-173.61773557055812
12509398,353.07136403163577
55254106,403.55333040872983
99797445,252.01619907781605
46298966,494.5962389726901
97439691,890.0504724343637
77392495,-13.774394695976753
20307174,183.4914912719778
99295729,-27.432908994972422
13479279,-15.528085547875435
57906842,554.1680002138792
11957267,-34.86227311269022
46011088,-102.37125928724072
40051988,935.8248431712195
76565808,906.5676035102847
38007540,188.61368762233815
79111798,461.00241618771406
44170417,347.16355445495674
81747003,741.9730788015413
10689207,-81.7000094865407
68762949,526.5276031053972
41533253,263.18305330430076
72624609,321.5089845092343
95729378,517.7591488459011
63404247,465.71001182795226
66851416,511.2978623537633
52878792,799.7455330910161
69816189,350.9943046692456
93215948,502.80918841083485
82196067,127.84171244470826
65951347,104.77003477112748
28150709,685.7698230588126
26445964,207.90225908733692
59886188,106.38484941768911
47858132,608.8476735096765
10617528,708.7958846325782
26555436,421.9174124420724
75176293,587.1607020776887
15592659,605.4791680112157
17002563,518.9593627823415
65418918,1140.656941556338
50328250,204.90273819918184
29587649,20.78750571457931
58771361,411.39729523656933
11138502,208.2712436976426
87806628,242.0951748875873
92541302,97.15617834825662
20045193,1.2211818389050677
53943287,573.6390360781393
72973012,656.8835959140756
98243897,613.8786376604062
50425980,136.19353808819142
53891279,358.65377719193157
12653293,448.77422423012695
79516817,453.94203668030195
57736550,492.9337803204212
68504332,225.11377118994596
51418176,647.47043253949
52844688,880.3575287432113
14924228,579.4556134551876
17385055,440.8369992967655
48584675,385.83395749047713
84113591,429.4856527651282
24176804,607.8795958840965
42578288,266.5039147970542
22976178,264.24439103540317
59427067,128.02620474986134
62214101,148.237237740625
31095835,513.7915503321665
61084952,241.40282176679057
24538640,300.55998229785837
17397516,542.0310404559227
53588939,437.9763546139484
64801503,338.85937281718134
22306102,510.09967632321514
73464976,281.6403954431653
25265317,1506.4849507467711
67321055,500.3175283383239
52652991,670.2187417025798
77364707,235.2192876853278
28941979,378.35897727294423
74248679,433.5465113843852
67415672,55.85726694077948
80048641,-0.853849617592914
42348096,-55.95015152940323
76460518,238.35768477882038
34956566,676.4499197897499
77002192,440.0990300761532
88577445,643.9630508356918
38297974,225.99061661589576
97975641,1645.1947971048235
15692698,861.1642452896267
83507949,362.5777875117433
91740530,424.5479487199209
37895673,5.744285173990647
19139820,306.6958723736134
89742287,208.2712436976426
63175133,340.4741874637425
52867973,309.6021331562456
16690451,464.6466461909581
37055011,287.63943721947453
17248647,388.0934812521282
17328412,300.9269390022723
63923102,903.5701105280218
34421040,349.24061381734646
99940233,38.50687863283247
45814646,229.54361441950914
58613984,121.84267066839857
31285738,409.7368644901926
35071743,335.12188270841443
52223959,314.4486050018222
61904367,59.041280134087174
31525138,30.893022209961146
73171290,360.2229757386781
44582195,434.92918972008647
90109527,4.498455137735164
26952082,214.45477777910537
53620380,334.84413029773896
94287883,1069.0891246684218
77186365,317.5870020953148
33864808,-52.9050145414335
70959138,111.73715417301673
52099246,322.0624614246931
22249291,189.12154843798135
48803280,615.6323285123053
89982531,171.9556524351874
64289923,609.6312588301039
22000557,255.19818436523155
26219747,270.38028111115773
31130738,641.8403753734865
32445244,249.6157712049353
75236281,70.20813436057142
13587715,514.5295195527783
52514750,172.64800555598413
90786271,-5.238076747340983
15005065,246.75512652211864
20097518,-204.25765356719467
50625868,404.47579193449474
84412981,253.12315290873357
92773944,-83.77504094303868
25312123,65.50053872033277
70396417,101.40152927266672
54865863,447.80411869865475
35803808,292.80724966964954
59597265,490.7198726585857
93311848,63.42347935794305
32340446,258.42984156424654
96794801,446.46705646276905
40380864,306.235655563677
82007689,361.562065880456
84851707,695.2762465389205
83174692,297.60607750951885
59083400,-90.83542045045033
17580169,563.9481202928782
18219500,81.78958929717692
87811781,709.3473336421453
14088369,156.5434472842926
67659430,280.21007310175673
42456496,426.7638842876486
87353322,87.28077025784296
13917344,-216.1168609144761
19886405,503.0869408215103
77800166,571.0105277061825
77068569,315.0953420228034
88362858,88.89558490440459
71241476,791.2548312421955
24814654,332.99920724620915
46691706,498.28608507574927
79162545,653.5627344213221
42908985,126.22689779814709
74936566,348.0880438866134
19620916,198.3958356072294
54347722,455.4200030274178
90271799,583.7921965792284
25414359,678.4337190466172
35809369,213.62354845297068
57731323,-10.913750013159643
37887687,837.9536914107084
76623206,80.54375926092143
69954876,314.40298890200665
78180146,756.4628224266712
90681578,396.72305930628636
41794614,-68.31721969232831
83295852,347.39569076581665
31156145,317.40250979016173
62711916,538.8014111627995
74676618,380.38839262962665
43248708,520.3440690239349
69180825,282.14825625880894
75624999,261.7050869571849
37667208,732.7444077321088
77810578,471.06231658328034
47115768,420.71719850563204
81589304,1159.9931570270446
74472711,107.76955565928256
82711188,392.93995309770435
55272778,375.17496407963654
98229885,149.0684670667597
70058028,300.65121449748904
90729377,0.7609650289682577
13401279,407.29082051749674
85519612,491.8724425893183
17006769,484.53633857712293
99888523,222.25312650712885
22354297,764.2155550548796
43508583,1749.3863312462431
96795828,392.4320922820607
96608998,21.664351140529106
67452091,279.33322767580694
40571985,768.8298905895958
15232782,719.7326304540948
86789043,312.92502255489126
14046478,245.27918808089498
45515801,463.67654065948636
26318506,1040.710758339328
34584473,242.2796671927399
15369631,473.50836055597665
26479383,389.33931128838367
81346470,-90.51205193995975
83197984,17.095631705627966
70331904,793.4687389040309
78907246,676.7256442945331
42709019,954.7900461257282
97184353,205.0872305043349
35589537,605.2034435064329
83942112,288.37740644008636
58293013,773.2577059132668
78567689,167.52580920562423
88610012,245.46368038604805
68628621,325.20085851818567
51584806,-87.83589956229571
29419986,192.16668542595107
21476578,531.832263855018
77370060,-7.914229125005022
33607448,838.3226760210141
47890072,329.4918255424109
11234362,57.14871307685007
70681971,310.8499910983933
45196219,791.9928004628073
58136807,-44.598804997766365
21383428,122.48940768938019
38088367,385.78834139066157
57071133,646.5003270080178
83834449,620.3835123464669
72194210,741.9274627017257
14582584,411.3516791367538
16017322,229.91259902981528
18598541,227.05195434699817
82812670,627.3526596542483
53563234,616.7392823432228
63779141,1143.7476946441234
70854456,542.4476690719357
83535660,259.9513961052853
51099419,-213.3018323314741
30503407,1028.990427197385
90802363,269.1344510749027
84057874,198.02685099692326
93637941,82.85092702827978
33888588,96.97168604310355
78183407,539.9539810935325
88497510,1483.5977653783425
88829918,722.6388912367265
72639649,487.5814755650931
15627595,214.2702854739523
68832460,414.5813084298766
31734310,-37.447193290724044
69212161,248.83218588450836
62980146,-184.92346600238034
69972227,366.22201751498733
53162285,217.13093015676895
10963473,281.5947793433502
65276908,289.48436027100433
72611634,593.7132207694572
81292347,404.7991604449853
34705944,531.187554739929
54322977,130.4722487225572
27155431,832.0935258397362
61373056,265.5814532712893
64530093,80.12915855080018
44187538,334.79851419792385
29110806,54.980421514829686
34026881,588.037547503639
67734035,537.8789496370346
90355788,192.99791475208576
76930932,323.30829146094857
31194080,372.31229149092724
26948420,414.0278315144178
60117998,271.67375515312096
23540580,253.99999833468337
29255361,191.24422390018663
47322059,475.81552832333455
50570727,-14.651240121926094
71874386,432.39394145365213
27325447,224.5602942744872
92986477,338.62723650632097
27856293,-17.281776399775026
55159001,240.8493448513318
88660196,196.6421447553298
82148252,247.49309574273047
15421314,807.8672503295306
27620141,89.26456951471027
12348320,145.05322454731777
84344897,233.92581364336502
10950855,136.14792198837586
44290434,384.7726197593747
84843689,384.58812745422165
85814690,265.9048217817799
60406086,84.42012557502585
35395832,-32.55510534533187
54621645,257.5986122381123
29154162,159.7274604776003
40230589,605.4335519114006
46902130,251.00047744652875
70579622,300.3754899927053
86272378,-2.238555859185908
12294631,289.25425186603616
29412564,622.0915870985509
88089176,565.0114859298728
91193188,341.8588937053355
36523137,635.704485297731
54050884,391.96984756623215
19187985,832.6926188550106
91884750,835.3231551328595
77985469,138.63958206088682
19362736,842.2446584349332
37641826,-142.23984835330975
17997673,185.19956602406182
12296621,177.44683339585345
94210085,29.553932068183258
84475360,437.56175390382714
44450631,180.44635428400807
96917819,404.4301758346792
76581579,439.22218465020387
16376842,50.59619438508162
20378565,853.6416210663865
67149501,783.3652503145408
74149592,92.40296660820286
55437574,673.0317423796901
86258875,301.2046914129478
25154125,622.2304633038884
64289878,171.26329931439113
59484061,177.16908098517797
39600891,604.7868148904195
40907835,89.72681423053837
47183606,287.08596030401577
71132260,518.5903781720358
19424487,707.7345469014758
35720925,340.88878817386376
74210516,267.56525252815663
53089641,249.5245390053051
27778699,394.87813625475655
73489375,358.93152960260704
46042524,120.96582524244923
59554727,149.48306777688094
31273971,484.9053231874291
31543147,524.2184074321472
74490349,-99.3717383990861
65190591,434.2844806049966
21122660,371.5287061705003
54597323,607.4173511682684
77569150,85.62033951146623
68093533,482.5048953145483
87099884,82.34306621263568
64825958,311.6335764188202
27545112,447.52839419387146
87791632,261.7983470627073
93384265,572.5797262529286
64047299,345.5963838141024
23357980,304.8053332222685
88585802,766.707215127391
26754357,170.5253300937793
99964380,44.690412714294325
63611208,544.1993320179427
10618556,632.4272119989009
12155276,346.887829950173
56528554,632.9350728145446
72203638,372.35993549663453
48174886,242.2796671927399
25749233,376.0518095055859
11912269,219.2536056189747
14181748,645.5322493824378
77013810,705.28850292878
59885886,238.35768477882038
92982194,281.2714108328596
88065861,503.68603383678465
14857189,367.1921230464595
60358916,577.5630463979505
72265262,748.6188575988322
20471623,1521.6214313928817
88951362,322.57032224033674
22364003,297.7905698146719
85137999,616.001313122611
84176549,456.15797224802964
25849299,94.34114976525461
21233903,201.90321731102767
95963515,280.53344161224777
47630408,425.14906964108695
38763223,274.5800159357532
34812513,-57.19598156565917
77372953,942.700730373479
74724495,352.6567633215145
34162435,154.65088022705595
60046268,978.5064329143984
19475755,468.75514881592244
89620481,1375.531892828711
26981207,300.79009070282655
13918048,377.38887174147203
36590125,224.74478657964028
78119113,51.242931406063235
43245514,-41.55366800979618
88082339,-150.50044179716178
62738760,-36.93933247507994
55254407,6.067653684481684
85112378,255.43032067609192
40490983,2.375779675530339
44048989,601.7416779024493
15551565,506.13207780948005
27681538,499.5775312118203
98232104,-193.36855175138544
14018289,278.2262738448894
82522150,421.0882110218299
65483357,-192.3984462199137
94158408,565.8883313558226
50266167,87.141894052505
28805175,265.0735924556452
93929668,486.5657539338058
15540290,493.9038858518934
98661090,593.8977130746102
50074109,344.9952628929359
85017115,116.67485821822356
99914220,418.457674743981
76334714,30.339545294502386
38140938,290.13109729198595
93933852,274.3955236306001
13190892,607.5106112737903
67747085,451.81936121809713
96389355,694.169292708003
42380180,938.500995548884
55522772,321.0011236935902
18839853,164.10965970145617
93030803,229.7281067246622
19574384,355.8407765148222
17501488,181.69218432026355
92757638,465.20215101230906
47546392,548.4446829423532
56569095,85.66595561128133
34392418,1010.3029766535519
49367171,383.8957743334249
37669142,574.3770052987511
33580264,587.6685628933328
52617381,395.24712086506224
13011861,1048.1877664627532
97498208,318.46384752126414
53388262,5.190808258531433
63018369,174.44731250769837
59266953,145.37659305780835
33256210,352.0100263005329
26585585,314.95646581746587
43342989,524.6350360481601
81962175,329.8151940529019
54752385,-213.48632463662716
12906623,323.8161522765922
12144505,584.1611811895345
47329191,396.12396629101204
35302686,247.63197194806799
29541158,829.4629895618878
80447228,30.70852990480853
56399590,90.14141494065962
44327442,659.9307608079371
65756284,821.0655478185895
13967851,581.3461526065325
33766889,248.6933096791704
70886578,343.47370835189713
85448456,600.4046156665636
24208719,502.8548045106504
72059158,291.9304042437002
30666083,340.10520285343637
45090209,571.7028808269788
79520644,509.4985554020491
41015799,432.6696659584354
22610356,493.5328733356955
46940244,-8.467706040463781
21443863,-309.83592185609996
63769088,572.5797262529286
32298027,417.2118447077255
26046152,524.2204353380389
60326272,412.9644658774232
24693880,-37.86179400084484
18317166,921.0573471354141
64265688,524.589419948345
27910854,197.79674259195508
56810750,-31.44815151441435
97007881,465.017658707156
90317702,573.4089276731711
81231529,74.49910138479709
85899649,353.90259335776955
92087175,245.3704202805252
24070483,229.7281067246622
87629146,813.7294438063941
11101794,484.720830882276
67889079,903.4788783283916
25576186,178.3236788218028
67657245,365.94629301020404
74992266,462.3394784236002
83091668,337.7503910803712
41547362,144.40648752633615
75141878,501.1943737642737
11562295,1101.895306321187
23748006,347.07232225532607
89825179,520.8519298395786
46505766,1108.8644536289685
36098274,71.82294900713259
61326956,736.5275139406904
69020339,302.0815368388976
35844282,333.78279256663654
86014291,290.6389581076296
72500654,396.30845859616466
11567986,314.6310694010831
95910506,179.20052424775258
73565600,309.7886533672904
83729347,641.0567900530591
39689433,672.8036618806136
26513864,515.8209656888494
20449852,774.2298393506312
10382065,268.67423426496634
61096786,331.61450100461616
40823824,369.13030620351174
95687753,2001.8873953313464
88043962,413.79772310944963
43192291,273.84204671514135
18631499,775.0590407708733
27194752,486.4745217341756
48023684,248.13983276371164
76180232,64.02460027910911
99345059,580.7926756910738
46554999,417.30307690735617
57537267,274.5343998359381
72087202,361.37554566941117
60008708,202.78006273697702
13534295,258.5687177695845
90971189,56.0417592459321
55662480,41.69089182614016
81189360,390.07930841488724
49401774,480.79884846835694
12131946,809.2975726709387
78732926,505.85432539880503
38392538,736.4362817410602
64273801,519.2350872871248
62858255,264.982360256015
13288053,74.6379775901346
80940080,105.64688019707683
73197703,197.612250286802
88918806,529.8028484983356
45088467,339.7362182431307
42105313,223.68344884853786
51515302,94.66451827574565
85071892,589.283377539894
23401512,114.27443034534326
70514922,369.7293992187856
53367560,422.518533363238
30799466,899.9258805247778
87442307,363.6847413426608
84081332,646.6848193131709
87505658,470.8778242781277
10151086,593.483112364489
19254776,224.92927888479335
38019521,594.4055738902539
40151098,-113.53811351372497
75965212,487.9048440755837
38667600,398.20102565340176
55646285,-140.07155679128937
35548301,340.61306366908
18737005,288.88526725573
76771390,459.7565861514586
23778594,200.65738727477174
63739797,208.82472061310182
40559434,661.4066992491607
15970404,230.23393963441367
41963393,230.42045984545894
36850376,672.7580457807985
30703622,188.47481141699973
53681130,478.90628141111983
52524172,440.60689089179687
78986568,478.67617300615166
60868659,158.52724654116037
55970571,116.9982267287146
69603000,412.31975676233424
24475423,-162.40526524425832
30105284,23.832642702549037
42638975,363.73035744247636
54205765,397.5086725326055
77026950,440.5612747919822
55738198,954.55993772076
49309757,373.9747501431957
52256145,481.21344917847773
14972722,406.13622268087147
47613103,832.9206993540865
31244414,-206.56482133455256
67669646,497.64137596065984
85221335,403.36883810357676
29598209,471.4769172934016
64960038,160.83441430851826
36072721,341.5355251948449
48855526,185.24518212387738
40290168,435.808063051928
84094689,-514.7156642469254
64780070,63.37786325812749
62238032,427.0375808865401
44102009,488.27382868588984
13443938,353.39473254212635
27288438,375.5895647897578
26505769,586.5616090624148
62425735,-187.96860299035006
41742405,591.1759445971311
35508108,180.63084658916114
67267851,349.65724243335944
65786198,661.0833307386702
69652252,98.35436437880526
78338794,997.0114190589707
98205508,533.9569672231155
90079134,169.0950077523703
89240929,-102.6490116979162
59365630,730.8082524809483
16423455,633.351701430558
30410578,277.11729210807925
41943183,420.3502418012181
17181615,453.7099003694416
31537031,491.4558139733058
55634963,515.8686096945567
14790401,459.43321764096754
49470022,548.5835591476907
68137744,222.6677272172501
10800640,478.4440366952913
82878129,-109.80062340495897
98099360,96.60270143279786
36414556,-101.63329006662889
74858657,85.11247869582212
41406039,-2.9765250797977387
67297495,458.465140015388
98019387,243.1565126186897
17133275,536.5398594952571
44434588,514.4839034529632
23385843,473.55397665579176
51805988,173.7549593869021
65443150,618.3064529840772
77624321,787.2872327284604
80056192,301.3435676182853
92008819,72.88428673823546
78973038,116.16699740258036
36356168,426.3472556716356
23051465,488.04372028092166
18225590,618.2131928785548
30705007,454.77326600643664
51916309,170.894314704085
49014177,256.9062591173156
46939883,-49.39763283763523
27552020,22.91018117678459
76064439,704.4593015085375
42732794,463.632952465563
78185687,510.4666330276291
37150067,502.5790800058671
60216204,524.6806521479757
67861895,92.21847430304979
82668831,198.58032791238202
26865256,488.8273056013486
20296005,550.9839870205715
91164112,573.3633115733555
48751412,259.4911792953494
92672083,309.4196687569847
66451503,-215.24001548852584
79223008,226.9130781416602
86295795,238.0343162683298
12188395,784.9800649611025
33148873,260.04465621080817
18236078,630.0744281317279
53763750,165.72650225390998
90278346,393.7711824238386
23921552,1191.4186882500003
60806947,452.6049744444158
87988487,-35.09440942355013
33594333,80.12915855080018
51767697,374.11362634853367
76176593,507.377907845736
20106678,311.44908411366714
89323122,156.68232348963056
15084276,17.05001560581286
46737280,346.33435303471424
27725859,144.45413153204345
47502584,715.6717718348373
89375361,777.0904840334479
54279167,373.60576553289
62834953,193.59700776736008
51358955,53.78020757838931
43105700,444.1598886954107
71610282,369.82063141841627
79952909,434.5622330156725
86913278,320.81663138843714
72344233,174.63180481285144
41143291,457.26492607894716
47312733,174.95517332334248
73376655,498.47057738090234
44219943,-76.16118452016735
18665144,421.4571956321356
38016360,251.92293897229365
50277432,252.66090819290503
14668690,397.6931648377581
44041678,581.6695211170231
68597599,564.6881174193823
55600173,-26.09584675908627
78109218,423.3021186836654
43432402,82.6208186233116
57793276,754.7567755804789
82143513,413.289862293806
13373907,-19.634560266948483
78336625,434.37774071051945
51821030,345.919752324593
57620512,309.6497771619529
94840760,613.9242537602208
71866671,965.1276989319704
12967437,317.9559867056205
94620585,383.2034212126282
45148967,350.57970395912434
28096166,157.09692419975136
76948857,630.8123973523398
44584760,191.05973159503355
36577484,-3.9466306112699385
63103602,360.5007281493531
15647671,536.9564881112697
86020607,186.16764364964183
80235014,-31.309275309076384
40496834,427.3629773029229
98549441,289.25425186603616
71915619,514.253795047995
27813348,352.14890250587086
48090735,439.68442936603196
91818207,493.39602503624974
12597429,330.2754108628378
99318296,349.65724243335944
38085169,134.94770805193548
38823071,384.58812745422165
61630311,109.5688626109968
78195551,587.2995782830267
88131419,328.3848717114929
18300026,810.6366628127171
99585455,517.8047649457167
51530595,494.5485949669828
94166971,258.8444422743678
13633057,419.01115165943975
68298368,233.97345764907232
69215865,336.96680575994424
30064972,509.73069171290945
96997224,-185.66143522299262
45138943,280.90242622255346
21749235,309.3720247512774
62856234,378.35897727294423
23982292,96.27933292230728
17686144,486.10553712386945
57256437,504.56287926273444
85469927,10.54311301385951
14451732,495.8876851087607
85268432,792.4094290788203
64602955,164.34179601231654
74101500,9.297282977604027
80083521,346.47322924005175
11433359,588.7755167242508
99198713,552.9677862774388
12281135,431.7015883328554
60094475,195.35069861925922
18817746,542.6321613770888
80803307,727.2076106716281
50415370,242.00191478206443
65098425,228.99013750405038
52785060,202.87129493660723
76797423,98.81660909463335
57752962,975.554556031951
30340212,405.63038977112
17309152,437.0082769883684
29046975,175.64752644413875
58339630,408.35215824859915
38269849,598.4208164096958
65498444,70.02364205541835
56278811,493.21153273109667
65904109,-68.50171199748138
34436387,339.41284973263964
83162633,139.0085666711925
41922575,940.9470395215799
67606284,-287.1788448926404
74148614,1909.6919168366535
31898202,575.3014947304082
12816787,298.4829229354682
73390625,165.03414913311326
44602780,638.4262537752106
59497966,609.7721629413336
33304284,508.2547532716858
70931726,804.0365001152413
44381487,367.1921230464595
55483533,293.8229713009373
41096987,385.3260966748335
60844342,301.6192921230686
46382270,416.33499928177616
41975761,864.1181500779662
20086347,421.5960718374731
82572177,504.886247773225
27871083,323.6772760712547
47060550,245.00143567021905
44062914,303.92848779631913
29352791,162.40361285526478
42368060,-43.72195957181657
83186065,38.875863243138156
86750602,502.2557114953761
18043718,307.48148559993297
85319365,751.8028707921394
93521329,334.75289809810874
68774400,1283.8422472437692
27686846,257.7374884434498
73144512,521.3597906552222
47707941,173.98506779187028
91947483,196.08866783987105
54467473,372.40555159644964
25827075,510.4686609335213
99472188,594.6356822952221
29814538,-40.53794637850888
98588385,185.93753524467365
15032563,410.1058491004983
73738020,224.00681735902845
11480212,282.6561170744526
75221745,140.39327291278641
19968090,904.0779713436655
70404205,-142.6088329636159
68659791,462.4327385291226
33092757,227.05195434699817
78193594,44.22816799846623
98198145,562.1964573468713
99767011,661.96017616462
56688046,-33.939811586925316
66475382,387.6332644421914
75692782,1294.132256044304
26808729,-59.31865702786399
32171695,-16.26605476848772
88456703,373.0522886174308
20999557,468.5706565107698
28934979,-98.4492768733212
37107836,382.0944394758185
50278467,16.218786279678625
61940174,679.1260721674139
17559774,191.24422390018663
21430086,304.2974724066248
10776426,308.5884394308505
98097088,48.10453431257065
43113087,370.19164393461415
12862019,484.4907224773083
44592366,506.3621862144487
96886172,231.85078218686704
96480201,110.07672342664046
85983502,274.7188921410907
23038927,370.05276772927664
53573032,176.06212715426
34553934,356.57874573543404
51249487,444.4376411060862
85349173,109.42998640565929
40895869,207.57889057684633
99256510,-54.33533688284206
76469230,159.58858427226278
18165718,741.6517381969425
96264289,93.78767284979585
20452221,278.41076615004204
15739031,205.82519972494674
75157790,519.0526228878639
28901434,382.7888205025074
98941473,-129.1348109697733
84489512,356.80885414040176
11168890,-0.3003727021341547
45041073,421.4115795323205
85582491,38.552494732647574
14863106,578.6243841290529
53607444,240.2026078303502
39640829,354.45607027322876
83896205,497.31800745016926
66887097,-197.84401108076418
54562627,325.9388277387975
60923346,409.78248059000725
85626709,389.5714475992436
11687354,44.92052111926296
99055900,470.0009788521779
94176139,228.99013750405038
65142810,796.6547800032304
21025866,215.3316232050547
86231352,262.25856387264366
94223565,643.6417102310929
53094412,614.3864984760498
16579300,185.19956602406182
68788821,211.27076458579768
22347006,50.227209774775474
89447420,367.97570836688647
92132840,667.127988614795
61120099,238.72666938912653
66390529,392.89433699788924
36752526,252.24630748278423
28673093,167.01794838998103
60187719,-86.59006952603977
47937195,279.7022122861131
18528428,756.2783301215181
72855294,731.4073454962227
77314174,509.2228308972658
74208091,392.2475999769076
25265856,653.1461058053087
43541187,586.4227328570769
22027673,545.7229144648741
39533389,856.9645104650317
28548263,684.0617483067285
78891989,3.5759936119702616
68562696,644.0563109412142
45297826,486.10553712386945
14532340,440.46801468645936
42487332,636.0258259023303
79497837,596.3437570473056
48787566,535.5717818696767
43024895,389.71032380458155
54043001,397.04642781677694
18517095,299.86762917706164
42190640,946.6663009813219
81702926,452.1427297285877
20584669,432.5307897530979
48104361,664.7752047476215
95781341,311.86368482378884
42595500,883.5891859422259
34081689,133.6562619158649
18465181,100.15569923641124
87028165,277.7640291290609
25157413,550.6129745043731
33500861,46.30522736085641
22501784,411.3516791367538
90954690,46.120735055703335
12079890,377.66662415214705
24560931,450.11331437190483
57180097,367.23773914627463
53805689,145.69996156829893
54653374,148.97520696123684
79714919,287.63943721947453
52629831,141.86921135401008
30315883,1217.8568435161492
55900800,75.00696220044028
62528560,150.72889781313643
17439043,309.2331485459399
64302335,600.725956271162
53498595,-188.6609561111468
92248005,142.74605677995942
65132848,519.6517159031382
54712644,59.41026474439286
26501578,784.2420957404906
57973578,-310.5738910767118
64849387,410.56606591043465
38331875,264.24439103540317
84564845,321.69347681438694
34335614,547.6154815221112
18851658,577.7475387031036
10997678,252.61529209309037
40768250,636.8570552284641
47646719,179.9384934683644
92937467,757.8931447680793
61661397,469.9553627523628
48317061,428.05533042371917
97216589,510.00844412358447
39977323,404.61466813983225
46445975,568.7945921384548
94283551,290.68457420744426
49677766,-40.67682258384639
85991335,-135.31834505123516
23059563,340.88878817386376
98641777,524.2660514378545
62115510,226.31398512638634
63322573,591.3604369022842
88463974,449.69668575589185
29063398,391.78535526107953
94756964,1237.7424800905305
84286445,762.9697250186241
86644899,1113.893389873806
58366829,50.18159367496082
87935193,775.1523008763961
65710078,156.4978311844775
55211028,635.1510083822723
20090342,397.09204391659205
17885846,241.44843786660567
87917108,606.0802889323822
35243872,212.3321023169001
78681572,1025.6675377987399
36496663,390.67840143016156
88567292,433.8698798948758
90883683,375.5895647897578
77163639,525.5554696680333
70680981,1735.128723931974
72230973,-95.44975598516658
13786940,847.8290995011216
56650323,245.87828109616885
67337097,428.793299644331
65297160,386.1573260009677
23393351,139.7465358918048
43711949,16.865523300659788
45998905,428.05533042371917
94413146,447.38951798853395
30684529,-17.835253315233786
28147355,782.4884048885915
14737001,478.3528044956611
55758535,358.93152960260704
95914131,130.74797322734048
95400320,251.5083382621724
29157079,-0.3003727021341547
34838551,405.7672380705653
79573538,181.0454472992824
53853858,684.8929776328632
46958037,431.6539443271481
40355076,769.9824605203289
79162800,246.57063421696557
61449541,61.163955596292
68870249,374.71271936380754
13256146,95.03350288605179
23687793,490.5333524475409
49330994,329.71990604148687
47955268,422.65740956857644
24572229,541.0629628303423
85493065,145.69996156829893
95994562,295.62227825265154
86822089,824.9855023266173
38878729,458.2806477102349
83459912,379.3270548985238
40295244,194.6127293986474
95702507,266.9661595128823
97865744,713.2733718678487
81724417,278.50199834967316
22296895,590.7136998813025
25100739,617.7073599688033
11994578,347.0267061555105
43823713,267.1506518180354
57595389,626.5214303281141
37162594,1162.3915569940332
51432674,677.0033967052091
96977947,541.2930712353109
69353041,215.51611551020778
97471377,622.4149556090415
78888703,598.0041877936828
58472902,643.8262025362455
77647159,318.83283213156983
63649430,817.2347976043006
11295973,625.091107986706
11886952,495.37982429311705
31115337,457.3105421787627
53945582,550.6585906041887
73391100,-24.572264312154857
16170017,632.5204721044238
96391937,176.33987956493547
49663888,622.7839402193476
37966282,564.5492412140447
91789209,462.10937001863203
47228126,381.0351296506078
26588476,617.9851123794783
87591569,139.33193518168355
15315145,61.53294020659769
70198893,237.34196314753308
61666968,-234.20521844303494
22175686,89.72681423053837
63396595,557.165493196142
18727617,719.5917263428651
19777468,407.29082051749674
30527873,254.6923514554801
95114158,135.96342968322278
41739701,748.0197645835578
11369670,135.77893737807017
74973026,335.16749880823
73622781,259.8601639056551
52281834,181.1387074048048
16897176,266.73605110791414
63339672,948.6065120442659
94319057,309.83426946710597
89357552,95.91034831200113
24886317,538.8470272626146
59666869,785.1169132605482
72430983,425.01019343574944
85345596,774.2298393506312
24218852,199.22706493336318
82044920,291.19243502308836
28204462,559.9349056793285
25544623,556.3342638700074
98645538,193.3668993623919
35786181,857.3334950753379
56759514,574.4702654042735
94979414,82.34306621263568
52508190,712.8567432518353
49317061,338.39712810135234
76293520,390.77166153568396
67067662,223.86794115369048
11847526,318.14047901077356
14139283,184.73732130823373
35602964,445.82031944178743
61092334,126.91925091894382
69270579,186.12202754982673
47517321,467.8783033899731
10542988,541.9377803503999
66912082,145.3309769579928
42445139,936.8385368966151
73053729,257.6918723436347
96699423,529.8504925040429
18843679,332.99920724620915
86433075,255.614812981245
26883104,533.6792148124396
19601132,532.0167561601711
37017650,412.82761757797743
83138933,110.30683183160863
73247661,-31.44815151441435
59307450,416.4738754871137
31131827,361.70094208579394
69966233,814.1420166106236
40243877,575.5316031353759
41951589,417.5808293180312
36031262,382.0964673817102
42623413,952.4828783583703
67891203,300.46672219233596
51970188,154.1906634171196
24213498,597.2206024732559
96242069,39.93720097424057
41943430,749.3112107196284
89189267,836.4757250635926
19898345,-266.45995108623265
60572858,593.9889452742405
34988552,-71.17786437514542
91110384,406.18386668657877
75957507,719.8238626537254
64422949,5.375300563684505
93823627,-11.83621153892409
93745711,132.4560479794245
17782008,216.62306934112576
40016743,530.864186229438
78676337,376.23630181073895
96591242,269.73557199606876
83545822,243.57111332881095
89501773,503.73164993659975
19293886,50.36608598011344
58534753,379.1425625933707
56198063,415.59703006116433
60777659,8.789422161960829
65431978,111.8760303783547
94604898,745.6649528104927
76197738,424.5023326201058
81980523,353.9482094575851
41676275,301.85142843392896
36497965,820.8334115077291
23177824,392.6165845872133
85192608,39.75270866908795
30289672,204.9483542989974
98138275,824.3407932115274
57817320,617.3383753584972
42234307,1071.1641561249198
35893634,189.81390155877807
18195993,387.0341714269175
98403244,371.4830900706852
63004294,25.7708258596017
54567579,457.08043377379454
91568379,254.7379675552952
82476880,439.3610608555414
55652262,645.9944940982664
20373341,134.53310734181468
58632297,514.1149188426571
24786934,695.7841073545642
43722745,51.980900626675066
87508719,353.39473254212635
80752603,78.23659149356354
16698668,731.4985776958529
78798734,457.7727868945908
18461999,550.6150024102653
81299277,390.30941681985587
91417891,317.21801748500866
25190830,685.8630831643354
73164327,17.23450791096593
92759943,379.8349157141679
18785269,-114.41495893967522
67717385,47.87442590760247
68136920,128.71855787065806
77810360,211.0862722806446
62012820,571.0105277061825
55983128,203.1034312474676
28119370,485.96666091853194
34978717,165.07976523292837
52374215,442.9140586591552
66651771,566.7175327760647
49306420,754.0644224596826
57524470,342.41237062079426
50884173,8.559313756992196
41477733,225.62163200558962
14875840,627.6760281647394
11186021,38.875863243138156
36355598,893.8812226486534
54557949,-49.49089294315763
69426516,160.23532129324394
92092667,126.59588240845324
52668902,185.19956602406182
63561915,-61.02673177994848
11154750,140.9011337284296
48765039,161.43350732379258
91136342,333.45942405614596
41265217,720.6550919798592
25331950,28.21686983229756
59339185,246.57063421696557
59925803,403.18434579842415
15169957,397.8776571429112
14437249,910.6284621295417
98971521,177.0778487855473
26418410,52.349885236980754
85892267,-59.96539404884561
29358885,115.29015197663057
90069301,559.1492924530094
11408026,123.41186921514509
77952900,481.48917368326147
83752708,729.0545616290497
15243872,187.87571840172632
20649757,425.8414227618837
94157069,333.78279256663654
80138291,602.572907228584
79658232,-47.598325885920985
20876663,384.72700365955916
66248879,37.63003320688267
98196787,240.57159244065588
11070217,544.431468328803
54123194,507.1934155405834
86862821,667.5902333306235
40252559,-157.88418981506447
60519623,7.081347409876798
11098932,221.3762810811795
77544004,78.79006840902275
43855714,243.1565126186897
57112829,-114.41495893967522
69104738,-220.3622118388862
51426009,235.72714850097145
96759585,551.2597115253548
61695552,463.26396785525685
29335973,330.3686709683607
86711404,420.76484251133934
96132003,730.1138714542599
71930157,279.1487353706543
24207989,253.44449351333242
81239737,85.62033951146623
19246532,20.83312181439487
12541440,247.95534045855857
10876544,381.0351296506078
11012723,241.91068258243422
38854043,799.237672275372
78679072,267.1050357182198
39567200,364.88495527910163
59107952,385.87957359029224
79981461,134.02524652617058
16385065,244.40234265494473
42418677,644.1931592406595
26750207,453.66631217551867
92430939,542.4476690719357
22967094,-13.589902390823681
40195159,246.52501811715047
72466218,170.34083778862623
34482136,507.0089232354303
13940540,330.5075471736982
22725269,572.256357742438
78995555,639.0253467904845
73638726,223.31446423823172
64722395,168.91051544721722
89563722,660.2521014125359
32568591,238.9567777940947
45801232,412.59750917300926
20301291,599.5733863404289
40244043,233.41998073361356
64129406,634.5042713612911
72297320,301.85142843392896
13456518,135.96342968322278
27325248,-73.85401675280946
33468754,299.72875297172413
60910395,195.16620631410615
32681832,292.8528657694651
21428869,127.2882355292495
86653666,217.13093015676895
32786522,504.10063454690544
64027869,435.2545861364688
34126567,160.14206118772154
42278394,356.2097611251279
95376056,68.13107499818125
99562015,678.1579945418334
15133980,551.5374639360302
54026308,126.04240549299402
76441994,-93.65044903345188
94110128,157.9737696257016
20201258,648.8095226812679
84604326,365.94629301020404
27309117,882.4822321113083
85307886,361.6076819802711
68918906,717.9312955964883
16328223,382.9733128076605
18599779,225.62163200558962
54032168,-161.7129121234616
56206271,453.5730520699958
20991939,172.14014474034047
78007881,49.673732859316715
43136632,220.6839279603828
26961880,534.925044848695
59246484,408.8600190642428
97485255,433.40763517904725
21548886,36.93768008608595
41405520,328.0615032010023
17265204,552.2277891509352
57594370,308.81854783581866
86204456,153.68280260147594
47896500,263.875406425097
49072175,214.45477777910537
57819104,843.3972283656667
38029807,473.2306081453012
72219430,928.4410951533168
51835434,393.0788293030423
40820294,607.9708280837272
39676991,186.99887297577607
47329975,410.1058491004983
40515929,341.02766437920127
49496398,587.57530278781
79829278,290.54569800210675
25676253,347.35007466600155
83511561,578.5787680292383
97282391,157.78927732054808
48159381,793.240658404955
26133617,143.25391759560307
14830790,67.02412116726373
38458641,339.92071054828375
92902816,311.31020790832963
67366474,680.9709952189432
12931119,828.6773763355686
29119450,384.4036351490686
69182586,350.57970395912434
95601790,617.0150068480066
37235321,326.077703944135
18453791,1387.7600847862973
73959998,244.21785034979212
85145437,454.08091288563946
20490331,88.66547649943595
40505076,366.3608937203253
39895736,1911.8145922988583
36927127,574.1945408994902
68104733,373.8358739378582
65498526,379.78929961435233
29077796,32.462220756707666
12700500,820.648919202576
23234787,402.63086888296493
32248328,227.46655505711942
47710917,608.1097042890647
53904169,314.5874812071597
41795394,642.3958801948374
81931808,451.2658843026379
89546300,-95.44975598516658
81512800,775.0113967651664
74490322,-29.186599846871104
77716971,412.0896483573656
76509280,306.42014786882964
86774198,209.70156603905116
63795592,413.42873849914395
15728342,785.3946656712233
97525554,391.8329992667868
81201227,582.5463665429725
98995752,229.35912211435652
88336972,467.73942718463513
56577963,84.78911018533154
73375002,-157.97542201469514
92846400,558.9212119539329
63160455,994.1031303704463
31277941,175.46303413898613
44244750,121.42806995827777
46198195,639.0709628903
92939641,413.150986088468
97399227,-71.87021749594214
32829265,-224.09970194765265
73813213,231.1128129662552
71142772,228.9881095981582
26186456,712.6722509466827
86118507,340.7042958687107
91253288,18.295845642068343
16739260,360.54634424916867
97712970,482.9671400303773
33709101,427.5474696080755
97473173,222.25312650712885
84445365,-0.3936328076565587
33683407,312.04817712894146
55156833,418.2275663390128
39198647,305.45004233735835
84859914,353.9482094575851
42321053,91.29601277728489
26496602,30.061792883827366
87373088,100.34019154156431
18576200,457.58829458943774
30304669,28.77034674775632
97043852,586.4227328570769
65885111,430.64025060175254
67235670,388.14112525783503
70791484,254.36898294498906
80687580,427.91645421838166
15865255,762.4162481031653
50517128,340.61306366908
72791395,335.72097572368875
43267986,184.69170520841817
93567577,514.7140118579314
15107743,123.18176081017691
50225644,606.9571343583316
50174181,469.35424183119676
41401409,1075.3638909495153
80395755,655.3600134671442
58616743,142.0080875593476
62863764,424.3634564147678
54033467,509.08395469192783
36905471,64.57807719456787
68728934,342.92023143643837
11399296,602.4796471230611
42319589,20.603013409426694
71193471,555.4138302501347
67728154,469.16974952604414
99252537,342.27349441545675
69554397,310.2032540774121
57406844,778.1041777588434
17460622,807.1748972087335
29136908,295.6678943524671
88836387,326.12332004395057
56749521,549.2759122684874
42038296,800.945747027456
27575312,423.5322270886336
27787635,267.56525252815663
22639453,1228.0992083109772
95074248,762.0472634928592
62398547,293.5908349900769
48210895,695.7841073545642
87163679,-163.83558758566687
84638479,332.99920724620915
74277222,522.2822521809871
47124707,123.36625311532998
29597912,456.3880806529978
73217471,489.5196587221453
54203733,600.0812471560725
86493934,369.22153840314195
50925419,392.57096848739866
36161210,263.7821463195746
18638157,211.77862540144133
95763224,751.4795022816488
92017449,331.4300086994631
30955049,299.9132452768772
88464978,279.1943514704694
81709003,218.42237629284
94640782,428.14656262334984
28684873,878.2824972867134
82032258,556.0585393652241
81929396,514.8052440575616
69137949,990.9667611828459
58556748,234.52693456453153
83494716,593.4354683587817
51219421,514.1605349424726
20118968,326.2145522435808
56424305,204.44049348335375
91040440,728.2689484027305
82249910,448.0362550095151
65005094,815.619982957739
14333847,367.2833552460902
79940622,403.09108569290174
36407377,521.1752983500692
16485177,12.342419965574209
19967320,109.19987800069066
86757224,161.48115132949988
47859734,-200.33567115327514
15329881,165.91099455906306
38097629,261.1059939419106
63914375,618.8619578054281
68107359,510.05406022340003
30898448,305.5433024428803
62098958,-73.99289295814742
82555231,574.0556646941523
74537472,560.9050112108002
53883476,543.3701305977006
87349008,145.19210075265528
60387770,567.8265145128748
76029782,396.86193551162387
17330605,121.65817836324595
73592240,735.2360678046198
46762043,620.9826053617412
35726404,397.6931648377581
19188826,305.4044262375428
69934099,903.1534819120084
98236292,202.22658582151826
66601351,597.7284632888991
24082367,582.5463665429725
86399833,488.18056858036744
29406161,686.0019593696729
77568118,210.0249345495422
68454220,92.40296660820286
20326815,538.9402873681374
96392075,420.5347341063707
43846930,690.8464033093574
64059970,524.7739122534981
59660323,127.79609634489316
30664289,-2.4230481643389794
80504110,221.05291257068893
69214158,153.1749417858323
37153701,565.4717027398096
94463524,76.80626915215498
27069908,151.4212509339327
19881454,640.5489292374155
62073736,603.4953687543484
81301863,320.2631544729784
84692821,423.80997949930907
18061173,820.0954422871173
20396165,234.52693456453153
90290263,162.72698136575536
53205197,183.53710737179335
71639333,471.15354878291146
26581527,643.1794655152644
88753189,467.5093187796674
12152481,439.3610608555414
66369748,385.18722046949597
31086360,444.66774951105435
68141078,339.08948122214906
87072389,109.93784722130249
97229380,303.4206269806755
14239930,-20.14242108259168
47067735,733.3455286532749
23013670,613.7397614550682
91166617,528.7415107672327
46464430,109.89223112148738
48307993,335.9987281343638
65322743,811.2357558279909
50086685,992.5339318236997
65335801,296.4991236786009
83887090,278.08739763955145
79333390,445.3601026318511
84490520,287.08596030401577
90753494,810.4977866073791
17091898,643.3639578204175
94064213,664.9140809529595
76172003,353.0257479318202
36639874,-12.85193317021185
93190659,398.98461097382915
77671761,-4.869092137034841
64459243,526.1109744893843
92415904,174.07832789739268
22451687,334.9353624973696
99098676,506.87004703009234
96250656,177.26234109070037
43637666,941.8695010473448
87755511,616.0469292224266
39642098,1046.1999113941024
29533984,400.87717803106625
57860445,402.4463765778123
33335103,-29.694460662515212
40928352,487.3969832599405
66938624,435.66918684659004
97908221,158.15826193085422
32317269,402.815361188118
56374872,460.6334315774079
56164704,465.57113562261475
16557670,146.76129929940134
57350487,308.6340555306656
73640189,50.18159367496082
28886856,622.5974200083024
66838952,186.67550446528548
73125445,597.0817262679179
89817544,837.1680781843888
69175507,311.21897570869896
93099722,37.306664696391636
42498618,297.2827089990283
58133975,440.4223985866438
50823382,298.7130313404368
82720881,327.69251859069664
47566077,530.6340778244698
77236358,517.3445481357803
24977235,180.261861978855
82212369,277.164936113787
61416619,65.59379882585517
14011629,550.6150024102653
47820649,393.26332160819493
87027470,492.19581109980936
84406467,109.24549410050622
18483336,744.6036150793898
11745857,-50.45897056873764
72009137,150.31429710301518
21373342,-42.6606218407137
50764118,1.8223027600711248
17876513,139.9310281969574
21573530,777.1817162330785
62535056,781.7048195681641
52924658,283.43970239487953
59116751,603.7731211650239
96464552,106.93832633314787
41877592,182.93801435651903
27556664,210.0249345495422
82049392,233.14222832293808
21890177,38.875863243138156
84019657,22.72568887163152
70836939,505.85432539880503
73269246,572.9943269630498
65430516,201.16524809041584
15552867,587.7141789931479
16632045,18.111353336915272
58510236,341.4899090950298
94607287,7.682468331042855
16582909,794.5321045410255
91254889,141.63910294904144
52951693,179.56950885805873
42015762,139.19305897634558
39537878,126.2725138979622
75334066,626.6603065334516
15509168,390.9561538408366
21848464,260.50690092663626
15512926,630.9512735576773
19852776,34.1226515030844
98991290,577.791126897027
67867067,841.5999493198442
75069265,229.54361441950914
33163007,154.1906634171196
72461037,83.49766404926095
79368575,185.2907982236925
19283832,247.58635584825288
74686369,496.903406740048
42431987,494.04073415133917
49107046,270.79690972717117
21631633,304.2974724066248
57757752,630.7667812525242
64260092,671.0976150344218
23733208,-35.1856416231808
81359267,555.2749540447967
78964700,376.14304170521655
33821569,838.4139082206443
52189182,433.45527918475454
67362415,-59.78090174369299
32252347,579.915830265124
42461075,197.33449787612653
42564953,832.7402628607178
53441096,544.7548368392936
28942045,86.54280103723113
92173510,525.0972807639891
37939234,110.72143254172988
83072941,493.58051734140236
72001493,1287.7642296576892
88722560,238.63340928360412
24458695,89.54232192538575
34236973,1491.3504980065513
63527431,433.2707868796015
35020078,-446.46870885176304
96240931,303.8352276907963
96449025,683.0024384815183
73324268,198.48909571275135
20943504,935.501474660729
65163807,222.8066034225876
65735235,540.0016250992398
34006121,478.90628141111983
11206259,677.9258582309735
21142225,321.8323530197249
43933688,367.6067237565808
20195114,432.2550652483146
18089453,491.22773347422935
87927482,1203.1826075858667
72119177,454.21978909097743
68722653,431.0548513118738
99012228,454.08091288563946
95191404,732.9309279431541
68494900,23.787026602734386
11789848,525.835249984601
51367435,297.7905698146719
83199690,284.0864394158607
44222449,-201.95048579983631
97059152,224.23692576399617
21321783,180.76972279449865
89238156,249.98475581524144
75658495,68.96230432431594
80514422,135.73129337236287
80098101,229.03575360386594
57507250,289.992221086648
82869937,226.68296973669203
64737683,583.5144441685529
64663030,491.9657026948412
22362250,50.59619438508162
51054867,617.8006200743253
60302181,502.2557114953761
89897892,631.5047504731365
99745406,518.9137466825264
52137793,456.5725729581509
94617943,385.0027281643429
92402481,617.2927592586816
29177060,221.83649789111587
96789879,210.76290377015403
16733828,304.2974724066248
69997197,482.5981554200712
80009529,118.61304137527623
70971147,-54.51982918799513
89268742,426.8095003874637
81559172,485.5500323025185
19799436,715.4416634298691
96316683,445.59021103681926
16202604,614.293238370527
99234264,334.6140218927708
89790861,1610.3095281837773
80624261,17.23450791096593
98327008,215.3316232050547
43114030,569.7646976699266
38992659,655.2231651676989
26185292,143.25391759560307
84958392,108.50752487989439
63532044,-33.43195077128166
72780852,199.9194180541599
63755363,189.99839386393114
63435369,1.8223027600711248
49085103,322.8936907508273
39826465,510.65315323867435
89335030,980.3077677720048
92393797,284.40778002046
36385689,384.4948673486988
14218024,124.79657545673808
43067447,289.29986796585126
11821155,857.4723712806754
96671043,196.73540486085267
64977532,35.50735774467739
51923648,-60.88785557461051
52082499,455.6044953325704
58693008,681.8458127390008
77432555,256.58289060682455
11692478,387.0797875267326
88536020,380.29513252410425
13996971,426.21040737218937
92291100,692.461217955919
77799089,-17.142900194437516
46970679,462.3394784236002
96819382,435.43907844162186
25751312,473.9229612660979
89990705,419.84238098557444
52038068,239.64913091489097
32344173,414.35120002490885
33993191,326.077703944135
52279123,248.1854488635272
18496274,150.86777401847394
89490563,362.3932952065902
17329696,114.73667506117181
16967446,656.6514596032152
80888202,565.5193467455169
14661504,-197.7051348754262
19604443,107.81517175909721
37821572,511.11539795450244
88831769,422.518533363238
32405077,644.0106948413986
52763362,782.95064960442
75573252,677.6957498260053
54781465,739.3425425236924
22599480,478.67617300615166
93311234,340.6586797688956
69925053,520.6197935287182
12598333,800.7156386224879
94909106,176.06212715426
86019408,221.237404875842
96477826,815.9433514682296
47575439,70.80722737584574
44219472,283.99317931033875
14808414,94.15665746010154
51535602,303.8352276907963
85960705,240.66485254617874
52391461,225.99061661589576
81172596,-15.528085547875435
11351493,548.6768192532136
72733290,-0.48486500728722604
74877854,686.0475754694885
27680792,309.5109009566154
44946524,808.9306159665248
23475779,338.35151200153723
48465422,833.2004796706537
52076835,403.78343881369847
44646564,500.0874199333557
87277346,354.2715779680757
47973044,509.1315986976351
75500097,50.64181048489672
36145678,149.80643628737153
85625020,72.69979443308284
97404967,593.8044529690878
11411712,337.8436511858936
80164594,133.51738571052692
30555374,-96.41986151663878
93243676,84.0511409647197
12801610,586.9762097725356
58651288,206.0096920300998
52409464,42.79784565705813
26481577,646.317862608757
99557550,745.0658597952183
92346786,710.5495754844774
33277389,881.6966188849892
78792921,76.9907614573076
89378277,70.02364205541835
82856305,344.535046083
30767488,733.4844048586128
36397903,822.8648547703037
64870928,136.33241429352893
11575457,609.8177790411487
39041845,729.9770231548146
92898654,669.8974010979814
16929732,128.34957326035192
33334714,347.2111984606636
12221534,162.5424890606023
73945645,149.94531249270904
68971550,253.6766298241928
75565371,779.3956238949145
59677619,80.49814316110633
93539814,595.4212955215417
24106217,-85.8977164052435
55020351,323.8161522765922
15672017,514.4839034529632
10841847,114.18319814571305
86946687,184.87619751357124
99799054,157.60478501539546
81128474,204.53375358887615
80366080,105.64688019707683
10218336,404.1068073241886
72351128,758.3077454782006
56132260,237.10982683667316
99301338,246.57063421696557
84453738,428.88655974985386
58188871,-109.80062340495897
81971342,263.0897931987779
94124547,-80.22204313942484
32266038,348.7803970074101
71760843,446.0980718524629
77203995,233.05099612330787
84611651,121.56491825772355
76627771,469.16974952604414
12653847,700.7674274995861
43336328,470.4155795622992
91500607,238.58779318378856
68213549,780.8735902420299
35549327,479.18403382179486
80808916,251.8296788667708
17110481,836.8923536796051
99587119,800.0232855016911
92334856,633.9507944458323
53359226,170.20196158328827
80618402,481.16783307866217
41703808,405.07488494976906
19195409,-40.16896176820319
76941149,282.00938005347143
97584818,658.9150391766502
56683377,119.48988680122557
67011320,331.75337720995367
15480221,350.3019515484493
68081328,163.6038267917047
55487684,462.8017231394283
74199206,480.2453715528982
90165063,329.86081015271657
36193583,643.7785585305387
10917950,334.6140218927708
92870312,434.7923414206407
72030717,675.4798142582777
17113758,607.7863357785741
89153386,660.4822098175041
45809568,131.5335864536596
30803532,468.70953271610733
41936053,222.25312650712885
14429173,571.0105277061825
86629786,75.05257830025585
60024688,259.6756716005025
75100924,427.686345813413
19587468,-22.957449665593685
88088850,413.1966021882836
14339658,439.59116926051
93643220,119.3053944960725
61257147,185.75304293952058
47372664,294.00746360609037
72551157,86.35830873207806
70006271,367.0988629409371
66160499,304.3430885064404
14115358,539.079163573475
24138292,277.5339207240927
81649352,645.3954010829921
86450554,78.60557610386968
43772724,329.8151940529019
76147600,325.9388277387975
37814705,537.0021042110852
79438450,358.56254499230135
30374304,557.8122302171232
54234194,655.0386728625458
94516994,278.5476144494878
15639119,309.3264086514623
98234744,791.4413514532403
84292967,175.13966562849555
14583946,47.596673496927
74680521,1016.2979626180772
10214287,165.03414913311326
43877051,-0.6693573124398426
28904050,411.9507721520281
62063260,-54.150844577688986
50651267,631.9213790891495
76093719,379.6960395088299
42788012,310.3421302827496
64271564,450.34342277687347
36033563,52.948978252255074
32364760,370.05276772927664
82718318,196.78102096066732
42781597,619.645543125855
63047151,665.0053131525901
54331908,425.3791780460556
88556646,731.22285319107
80038856,532.8956294920126
62561061,603.6798610595015
65834717,122.30491538422757
80358828,44.412660303619305
35099840,348.59590470225703
50872993,290.3612056969537
80223193,-174.2644725915393
28448374,144.8231161423496
92231676,133.70187801568
65717894,590.8069599868254
86298764,426.6250080823106
76299579,73.43776365369467
15449921,71.03733578081346
44677435,706.3042245600673
75188492,84.74349408551643
99785392,479.2296499216104
27084775,455.83460373753906
34483861,95.21799519120441
44135541,82.9898032336173
85537076,1085.6995158498653
32577802,590.1602229658438
58632323,-135.6417135617262
65794441,716.8719857712777
91626972,233.9278415492572
80568466,175.13966562849555
19317452,223.12997193307865
19462773,201.53423270072153
16861573,461.6491532086952
61543398,649.5931080016949
67189144,732.5142993271406
46184090,476.36900523879376
14969625,448.95871653528
12339000,167.15682459531854
87651999,416.84286009741936
48444572,331.5688849048006
43026767,416.0116307712856
25666315,417.2118447077255
85141494,299.4053844612331
10196732,295.5290181471287
89772932,-225.16103967875551
76197106,960.556951591177
35668637,392.75546079255173
47789451,50.18159367496082
11772481,449.2820850457706
92352486,-10.130164692732706
74959731,285.05451704144116
24006644,367.7455999619183
70184471,71.13059588633632
63616459,1858.380749039317
65420176,264.3356232350334
52778454,402.63086888296493
20334394,351.64104169022676
29566160,491.08885726889184
41218910,718.1178158075331
57645530,247.3086034375774
32753016,213.02445543769636
53485349,502.39458770071406
99359057,1194.0928127217721
50033107,-40.53794637850888
21562381,735.2360678046198
77828671,258.0608569539404
59082786,-439.22383703919786
99756703,476.0456367283027
62477883,94.15665746010154
62194095,1325.926771877566
77240295,655.1319329680682
78173906,103.524204734872
51850860,445.3601026318511
36247163,-42.291637230408014
80372868,546.9687445011295
55810884,186.16764364964183
39425335,265.49022107165865
64769998,675.8031827687682
74184119,484.720830882276
30910517,317.5870020953148
82036794,282.332748563962
27288556,360.1317435390474
73750248,751.9417469974774
93836103,531.3720470450817
21006367,576.3628324615106
93898545,258.0608569539404
94582565,496.903406740048
13137522,509.2684469970809
31604761,543.0011459873949
60718232,535.9407664799828
22356430,858.4880929119627
39386475,287.45494491432146
16350350,90.87938416127145
70755780,252.61529209309037
55920671,477.66045137486435
30409198,373.5601494330749
12366994,683.5082713912698
99624161,395.93947398585897
27085439,538.7557950629839
26222780,305.0810577270522
13513100,590.9438082862707
83619693,-162.26638903892035
65230131,169.0017476468479
74197231,644.1951871465517
16535315,557.2131372018493
49313519,332.3068541254124
54192335,337.3357903702499
80736897,461.32578469820464
99406225,299.0820159507425
67818530,785.9937586864976
84284655,513.837166431982
30897932,541.4775635404635
32254189,186.02876744430432
31849680,289.25425186603616
41359333,230.23596754030586
66456629,563.0276866730055
68729486,582.3162581380047
40630348,170.34083778862623
93988333,302.3592892495726
47811524,223.86794115369048
98617237,234.01907374888788
20362387,243.38662102365788
84645660,318.14047901077356
16861971,4.313962832582092
34588999,521.6811312598211
53427517,1647.1806242675834
42513475,200.47289496961866
57705547,-120.96747763144322
49742880,476.9224821542525
66920323,753.3244253331786
12354776,353.44034864194145
25840613,483.10601623571483
45114259,269.2277111804251
49079923,382.9733128076605
63116367,316.6168965638426
63802912,109.98346332111805
48974796,495.2409480877791
30061599,349.24061381734646
68578654,406.18386668657877
54173227,151.18911462307233
96680380,604.6955826907888
23868064,667.2212487203174
51824090,1163.730647135811
34839733,116.39710580754854
80054187,236.2806254164302
12685572,318.83283213156983
41567061,84.09675706453527
94877842,524.9107605529439
58492968,92.91082742384651
71326484,233.8345814437348
70920278,68.31556730333432
54663137,197.8879747915853
32126460,195.30508251944366
54874790,-270.33631740033707
13538436,883.6368299479332
30100038,-148.56225864011003
80017866,335.2587310078602
64347455,748.4343652936791
13683069,949.2988651650621
48039428,-78.28385998237263
99567150,249.38566279996712
85509215,398.2466417532173
60668698,380.52726883496416
12191456,478.5372968008137
77765786,-91.57338967106216
12528361,199.04257262821056
58442957,961.4814410228341
54303594,98.77099299481779
27681147,1631.8140352165033
69098569,1102.4051950427229
95221316,399.5380878892879
40109548,-208.8719891019109
55576313,634.1788749449083
53153958,632.1971035939328
21200840,129.91877180709844
50894265,433.91549599469136
23626838,579.6401057603407
12418418,359.3937743184356
22706358,379.09491858766387
45395670,307.3882254944101
87327017,528.4637583565573
13017114,565.5649628453316
32271547,479.82874293688474
74538679,272.91958518937645
39506103,510.79202944401186
46816166,504.4219751515043
66503105,223.590188743015
65579176,130.4722487225572
40074247,296.3146313734478
91310031,-184.41560518673668
77444410,424.9645773359339
69955281,547.2921130116201
67331105,232.54313530766422
45643632,6.666746699755095
73282363,483.4293847462054
13642505,169.5552245623071
68901430,367.6067237565808
89906679,458.002895299559
52711886,271.3503866426299
79575331,595.4669116213563
92616283,565.3804705401785
30763055,728.7311931185586
16611953,427.31736120310734
33070179,736.7120062458434
80347205,573.1788192682025
83995335,-275.319637545359
14535805,11.419958439809761
84879838,616.368269827025
11864901,932.9165544826956
14658965,690.6162949043892
24293507,526.8965877157034
70453525,283.0251016847583
87798104,17.78798482642469
19197193,305.2655500322053
28284548,353.76371715243204
86044842,616.7392823432228
23057275,234.38805835919402
27985337,1005.2699845969305
22587547,691.8165088408291
12855508,413.51997069877416
64337495,179.56950885805873
86712331,440.5612747919822
61189156,480.1521114473753
91594873,226.9130781416602
54835971,698.8748604423495
44370830,323.4471676662861
23684803,118.42854907012315
92481929,924.6579889447353
35638424,127.84171244470826
25657749,-53.64298376204579
39381975,623.9821262498958
72999107,169.14062385218585
25818586,79.06782081969777
58036789,262.9053008936248
94320377,-75.6077076047086
47110506,325.7543354336444
66399362,220.8228041657203
68909982,145.7911937679296
16073310,47.412181191773925
43288405,631.2290259683532
71579560,339.04386512233395
16507355,849.3506540421608
48802207,514.8985041630845
89915294,185.10630591853942
97679852,252.01619907781605
29217698,240.52597634084077
27435911,-344.02883765635033
78879242,1013.3460857356299
27175130,430.8703590067212
29020135,563.8112719934329
78626569,425.93265496151434
71067812,302.03389283318984
96690513,766.6615990275754
95531962,391.3707545509583
98356800,-62.133685610865996
86104439,702.5211183514853
55595900,18.849322557527103
75208610,532.7111371868596
15300209,645.8556178929284
61949363,532.8956294920126
65881085,338.35151200153723
66803690,174.63180481285144
71508510,294.191955911243
77429269,423.07201027869723
70868754,303.09725847018444
93223292,806.7146803987976
70378280,154.2362795169347
72142932,566.4418082712814
88911193,140.02428830248027
89761834,326.95454937008435
36836619,395.20150476524714
53134062,20.78750571457931
98828461,240.52597634084077
55370391,667.4037131195787
69978664,248.6476935793553
48824111,389.4325713939061
11383415,284.45542402616684
89041808,498.28608507574927
31864759,630.9056574578622
85436725,565.1959782350259
12287678,466.7713495590556
54577919,373.42127322773695
69095778,109.61447871081191
86755087,445.2212264265131
87570494,107.81517175909721
42971075,551.2140954255397
19251821,343.6125845572351
40154766,255.15256826541645
86599495,107.99966406425028
88331508,589.4202258393398
70254717,583.9766888843815
32105523,-60.19550245381379
42241465,113.99870584055998
66334048,629.8443197267597
56657286,825.2632547372923
99489082,508.2547532716858
89634976,497.7802521659978
22529712,476.4146213386084
93452559,308.0805786152064
75276107,537.1865965162383
57620607,582.4531064374505
11822194,634.5498874611067
85101585,293.72971119541444
73640715,405.6760058709351
18114714,356.7632380405871
62352450,621.3992339777546
88096618,142.0080875593476
76855836,-111.04645344121445
76968795,429.85463737543387
19089688,494.13399425686157
93669020,552.8289100721008
32221954,-43.90645187696964
80149491,807.2681573142563
90863370,720.6550919798592
18955449,488.4583209910429
46106075,422.0106725475948
64362412,801.6837162480679
13228942,462.9405993447658
18238798,326.0300599384277
17197174,330.1365346575003
56883307,243.89448183930153
43838074,437.37726159867407
94366977,325.5678152225996
51114116,322.5247061405212
91929625,846.3055170541907
72617691,348.272536191766
18081983,76.94514535749295
41430371,165.91099455906306
18768333,716.364124955634
97670981,136.74701500365018
33138884,679.4950567777196
54769750,439.45229305517205
89191521,191.42871620533924
68771611,411.905156052213
69658524,47.87442590760247
72361657,336.2744526391475
56548670,61.02507939095449
78323750,578.9001086338367
30772189,363.5002490375082
48525110,-153.54557878513197
86995869,294.053079705905
17626486,839.6597382568998
25200634,430.50137439641503
42675735,208.82472061310182
65493081,196.22754404520856
93613666,741.8342025962033
70416961,170.70982239893237
29938065,242.2796671927399
49578380,1105.9125767465212
98870679,18.156969436730833
69931311,713.132467756619
53406287,1110.4812961814218
84279248,417.76532162318426
95721664,343.6582006570502
86560148,831.5856650240926
54643141,418.0430740338602
87296829,-15.897070158181577
44687814,63.56235556328056
17812890,442.82079855363236
55517272,280.21007310175673
83984617,79.62129773515653
50681051,443.14416706412294
74119296,305.03544162723665
67223450,608.2009364886949
77287132,709.0280209434386
36264517,373.744641738228
42898261,610.277995851085
62830950,165.58762604857202
34861949,282.14825625880894
73511243,288.23853023474885
21486168,126.22689779814709
99309538,574.932510120102
42037617,217.45429866725954
54746843,750.3249044450235
47539615,158.62050664668277
84768747,183.63036747731576
72954519,407.47531282264936
86653160,582.7308588481255
24350012,329.86081015271657
44330162,572.5320822472213
40410889,16.17317017986352
14017526,665.6976662733864
18494070,380.71176114011723
47916307,215.2383630995323
39725498,563.7200397938018
54156054,46.39645956048662
49589662,532.9412455918277
87793535,485.5500323025185
25123851,388.32561756298855
55319133,804.9589616410062
35955058,583.4232119689227
15784980,129.08754248096375
63967490,658.2683021556686
84366303,-68.686204302634
32211409,666.5268676936289
27475512,1073.0090791764496
98385904,305.35881013772723
74274926,65.13155411002708
26137274,848.9816694318547
35706395,373.5125054273676
25432073,161.66564363465295
56493804,496.8101466345256
21783642,408.35215824859915
24274717,334.79851419792385
93363592,564.2279006094459
50359798,911.6005955669061
76057356,426.02591506703675
34577569,324.0462606815604
13432670,163.09596597606105
36150614,255.84492138621272
95883486,197.612250286802
17035345,1115.8792170365655
48987823,295.6678943524671
18853302,262.3974400779816
70059479,203.0557872417603
35830006,835.7377558429807
83058209,484.3062301721552
52239160,391.2318783456203
24939237,238.07993236814536
48271879,628.3663533796439
58898302,-41.92265262010187
97505252,113.30635271976325
52580265,-156.221731162796
59859756,288.33179034027125
59531100,707.0878098804947
82820692,486.1035092179777
73015543,659.9743490018604
50663543,95.58697980151055
61349439,245.46368038604805
82745505,90.60365965648862
91058293,289.0697595608831
17937997,541.6600279397248
48025378,872.3767156159265
21558049,446.5126725625837
51468147,473.3694843506387
87943582,82.6208186233116
72989675,132.59492418476202
10828659,373.1435208170619
78868242,67.76209038787556
63610417,699.19822895284
13037947,504.886247773225
63051485,-30.24793757797397
42637767,380.297160429996
66029975,162.5424890606023
41368516,236.9729785372274
75570412,-96.41986151663878
58832659,597.7740793887147
20746324,-7.545244514699334
41047714,679.171688267229
41430458,398.9389948740136
69198371,113.6753373300694
46430156,748.2934611824489
42120705,1134.1044228645696
67695943,448.7286081303114
10655846,79.62129773515653
56387239,327.46038227983627
73136827,280.39456540690935
66107772,345.9653684244081
41597595,531.6497994557571
27035754,169.0950077523703
94233303,402.6288409770732
72371862,297.0982166938752
47858586,300.3754899927053
50074731,142.51594837499124
15840349,154.42077182208777
27527024,1352.9204319650657
51445447,225.25264739528393
83042677,165.72650225390998
17433657,254.50785915032702
83477453,500.8710052537831
58980418,327.184657775053
49038207,121.84267066839857
35105997,78.23659149356354
88328473,50.36608598011344
49929992,435.8536791517431
12057690,-35.92361084379263
22485986,468.5230125050625
18944255,369.7293992187856
94296460,-172.64965794497812
15325948,593.3442361591515
80036637,749.7258114297501
63707416,372.95902851190885
33357067,551.2140954255397
76260292,316.3411720590593
88542794,770.351445130635
36624049,610.5081042560532
85370002,870.9443653686258
70947321,388.32561756298855
86215831,552.4599254617951
71799918,349.51836622802193
70779429,948.836620449234
28177790,398.75450256886097
33416701,617.4316354640196
32210074,541.2474551354953
91177225,482.7370316254087
62230096,47.36656509195882
27830922,670.7266025182239
20292159,219.89831473406366
72135125,435.7624469521129
41060839,1046.2019392999941
14610723,106.56934172284173
40291165,366.22201751498733
76063806,422.5641494630536
21250419,123.91973003078874
67512417,366.1764014151722
33443292,1158.1918221694382
33660955,286.1614708723587
33504001,255.93818149173558
59014872,392.4777083818758
48423806,178.3692949216179
81227220,367.7455999619183
97904600,22.72568887163152
80141558,-18.896591046336198
13290868,337.0600658654662
12913192,694.7683857232764
94144440,864.1637661777813
53033174,310.5266225879027
93735706,287.17719250364644
59909555,543.6002390026688
99555121,278.7797507603482
13256013,304.8053332222685
93540353,494.8263473776583
97837539,96.50944132727545
35669129,24.524995823346217
50012137,350.71858016446186
68173579,1631.4906667060127
59440623,432.34629744794483
48714672,826.4178525739176
86973367,728.4534407078831
28395212,603.540984854164
50017530,352.74799552114473
48045601,405.9993743814257
60427063,262.167331673013
49061177,400.551781614683
42896715,582.2229980324819
97451418,328.6149801164611
53456411,607.740719678759
99184358,886.8664592410564
91879007,244.63245105991336
76424273,292.80724966964954
19529774,252.93866060358096
60604201,112.06052268350732
96265561,121.24357765312516
84388943,604.6499665909737
22143961,228.20452427773125
14880373,949.3900973646928
98124884,646.5479710137251
23434755,694.7227696234618
36626131,367.2833552460902
86172967,430.8247429069056
89507826,949.8523420805213
51984404,-48.61404751720829
21328430,477.5692191752337
46133239,-87.65140725714309
87118588,20.140768693597693
72466804,467.7850432844507
90243251,253.53775361885482
31491219,351.8255339953798
83702289,1237.2842911864864
78369132,534.5560602383894
12074272,163.41933448655163
77297832,212.3321023169001
91732264,1005.2263964030071
51116865,372.95902851190885
81826443,326.81567316474684
26192585,588.037547503639
72261842,346.84221385035744
40619619,369.9138915239387
89999631,151.3756348341176
10490133,109.66009481062702
90054183,659.8831168022298
62212383,330.1841786632076
19863611,360.1317435390474
51025893,561.4128720264443
83280839,418.91991945980953
53701664,30.155052989349315
70474564,668.0504501405599
52730115,675.0175695424491
28945671,253.8155060295303
76905104,337.9825273912311
60340609,250.95486134671364
14262244,404.7535443451702
86114877,424.78008503078127
24582504,95.9559644118167
77544375,217.6387909724126
18212637,573.3176954735404
31107635,440.9302594022879
73185236,814.6498774262668
73413665,-71.73134129060418
31204532,483.84398545632666
16646519,597.7740793887147
59819313,697.6766744118013
58041963,412.59750917300926
73177607,316.52566436421193
65489959,235.772764600787
53892134,973.0649238653323
14638825,136.8858912089877
61652212,553.0134023772539
69208062,82.25183401300546
98205776,-222.3460110957535
91953270,250.5382327307002
95708788,455.28112682207984
71079776,-9.160059161260506
10948901,704.3660414030151
79084173,758.6311139886911
41410746,135.96342968322278
50927968,204.71824589402922
99511873,16.49451078446191
87562260,439.17656855038877
48098997,548.7224353530287
77592143,424.2722242151376
50298301,216.43857703597268
95160336,320.7710152886225
13581567,602.295154817908
76106706,506.2233100091112
53880590,498.8415898971002
50270200,167.89479381593037
13098948,-87.14354644149898
81835258,122.1204230790745
14238786,-16.404930973825685
65288499,188.42919531718508
29149871,262.9985609991477
39551396,744.1433982694534
77375335,703.4435798772502
14384374,370.97320134914935
63368293,659.4228999922939
25141477,274.81012434072136
37822276,38.36800242749496
62473299,196.36642025054653
90467887,858.1647244014721
62270028,205.50183121445616
62101686,52.30426913716565
51642126,459.6177099461206
50281814,1117.4920037772345
34969698,349.51836622802193
46962155,24.20162731285518
17638609,825.9535799521973
59977095,287.59179321376723
75196820,-27.432908994972422
65141041,183.30699896682472
65986306,622.7839402193476
99818911,-130.01165639572264
38328534,498.56383748642475
31204739,719.8238626537254
53082885,488.5495531906736
76244528,371.71319847565337
46394887,86.77290944219885
65939511,387.1710197263633
96048217,278.7797507603482
60425489,-40.3078379735407
69419323,800.2990100064749
15008203,185.42967442903
70058997,283.5785786002175
44067940,617.108266953529
47031542,225.29826349509904
28929546,763.892186544389
34548603,357.87019187150463
36515676,741.8818466019106
42765717,372.7745362067558
60296558,140.89910582253788
84332226,380.1582842246585
76539663,595.8358962316624
73504572,391.3251384511427
64646486,183.12250666167165
28262602,60.471602475495274
74447096,344.9040306933057
23247586,-48.84415592217647
99044390,774.8289323659055
66743385,652.638244989665
62841747,260.9215016367575
98271312,93.50992043912038
54969068,526.9422038155185
49548078,332.99920724620915
47147429,373.6513816327051
46113098,387.6332644421914
52623517,17.97247713157776
43618531,-149.80808867636551
54174309,331.24551639431
21908078,209.79279823868183
56753065,555.1360778394592
22723502,380.48165273514905
88620530,682.1255930555685
38560702,397.3241802274524
66126723,872.142551399174
24731893,333.4138079563304
19472558,449.5121934507388
44766250,-23.879911191358588
75919229,1356.6102780681254
27459467,505.85432539880503
85529275,-216.07124481466053
88503537,590.6204397757801
66147417,183.12250666167165
53916103,291.51580353357895
65299077,278.2262738448894
82070950,358.3780526871483
69058105,371.25298166571656
89985793,61.34844790144507
38430174,590.0213467605058
24884771,153.77403480110615
37414962,300.9745830079796
35739187,198.7648202175351
52492779,683.8792839074677
70409358,370.6062446447354
38452011,51.61191601636892
43879270,150.31429710301518
70351120,383.57240582293434
47671157,111.69153807320163
60667365,865.3183640144061
85223481,569.7170536642197
83739939,460.5401714718855
36389934,790.7946144322591
84194560,430.27126599144685
66937745,375.7284409950953
82520946,686.1408355750104
52339932,538.2935503471558
19641281,406.04499048124126
69795343,196.0430517400555
99135350,-13.036425475364922
27549583,142.1469637646851
94476832,337.8436511858936
58221865,54.795929209676615
25319395,13.727126207167203
74970303,469.445474030827
10305170,558.2288588331362
82291258,382.69556039698455
81383048,204.76386199384433
79987158,583.7921965792284
13533229,22.541196566478447
40426833,317.5849741894226
79077516,284.91564083610365
49738320,-138.31786593939023
51126693,256.21390599651886
52635836,583.9766888843815
46715477,476.0456367283027
82258908,389.38695529409097
56878285,1083.3943759883991
19130210,-165.589278437566
92849186,659.653008397262
24338810,523.020221401599
24758650,707.0421937806791
70913184,153.4050501908
37987399,790.97707883152
74913796,438.8988161397133
17667485,255.01369206007894
64222955,148.05274543547193
96958008,-102.37125928724072
10416049,554.2592324135098
60398901,324.5085053973885
24738469,-110.35410032041773
50592747,460.26444696710223
96289055,978.4152007147682
38420705,260.22914851596124
93968498,910.259477519236
79579077,110.30683183160863
66828068,995.1208799076253
96166759,373.60576553289
32805078,450.99015979785463
96021280,216.2540847308196
73914137,656.6078714092919
38819078,783.0418818040503
26837951,431.7472044326705
86644106,461.7403854083259
55183461,1039.3280800036268
52422099,623.8908940502652
83190904,459.5720938463055
80939883,416.84286009741936
12388368,658.7741350654201
15537990,360.3618519440156
52619092,221.7452656914852
14251589,512.7302126010641
78390765,271.1658943374773
43497859,319.7096775575196
18381852,202.59557043182394
53390528,774.9657806653508
32023086,437.14512528781415
55881129,456.8503253688259
56955427,351.4565493850737
78797526,94.01778125476403
81441605,466.12461253807396
49418138,203.84140046807943
16343356,420.3958579010332
50953620,476.8748381485452
80530984,423.2108864840352
92363214,211.77862540144133
11505021,276.74830749777357
10464949,531.5109232504196
40174242,499.0240542963611
46922794,598.373172403989
31165878,561.5041042260746
92160351,778.9354070849777
97225599,12.112311560606031
57289385,375.35945638478915
10490505,544.431468328803
40593414,469.078517326413
69535718,721.948566021822
29927353,600.7736002768693
65834728,343.7038167568653
77297694,180.63084658916114
20453767,305.58891854269586
38742201,345.5963838141024
44178016,1517.8383251843002
26155961,619.645543125855
85037563,1360.7187806930901
13481675,-118.15244904844121
32710978,305.03544162723665
42008191,58.90240392874921
13117186,229.86698292999972
32427009,170.5253300937793
77926757,572.4408500475906
11233435,279.1943514704694
16522541,785.257817371778
63770815,115.56790438730604
77164558,136.19353808819142
74405387,712.8090992461284
74698287,543.9236075131598
90725998,290.1767133918006
24204802,1204.6129299272752
89034765,707.9666832123362
34875172,447.1594095835653
74411316,233.28110452827605
81157871,524.9584045586507
44232316,552.7832939722862
48083558,650.2834332165999
75280463,598.0041877936828
11329117,493.7193935467408
67082756,429.3011604599751
11237434,715.2095271190092
69921139,157.92815352588605
68448780,220.63831186056768
77761059,213.07007153751192
29006434,614.293238370527
30190038,652.4081365846969
28376932,17.78798482642469
39355382,461.7403854083259
42494595,293.26746647958635
16756651,473.0917319399632
78115658,797.2994891183203
27261411,281.6403954431653
71919180,1564.0252687253856
99090920,470.36996346248407
64351618,231.80516608705238
88658759,746.9107828467481
14195927,686.9223929895456
63820196,589.7912383555376
23866225,823.0949631752719
50484100,724.6226904935943
98406048,111.55266186786412
64139858,432.39394145365213
93302980,220.63831186056768
62155483,65.45492262051766
69791340,764.1222949493572
19631546,215.74622391517596
26192431,386.43305050575145
68268852,145.69996156829893
14862183,584.5281378939485
50141937,478.168312190508
85256282,275.4112452618874
11027564,1374.700663502576
51577553,184.1382282929594
77132573,142.42268826946884
55254268,423.347734783481
25529214,254.3233668451744
89287048,663.9916194271946
23253967,360.82409665984414
22644692,113.26073661994815
32245140,295.8067705578046
82072504,160.05082898809087
34678460,1115.83360093675
55373081,714.4715578983974
12138481,680.1417937987012
23632970,158.2971381361922
44285474,321.2312320985584
88075177,127.01048311857403
13117787,658.6829028657899
14797111,-187.4151260748913
28697695,1061.5644725392895
34748486,624.7677394762154
30506810,596.7127416576122
57410372,88.66547649943595
28776122,873.1623288422456
18346451,287.8239295246276
29932007,836.6602173687456
82654800,364.23821825812
67038086,1404.8783367833844
95282943,-63.56400795227455
90723621,1060.0449459041424
37760202,-76.43893693084283
97077656,536.6787357005946
67823833,619.5543109262248
25222231,-213.48632463662716
63451552,556.5664001808677
66552053,366.8231384361534
83488554,522.7901129966308
24886655,740.9573571702535
83798512,401.430654946525
46152763,234.8503030750221
96015866,324.5085053973885
51731151,75.69931532123701
34899750,624.1686464609411
55529926,199.7805418488224
95405536,1205.166406842734
29288544,-103.24810471319051
50076589,510.4686609335213
37886285,255.38470457627682
69818934,319.201816741876
13957412,377.52774794680954
27493225,404.9380366503233
81186892,680.0029175933632
72734336,283.2552100897269
20148129,688.8149600467827
23391747,300.3754899927053
45833590,446.9749172784127
85777842,-207.25717445534974
92975129,610.8314727665438
33382289,532.4333847761841
95953281,27.385640506162872
60074802,352.3790109108386
23912733,294.5609405215491
31346779,267.9818811441696
25605125,429.94789748095627
96288207,164.8496568279602
44535745,455.14225061674233
16008313,787.1939726229384
91365542,542.8622697820565
67385764,548.1689584375699
31465116,191.10534769484866
99474816,141.08562603358268
26141909,310.48100648808713
72548314,410.3815736052816
39043955,648.994014986421
55963655,364.0081098531514
54632315,483.6594931511736
48726285,157.23580040508978
76251227,281.8248877483179
83562410,700.8130435994017
93775374,171.30891541420579
21446329,394.73926004941904
37345001,433.5921274842003
49628614,290.8234504127822
35767914,576.5929408664788
10876536,310.8956071982084
47339936,413.84333920926474
89347542,1139.7821240362805
22457603,527.5412968307924
77199929,136.47129049886644
46378399,341.5355251948449
70602262,-68.686204302634
54666534,1108.6799613238154
56421405,439.22218465020387
97652177,284.45542402616684
15442637,-168.6344154255362
92360497,-81.42225707586522
16847908,823.9718086012217
14220385,591.775037612405
25905603,56.0417592459321
58331647,204.25600117820068
22292196,547.891206026894
37237832,175.36977403346327
33009500,1347.2427307933553
12533428,1358.3183528202094
46939545,149.0684670667597
41868505,513.513797921491
75616535,411.0283106262632
73878512,191.4743323051548
67270933,21.479858835376035
98281662,290.8234504127822
66553316,376.4664102157071
34303551,508.1158770663478
82645628,530.3563254137944
57257821,175.6931425439543
21288888,878.790358102357
85963653,16.865523300659788
47876249,903.0622497123782
21439489,119.85887141153171
52566254,749.2159227082143
57084214,98.77099299481779
16925768,196.41203635036163
32782035,137.76273663493748
31791186,164.5262883174696
62797819,522.5579766857704
35384978,595.6037599208025
21945105,750.9716414660052
81557774,262.30620787835096
85407739,-50.78233907922822
86085126,170.34083778862623
95296354,676.6344120949029
90881439,554.3981086188473
30757344,557.3976295070024
48457713,-77.17690615145466
89571542,1003.056076935095
94067050,359.80837502855684
48271561,623.6131416395901
69357732,80.03589844527778
86325273,364.7916951735788
18152649,446.46705646276905
33899410,186.12202754982673
22781669,-55.02769000363878
17283281,435.2545861364688
51785872,959.0830410558456
33104833,645.9944940982664
91682435,464.46215388580504
70713314,445.72908724215677
13110268,262.8596847938097
34642793,954.4210615154225
41694899,-40.16896176820319
86278349,180.30747807867056
11717089,233.9278415492572
59185456,655.1319329680682
59344396,125.71903698250298
89922228,533.7724749179624
62027210,751.5707344812795
98523447,-71.73134129060418
77330146,902.6476490022569
78386939,616.2770376273947
66831282,287.45494491432146
17596778,635.6568412920242
72290481,473.0917319399632
31606355,496.11779351372934
72940683,303.6507353856432
24736121,1037.6200052515433
47814214,316.43240425868953
39410982,464.0019370758687
44151940,647.3335842400443
65594908,466.3091048432266
79125454,542.3544089664133
50322107,503.40828142610917
76200003,213.7624246583082
85059302,463.632952465563
95450721,-149.80808867636551
93253826,537.6944573318815
19723778,562.7043181625149
35980406,91.71061348740614
67285479,258.7532100747376
68864075,246.52501811715047
37422791,-143.9935392052089
73798025,802.8839301845082
97232135,197.28685387041924
50064513,1000.6576769681064
75638682,257.50738003848164
41937405,293.2218503797708
18443662,130.65674102771027
68899727,372.95902851190885
18388313,764.4456634598478
69521945,31.63099143057343
31596715,240.57159244065588
78472605,199.04257262821056
12713963,163.05034987624595
46768823,454.126528985455
27538097,239.46463860973836
89955366,425.93265496151434
94081889,185.24518212387738
65214899,-22.26509654479696
95205973,662.8826376903849
83140994,285.9313624673905
69014391,-169.00340003584188
66919280,244.17020634408527
86299194,586.5616090624148
14394397,736.6207740462132
88465251,34.58489621891249
82447513,426.07153116685186
90676745,272.41172437373325
61229086,432.9474183691109
30557316,585.0380266154839
48578361,111.32255346289548
29085329,343.7038167568653
99539415,666.3444032943676
33750162,302.72827385987875
51880900,-109.6161310998059
81942693,825.6798833533057
44828087,292.7139895641276
80752087,306.42014786882964
99218652,452.4660982390783
37433425,364.97618747873184
39115683,-58.44181160191465
26601986,86.7272933423842
50469308,248.83218588450836
69872975,423.11762637851234
18483245,356.2097611251279
12588982,302.17479694441954
79454705,59.225772439240245
76523232,568.4732515338565
96131595,1257.4020640717276
99680250,464.27968948654416
82622915,525.0972807639891
11290284,599.3868661293841
80057162,584.3912895945023
72165316,739.7135550398903
79751433,332.630222635903
33215554,652.3625204848818
42852506,185.19956602406182
56093872,316.710156669365
64167041,582.5007504431578
83380458,1203.9205768064785
32651438,81.5118368865019
38364846,248.73892577898596
74621857,-155.52937804199928
62748794,-4.914708236850402
71435421,-229.7753752134713
76163868,638.6107460803637
14677956,241.95629868224887
48283664,233.46559683342912
93787027,346.47322924005175
75353617,876.2074658302154
44130726,317.7714944004674
75634285,651.0234303431034
27969925,340.24407905877433
34662422,555.5983225552873
46428766,214.45477777910537
40279741,487.5794476592014
58991338,731.2684692908852
52295288,109.0610017953527
25429358,335.3519911133826
91223525,298.9907837511123
80429592,306.0967793583395
36010937,345.919752324593
61652867,486.3356455288381
34655678,135.64006117273175
32281319,600.9560646761306
74717544,548.7224353530287
81780208,433.6397714899076
74117270,686.186451674826
94663011,65.96278343616132
18715534,390.21818462022475
89926226,368.62244538786763
31441075,207.02338575549538
85656066,615.3089600018147
63154501,-6.069306073475218
56954947,329.44418153670404
35193891,196.73540486085267
68045567,439.3134168498341
75523548,499.67079131734226
80044768,311.7724526241577
80565568,569.7190815701115
58680458,529.2037554830613
93434632,413.65884690411167
38164915,366.86875453596895
39561694,258.9833184797053
23940974,626.1980618176235
66689621,72.56091822774442
91586014,257.96759684841845
68610549,227.3753228574892
44648566,211.0862722806446
68443861,206.33306054059085
95300751,68.63893581382536
74650313,431.9316967378236
78190939,214.50039387892048
79583687,154.2362795169347
78744133,702.1521337411791
19424377,182.1067850303848
74426958,20.09515259378304
30714675,321.46336840941876
20297631,142.88493298529693
62326689,712.9023593516508
72851226,-6.668399088749084
94924877,-174.81794950699805
39912297,430.4557582965999
50554145,-137.25652820828782
51964385,306.5569961682759
91524053,314.5874812071597
67059408,205.22610670967288
13707505,-67.11700575588839
96336923,510.4230448337057
18937921,104.81565087094305
23247466,355.14842339402503
20718626,747.8352722784048
62001591,595.0979270110506
32183930,1355.6422004425453
29520078,395.24712086506224
20246948,660.7143461283645
12865925,163.6038267917047
75414040,603.1263841440427
29805887,467.8783033899731
91828173,466.0789964382584
92911827,464.32530558635926
21259879,591.6817775068826
27730704,373.6513816327051
10805384,515.5908572838807
28772124,342.688095125578
67895243,499.6251752175276
70282510,866.3776738396173
76926492,1154.8253445768692
56029416,472.63151513002686
42166025,591.0826844916087
88855559,488.9661818066861
71679738,171.26329931439113
95011645,158.85061505165095
23391388,46.48971966600948
97276431,569.0723445491299
78499453,1059.7671934934674
50845143,272.2272320685802
63593365,674.0018479111623
44645094,457.4494183841002
92805008,432.39394145365213
95966284,603.0787401383354
86968525,503.31502132058677
35459557,183.9993520876219
16959595,-34.67778080753715
66852864,932.041736962638
64976874,45.42838193490661
90803282,154.74414033257835
32597480,461.6491532086952
22525205,457.58829458943774
18357388,454.95775831158926
55224009,164.3874121121321
12066751,189.81390155877807
51600054,279.7478283859282
33097870,646.5479710137251
44165189,-105.18628787024272
92174554,175.64752644413875
75685484,395.80059778052146
79648156,151.3756348341176
34473914,799.3785763866022
42069298,104.26217395548383
24749467,237.52645545268615
37024144,482.45927921473367
53463208,723.4245044630461
61035399,924.6559610388435
92975059,416.84286009741936
16258293,504.9774799728557
80353068,-53.827476067198404
69637564,461.5102770033577
60889557,297.1914767993976
45682120,777.9653015535059
62566155,344.16606147269385
86829598,177.8614341059747
77516810,549.4604045736401
32602883,702.9357190616065
99658649,175.13966562849555
98115366,805.8834510726629
40551984,548.030082232232
89171680,-19.773436472285994
78104461,881.9723433897725
80805720,239.69474701470654
44701781,233.05099612330787
32357693,599.0199094249701
16257080,509.86956791824696
63758432,778.5187784689647
86560064,108.41426477437153
76704426,477.8449436800174
29021087,206.2874444407753
30903210,396.12396629101204
59650055,365.94629301020404
16537007,584.8079182105157
44043751,201.30209638986116
93550246,263.4131617092685
74795536,-5.976045967952814
36252893,623.6151695454819
60712266,516.2832104046774
54795015,744.4170948683454
59038432,323.63165997143915
53101267,465.9401202329209
96137757,263.45877780908404
61894184,500.5476367432925
56980533,660.019965101676
40911725,-516.6538474039771
78253728,876.2530819300305
46517280,560.9506273106153
98578100,448.22074731466773
92998542,37.445540901730055
85778453,762.5074803027956
67897199,95.03350288605179
37385434,185.75304293952058
29978687,598.9722654192628
63462293,247.81646425322106
82610119,386.5263106112734
11195863,489.28955031717715
22813157,410.29034140565136
16061850,208.96359681843933
25000757,89.58793802520086
23839386,-41.41479180445822
62901003,250.5858767364075
85332734,327.41476618002116
41185457,-51.52030829984005
32349244,634.8732559715972
75213525,779.7189924054051
24267861,714.1938054877214
80759464,103.06196001904345
38052934,737.8209879826532
36983078,694.1216487022953
48438532,74.13011677449094
98811621,376.83539482601327
41602835,799.1464400757418
79191702,1625.1206124135056
91526426,594.6812983950376
12436955,483.5206169458361
35460655,178.55378722677096
24893618,398.9389948740136
12318894,-189.53780153709658
75385870,195.90417553471798
24016887,554.6738331236306
93798376,701.4121366146755
10041197,590.2990991711813
44196192,628.9654463949182
34259961,652.0391519743912
79360399,914.6457325548758
90648365,511.80775107529917
32784142,126.04240549299402
88014206,1041.355467454418
47541115,489.10505801202453
81087277,266.73402320202194
99414879,387.3098959317008
96312378,781.7027916622719
45292998,362.2544190012527
62464969,735.3293279101426
89056154,12.435680071096613
43815757,92.03398199789672
36326737,581.4373848061628
66733240,63.65561566880342
82154113,507.60801625070417
75774127,-38.923131731947706
99633023,398.615626363523
54243966,421.27270332698254
21507777,642.7628368992514
89526022,416.5194915869288
35342783,259.6300555006869
75576574,113.30635271976325
86207238,417.16622860790994
11999604,307.6659779050856
64241630,486.7046301391438
49681885,240.52597634084077
20476163,540.2317335042085
82534020,426.6250080823106
80449403,359.1160219077601
91978419,574.748017814949
13134274,164.48067221765405
30921031,199.7805418488224
35948510,193.04353085190132
37862013,1266.5374750356377
74364264,70.85284347566085
73089121,338.5360043066903
71120219,256.12267379688865
81357330,947.7296666183161
86696339,234.38805835919402
32694372,494.13399425686157
86397240,-80.59102774973098
75410743,264.24439103540317
54107967,4.4051950322127595
53182244,-355.2413079826497
84949062,121.51930215790799
17578514,-134.44149962528581
66553240,353.0257479318202
78244783,591.5905453072519
85750494,255.98379759155114
26835204,390.4939091250085
25568634,496.0721774139138
62833472,479.92200304240714
89441409,-152.3453648486916
30957350,54.65705300433865
83492659,343.0114636360686
14123667,408.6278827533829
81332426,1173.4175071092877
75963486,673.3115226962577
97473965,270.1045566063749
52550411,173.8938355922396
38852859,-1.8239551490651138
86945814,394.0469069286223
99213841,202.22658582151826
93296884,841.4114012029072
74681265,478.3984205954762
67628381,366.1287574094649
53194004,73.2532713485416
79129949,637.1804237389547
21417992,-67.21026586141033
65584374,243.34100492384232
83994457,99.2788538104619
79552394,669.3439241825226
14169455,564.0890244041079
11006346,438.25410702462386
55920445,223.68344884853786
42183979,117.55170364417381
27236753,313.20277496556673
38623845,352.6567633215145
56539617,230.23596754030586
89514584,305.1743178325746
55800655,468.1084117949408
95341263,171.9100363353723
90170967,395.3859970704002
25603899,564.5036251142292
80752063,342.92023143643837
74272993,352.33339481102394
83204984,693.707047992174
56041749,248.83218588450836
99929710,411.0283106262632
24093076,1269.2156553191935
76171771,153.867294906629
87313105,404.0611912243735
13150529,1109.8801752602558
85314779,309.69539326176846
23218937,7.128991415584096
15797769,303.92848779631913
18451890,575.4859870355608
23712138,521.1752983500692
40201741,1098.389952523281
74044702,311.2645918085145
91758728,465.8012440275834
41605529,188.93705613282873
30345669,561.6429804314125
72490311,350.9486885694305
11341429,198.5347118125669
86562367,288.6987470446852
65741146,-36.98494857489504
28059650,1078.5479041428225
36854120,62.82438634266873
70514815,282.7929653738979
28991223,481.9970344989051
34210782,325.61545922830646
97420540,585.5915035309426
53582966,343.5649405515278
25471995,321.8323530197249
40521306,362.3000351010678
18442744,-23.326434275899828
86475933,236.0961331112776
35156621,422.518533363238
92398280,411.39729523656933
64419847,342.82697133091597
27879667,151.74461944442328
33454324,277.90290533439884
78234554,-117.9679567432886
37295459,186.62988836547038
76464828,503.68603383678465
89898019,491.8268264895037
94459827,105.18463548124873
30672049,83.86664865956709
93226295,133.88637032083307
66733496,63.60797166309567
24799537,402.30750037247435
30909458,438.94646014542013
20815913,616.4159138327323
77231006,309.2807925516472
63770561,269.3665873857626
61281100,-188.98432462163782
25443496,1062.4909898768383
90941407,-85.02087097929416
85217471,1070.7971994205059
11330523,277.57953682390826
60135515,254.13887454002133
96537329,537.3710888213909
89713236,783.5041265198788
87856838,626.5214303281141
68427758,219.20596161326694
35697471,391.2795223513276
30758105,219.99157483958652
66828597,529.9873408034882
64179941,-38.923131731947706
57531913,142.70044068014386
82276369,309.2807925516472
33117908,347.1655823608485
23807930,598.9266493194477
58313771,99.55457831524518
86361973,353.76371715243204
54136725,571.2406361111507
80609057,67.29984567204701
23386046,127.74845233918586
88923790,472.1692704141983
50739054,1051.923228665628
85701835,-6.668399088749084
11164690,171.40217551972864
60686704,87.6497548681491
56500955,570.2725584855707
92377094,213.57793235315557
27377686,343.10472374159144
14820376,-50.274478263585024
24454653,543.2312543923626
49068691,188.61368762233815
68870887,-130.84288572185733
40404763,373.6969977325207
53993271,447.2982857889033
76624283,438.29769521854723
84681113,640.8266816480914
39182711,246.3405258119974
99418549,54.10357608887989
54009403,809.7121733810604
15732665,-32.18612073502618
21105712,87.46526256299603
76841454,234.38805835919402
77456803,488.08933638073677
94681649,161.98901214514353
42127705,311.21897570869896
86327920,247.21737123794674
49706768,480.659972263019
47210863,115.24453587681546
98862874,316.0178035485683
80625113,120.36673222717491
13147967,368.11458457222443
79644262,170.15634548347316
40821766,-222.16151879060044
38964351,443.42191947479887
80037468,316.8946489745181
10709528,521.8676514708659
14006566,-62.687162526324755
84355937,254.18449063983599
68139676,380.8962534452703
51613745,565.3804705401785
77042505,163.6038267917047
35307179,84.23563326987278
43137990,523.4804382115353
60366178,429.07105205500693
28449137,440.2379062814912
54714633,390.07930841488724
86469326,364.7916951735788
81392986,106.70821792817969
94816275,-180.49362277281716
20992851,233.3267206280907
33220037,68.63893581382536
52922027,162.40361285526478
70522751,452.835082849384
35179027,129.96438790691354
11006610,-183.67763596612485
97027045,360.2706197443854
60842426,316.57128046402704
37962781,238.91116169427914
57446778,286.25473097788154
46803142,709.349361548037
96412152,674.8351051431882
41948607,346.47322924005175
30401183,427.6407297135984
82446721,340.1508189532519
98640166,7.128991415584096
16426411,582.5443386370807
40919986,528.3269100571115
34959842,665.6500222676791
76545890,496.11779351372934
38671669,608.1097042890647
74577885,656.83797981426
77894868,521.9112396647893
44132106,459.01861693084675
13303745,130.28775641740458
82202428,199.04257262821056
69359286,301.0201991077947
49249118,406.96745200700616
65186472,262.67519248865665
86728284,306.1423954581546
89113200,308.0349625153917
64085288,164.15730370716346
83095293,5.375300563684505
55834975,575.9005877456816
12408851,316.38678815887397
45102161,194.6127293986474
21425066,316.9402650743332
49253416,24.524995823346217
91720337,359.4393904182507
38125202,318.83283213156983
76716879,743.9132898644853
75093314,386.75641901624203
94720863,198.48909571275135
69306868,-221.97702648544737
78783123,335.9987281343638
31503266,419.5646285748985
51221256,235.35816389066576
36978860,327.2302738748681
77102844,66.2841240407597
85218856,224.74478657964028
64674000,395.24712086506224
71928536,158.11264583103912
71632516,333.0448233460247
44645677,283.3940862950644
27089889,190.18288616908376
85001254,651.1166904486263
80789294,433.6853875897227
94921905,553.7513715978657
87557595,446.6515487679221
27812172,727.483335176411
70326518,786.6404957074792
76820242,319.6620335518128
37798149,405.6760058709351
95689974,469.8621026468404
86698149,267.56525252815663
82332389,452.3272220337408
38769988,32.64671306186074
62104171,569.2568368542829
20008764,156.91243189459874
88250848,597.4963269780392
99989436,-154.2835480057438
20654244,346.1042446297456
63645129,139.14744287653093
66237213,351.3176731797362
89366030,619.2765585155489
43885604,413.4743545989586
20777495,428.33308283439465
17630232,667.6814655302537
41034819,582.407490337635
30863558,856.7323741541713
30990096,280.39456540690935
14528263,615.8624369172735
38046616,510.1452924230307
21720690,192.67454624159518
41971276,-340.5214559525516
81966182,514.1149188426571
81876034,427.82522201875145
23233042,251.5083382621724
59959368,457.58829458943774
25429816,260.5525170264518
40884180,298.2984306303151
88955672,842.4291507400862
43077536,268.4897419598133
22541133,1457.0187060009644
98515757,65.08593801021152
96170890,222.205482501422
33994765,145.51546926314586
91089578,167.48019310580912
38840418,45.61287424005923
92439017,330.2297947630227
30192634,372.7289201069402
30769461,312.7861463495533
80205723,288.7920071502076
55131937,530.7273379299922
29185681,814.4197690212986
80773149,478.3071883958455
84757256,495.8876851087607
81505232,156.17446267398645
57555020,132.59492418476202
70106520,640.9158859418294
43240131,328.0615032010023
57158414,211.63974919610337
63966023,379.2814387987087
46075950,429.6245289704657
47516649,229.35912211435652
57203804,249.5245390053051
99285503,768.5997821846277
23511969,-20.511405692897824
78376646,716.687493466125
48884000,597.0361101681028
98727752,818.6651199457087
82907215,630.2133043370654
72719170,534.3259518334212
39149918,86.08055632140258
85435767,386.5263106112734
54111802,488.31944478570495
92599919,566.1184397607904
24226064,314.40298890200665
96829833,838.6916606313202
27301621,274.3022635250777
15887246,499.9941598278333
51726302,534.6016763382045
51260265,905.6927859902271
45934883,478.81099339970524
97289930,670.1731256027651
42847093,469.35424183119676
13695159,385.464972880171
21664737,411.8595399523974
72162540,355.0095471886875
45972276,573.4565716788784
71222059,483.4750008460205
18901787,-335.72262811268274
64794868,360.54634424916867
96040179,569.5345892649589
43891507,188.244703012032
94649367,532.8023693864902
85490151,412.6887413726399
51948440,614.8467152859857
44237958,234.2968261595629
97658202,433.7766197893534
77699657,932.6884739836191
23252427,481.1658051727709
10697423,323.8161522765922
99095154,284.36216392064443
86344123,13.358141596861515
32740825,61.34844790144507
39699187,393.7235384181313
79334316,1020.2675890377045
13862142,197.4733740814645
95022546,-203.88866895688898
85671131,78.00648308859536
13946093,243.5254972289954
71911642,464.8331664020029
74557358,778.7509147798246
76424216,135.64006117273175
60569056,538.7537671570926
21429356,208.45573600279567
37147011,469.8164865470253
22363795,388.9723545839697
22711721,148.42173004577808
32781826,299.95886137669186
79919377,-16.91279178946934
95950869,540.2773496040231
67975454,288.0084218297807
61846310,459.7565861514586
47190136,208.96359681843933
72140487,1342.1681784487027
33356353,385.64946518532406
57558815,42.75222955724257
85765913,298.9907837511123
67405346,918.8414115676874
47178751,166.27997916936874
92743619,501.7022345799169
67809997,681.847840644893
95649734,444.4376411060862
35761786,249.70903131045816
20333506,357.13222265089234
39856656,637.3192999442931
80659941,230.5116920450896
72539676,380.48165273514905
34808508,544.3838243230957
18684795,737.174250961672
60926773,493.6261334412179
25343604,332.99920724620915
85280076,322.33818592947637
51516725,689.9239417835925
54359603,697.4921821066482
65763192,394.0925230284374
53926540,219.4380979241273
77237054,-55.95015152940323
75498756,88.71109259925151
99166662,704.1339050921551
72410551,521.2209144498847
82923327,532.5266448817065
46066488,453.297327565213
33059137,568.7489760386393
51480279,291.51580353357895
19373977,511.2998902596555
90715980,185.75304293952058
56492794,185.15192201835453
46037369,156.72793958944567
22743995,565.8883313558226
42553042,568.056622917843
36975311,718.9946612334825
75351486,4.313962832582092
30981897,943.4863435997981
35580501,439.8668937652933
40483549,234.34244225937846
64819235,194.51946929312498
26688957,356.62436183524915
94904538,216.99205395143144
46754012,982.2895391229804
36796857,234.61816676416174
28461943,375.0817039741137
14026453,494.41174666753705
69053024,232.21976679717318
32733126,228.48227668840673
40931025,193.412515462207
19427950,6.113269784296335
84597120,376.9742710313508
18811334,438.8988161397133
78324699,991.9348388084259
77953974,104.26217395548383
27862041,370.19164393461415
37247191,235.2192876853278
25562317,400.18279700437733
73172608,235.0804114799903
33104896,193.7358839726976
82319650,229.17462980920345
21799452,129.91877180709844
64888946,89.35782962023268
97264595,518.9137466825264
10429454,389.4781874937212
61575325,351.64104169022676
56897257,19.7261679834769
37059519,400.04594870493156
52110520,570.3181745853858
81197632,351.9644102007178
78041929,73.06877904338853
62481600,679.6319050771654
79068390,241.03383715648442
35652591,-151.60739562807976
39694436,224.4214180691497
95898355,495.70319280360764
80006639,-79.25396551384483
53958546,1088.69903673802
58986255,607.925211983912
35034634,259.81454780584
21845497,416.10489087680753
40578913,255.93818149173558
52684708,339.41284973263964
89834641,289.20660786032886
65511611,689.6005732731014
65731676,123.0428846048394
83770991,1224.3161021023957
56280602,464.5554139913279
44140498,148.37611394596297
52748496,85.66595561128133
76136540,255.38470457627682
35483441,78.8833285145447
25193108,303.97410389613424
27434478,-181.3248520989514
84357441,618.6774655002755
70840263,10.681989219197476
45633382,130.28775641740458
68317032,424.4111004204751
73465107,308.40394712569696
24929921,419.3345201699308
87300428,660.2044574068291
69871020,47.87442590760247
23755175,609.6332867359956
91971062,352.8868717264827
74483617,87.05066185287478
89642342,141.27011833873576
33276861,176.52437187008854
18861332,179.0160319425995
77211245,188.244703012032
52041127,209.70156603905116
95864050,358.93152960260704
82528777,218.7913609031457
62702832,840.3064752778814
24146181,198.8580803230575
90263367,178.8315396374469
47033948,431.3782198223644
97856612,150.49878940816825
73014333,1046.8010323152685
46731094,344.7195383881526
15781171,621.6293423827228
51156245,48.796887433367374
85958922,428.33308283439465
52550761,-130.33502490621322
15567593,320.0786621678253
50279318,1605.6951926490606
88796422,-85.66760800027532
66724358,203.28792355262067
51443999,462.525998634645
32661637,292.34500495382144
12999579,580.1935826757995
32460111,126.59588240845324
70354263,103.10757611885901
99768418,-2.5619243696769445
93597400,-29.002107541718033
42968448,358.56254499230135
11447851,698.2757674270752
76146411,418.781043254472
86917958,1155.3332053925128
57526187,104.90688307057326
71062405,274.90338444624376
72847399,739.8047872395205
54891075,217.17654625658452
89841901,220.91403636535142
90056417,683.7404077021301
77892346,552.5531855673175
31627402,-105.32516407558023
78864638,255.7536891865825
16022883,524.4505437430075
21980955,252.01619907781605
98291218,-49.53650904297274
37406677,138.96295057137786
73253470,150.9133901182895
80239984,1120.1225400550834
60323265,844.1808136860936
93655248,177.95469421149664
58796215,404.42814792878744
94203496,501.9779590847006
89472702,237.8954400629923
29142290,262.67519248865665
71021568,621.3080017781235
69197364,485.5976763082258
67499939,463.07947555010423
51780875,507.51475614518176
46941857,409.2290036745485
57911836,1058.6146235627343
38559875,142.33145606983817
81398050,366.0831413096498
75334315,569.4869452592511
59308610,189.85951765859318
16247087,671.8355842550336
43247285,560.4883825947873
45215633,713.9636970827532
40481058,562.5198258573619
40365284,741.1894934811139
92836079,840.8143360935251
70303716,516.8366873201362
81749724,222.8066034225876
41853820,610.8314727665438
81440480,80.31365085595326
84996580,457.7727868945908
35919442,587.6685628933328
19046260,608.292168688326
90423631,351.64104169022676
92961031,118.65865747509133
89855372,-34.86227311269022
77816576,-8.467706040463781
12194715,355.42414789880877
20115124,492.703671915453
73703358,827.7072708040964
89792966,179.845233362842
43706254,431.8384366323012
70266281,126.13363769262423
78529732,235.1736715855127
31638825,-269.64396427954034
58167471,100.52468384671738
93767960,-268.76711885359055
55879589,357.8245757716895
67388602,459.10984913047696
86008328,643.687326330908
53844650,273.79643061532624
86660948,290.8690665125978
39941650,-74.91535448391232
44395757,199.965034153975
81989533,392.5253523875831
46504700,-167.89644620492436
39402032,336.8279295546067
85919943,239.46463860973836
80733130,492.51917961029994
25189661,112.24501498866039
14623666,538.8014111627995
70848155,320.95550759377556
68571484,745.2959682001865
51228995,924.3346204342447
49683485,752.3107316077835
56036763,527.1266961206716
32459332,111.50704576804856
10860915,81.92846550251488
43696664,175.1852817283102
87941364,325.0619823128477
76183083,198.35021950741384
20966309,434.23886450518194
37699108,166.83345608482796
55952526,375.7740570949104
15616438,239.09565399943222
86514240,746.2660737316583
92945955,266.55155880276106
63145934,276.65707529814335
58853662,662.2835446751105
79304271,431.7015883328554
24276255,513.513797921491
43245413,346.5188453398673
59024690,461.92487771347896
13551336,175.00078942315713
44848614,-6.668399088749084
61087377,109.38437030584373
11885900,435.2545861364688
92535927,282.8406093796052
21708152,166.60334767985933
45352808,327.0001654698999
75624156,586.4227328570769
32001265,408.35215824859915
20413825,716.8263696714625
40305802,245.0946957757419
61861688,1729.869679282168
33441351,93.78767284979585
30365812,-25.12574122761407
43625038,-106.8011025168039
40659534,135.08658425727344
72885406,36.93768008608595
55817366,235.54265619581838
78604997,508.6237378819915
14364198,97.70965526371538
70814486,539.0315195677676
71030650,744.9249556839886
93257457,250.07801592076385
65515227,-104.44831864963089
23048185,806.391311888307
64021401,188.79817992749076
81601136,115.75239669245866
60464050,486.05789311816216
62126832,283.3940862950644
76122802,151.19114252896452
68619547,404.29129962934167
69931017,466.0789964382584
52039321,532.7567532866747
96748453,931.625108346625
40650345,771.2759345622917
94190496,339.7362182431307
40034795,422.93313407335927
16725203,582.1297379269599
37869032,597.7740793887147
87784983,448.91310043546446
67445694,144.26963922689038
44138052,-18.573222535845616
56359862,331.75337720995367
27113776,220.8228041657203
73853459,922.0254247609946
76284169,132.4560479794245
42581373,766.5227228222379
74617250,317.7714944004674
29606632,146.43793078891076
22328059,261.2448701472481
94596005,646.7780794186933
73640300,460.31006306691734
52511016,657.7148252402094
63643579,54.65705300433865
73979691,541.1085789301578
76806109,636.1190860078523
67084872,611.6170859928634
94616960,-136.74866739264417
44018639,220.49943565522972
10369424,1133.8743144596015
19417264,208.08675139249
77137301,224.19130966418106
33598935,110.9059248468825
81379316,602.110662512755
67627945,555.3661862444278
74067952,1203.2738397854969
54161507,206.2874444407753
55930611,-171.81842861884388
64919315,535.202797259371
92109871,455.6044953325704
88653847,330.7376555786668
50331596,680.9709952189432
68139580,739.8047872395205
80241693,327.36915008020605
74034028,1125.2447364054433
22712040,440.79138319694994
18212521,387.4487721370383
60434302,257.9219807486029
45427525,344.2116775725094
95853311,151.00665022381145
70857259,199.22706493336318
81477083,254.96807596026338
27723524,152.43697256522046
25206032,1331.0489682279253
12102381,955.7125076514931
72428170,318.50946362107925
27672042,1360.9945051978734
77000429,377.9423486569308
95589605,397.04642781677694
44647376,765.0903725749372
21338536,110.44570803694614
13820529,492.5647957101155
24568041,527.9579254468058
90117191,550.4761262049278
45800664,-123.229029298986
13557339,428.19420662905713
19087413,537.1409804164227
11616417,1123.6319496647739
22015830,543.6002390026688
42617304,443.97539639025763
72598754,340.4741874637425
34839793,227.92879977294797
77660297,169.6941007676446
13706769,237.84982396317673
71694094,224.05243345884355
26712974,80.31365085595326
11161484,228.48227668840673
92404281,436.54603227253983
29267516,413.98018750871097
44574998,-30.24793757797397
66291057,398.0165333482487
13701175,142.51594837499124
24177160,106.56934172284173
81405301,521.2209144498847
11589439,192.67454624159518
17537269,362.6234036115584
98168887,515.5452411840656
57508409,137.901612840275
83408387,593.8044529690878
43301435,963.9731010953456
49258344,237.84982396317673
98631322,196.5509125556996
69659096,224.23692576399617
99106028,288.37740644008636
37856658,197.612250286802
42881579,-61.62582479522234
77859891,210.90177997549154
81041727,423.71874729967885
47217829,285.37788555193174
53083229,278.7797507603482
79619006,447.85176270436205
87897995,40.62955409503729
17964917,1044.2161121372346
80568888,362.76227981689635
43042929,144.68423993701163
62796073,51.61191601636892
61083401,452.4660982390783
14141477,309.7886533672904
68306110,80.68263546625894
43708354,440.007797876523
73883907,242.46415949789298
75966104,447.52839419387146
55672599,-19.957928777439065
14917596,254.6923514554801
65294870,-45.152281913225124
14049454,453.20203955379793
93295381,488.6428132961955
27730907,1772.3688046260863
52543486,246.20164960665988
79427440,152.06798795491432
46627987,580.9295239905191
63096372,374.5282270586549
21047227,-167.94206230473947
94588817,363.5002490375082
82925355,323.8161522765922
20239710,185.3840583292149
66560522,61.163955596292
34394729,487.16687485497187
74199492,462.4783546289377
59577067,698.7359842370115
69919638,726.2395330460477
46718033,664.2217278321627
84917912,222.5288510119126
31599665,155.11312494288404
39056365,353.9482094575851
48895978,175.13966562849555
47094246,518.2213935617297
19549587,368.4835691825301
18563899,5.236424358346994
81642903,105.50800399173932
12095543,515.588829377989
67140026,264.2900071352183
11054636,153.91291100644412
21698635,602.7553716278449
23623849,262.35182397816607
71392936,127.98058865004623
83425325,543.2768704921782
14553390,-355.2413079826497
70274030,429.3011604599751
19402442,430.27126599144685
11041677,619.2289145098421
77513563,207.25552206635575
87335721,532.387768676369
17466406,178.50817112695586
11267365,141.45461064388883
89144675,323.1237991557955
89338457,476.73798984909945
87803439,375.7284409950953
20104582,131.71807875881268
95781089,322.5247061405212
66358482,-182.1084374193788
62863016,530.4039694195017
92557337,872.6088519267864
10876766,375.22058017945164
70473205,122.1660391788896
87569671,890.9729339601286
61139578,112.38389119399835
53121878,196.0430517400555
15430462,152.85157327534125
67332796,380.34277652981154
75641163,504.10063454690544
23552924,977.9549839048314
56332291,151.4212509339327
83472051,104.26217395548383
73213649,300.1889697816605
47802315,294.42206431621116
42459098,516.8366873201362
59654537,403.36883810357676
49312825,524.2204353380389
80983900,145.74557766811404
58178507,1824.6936661488185
50382416,198.48909571275135
66073034,253.6766298241928
43848284,168.26377842623606
85092410,169.83297697298212
22321014,331.47562479927865
31162245,302.5437815547257
26802981,338.02814349104665
89737386,-47.598325885920985
22704344,444.71336561086946
56000373,166.7878399850124
96310766,238.35768477882038
70324095,-221.7469180804792
86441629,247.07849503260923
12514793,713.2257278621414
89583392,191.79770081564538
36498032,462.9405993447658
22072881,-80.7299039550685
23992589,329.4918255424109
25380807,140.02428830248027
30026993,348.5006166908429
65742850,-179.9401458573584
33236806,474.47441027566447
64518820,470.7845641726053
42371713,58.533419318443066
47924596,340.42857136392695
55469978,980.2580958604058
29356220,422.14954875293233
98913649,574.4702654042735
22201860,236.60399392692125
17005574,225.8061243107427
61767605,594.590066195407
63003964,1818.0975592631262
52904792,323.63165997143915
87014699,667.8659578354068
60476269,1035.8186703939368
23374773,230.9739367609177
12887652,-212.0103861954035
11366466,50.18159367496082
62053080,244.1245902442697
21354279,480.0608792477451
58635346,240.89496095114646
57475663,417.3963370128786
44627129,281.4559031380122
29419543,1369.1598106303113
47538164,657.5759490348719
19854086,431.8860806380085
63381374,54.70266910415421
55348437,-46.35249584966505
80254443,783.0895258097576
23105559,501.4700982690574
25129271,200.7030033745873
40257293,461.09567629323647
63509506,460.4945553720704
45432136,747.5098758620225
19785631,31.676607530388537
22859019,301.85142843392896
36147504,391.2795223513276
54449509,651.9935358745756
81205631,454.6343898010982
98103632,354.2715779680757
32691265,178.13918651664972
72768344,969.8332666663168
51890279,116.49036591307095
48043615,126.08802159280913
25374441,234.7114268696846
59962384,541.7076719454321
28910995,630.9056574578622
13141234,-9.99128848739474
50747063,441.2536279127785
55252279,539.7238726885644
52007426,711.7933776148411
30847276,256.0770576970731
62106368,85.8048318166193
60214573,433.31640297941703
40002314,923.2732827031418
32428356,847.8270715952299
53658343,618.6298214945678
29161839,72.19193361743874
46396012,98.21751607935903
62360708,308.40394712569696
43297939,154.42077182208777
12562149,303.05164237036934
36028116,332.86033104087164
87330286,270.38028111115773
88119407,565.6582229508545
26750897,369.9138915239387
49969361,198.67358801790442
97204974,149.9432845868173
99702598,398.66124246333857
52763802,496.6712704291881
68901809,305.5433024428803
39208673,415.59703006116433
54033485,-81.97573399132398
54497531,255.38470457627682
53990991,646.7780794186933
84489537,354.50168637304387
35670801,545.9074067700267
78791350,191.6132085104923
20845184,698.1368912217372
13555027,254.7835836551103
37646059,233.8345814437348
76127874,356.255377224943
92134461,488.7816895015335
35770374,588.2676559086067
71020209,783.7798510246621
34171582,429.4400366653126
50654248,444.0666285898883
42458567,411.442911336384
19190057,967.4784548932516
54080489,215.88510012051393
68542535,431.0548513118738
45210646,295.0688013371928
59714270,165.9566106588777
88185676,656.5622553094763
71490260,-32.370613040178796
30639393,17.46461631593411
82576353,413.9822154146027
24335906,756.9706832423144
21049647,427.96409822408896
13781432,177.77020190634403
86079138,179.89084946265712
40000990,584.3912895945023
73775201,634.2721350504307
35148701,769.5678598102077
81596880,318.6006958207099
94320273,352.6567633215145
36438421,300.3754899927053
53057217,334.6140218927708
25248077,501.56335837457937
73038169,231.15842906607077
73258090,210.76290377015403
87336796,787.4717250336134
78963426,207.90225908733692
12232405,369.17592230332684
86811261,411.21280293141626
43165541,578.947752639544
83018865,768.7386583899656
37762842,128.534065565505
65591705,351.087564774768
67890361,142.33145606983817
94753186,158.2971381361922
93051402,536.7719958061166
18623638,502.6246961056818
35256497,296.4514796728936
79246585,293.36072658510875
23762226,435.7624469521129
67287814,123.18176081017691
78864148,679.5406728775351
30658878,-159.77472896640984
97960066,31.63099143057343
19914732,238.21880857348287
23619037,1.6834265547331597
27095793,167.8491777161148
83667300,598.1430639990208
76686009,602.7573995337366
79911388,430.27126599144685
36038618,100.70917615187045
91489166,279.1487353706543
64088644,570.2249144798634
10087238,292.668373464312
68403788,1134.0588067647545
95817054,348.04242778679827
57182933,1108.6799613238154
83941537,148.51296224540874
86909159,746.2660737316583
45478492,367.23773914627463
84142111,574.1012807939674
45223652,599.4345101350914
15651868,708.2900517228268
48952352,272.27284816839483
53380245,409.9213567953457
56211427,323.4471676662861
66961588,694.9052340227222
38567012,433.7310036895383
74938615,-49.49089294315763
81147200,581.5762610115007
74772897,300.9745830079796
80316029,373.7426138323358
76791795,359.1160219077601
95549661,433.5465113843852
91524955,288.1929141349333
93849275,188.244703012032
61885188,-61.58020869540724
17120455,761.7238949823686
71403569,830.0164664773465
57944962,120.92020914263412
72483844,310.6654987932402
45141218,1161.421451462561
47525065,1021.1920784693611
24379765,365.6685405995281
91215387,200.65738727477174
39945150,533.5879826128094
25481926,216.94643785161634
72167432,426.9483765928012
15652519,368.62244538786763
58079379,84.9279863906695
81779274,334.88974639755406
11313638,570.0404221747103
82915596,529.0192631779082
12551058,789.6876606013411
69374139,853.229048262157
27490970,626.703894727375
28663701,255.24582837093885
51901697,219.7138224289106
19964529,507.2846477402136
14203976,255.43032067609192
86724526,347.7190592763077
46513661,132.96390879506816
42464585,330.92214788381943
14360059,413.24221828809914
72181637,455.7889876377235
78956787,565.9339474556377
30264496,517.6223005464558
77227528,576.317216361695
50534372,11.511190639439974
12187853,545.9530228698422
97814800,756.1374260102884
49704538,353.2102402369733
31844965,753.233193133548
89449307,51.10405520072527
72286626,589.6067460503846
90641879,1.3144419444274718
39977212,294.9299251318548
56406335,322.24695372984615
46671061,571.8873731321319
21883230,849.1661617370078
57754484,340.7975559742331
96138639,-36.98494857489504
48581654,317.7714944004674
15477564,282.6561170744526
18367532,279.1487353706543
57040971,105.32351168658624
24677280,329.25968923155096
38279741,37.306664696391636
39630161,393.0788293030423
94354941,102.27837469861606
73739305,531.187554739929
36839896,87.74301497367105
60950133,1126.3993342420686
34560824,246.3861419118125
89848060,638.0096251591976
21727334,622.4149556090415
96402755,301.06581520760983
99203156,410.6593260159575
69252455,1002.5958601251587
86645439,-61.07234787976358
83677892,210.9473960753071
22897635,238.21880857348287
45288708,1023.8205868413179
59969436,158.7573549461281
94774349,-22.634081155103104
16886474,1250.6650530748066
44198009,343.47370835189713
64700341,995.9956974276834
64505698,808.3294950453587
77323444,1153.2997342240465
27706778,2001.4727946212256
59628829,501.88672688506995
55365465,461.69476930851033
69970571,707.8734231068133
94271260,270.98140203232424
52700573,1379.959708152382
45014443,34.26152770842191
71021280,32.3233445513697
51886091,461.97049381329407
91170937,-31.862752224535598
92081846,-27.341676795341755
95719079,275.456861361703
12428005,228.8056451988973
38292857,912.9376578027918
75786036,632.3359797992707
76868352,232.54313530766422
61787836,519.6060998033226
92993294,332.630222635903
23885591,610.8791167722511
40800066,222.94547962792603
56146741,268.76546646459656
49447892,427.77757801304415
52965378,222.6677272172501
93685952,-231.8980506756766
89649731,183.63036747731576
47102704,243.34100492384232
52908918,245.18592797537212
77943419,526.0653583895687
92500699,423.76436339949396
51420779,942.4229779628035
72830394,36.568695475779805
72781023,440.007797876523
16161212,400.23044101008463
73724856,740.4038802547948
76991618,485.08981549258215
95797758,238.44891697845105
82786703,252.06181517763116
77183119,325.0619823128477
56026782,189.99839386393114
16589083,153.1749417858323
47749953,471.4313011935865
27187508,289.62323647634184
51723171,309.5565170564305
56627258,355.0551632885031
75635227,412.4130168678562
57547046,429.3944205654975
36631973,303.05164237036934
17463415,-165.91264694805704
26674861,325.38535082333874
56995341,118.65865747509133
26126144,159.03510735680402
58450363,237.29634704771797
89312269,331.33674859394023
16817991,92.40296660820286
84965319,472.6771312298424
43319013,661.0833307386702
44400321,301.1590753131327
80024230,326.67679695940933
74521218,978.5996930199212
44832141,75.37594681074643
70162625,295.9456467631421
43589357,424.6412088254433
14100726,226.35960122620145
36520084,350.8098123640925
98999098,261.75273096289175
14148442,96.27933292230728
90033275,195.6740671297498
19819492,292.2537727541908
94929441,1007.4382761589509
64769677,384.4036351490686
80605119,185.75304293952058
61896581,-120.96747763144322
25053770,11.743326950300343
74893395,683.4170391916396
53560531,1184.5884171475564
89710260,294.65217272117934
93875018,414.5813084298766
64766158,630.3977966422185
54305179,263.0441770989628
30403292,435.7624469521129
60767564,65.59379882585517
35303188,371.4830900706852
21177257,307.15811708944193
15350431,136.93150730880325
19112314,86.7272933423842
10078818,-72.23920210624783
23150338,379.42031500404664
47635759,445.59021103681926
30605686,440.46801468645936
29709781,427.3629773029229
13735642,201.2108641902305
99020214,-47.96731049622713
28873624,644.6097878566729
70890497,920.5058981258476
99675492,323.0781830559804
62216584,209.5170737338981
84668724,638.8408544853314
88738488,475.3076675076909
35683009,1199.998594392559
72816721,464.27968948654416
19163259,318.6483398264172
51202613,788.4418305650856
56056704,83.86664865956709
49879334,169.6941007676446
16786843,442.2673216381736
47533115,8.420437551654686
22109413,653.6539666209524
85518746,87.141894052505
93362991,-267.336796512182
16124077,-0.853849617592914
76182432,-14.651240121926094
26790843,283.5785786002175
89672220,-204.9500066879914
12756298,916.076054896284
16926806,299.4053844612331
14000956,1063.0424388864053
36806959,-70.94775597017724
87017954,161.75687583428316
43944283,604.6499665909737
44101724,529.3862198823222
67316534,641.5646508687032
88490548,540.370609709546
88665651,474.1986857708812
83830852,289.0697595608831
35512699,377.52774794680954
49228670,265.72032947662683
47172196,394.3702754391129
86195285,439.68442936603196
61100752,57.28758928218758
23609539,518.0825173563921
95881788,509.3160910027882
44925764,431.56271212751744
83971268,-128.95031866462023
17370699,583.3775958691072
76384877,397.3241802274524
93972349,-26.69493977436059
64752973,58.62465151807373
22747583,928.6255874584699
38304968,421.68730403710424
10235307,67.76209038787556
25779125,-102.00227467693503
12843653,851.9811903200098
78094768,412.3674007680411
10635284,164.8496568279602
13687234,44.367044203803744
53936042,81.74397319736181
82732686,314.7719735123128
96543781,-68.31721969232831
82228529,270.51915731649615
12775154,138.08610514542806
55255907,176.33987956493547
32916130,77.40536216742885
18504284,682.6790699710277
65825890,377.29763954184136
33391713,407.79868133313994
93331533,690.1540501885606
89345152,497.36362354998437
46576484,552.3210492564572
33320733,236.32624151624577
10724817,922.4420533770076
41244276,-51.52030829984005
39841607,352.51788711617655
59463885,633.0283329200674
61317492,999.2729707265134
33725830,439.9145377710006
15316450,1110.661732674791
53318939,71.13059588633632
82300735,470.36996346248407
44927585,397.0008117169614
80951510,526.8033276101805
51421456,641.7947592736709
67936055,529.0192631779082
48065777,952.4808504524781
56103730,520.5285613290876
40566531,355.37853179899366
61129612,348.50264459673417
72015593,534.5560602383894
73826407,68.0854588983666
88021730,-244.31073493841677
85653819,149.1140831665748
45194339,105.13901938143363
91086895,182.43015354087538
51919540,154.42077182208777
23157322,785.4879257767461
51628095,247.86208035303662
96537190,86.08055632140258
53402735,527.1723122204867
36360155,212.56221072186827
37694507,15.849801669372937
83593533,302.5437815547257
24284452,272.27284816839483
21000889,582.8677071475718
18518898,6.067653684481684
11533995,49.48924055416364
91728492,708.2880238169346
32889326,561.6885965312272
16392740,678.2948428412797
93954664,661.2222069440081
40527969,656.792363714445
13359501,321.8323530197249
54613106,559.4270448636848
89494294,31.492115225235466
43243456,-169.6957531566386
49320975,1134.2453269757993
66824387,259.53679539516406
13395531,1138.7664024049932
84702746,200.7962634801097
46376987,267.9818811441696
16949551,564.3191328090761
76113598,695.0441102280602
88051686,423.94885570464703
21575972,807.7283741241927
25797068,1199.6296097822528
46519671,418.08869013367485
62958708,26.50879508021353
41163598,954.4666776152371
90108134,326.63118085959377
40305514,178.64704733229382
28323820,516.0987180995244
36148206,262.53631628331914
41903222,415.68826226079454
34111269,114.32207435105056
22460898,789.6876606013411
87095926,427.4562374084453
99063606,802.5149455742026
41090287,565.5649628453316
76553835,453.2040674596901
40520930,857.8869719907966
72499276,11.3743423399942
40722377,27.524516711500382
23596828,-63.88737646276513
94118199,604.3722141802982
54177823,300.2366137873678
32744353,1064.8437737440117
83540534,513.2836895165233
60135160,608.1553203888802
32215997,525.2817730691418
60591783,472.4470228248738
75534413,219.99157483958652
74381587,374.11362634853367
83928867,401.6151472516781
31779925,18.480337947221415
71389415,318.6939559262323
36657020,128.16508095519885
52833217,373.5601494330749
43206206,355.14842339402503
21701449,359.85399112837194
38073031,355.88639261463686
34369333,199.41155723851625
92620587,62.0864171220569
11512547,1353.2438004755563
81501365,331.24551639431
91014044,572.5797262529286
90225400,328.3848717114929
77353219,598.2819402043583
55291546,566.2116998663132
22923482,602.5252632228767
14288303,474.84542279186235
55909136,966.6948695728247
41957261,228.43666058859162
17675131,151.92911174957635
13490253,-37.169440880048114
79023756,698.3690275325976
98393510,550.6606185100809
36169986,105.8313725022299
98879925,458.09615540508184
64713126,405.07488494976906
54807445,431.0092352120587
76751871,415.73590626650184
98441518,364.4683266630882
54149693,493.0270404259436
42794612,-58.44181160191465
76036112,556.614044186575
14657728,600.0356310562574
73292737,1508.0105610995938
37897222,1018.6071582913278
24707301,768.3696737796595
54570938,668.5583109562035
47969890,331.384392599648
86391847,750.463780650362
43251995,255.614812981245
61789630,230.92832066110213
12601759,273.84204671514135
86045386,64.02460027910911
67870680,374.6671032639929
92603070,128.16508095519885
45118743,461.6491532086952
40352166,849.3526819480526
96817260,686.2320677746411
70031890,536.031998679613
18280163,1306.4060641017068
84418154,574.424649304458
50657043,746.6786465358878
24196657,334.93739040326136
30339428,-297.65334599832795
97021401,280.39456540690935
35926246,414.7201846352141
78296017,-289.67050496515094
91378970,142.70044068014386
80348783,507.1934155405834
90424864,357.50120726119894
65449342,382.60432819735433
50552285,321.0011236935902
96371635,422.14954875293233
72833770,392.57096848739866
94834332,629.151966605963
34291304,702.0588736356572
61020465,110.35244793142374
58556746,372.5444278017876
39138083,317.7714944004674
25334186,215.93071622032903
34764813,-70.30101894919608
37404139,387.26427983188523
44171473,459.3876015411529
32137098,-92.63472740216503
72644851,577.9776471080718
57301182,90.28029114599758
68777856,405.07488494976906
46687209,230.55730814490425
69167315,493.9951180515236
82057134,792.2249367736672
28611499,-47.737202091258496
73817431,310.15763797759655
66885663,1084.91795843533
81244724,1120.72366097625
17815149,292.43826505934385
76792976,324.3240130922359
32232188,744.3278905746065
32884692,347.2111984606636
51904668,517.8503810455318
54177086,1011.5923948837308
79785130,346.37996913452935
24791309,-122.72116848334281
79748184,-195.5824594132214
71076766,508.1158770663478
91713473,383.4811736233037
21889636,76.06829993154315
88684450,438.16084691910146
13868166,891.7109031807404
72609306,-320.6794075720936
40230821,576.8706932771538
65326864,40.99853870534298
47873334,-397.74043332656765
38502225,238.21880857348287
78086792,376.9742710313508
19000370,989.7189032406982
18794356,507.4235239455511
15695931,321.32449220408125
69820899,422.3340410580854
42730808,179.8928773685493
55693372,315.46432663310907
39793167,453.5274359701807
42174587,849.5371742532056
17562701,-146.854183888026
75887228,1085.0071627290686
86381737,333.22931565117733
50478816,164.34179601231654
59640073,885.8030936040618
76678970,565.0571020296879
23159711,-288.4246749288959
74146213,53.73459147857375
73679527,1327.6784348235728
83678670,386.5263106112734
82153168,699.337105158178
81585077,90.0025387353221
51172809,405.3526373604441
93348209,223.12997193307865
40526730,289.6688525761574
35477741,434.0999882998444
26904107,201.62546490035174
98083773,329.12284093210474
62394914,543.0011459873949
38403298,591.8206537122205
19395977,-20.695897998050896
28561023,994.8431274969503
45885910,496.25666971906685
95086890,266.41268259742355
19776574,35.830726255167974
60586201,224.97489498460845
89147481,978.046216104462
47209892,328.6149801164611
47476854,413.84333920926474
60953282,191.42871620533924
72001460,233.8345814437348
22546493,42.42886104675199
48912589,392.3864761822456
37241017,254.41459904480462
40152795,400.5081934207601
45771924,370.97522925504154
70307319,336.2288365393324
42825484,239.55587080936903
32535623,309.1419163463097
54789245,326.2621962492881
72682970,500.2719122385088
51218700,654.7609204518703
16039328,309.6041610621378
44678506,660.8988384335175
59530373,151.74461944442328
81467001,91.66499738759103
50258434,679.5406728775351
27681355,333.6439163612986
69431073,569.0723445491299
93968709,604.0032295699921
56478207,113.44522892510122
19466001,633.5361937357111
45204787,137.76273663493748
44120969,446.46705646276905
11347094,-134.6259919304389
33817003,399.1691032789822
84812841,237.84982396317673
82947487,65.77829113100825
22317982,118.10518055963257
95086863,78.60557610386968
73084974,610.6469804613912
96665202,487.4425993597556
52954565,531.8342917609102
22781049,113.62972123025384
39742164,-28.95649144190338
20712973,415.0435531457051
76124953,69.14679662946901
53726970,46.858704276315166
30895251,463.1250916499189
87940348,622.0003548989207
95321478,481.6756938943063
41613207,102.5084831035847
64780104,784.3809719458286
72574405,1066.4565604846816
87909513,57.932298397277464
80918662,367.5611076567652
50842195,270.1045566063749
37167999,500.82538915396754
56430683,528.6958946674176
62519911,616.5547900380698
29251792,491.41019787349023
85925973,-169.18789234099495
34644536,552.0889129455973
39276706,1545.6135426863361
81892516,-49.53650904297274
30222761,493.44164113606485
10422044,477.70606747467946
28074362,556.3362917758991
64967123,-20.511405692897824
38282963,445.9135795473103
76769818,425.8870388616988
81835353,380.29513252410425
34737343,1129.630991441083
51032996,-12.528564659721269
32565254,418.9655355596251
51764743,487.11923084926457
92831396,559.4726609635
84077215,246.15603350684432
77480283,517.852408951424
52724196,360.73083655432174
78039908,487.02799864963436
46605850,876.7609427456741
61041851,111.04480105222046
10551671,544.0604558126051
84956232,322.70919844567425
93609795,322.9393068506429
63261476,409.50472817933223
78773692,316.20229585372135
41527728,876.2530819300305
86838609,41.32190721583402
46835475,164.15730370716346
23285553,336.78231345479116
83082562,81.5594808922092
33889237,1211.6733094346873
46836989,232.17415069735807
42683388,886.8664592410564
15212938,238.54217708397346
63857629,47.18207278680575
71736760,520.4829452292729
41166882,355.14842339402503
88287708,286.7625917935252
68218612,745.758212916015
34505104,535.202797259371
50756606,624.4920149714317
40004505,116.81373442356198
89798576,233.23548842846049
43860123,347.5801830709697
93655218,574.748017814949
71051446,490.3965041480951
93380848,565.241594334841
27980449,137.20925971947827
57084880,616.1401893279485
46438239,222.11425030179134
30942515,239.14127009924778
19590564,530.7273379299922
83623165,-143.80904690005582
76716085,662.8349936846776
60666996,57.51769768715576
78361983,213.57793235315557
72701952,522.7901129966308
74922910,147.95948532994998
63759907,102.32399079843162
68856134,220.6839279603828
79795778,167.8491777161148
97178936,352.7023794213296
56185778,158.11264583103912
48290079,726.8842421611371
29392023,598.3275563041734
54780943,572.3475899420687
97751068,281.7792716485028
69746506,465.7556279277678
55371174,311.21897570869896
67781652,499.67079131734226
78245291,267.70412873349414
64158812,667.0367564151647
60974365,251.13935365186626
12800790,250.07801592076385
96154030,686.7855446900999
98482327,284.27093172101377
17464700,478.67617300615166
56270967,644.3796794517048
46584495,167.20244069513365
72785702,447.2982857889033
41281460,388.78583437292446
80424496,779.9967448160805
18835766,282.4239807635922
87502261,-272.09000825223575
96135205,-9.713536076719265
26258289,-16.589423278978757
75302604,330.7376555786668
98645752,187.3678575860822
58643859,841.9689339301499
90141148,696.1530919648703
52181895,92.3573505083873
16710404,132.4104318796094
26056734,562.1964573468713
39602380,763.1998334235927
66983144,777.5050847435691
52507579,851.9335463143025
97432890,285.0089009416256
85547503,215.97633232014414
63906202,535.3872895645236
84599750,-142.23984835330975
84325254,439.40667695535694
39975048,1049.6616769980856
81574706,524.2204353380389
30468791,425.14906964108695
97533812,207.90225908733692
18711694,61.34844790144507
51787778,709.488237753375
61409887,-15.528085547875435
22014620,414.67456853539943
38836545,134.57872344162934
87391833,599.1111416246008
69117778,562.6566741568076
68122788,480.4298638580508
51241051,337.70477498055607
87186215,367.1921230464595
84468326,863.1004005407872
86410473,842.982627655545
56236242,171.7711601300348
59626902,614.7554830863555
66112801,213.66916455278624
84626603,364.51394276290375
68630773,387.4487721370383
33563434,940.0701940956301
52975992,638.1505292704269
26817104,601.0969687873599
19501484,388.41684976261877
62595745,617.8006200743253
41563117,370.28287613424436
52796320,304.89656542189914
21489695,438.29972312443897
56658010,258.42984156424654
91048109,513.3769496220452
68814610,459.43321764096754
47089966,755.0325000852627
79261064,90.41916735133555
43267298,290.7301903072598
35491922,21.664351140529106
91103900,568.3799914283336
81885878,487.0736147494499
10004659,49.120255943857956
49810234,290.22232949161616
65062190,227.7443074677949
57566037,684.2938846175889
55754004,542.1699166612602
99179360,196.22754404520856
67491962,222.71334331706566
55660033,273.2885697996826
96584547,128.85743407599557
36088377,-121.15196993659629
97242422,-181.55496050391957
12109366,269.4122034855782
57248099,614.5233467754952
46843789,559.8436734796978
15574311,306.05116325852396
39119987,521.8200074651586
95964371,207.71776678218384
93965777,505.80870929898947
32720737,208.08675139249
38011636,452.835082849384
28738450,97.84853146905289
82845868,513.1448133111849
92357814,771.3671667619219
94273774,571.3338962166731
86770972,869.4684269274021
95965665,496.8101466345256
80658412,619.6931871315624
11188732,73.99124056915343
78466957,-239.88089170885314
77853776,245.23154407518768
81589793,467.5072908737752
49765777,286.6237155881877
88579415,468.75514881592244
65011154,137.39375202463134
32352609,341.02766437920127
25644810,369.4992908138179
36867135,156.68232348963056
88848522,590.668083781487
54293859,212.74670302702134
33019527,405.3070212606294
46924492,324.87749000769463
19488750,268.35086575447576
94594464,-18.573222535845616
73247876,-132.50331646823406
71373451,485.6432924080409
27655514,524.2204353380389
94112335,216.06959242566654
79135715,338.35151200153723
69231521,96.97168604310355
11994136,330.2754108628378
27288623,552.0453247516739
88123955,365.9919091100187
10000265,588.037547503639
79772833,30.016176784011805
93882232,705.8419798442387
32109681,118.28967286478564
65404136,169.9718531783201
33831079,550.706234609896
71847266,452.88069894919954
81003839,356.99334644555483
19285579,-136.88754359798168
51911514,512.4980762902037
55539434,977.4927391890033
44536751,348.1336599864285
70028057,-16.958407889284445
86860126,598.650924814664
64254454,365.8530329046812
98284782,505.07074007837764
34610652,398.06214944806425
75568847,367.8368321615485
65674652,-94.89627906970736
55019276,590.4359474706275
55592552,587.2995782830267
94267636,184.18384439277497
69222634,10.313004608891788
85591369,486.65901403932867
43835656,137.20925971947827
87803052,530.864186229438
26232040,239.78800712022894
91061668,517.4378082413027
30001734,275.2723690565499
64074995,589.0056251292185
98892450,307.85047021023865
30473837,468.38616420561675
95158643,6.944499110431025
42377220,174.44731250769837
64814717,269.4122034855782
30148862,595.8358962316624
62010302,208.2712436976426
99477712,293.77532729523
70875105,759.0477426047046
20465640,839.4316577578238
27850961,642.9453012985123
44835254,1374.7462796023915
37634561,418.3187985386435
46702648,390.77166153568396
86839823,665.4219417686027
67985741,587.8054111927786
27791703,-127.3355040180586
27289673,866.7922745497385
47043760,145.74557766811404
54808934,185.88989123896636
98155995,429.94789748095627
69341643,776.8563198166962
19401682,205.27172280948798
97496254,458.78850852587857
26009392,440.1446461759688
76357312,444.34438100056377
60644292,282.6561170744526
92095667,473.36745644474695
16021125,227.78992356761
52662306,272.0883558632422
22527415,507.1934155405834
11178457,578.7632603343909
19452873,493.9495019517085
89463603,474.79777878615505
55778959,-194.3366293769659
45079947,346.1042446297456
71913651,230.60495215061155
26030335,273.2885697996826
18887144,323.49278376610164
67192573,681.018639224651
93955593,484.07409386129484
51025425,434.92918972008647
59882564,494.9175795772885
39586553,586.9762097725356
10235871,113.99870584055998
44636319,542.445641166044
37290007,458.8797407255088
14108687,243.70998953414846
34932666,121.70379446306106
80941617,636.3035783130053
54682782,509.40732320241887
89652985,685.2143182374616
13137515,202.9645550421301
69623259,152.43697256522046
58672181,221.88414189682317
19145583,184.1382282929594
15756823,-342.4596391096038
48404289,366.6842622308159
81082424,721.393061200471
73224913,434.2844806049966
75845341,46.53533576582413
98474913,184.4139527977427
41962691,353.71810105261693
48961741,140.6233813177546
87593653,64.57807719456787
84917993,188.93705613282873
24081947,444.85224181620697
54462462,497.7326081602905
51963469,495.2409480877791
94467679,239.46463860973836
31642363,445.2212264265131
66097711,117.18271903386767
12884742,-16.958407889284445
94999391,161.66564363465295
44605879,499.7640514228651
35787017,541.4319474406484
45450960,440.6525069916124
95291199,116.85935052337663
96016558,684.1550084122514
84566828,91.52612118225306
47412693,234.2968261595629
49029700,267.5196364283411
60010012,526.9857920094414
75883768,337.6135427809254
26202342,450.61914728165675
42317663,417.25746080754107
81534336,537.3254727215758
89007837,363.3613728321707
55830410,530.2650932141642
42889086,298.85190754577434
81610198,505.62421699383685
17452253,217.13093015676895
71203731,240.2026078303502
80449971,655.8678742827879
69429731,328.75385632179905
54605956,309.1419163463097
34299688,340.51980356355807
87819668,886.172078214368
35995429,57.28758928218758
79395935,-24.895632822645894
77309412,323.262675361133
43863935,768.3676458737677
25184246,507.74689245604213
36615071,399.44685568965724
38474717,360.6852204545062
93825316,693.9391843030344
33683398,174.40169640788372
69346242,444.1598886954107
59095929,357.1778387507079
87118088,642.8104809049587
45924958,678.8027036569233
78591323,211.50087299076586
37759814,897.3409603467444
79378632,-91.38889736590909
74799649,227.51217115693453
53222755,372.35993549663453
36749663,177.30795719051548
48476133,426.07153116685186
49028666,753.233193133548
74177764,200.14952645912808
14771208,252.01619907781605
53613430,549.9226492894686
58749152,188.06021070687893
32751897,38.322386327679396
26470651,-111.36982195170503
35002941,347.5345669711546
18541890,403.22996189823925
57596711,599.9879870505501
24072464,76.25279223669577
31435093,1060.2294382092955
30602585,318.094862910958
75360000,348.54826069654973
46273615,293.1306181801401
95181699,293.68409509559933
91310621,639.9954523219567
82017783,-167.57307769443378
70908643,1077.7643188223951
15861638,137.02476741432565
50835625,-3.8533705057479892
28964861,573.3176954735404
29864397,710.8709160890762
12057084,394.32465933929734
28334945,249.5701551051202
60084019,285.792486262053
63996133,-0.853849617592914
24215888,389.248079088753
73974645,460.1255707617647
75072747,376.0041654998786
45633768,417.71970552336916
35646913,643.687326330908
53661067,195.16620631410615
78907585,345.50312370858
76922109,798.5909352543908
62248680,219.7614664346179
73320273,797.1606129129823
22179940,61.90192481690383
26991418,346.887829950173
21855522,165.03414913311326
55265808,593.8977130746102
58224140,122.44176368367289
19913819,276.1015704767924
90275479,239.64913091489097
97988475,142.51594837499124
83636674,463.8630608705307
19875524,1548.8451998853511
90421480,-70.94775597017724
81793670,226.17510892104838
85521270,821.894749238832
97359529,621.3972060718625
91814930,594.3123137847315
39016297,245.27918808089498
94156929,295.48340204731403
45023538,173.70934328708654
58269517,424.50030471421405
35694304,801.9614686587433
64951262,306.28127166349213
95920942,28.401362137450633
41847450,686.6010523849473
15255858,-169.97350556731408
95924527,185.70539893381329
12518283,334.29065338227974
99811369,45.936242750550264
59569343,609.0777819146451
47206769,-204.44214587234774
51079651,246.3405258119974
23194465,470.46119566211473
83356805,315.32545042777156
26586384,322.4770621348139
55548495,-222.6693796062441
86324071,764.5348677535862
75101749,221.09852867050404
16463144,-227.65269975126603
19396787,52.349885236980754
33279246,600.6347240715313
49233593,201.53423270072153
48210075,216.39296093615712
55054820,436.13143156241904
96257897,602.8962757390746
51430742,633.9507944458323
83437485,145.0076084475022
50578351,249.7546474102728
97275251,284.0864394158607
16222585,344.16606147269385
39525336,338.67488051202827
78481250,271.1658943374773
90967247,315.27983432795645
84855982,258.42984156424654
57782649,632.8874288088377
77997002,857.7501236913504
36215630,276.702691397958
95580912,311.5879603190051
59034107,298.43730683565354
74775777,256.16828989670375
39971311,753.4633015385161
89020638,321.87796911954
51169286,380.01940801932096
99644215,-6.807275294087503
90744203,-201.95048579983631
96320211,762.4598362970887
36465697,734.1747300735174
86214609,372.17544319148146
81033519,856.8712503595093
61860616,952.6653427576312
11758072,889.1280109085988
72796099,789.5011403902963
12154166,430.8703590067212
48588483,217.86889937738124
75800458,466.5868572539025
27360889,-84.46739406383494
84455620,749.2655946198133
94594944,654.0685673310736
73063439,854.5640825921514
81513909,385.37171277464904
76078349,-58.719564012590126
18738053,192.85903854674825
29574045,804.3122246200251
80540560,34.07703540326929
25751173,51.47303981103096
26008933,1114.6313590944178
99638568,353.8093332522476
16106243,451.450376607791
46712863,172.64800555598413
62434322,592.8343474376156
41483187,462.8017231394283
56776930,269.73557199606876
79612305,-45.983511239359814
64780825,167.52580920562423
45536007,35.18398923418681
46661025,890.834057754791
77061678,230.42045984545894
60393588,425.01019343574944
63346660,707.964655306444
27845955,434.37774071051945
55504400,475.81552832333455
29005367,164.71078062262268
22069246,145.3309769579928
84008491,416.84286009741936
17133631,458.32626381004957
84832150,268.76546646459656
45723864,591.6361614070674
43493787,714.3803256987667
66097518,556.5207840810522
70168465,487.5794476592014
94063743,27.524516711500382
14576418,1026.8180798235803
67277120,408.3065421487836
94345958,-127.70448862836474
30685847,145.37659305780835
85948230,245.27918808089498
89817663,88.34210798894537
32957921,697.2600457957878
46701128,351.7322738898574
70035645,383.66566592845675
60395047,1053.171086607776
88839252,557.3976295070024
84131490,223.68344884853786
75586325,423.5342549945258
80103534,302.2204130442351
43032685,294.00746360609037
15972126,264.61337564570886
41404247,403.18434579842415
38893753,317.21801748500866
73633779,929.3655845849739
35904393,631.4114903676141
24714022,518.3602697670676
19048345,981.8769663187513
47004008,61.57855630641325
94742593,669.7129087928283
75269823,574.3790332046433
25552669,-5.4225690524936
51828771,373.42127322773695
70179002,896.5097310206097
38115411,-95.81874059547226
40317565,338.35151200153723
21110207,628.3683812855356
84762082,437.19276929352145
48690899,667.4969732251006
76594160,264.6589917455244
54192522,406.36835899173184
72813893,105.69249629689239
21004583,147.1302839097075
64817154,226.54409353135452
42706195,125.67342088268833
48103074,818.6174759400014
21878260,711.2419286052741
36272220,-102.74024389754686
13817497,528.1424177519589
41737305,686.7855446900999
45517239,375.17496407963654
89500514,603.6342449596864
35952974,318.14047901077356
79180368,632.8438406149144
49972479,489.10303010613234
16468436,36.84441998056354
66415757,122.02716297355164
60737619,449.60545355626164
61065232,6.990115210246131
40172654,47.78116580208007
89609665,8.190329146686508
23952725,-321.1872683877373
72896307,64.57807719456787
43835334,129.22641868630126
15170417,185.42967442903
67479665,378.6347017777275
33361674,-155.2992696370311
44130617,303.2361346755224
51579953,257.9219807486029
75908580,455.7889876377235
55554604,507.74486455014994
78855633,40.53629398951489
16657542,490.25762794275715
54732615,619.5543109262248
61746292,505.7610652932822
57869356,404.7059003394629
29926611,524.728296153683
75275045,424.1333480098001
47886535,275.22675295673434
44918482,298.2984306303151
78968246,542.3087928665977
54136456,429.85463737543387
90807736,600.9560646761306
60276696,269.7811880958843
82048962,380.47962482925686
92669446,166.60334767985933
48680297,143.8530106108774
20902349,298.85190754577434
56991657,421.7805641426262
47839152,214.3159015737674
78844128,528.2812939572964
13384224,456.3424645531827
46213331,26.971039796041623
34116626,253.12315290873357
13884884,-295.161685925817
86060261,310.94122329802394
33698474,229.03575360386594
65729973,235.91164080612452
10671871,677.3723813155148
35704807,-54.65870539333264
55231783,-81.6523654808334
62208192,718.2090480071633
67563103,256.44604230737923
72548470,416.4738754871137
35725437,662.8370215905693
91119982,555.9216910657783
58303560,529.0192631779082
48430844,218.00777558271875
17825416,504.93186387304013
97821966,-19.26557565664234
76538437,542.0310404559227
46855429,247.95534045855857
70135617,314.40298890200665
68330883,452.7894667495689
82205109,814.3741529214835
47743752,458.36985200397294
55059767,446.282564157616
88243398,534.0481994227457
44699350,363.13126442720204
35330178,700.3984428892804
25203468,24.893980433651905
40479165,304.98779762152935
10947997,42.93672186239564
76351104,534.5104441385743
11445786,525.7876059788937
49470754,213.7624246583082
25466549,176.52437187008854
68081302,227.7443074677949
66965573,9.436159182941992
91230160,276.65707529814335
44322697,373.92913404338105
17542284,532.1100162656935
43035885,-49.39763283763523
73926094,354.36281016770636
64948505,688.122606925986
78950808,339.04386512233395
38422125,477.8449436800174
70854487,480.61435616320387
96303461,706.0741161550991
46698218,-145.42386154661745
42918073,83.31317174410788
60976113,229.54361441950914
80414616,25.72520975978614
11919826,409.27461977436406
78548658,670.5897542187781
21857739,-15.343593242722818
29877271,604.6955826907888
12698388,459.3876015411529
11871707,519.8362082082913
80819542,228.8056451988973
95941128,358.3780526871483
15401105,93.2798120341522
32754426,494.50297886716726
69235267,134.25535493113875
71590075,579.776954059786
93562904,651.8070156635308
48418506,237.34196314753308
91190923,571.0561438059976
33120061,658.4984105606368
79992717,389.71032380458155
57263719,298.9907837511123
97902872,1190.631047117789
11659952,87.74301497367105
19463140,49.48924055416364
32523829,1043.892743626744
91862885,747.8352722784048
72799092,480.4754799578659
53477503,233.97345764907232
66993460,126.04240549299402
13665562,428.7020674447008
80709687,489.33516641699225
40330962,352.56350321599166
42684844,359.5782666235882
27675885,-151.28402711758918
38250322,325.61545922830646
63478776,-82.34471860162967
62285686,175.83201874929182
97553472,777.4138525439389
64732641,388.0955091580199
10341748,1001.7169867933176
34930451,375.45068858441937
53726168,404.29129962934167
69426758,246.52299021125827
90029637,271.1658943374773
94611401,599.4345101350914
31394855,-172.18741322915002
36645175,-40.26222187372514
56281801,677.1422729105466
12148162,75.05257830025585
18771087,42.75222955724257
15509457,595.7902801318473
58811830,141.45461064388883
73003066,78.74445230920719
34190353,310.5266225879027
70731913,552.41430936198
55320872,577.9320310082567
41886703,358.5169288924858
16884593,165.3575176436043
90415325,1395.6020217082446
28408198,42.151108636076515
65914001,400.32370111560704
75122895,310.802347092686
80177938,644.7010200563036
37984269,272.4573404735479
81491790,280.8091661170306
37294085,211.13188838046017
23335477,109.19987800069066
74996570,19.033814862680174
11602841,525.1885129636194
70152712,1319.9733462010718
37504288,376.18662989913946
76619689,6.621130599940443
95075447,484.16735396681725
62779399,983.8131215699109
66278648,381.26523805557645
18002070,114.41330655068123
94135062,642.2093599837922
74396322,534.4648280387592
97169764,1114.9091115050933
84630384,413.3354783936211
46052909,626.5214303281141
60213474,399.26236338450417
33797784,82.29745011282102
59759309,620.1077878416836
47001738,282.7017331742677
76899861,166.51008757433692
54444766,1024.6518161674521
26850612,612.5395475186278
22468145,359.94725123389435
39243645,238.91116169427914
35759583,38.875863243138156
92468992,224.4214180691497
68717112,631.5980105786589
47344834,379.42031500404664
52115284,455.0966345169272
21042322,-55.35105851412982
79258805,822.8648547703037
51304748,475.3076675076909
23253686,101.77051388297286
43275074,397.0008117169614
81602713,496.39351801851217
60924053,853.3658965616028
50363853,336.5501771439308
28412591,259.6756716005025
65145713,399.2147193787973
47077663,841.5523053141369
58136966,44.8749050194474
67034290,79.25231312485084
72057747,530.2194771143486
78034116,-86.95905413634591
99365155,683.1413146868558
56151729,574.3334171048277
68997667,151.56012713927066
46532370,203.14904734728316
43276809,400.18482491026907
70460118,369.9138915239387
66150334,389.8015560042122
92614050,338.67488051202827
69313526,467.1859502691764
70949373,707.4111783909852
98595102,207.39439827169326
57731071,26.13981046990739
58855043,42.93672186239564
45456441,125.21117616685933
39733268,228.6211528937447
71064725,-92.40461899719685
29668017,429.7634051758032
94555207,540.9240866250047
60811404,842.8457793560997
53154973,-9.713536076719265
79534885,207.3487821718777
82049293,475.353283607506
19578533,-199.27433342217273
66374977,583.3299518633999
16850211,239.9248554196747
98217866,528.8327429668634
33773989,975.9255685481489
14998381,453.34294366502763
92421507,93.60318054464278
66591282,93.64879664445834
27243576,-13.774394695976753
58962954,303.2817507753375
62891715,209.1480891235924
40256776,180.63084658916114
92014626,1198.1060273353219
68868046,388.9723545839697
47811896,547.2921130116201
86438296,369.17592230332684
10421272,283.07071778457384
56519274,140.02428830248027
84854339,154.78975643239346
95049673,825.0787624321392
65578696,132.4560479794245
85747970,35.691850049830464
69874974,995.5810967175621
34594425,91.29601277728489
14874183,563.5811635884643
91643227,271.6717272472292
94998930,744.740463378836
25184219,948.3287596335904
78637662,892.3556122958303
40102355,592.1440222227111
33004293,359.5782666235882
85498300,630.6279050471867
37721019,283.0251016847583
78482421,496.0721774139138
81912650,167.7103015107773
86410146,144.31525532670594
69095320,278.64087455501067
56569332,231.48179757656135
97340317,128.02620474986134
37533494,576.8230492714465
55430447,446.6039047622148
45610406,640.7790376423841
64085140,675.0195974483413
81416250,1286.7505359322936
70034683,328.2459955061554
40315264,160.23532129324394
73160601,587.2995782830267
54677638,294.6065566213638
90571590,532.2032763712159
84772888,-38.4152709163036
90285847,431.0092352120587
80203339,704.871874312767
73536003,203.65690816292636
56021479,337.24455817061926
10526589,755.6792371062438
23648848,297.1914767993976
27805990,398.4311340583704
46740683,-15.482469448060783
66243364,280.7635500172155
88626421,179.56950885805873
81009655,1081.26764471441
47576712,167.66265750507
73803450,618.492973195122
47427075,256.6305346125323
72540520,161.80249193409827
55407503,-56.45801234504734
49275948,774.3210715502614
74312584,458.13974359900476
84174297,551.8608324465213
96261162,485.3199238975503
22879870,441.8527209280528
13933179,404.7991604449853
20116066,267.61289653386393
38689361,498.8872059969158
63156536,679.9552735876564
95340838,510.4230448337057
75352375,700.2595666839429
48265534,380.85063734545474
74912030,207.39439827169326
70071430,620.3378962466518
87025516,160.6499220033652
52784904,840.9511843929708
96281041,108.36864867455597
60302206,820.2799345922704
88862209,210.62402756481606
66359731,723.8391051731674
56582999,161.98901214514353
78391067,492.7492880152686
84566381,574.5179094099808
15548328,287.17719250364644
49432086,136.33241429352893
49054075,120.36673222717491
71689174,169.37073225715403
64196832,211.68536529591893
85965917,441.9915971333903
30935690,1249.7882076488572
55460540,263.875406425097
89457485,112.24501498866039
10188743,380.6661450403021
58823191,511.8989832749294
20643935,352.3790109108386
40325735,461.23252459268224
91136520,178.8315396374469
32259671,123.36625311532998
26400774,1022.4835246054317
28057887,811.3746320333289
82844555,245.73940489083088
51111773,709.3513894539292
42987529,510.7464133441963
62978911,271.534878947783
11881525,407.29082051749674
86857890,365.62292449971346
79797628,13.866002412505168
80357222,379.42031500404664
35431033,208.45573600279567
99201502,524.6806521479757
90452446,418.9655355596251
18670977,591.4060530020993
66979442,67.20861347241635
93738605,212.70108692720578
29213200,444.0210124900732
31107212,-82.85257941727377
91594833,85.29697100097519
82943336,-185.29245061268648
68443662,450.2978066770579
93641230,486.3356455288381
50244475,634.0896706511699
87626955,803.4374070999675
51387553,864.9949955039156
71504785,488.73404549582665
58768482,386.2029421007828
47301702,25.21734894414294
46285200,192.53567003625722
27113638,339.78183434294624
63361835,142.88493298529693
42709073,118.79753368042884
87920715,851.5189456041812
59996173,106.38484941768911
97865712,-48.6596636170234
76462362,944.8234058356843
38643308,140.39327291278641
62694540,-7.221876004208298
62141335,233.3267206280907
34503041,578.6223562231617
11311229,775.6601616920398
51623206,351.7799178955647
28560163,349.1493816177158
94388349,673.8649996117165
86256710,230.32719973993653
61215694,93.60318054464278
80946911,110.26121573179307
35537651,567.8265145128748
66755381,535.4785217641538
73455092,393.3545538078256
34041393,267.797388839017
30484078,1105.126963520202
62329986,423.25650258384985
62897188,750.3269323509157
51881772,595.4669116213563
94211751,280.99365842218367
61613645,112.24501498866039
71479652,614.293238370527
85310501,428.88655974985386
23110318,187.50673379142017
82884759,433.13191067426396
51095836,-5.099200542003018
52772048,414.3968161247235
17245854,228.6211528937447
96708865,496.4411620242199
67276218,505.4397246886838
89528454,135.40995276776403
73044839,574.5635255097964
92820854,-0.853849617592914
81415527,392.75546079255173
54704500,238.72666938912653
62696690,680.3698742977772
43848311,441.6226125230846
30447397,165.72650225390998
96343937,-26.002586653563867
19151468,683.371423091824
75047192,297.97506211982454
29891460,70.25375046038653
47625277,256.49165840719434
57930980,426.39489967734244
48354539,191.15096379466422
27628114,858.1170803957643
32690361,39.42934015859737
93744019,-21.57274342400069
99861438,106.01586480738297
30181088,549.2302961686723
31181640,315.8333112434152
44766788,309.9731456724435
65594080,508.80823018714455
22508377,-28.264138321106202
97181173,298.80629144595923
17420303,353.39473254212635
67800143,364.9305713789163
33454469,274.2110313254475
30418520,610.7858566667287
89752463,141.50022674370393
55142148,248.3243250688647
20848293,-21.019266508541932
12617495,699.5651856572545
20378275,510.19293642873754
37172337,602.3427988236153
21839038,1120.908153281403
66993155,123.55074542048305
41249770,257.50738003848164
80181790,935.3646263612836
36248478,310.8956071982084
99097401,343.6582006570502
16998435,201.34974039556892
28345246,805.4212063568348
97230601,392.3864761822456
67442292,64.90144570505845
54477624,965.4013955308619
22866548,107.12281863830094
86504569,380.85063734545474
81257074,609.7245189356263
53101206,675.0631856422647
77626907,140.9011337284296
15402267,51.88764052115221
66190974,264.93674415619944
85276459,380.1582842246585
61882567,192.4900539364421
67503548,360.73083655432174
80801220,399.90707249959405
45827465,77.17525376246067
13145303,508.5304777764686
92842662,316.38678815887397
73150077,581.5306449116856
10904048,322.70919844567425
89655386,1048.0468623515235
91827598,338.39712810135234
36736446,218.5612524981775
73791907,206.56316894555857
93237533,566.949669086925
29020722,538.8470272626146
31344857,228.7123850933749
67961594,122.30491538422757
82896045,846.1666408488531
79782925,-42.24602113059291
65627534,447.99063890969956
51055429,696.1054479591626
24073352,297.0982166938752
63468697,426.2560234720049
69815836,13.866002412505168
94658489,669.0185277661399
89803063,1686.953925322237
41826065,146.76129929940134
95957321,896.8787156309154
72164672,-9.160059161260506
88171071,403.8290549135136
47273090,170.15634548347316
19574799,-31.44815151441435
74042503,610.2323797512695
73199665,110.12233952645556
32553552,146.2534384837577
99007181,1382.544628330416
86459252,227.05195434699817
33160158,1074.163677013075
89403244,439.9601538708157
83607429,962.6796270533828
54979491,11.743326950300343
34711897,325.52219912278406
76049090,339.78183434294624
38209438,367.97570836688647
43607471,238.35768477882038
37603490,460.5401714718855
28133465,812.3903536646162
66543688,-99.00275378877996
13310180,917.1373926273868
70639698,109.61447871081191
31227382,193.7358839726976
27953042,63.37786325812749
62042217,108.13854026958825
91860613,295.43778594749847
55497701,365.34517208903753
20529003,580.4236910807676
95270433,400.36931721542214
99713042,234.8503030750221
78850782,456.15797224802964
57339822,454.5411296955763
89910926,411.67504764724436
22738331,777.9673294593972
29399410,261.9372232680448
48960030,113.26073661994815
23209349,183.81485978246883
40869262,1341.9836861435501
13469481,802.1003448640813
37901584,39.01473944847612
15827667,395.93947398585897
36279211,1541.4178636735246
60254169,273.79643061532624
15666676,415.8271384661325
83527323,367.00763074130646
38323312,470.5088396678216
16145827,482.368047015103
25816799,358.1935603819952
31540608,438.1152308192859
78332853,84.55900178036336
50241601,346.5188453398673
59793938,400.73830182572783
99765396,353.57922484727897
22142241,530.1262170088262
28238312,-36.24697935428321
56677251,233.97345764907232
79286536,710.6428355899998
20049898,481.53681768896877
79883465,296.128111162403
64419086,-20.14242108259168
35428504,245.5092964858627
83636473,376.60528642104464
91911110,346.47322924005175
94747885,528.372526156927
77052407,319.201816741876
89274668,93.78767284979585
65429257,182.5690297462129
18949424,-83.5905486378856
78354959,58.71791162359614
38613499,311.72683652434307
99410878,873.2079449420607
17066881,168.7716392418797
84559340,313.6173756756875
45796615,719.8238626537254
18650747,272.0427397634271
87098836,621.3059738722318
18956602,87.05066185287478
49896714,911.783059966167
51066559,448.63534802478944
72393934,767.8597850581236
63389143,381.77309887121964
35204339,287.5461771139521
51345357,-39.292116342253394
46322354,47.73554970226451
33951394,381.77309887121964
41031096,264.47449944037135
42228451,141.684719048857
41161057,166.7878399850124
98892524,331.01338008344965
19811103,27.709009016653454
65448488,1050.0762777082068
32428376,317.6326181951299
85323274,607.5106112737903
92258087,-64.39523727840924
79217297,210.39391915984788
11989719,45.42838193490661
28471365,149.94531249270904
34542074,0.437596518477676
29164293,560.073781884666
84304086,431.23934361702686
31817572,174.40169640788372
77771839,819.4487052661361
14239440,492.65805581563745
46882099,-91.71226587640012
38983396,396.5385670011333
31683463,580.6537994857363
78092716,370.6518607445505
42013895,268.53535805962883
65197071,30.155052989349315
64495960,305.35881013772723
68745703,96.97168604310355
51390927,423.5342549945258
94850983,-129.2736871751108
24328415,413.1966021882836
85572847,1005.6389692072366
42303463,611.6627020926785
48215084,923.642267313448
35427122,428.3786989342102
62307341,179.0160319425995
63212299,-67.62486657153158
97856687,675.5254303580932
35540248,37.261048596576984
41303810,469.67761034168734
72749855,390.21818462022475
21620577,90.23467504618247
33846878,240.94057705096202
72596574,-11.421610828803296
85230815,453.3885597648432
72103187,323.3539075607641
39368813,607.000722552255
77055150,494.6418550725052
61280124,103.33971242971938
88442406,438.16084691910146
34283144,259.8601639056551
20283328,235.95725690593963
15081148,373.3736292220301
30803223,1282.7312376010677
95977285,330.5531632735133
73578397,29.831684478858733
23548274,556.8441525915432
70020229,371.5743222703154
13657037,688.6324956475219
62209540,447.52839419387146
69122837,430.17800588592445
56882140,543.830347407637
31090970,737.3587432668251
18895583,269.5034356852084
56220075,638.6583900860705
81883128,308.26507092035945
85178304,560.5360266004946
44572294,329.63070174774884
69139777,344.2116775725094
77682175,485.73655251356377
98697835,198.48909571275135
82862062,912.3365368816258
63154444,297.2370928992127
36052607,354.82505488353445
80221636,266.68840710220684
14612606,360.86971275965925
22793087,721.531937405809
27221763,184.69170520841817
85356281,607.0939826577774
72870330,122.58063988901085
21631750,173.01699016628982
65662420,213.20894774284943
94704718,-111.04645344121445
68031612,208.77910451328626
23780065,543.830347407637
76854946,242.4621315920008
65320814,237.84982396317673
98544588,591.0370683917931
66236365,55.02603761464479
33614608,240.52597634084077
41538321,364.70046297394856
52604597,52.48876144231872
51929168,433.2707868796015
34989178,-106.98559482195697
17968995,230.42045984545894
17104507,927.7943581323357
31799006,271.3960027424455
80534303,-197.88962718057928
39486975,147.49926852001317
70473933,1365.5155806270673
39315812,140.02428830248027
32664756,274.5343998359381
40582877,398.0165333482487
14853484,484.53633857712293
72018275,391.4640146564807
85501233,427.6407297135984
62857702,757.1531476415762
37589957,530.4495855193172
75861106,463.0318315443965
82048801,88.01873947845479
41226392,309.09630024649414
43191623,806.4369279881216
98896014,209.42381362837568
39009427,125.16556006704423
67635937,613.8330215605906
93989030,1204.1527131173384
58213050,34.58489621891249
39089500,136.33241429352893
48099206,291.7459119385471
65115683,320.95550759377556
19072238,317.40250979016173
50691779,97.34067065340969
74240054,656.1912427932784
57606331,640.5033131376003
50124096,127.70283623937075
50596395,294.5609405215491
96230340,232.40425910232625
73626141,-73.43941604268821
12420303,265.3057287665056
64008469,1015.4707891037274
44066450,526.7120954105503
27734466,1237.6968639907154
30219489,410.42921761098887
43296487,373.79025783804263
22060633,601.7872940022644
23197881,539.8171327940868
65499520,363.0380043216801
42012431,275.456861361703
42076492,234.01907374888788
92931745,268.2119895491378
47924563,468.0171795953106
17036042,507.97700086100986
79903869,549.5060206734556
27876581,537.1389525105305
10911722,842.1970144292263
21207465,198.48909571275135
90406241,339.5517259379776
92048586,155.6209857585277
72112785,325.7543354336444
10881048,404.24568352952656
71511312,602.4796471230611
42854203,307.2493492890726
23271785,510.2385525285531
92261360,628.7353379899496
14679655,446.0048117469405
90532154,237.84982396317673
32402071,273.47306210483566
90864060,313.8474840806557
27274358,-18.34311413087744
26334631,676.1701394731822
39224642,401.38503884670945
19272671,221.56077338633258
77841869,377.0198871311659
27204546,922.53531348253
12405459,283.20959398991135
23265034,490.0731356376041
97633242,485.827784713194
15746059,290.8690665125978
91462754,262.30620787835096
71359730,741.7885864963882
61463575,876.6220665403366
66429439,194.42823709349432
63351764,581.6695211170231
96265907,143.9462707163998
87085441,470.9690564777584
53920662,450.2978066770579
67679919,166.46447147452182
96779897,-97.94141605767754
27837717,376.0041654998786
37035368,367.5611076567652
26123523,432.9474183691109
79652243,228.52789278822183
91451403,540.5551020146991
29758902,236.69522612655146
47019965,495.37982429311705
14375753,469.35424183119676
85119076,750.3725484507313
58032446,145.19210075265528
58129049,682.1712091553841
89574518,164.66516452280712
61206117,474.8433948859706
30554474,181.36881580977297
65452020,495.9789173083909
97089415,527.7734331416527
75395475,126.2725138979622
58881030,612.5851636184434
49402947,-10.868133913344536
68947111,235.35816389066576
48259609,842.0601661297806
46561397,674.6009409264361
99687364,221.46751328081018
91051315,252.5696759932748
88446486,294.6065566213638
57583992,402.6764849827805
50054814,339.41284973263964
42048168,911.5985676610139
49480319,194.2893608881568
72653841,118.79753368042884
93923592,-4.73021593169733
60863343,575.1170024252551
64544903,1015.4687611978352
13683649,362.5777875117433
35441685,393.7711824238386
52702103,270.2890489115275
33316809,423.11762637851234
99319395,935.0868739506077
42958811,387.9566329526824
79034999,304.1585962012873
76692806,305.58891854269586
12247918,191.8433169154605
82872484,-44.36869659279773
74712172,453.1108073541677
40198101,221.05291257068893
21709825,519.8362082082913
56134477,1299.3020964003713
64741940,244.40234265494473
20094279,29.831684478858733
86415472,-63.74850025742762
71923505,169.78736087316747
86463105,198.48909571275135
27182144,187.55234989123528
78605487,225.8517404105578
61339703,240.75608474580895
19457777,304.8053332222685
14282521,372.17544319148146
53055745,87.23515415802785
64045100,321.554600609049
67336212,232.35864300251114
30110453,102.6473593089222
84766140,10.313004608891788
37132913,179.06164804241462
37337576,1032.5434250009985
81785280,491.8268264895037
33749639,195.39631471907433
65293655,306.235655563677
99472212,1805.2682463843735
78611736,113.44522892510122
34109955,495.5643165982701
85732620,319.201816741876
22271257,214.13140926861433
17111467,269.3665873857626
87529909,-16.404930973825685
80109140,708.7502685327631
74139761,105.8313725022299
46468468,573.7779122834768
11871024,415.27366155067375
38948416,739.1124341187242
79710564,777.782837154245
76775271,171.63228392469682
39022631,359.4393904182507
90991831,466.40033704285725
89162323,196.0430517400555
23588134,594.9590508057126
97925196,783.7798510246621
73394555,857.9782041904268
81939394,125.16556006704423
34503849,892.0778598851543
97624284,1135.8124976166537
83688015,271.76498735275163
26753007,-295.66954674146064
87953339,665.3266537571885
63187534,535.2940294590012
67816850,497.871484365628
58193423,221.3762810811795
63256520,-8.791074550954363
14482256,576.4560925670326
70047018,192.4900539364421
25694473,419.5646285748985
18876734,369.6837831189705
24815106,794.208736030535
32093953,153.49831029632287
21672606,533.1257378969808
51265019,-332.3085065144064
46633682,493.07265652575916
99505720,434.37774071051945
72684116,409.41349597970157
73603518,357.685699566352
42812113,522.3278682808022
91497924,-17.835253315233786
94645725,-92.35900289738129
83011406,493.9495019517085
40459671,468.38616420561675
28128683,583.4688280687374
89799485,173.52485098193347
78077056,436.1770476622337
60018274,334.6140218927708
63035070,358.7470372974544
50452662,125.71903698250298
90748238,143.8986267106925
19626211,84.9279863906695
76831160,-49.39763283763523
64430456,52.673253747471335
21788725,405.12050104958416
62692428,863.9336577728131
44601450,276.4705550870981
84918858,1257.6321724766958
60654538,161.48115132949988
33549671,275.5024774615181
96482407,158.11264583103912
38139452,252.38518368812174
25148521,520.0663166132595
39090111,503.3626653262936
37364225,105.73811239670795
79808740,8.559313756992196
54570288,57.28758928218758
81519320,285.7012540624228
61290981,-228.8985297875215
82595740,498.60945358623985
99018938,134.57872344162934
84429722,331.93786951510674
70463415,6.204501983927003
13251670,305.77341084784894
63915791,328.7062123160922
37156544,290.6389581076296
19087720,186.02876744430432
15777066,258.6143338693996
88419707,317.49374198979194
48515636,346.01098452422366
88810042,80.17477465061575
55078871,618.4909452892302
82278966,167.8491777161148
33265741,298.85190754577434
64678931,668.5126948563884
26504939,526.063330483677
64056925,439.7300454658475
46046461,171.12442310905317
47352478,413.65884690411167
91442238,200.2884026644656
89293921,262.53631628331914
12378808,472.3537627193514
10153799,96.50944132727545
21954731,545.7685305646892
76938502,49.30474824901057
51632874,129.5954032966074
56510091,949.2056050595402
54773302,466.7713495590556
29181400,406.36835899173184
36937513,698.3213835268903
75732466,423.99447180446214
53117846,365.62292449971346
38538746,404.7535443451702
27988038,-78.09936767721956
48886162,239.78800712022894
24085686,208.82472061310182
57820012,683.6471475966077
46878225,769.5678598102077
20632751,123.18176081017691
47775231,135.40995276776403
46789610,738.558957203265
72806360,364.9305713789163
21856002,717.5643388920744
42319053,524.3116675376696
99630613,324.09187678137596
61255494,152.06798795491432
76945971,382.8800527021376
40393163,275.22675295673434
81941837,377.52774794680954
45930551,651.9002757690532
24573538,1054.9663377477063
52994547,8.005836841533437
28445231,829.0463609458743
45643109,838.7849207368422
75887247,176.06212715426
46367713,290.1767133918006
12575157,169.83297697298212
85076068,339.04386512233395
84603623,1342.0293022433652
45514815,193.18240705723883
52278951,705.9808560495767
50360032,511.80775107529917
52896193,204.34926128372308
91847198,544.7548368392936
25179521,266.73605110791414
92545328,-152.4842410540291
75231573,171.58666782488172
37926120,551.9064485463359
51096687,189.1671645377969
62646217,274.349907530785
62619222,539.5849964832269
39457866,696.9346493794055
47130686,392.2475999769076
78763249,770.4903213359726
69618147,266.2738063920856
64127746,184.55282900308066
56593004,319.89416986267224
97403924,827.47919030502
73948550,535.8951503801673
11236514,655.1775490678833
54389520,149.94531249270904
76068841,377.0198871311659
59631248,341.25777278416945
34575405,23.094673481937207
91359645,228.11329207810104
14542871,259.02893457952086
37836409,876.4355463292918
99958710,139.88541209714276
50329848,482.64377151988674
55825298,342.59686292594733
43158591,508.345985471316
95022900,593.1597438539984
11903900,334.29065338227974
59905554,309.23517645183165
33394781,439.1309524505732
85262305,279.8410884914506
18156267,431.56271212751744
77719072,256.12267379688865
72353806,641.6102669685183
61973490,221.56077338633258
80257850,643.6417102310929
27763246,240.2026078303502
28152447,199.04257262821056
40447839,463.30958395507196
88401173,407.0607121125281
77151749,-442.5923425376586
76938434,304.71207311674607
14595997,-52.536029931127814
22245783,161.98901214514353
45164346,361.423189675118
44320199,-5.099200542003018
35470526,156.17446267398645
83276172,258.10647305375596
65081928,316.15667975390625
34774976,694.0760326024802
10096416,598.095419993313
76574726,1282.3186647968382
88509347,456.618189057966
11304650,559.5659210690224
26418453,-414.7218370242085
69643263,103.01634391922835
30241547,126.04240549299402
89725513,418.781043254472
32289745,171.26329931439113
33888699,304.1585962012873
67508421,206.65642905108143
86446610,625.8746933071329
71641515,1756.8633393696687
46243423,87.74301497367105
86921194,419.7035047802369
15222892,348.8260131072252
29435694,384.1258827383931
35795322,1042.3711890857048
39026338,-11.28273462346533
27051431,771.9662597771962
91107111,-46.029127339174465
76674186,301.71255222859145
17932616,633.2128252252205
86326117,1085.7451319496804
64151997,866.1475654346486
