customer_id,monthly_spend
20451981,2717.824477128829
23251656,1094.3540911065907
64082260,325.8917906149957
82505923,169.6910485572959
89981994,318.6699304533325
64973937,218.4802548644218
27610278,231.038976061073
35883083,47.25318052998649
20490020,55.98074304829637
54517670,267.398694652768
94359232,125.19820064320847
17326886,215.9755799089569
86594167,1760.110118262471
94873255,125.17487895026805
62944765,1416.8420753946662
95482882,237.2221649212171
76963069,2736.9917983525575
25112257,4207.031682041026
69916855,688.5091409400306
71088357,242.2385936195522
50168897,116.80217550403599
67403679,173.68134909121446
55474643,1544.940556570525
54852556,564.9456242727612
63667529,120.21642414373855
48025998,838.567113666986
93351324,487.45334245540244
18887996,315.58999759319056
49568688,958.4665018164065
92911099,354.5592446885228
11717924,109.90121280770673
62085471,363.19157238494165
78336143,168.0588755669261
13087851,512.0767024278523
33506258,647.5331919065231
61356554,112.19856425514357
11967368,165.73503564509994
98374877,111.12583095862479
76845536,533.0472361357328
59313599,88.96154737744993
41041059,975.2779115240357
22292838,234.9041455540107
99892065,88.25510028512757
78345355,2536.4694847883757
85986903,163.27748458718895
27715035,212.33863189292435
66099730,788.50473446116
75346786,101.74114615673575
22860710,136.17919839481888
65958654,133.36989222022456
82607442,162.60228076762453
43471475,132.77226709707864
36465070,1201.7083840500125
21931749,108.66963315247858
66815930,-107.53754176729387
44485157,348.1748904714318
78728059,333.393743538985
89264710,133.67083710732558
81874643,222.53811097889496
48603927,119.1449883490028
20257622,106.93411910130625
88360790,122.89036473739641
79411556,388.41006222382873
24819092,184.01344669345474
74678656,132.03894977597542
22548045,160.03053253082933
95827783,512.8795725311265
60019526,96.34830701033732
82548254,839.4861193565251
90453319,146.38372370434186
15312091,715.5253231879119
34786964,141.15891028139123
46684232,407.34923126332905
84597099,130.71612423057368
98134524,970.5751748722104
18531043,203.41691548726158
14953383,994.0630467217712
80944054,338.1182166187726
34873753,263.89065590089007
95577033,94.42820190902982
50215436,184.90291651675136
95347203,286.9615214886576
58614046,376.310907773079
40368791,294.7340041502667
23316775,1133.2556653908034
23331513,218.93109087590716
40038060,203.04697700828942
22096579,238.94079537356237
24978810,328.00638284455084
65890694,199.00557275395502
47906818,1645.1600597777685
38478694,262.0586864099005
54797755,233.6873709084874
44533278,101.23657014506371
58182080,316.38537361081154
67491014,736.478479620973
45798475,89.56902668163517
41586132,298.6417627793654
22956540,511.86123222151826
25367334,1197.2234580947156
70503250,117.3069596856313
58307796,39.086273364277275
59859757,394.6990692063073
47787665,167.74398144659716
69610612,258.87706980684567
66658967,1061.4641071747358
37962749,677.741108094701
87675902,310.8863289608511
61682179,363.86058150381206
78073125,332.681381355487
73229345,176.2576305037332
43171437,1112.632647509164
69766997,41.67708833934126
14939250,1423.155856534528
12328281,170.783322682797
76560997,338.97603481920845
57569914,234.5421763546111
20883894,548.4434493395445
22766188,364.3214518458474
62905121,117.42995631593163
36295477,86.95163380248539
55610529,183.26114454076156
40366302,222.38555788922415
18624954,230.0560281640548
72668820,949.8989849941428
23817472,158.58290270597067
99830054,211.6056470471892
63410560,312.92394796949014
11811963,119.65401972752916
68778133,149.54458439208557
61211015,381.50555925053214
85223112,161.63816177326603
17785980,152.9515478838081
51523712,327.81899951105987
88242319,144.36136065993085
66674532,99.50396284457923
76442132,219.6737202947399
84193848,221.7432440523883
80878809,230.49142427487143
92088473,616.5697551226907
18574912,172.94735692352597
82956926,428.6807758963002
57265640,132.4261483521759
27961225,316.1772581867095
65404075,129.95505927568516
98698597,75.72573088494794
63221757,230.6539567062946
45396691,487.04171505441036
95724535,280.85003285183103
98157590,96.38022790029909
60909030,78.54220372462403
20932142,120.88779834737387
85604729,75.28604928090367
25410553,108.6042592065347
76477501,302.92977534748877
29459273,139.8956042314386
71879657,65.15610390854977
67115179,104.50769500671014
82348794,49.162715909330615
32880748,254.90076730118543
36203607,167.17795135913627
20891850,470.16846261244496
94570583,804.6675938099856
47560755,115.76738964494652
39752876,538.1874393915605
68980243,120.09645746324753
71143374,434.5461820623803
89917748,207.13256142503158
30461949,805.7655951516106
67458886,209.4890542183878
44166816,220.12083567443693
48218923,243.9679000507529
83104523,172.6253547741964
23739634,219.89856171135355
45544123,484.83887097092827
72316980,110.51469516833083
24805396,288.560989311693
85045576,263.27505877446237
21314164,1204.1713807863787
52842656,87.68000283031249
12382139,180.2506431988993
88152347,213.5684508005141
49270171,201.65778945966332
20221404,931.3791306685322
25851974,142.46166616121897
95701680,187.81831248397083
83739665,474.7252195936815
61996348,185.6444347733912
12797236,193.67858790999648
25554853,1389.674323619488
72618187,86.69376781672536
77583489,183.3002330052804
79450582,129.31534826099323
84595636,80.38472660084018
89981949,1001.3906335345672
69424476,184.40514670063004
55064308,26.626590462337187
82956266,291.5809168150904
60185159,444.0974149648402
80612747,226.54438994160063
41303090,156.6523569104248
13517787,103.95613464276575
34078093,192.6870516759741
69030112,228.1648184740361
61791328,655.4749858013215
51789245,244.9182663907364
88068699,35.964947988820846
33399367,55.63613116320971
79597553,299.6533021858378
70695101,672.4350270452127
98169962,95.01021825821
89251190,110.37592404566342
53044281,208.0142438162551
73528670,273.6468938647567
14751149,348.7810748016228
61490053,588.9066372482652
51385275,525.8510226621095
41764194,327.3182471715148
96598282,151.3032982326616
96823449,108.16106640290668
30931247,97.4056207163349
60872668,655.869179820388
97835669,1246.0253038558362
36785828,160.31705224492703
25812131,803.5202995011033
38410800,804.2528298350655
33023072,80.99448098192686
48250594,94.74989842910094
94891015,786.0217051475782
65307671,187.30759893682657
99621779,229.14640102701412
83959755,301.2804966889233
64535310,216.12690952847132
30594968,1908.8965579325295
10263960,434.04472090101626
60876075,125.99822369054776
12217583,341.64306872850847
29989580,756.3577911039861
31184452,780.258094450715
16182148,2151.3820072027715
74700470,168.1823176306288
53084609,430.26379137779986
36052930,375.17219063899984
86583512,112.83431535236765
10930793,151.72179677533177
74179918,110.7130313518379
89853445,510.97708190507547
75258370,118.7355344874027
93197004,518.8696308211992
16551408,122.61058797756593
36115326,262.87775964021233
47243451,1515.0523780252213
90773939,244.22527507147726
30735291,233.49804048256973
66891211,119.27647631926281
77142249,142.71243305151987
24530798,275.3003379627197
78204046,114.37436898397019
60230110,333.59243123932055
13017302,480.43780748784854
21044447,219.78744292072443
28976655,345.26099758559485
52214813,100.00335950229524
61575366,143.74987870593952
23125986,197.0586697863366
11614855,121.14165063677663
68090330,100.53186699414265
31241329,374.2390857119624
21561157,145.76802276620757
61917300,159.74441551483685
82147824,101.18213913445356
91513421,55.97766984921932
30753790,360.7027654064559
33700064,71.05733826728073
86773406,3748.937730005275
41719197,222.3718000394598
67399596,142.99590777364634
37696535,115.38180501758427
15791208,1403.5007481904922
24348676,255.74938371959553
24480974,524.6103177394684
49440078,210.45656479659448
48242779,1016.8305509119554
13405947,1177.3579403859098
34531671,124.5077179761303
63652222,338.37783745740575
97745210,140.05557353752994
48557187,822.624530112175
79801016,246.14425189418904
93409518,281.652605590475
48891463,116.13183971444819
41134793,133.30283581222105
76776302,163.82679095372828
89505130,176.09874345816402
46129267,284.7434309685185
57862630,101.7012337583238
32227094,854.3333342044189
72887559,44.92189068248195
97826236,265.2671572419696
40250768,197.36696958686574
56765848,138.02970951068357
11244823,588.3461828804434
40189321,117.83816716482445
68120430,823.6285582414512
64917610,344.873619584883
79290200,1556.9507585982128
13110537,437.64446444952915
56816135,507.39605750794664
27525357,654.761832254653
71914367,524.1892087580284
23989491,84.53711910361167
86436168,578.6644360140515
63499286,342.52254708833453
18619374,120.26265936120035
52222614,236.2373089229156
75467866,191.95989729007417
28926111,145.03087836945429
98661834,189.5987801831604
73087852,1657.1171574289563
48887326,838.0437356551902
87383314,104.72525811110604
88682579,597.2620453334114
12617324,132.88448176645056
49224165,778.8640632257599
69951588,112.69744909739444
11713703,255.5306045942481
59435002,2069.1963061736924
61153563,432.62488032880697
57206499,2962.4056031917207
89140242,41.77091203478098
95100771,80.96909943578419
32638417,10.179503610184613
61625712,199.17294920439238
61250133,159.96001374580038
17952873,10.443167444359746
14513813,187.0186461722464
57500282,123.1134198908526
51340284,270.55999504405656
35897956,108.49926314431941
21856280,167.96582706053795
36786275,357.9879103837534
99178725,1099.258870855858
48955886,212.9871947679769
51811678,230.20352752107996
81930210,179.83165445050489
49161318,431.3910181470621
24723720,639.4637330869168
14950936,247.42956167991747
54638593,353.81368860228275
98115682,715.6673737544858
10533857,636.623413222837
87478097,182.878045219607
60429975,158.36583974982292
38969729,112.98756903481501
64656132,116.66376128875869
86963086,292.55195879595755
17268859,544.6882427781694
72142121,1127.468259792028
91574809,381.1189758797265
54272037,106.94184840412291
16058661,2200.330559292258
74133244,1135.8203696145895
14281752,110.18676556473864
46666867,134.4150474890223
75686584,1129.44479674298
25546684,298.0426880678966
80619174,220.199762067529
61749604,117.77406124546607
38248391,253.07304232524342
16877088,150.89697938910064
99140321,633.0722664811716
15975231,279.1720308811578
40531945,235.33064178360812
71708672,71.06632408130145
85030779,430.4078194095565
61117487,151.21720275794186
42638536,270.5962476245288
82326061,104.3917350118232
17028661,958.2363293094817
26048783,142.91389053518674
34262255,100.93969806324478
14326462,230.81996247670085
93816989,344.62763043976923
23690395,270.61199214541296
94999262,919.1855663082266
81971277,212.64693778716912
90562416,106.47395245254809
95799765,87.72032533856752
89244724,84.1464013468793
83879641,327.0940222472367
96424387,218.33707305597207
51051501,232.7014815572062
29249441,1304.8043811877883
62893412,154.75571653819128
61417835,188.2382466892056
62755928,55.33110172511208
66501572,497.40333016678716
76084740,227.2856683754895
27624326,165.16656090277084
86757966,635.8352793183817
92455037,47.17063451098468
67852942,416.8141369287759
30696098,1356.8346126744223
44792329,113.87532054716614
10390388,375.98245675680346
17826936,418.27564989234884
71880941,549.4302053466862
98184673,130.00262696410147
60002125,99.54706508926391
34664804,136.72825252939367
37594595,305.0153676163909
42980815,45.71245338414746
25819880,176.73114682138174
16484408,250.0200286709223
91766904,134.26099384210605
82866803,93.28732676002927
82424284,1137.0776786034817
72903422,191.47231059425448
11480750,196.82710186915045
96983867,125.44195236310027
41426492,217.76889023027155
24002286,374.9929528680218
18056145,104.46401210162603
72362977,149.04010099154755
15977163,325.1245054728349
51036186,163.14959683263942
34918337,426.90462465924827
20599813,120.53594668124005
19900890,1165.5069894464536
27971378,238.00524451278775
50965403,129.64932124031847
49026734,1880.1324757019358
14192253,336.7564408924443
76817070,220.82858840279266
41164681,250.5303210143371
94312885,102.9567597368545
38527851,241.8056908850846
88279496,1564.5053306405434
15498361,488.96585769870217
17691622,99.86897135246386
43719564,2371.9424093222397
27861137,120.7947532845388
20308452,109.51922891310349
97996598,132.58661414557398
93656677,378.12584840073777
20464937,277.8190142393755
25195757,296.8976443185952
95231592,37.897928114943895
96604510,223.12615287598564
12888073,402.2340961580734
99408984,110.6577403692192
65238591,171.67009556405063
24114707,594.5590384399927
70796256,137.38686159971354
64703869,299.24860298405446
35203752,144.6515088014613
47453323,115.46118343903737
12385313,191.70147869791344
54441418,253.7974476935036
83549825,1321.130110477608
20370209,1534.23560833762
68357218,358.98763437295963
62743829,97.30347993233882
20331898,283.44926632815026
43934228,206.85701776522396
47620709,146.14557677667918
75355275,124.67740607991026
63446649,119.3189713228429
89051919,2859.3893100416904
92954904,579.2433207647491
64731800,460.5676308733509
27945685,171.942969671062
98412215,159.9014066795388
19535502,874.2095921192338
66516822,165.39607119859366
45373292,116.7143573909004
34711249,254.2971414284491
48370651,1459.787072891001
71354510,109.50389842751213
56728847,164.32600434425987
40004525,295.8648985289026
94648945,169.71120984344526
62756732,199.04345404831656
80428237,554.2474659786494
64878556,270.9647461541821
30597278,90.52239517520752
40357660,242.58018725662703
98010210,293.160389405633
43275959,120.44047127031477
67938712,248.6734781807887
50506973,149.81202076004314
27421159,188.064117627385
51123211,84.41347563962647
51887530,94.06933859481411
68372581,134.1881092047683
31184062,115.53144322046468
55543655,400.60733749305143
71805162,159.62748966715634
98612541,29.8255133307444
67235486,356.10726237782217
35490134,89.76760961871368
74647441,856.5904143617887
73962817,188.57007045608765
95192638,1209.8990487562035
96803902,1288.6253952174752
97635826,156.09449320828563
34428942,1649.502764370621
86699979,195.16791580246635
79766437,145.36062415937963
55732878,99.2370207650597
20035702,592.7921954254498
54997853,65.22939299374305
91776457,122.1711173586689
13967606,1258.2971798128324
88365927,129.04677751882053
92907413,59.22062725974431
89771364,184.94910804558444
75648081,1687.8670430823781
97365061,111.14738998383804
29587137,98.65451343105681
22019813,194.36779022939552
29469529,326.5978549240098
66670735,143.54001380736378
84380411,689.3803826497164
17040729,862.0926318206192
25307807,389.2685064126965
33962361,371.0102572648673
67969299,118.57036882464386
38562471,1255.7240378408683
33114742,820.0660619143674
54307298,799.3085905753989
20058700,94.63023050885116
33779532,174.32690472039616
88110162,109.38637884899528
36112292,1950.5952814370492
38475061,1012.4947332814573
92644264,59.60318030609907
92355731,1668.1348607148013
75478249,112.91084560175511
23875741,565.1555385880592
88793850,119.43794465070253
14142195,370.7049923300851
67422773,727.800521098558
36705498,109.78580991023297
62072834,31.30981859602822
33337577,966.2165172246562
14298054,554.2433749229369
96998725,118.48822261048205
70579244,188.78445974520463
26844678,203.68277716290794
97441250,124.2042502286529
49239286,138.26997063839
19469855,217.51170564800557
82552850,86.75466298564562
60170958,183.9066505552031
28237826,312.3833709657228
84208342,1274.6343953057838
28295140,164.28116933864936
38477827,194.84263212310097
54941872,365.4245995655179
15450767,84.00762484827031
93656934,143.85076014566974
54273142,46.429015967486755
63648675,194.59980132515204
31875954,124.61362559910675
60881802,192.45474167237248
17233443,1016.9342488613117
28953932,320.5547448732388
64958348,1186.0597234515567
27038940,671.3015263681731
25667330,284.57083074444785
89200812,134.67187361832276
63109620,424.2027743878601
34692595,146.71608282115315
45554823,107.90690768459604
50487516,296.8128967116258
37970303,756.1041173553426
20944145,297.96977613473257
54232510,113.6867002890741
58289637,557.5375473708785
70295882,1200.7664570666482
11855847,363.0783752479272
26640485,144.81699971527127
92806514,580.7861185984449
43703605,338.9592237908575
75507937,645.3275489083013
21361381,111.8075423634006
73615273,271.95010549234786
92437179,122.92715334293564
57813173,100.59329619213725
99373127,310.06958668967945
95805212,1289.1872525180747
61946147,438.31610287537796
24903202,130.2187021646675
88268253,622.9438016769265
45270713,548.5461211634176
67013519,435.46136146748347
64480094,229.676643558251
18481385,931.6154171042184
69314375,323.1654308479639
58464172,125.44863860422598
57844179,247.40406562219647
65371057,216.34106751185126
22749627,104.76423105123246
64747851,873.098008767419
35545690,1086.831917904398
91575937,210.97168317307964
11663787,0.06656516139489499
59570536,138.14394731011652
53724418,1166.8187659833634
78572661,109.01688348136295
38544041,108.75527872663976
27091356,583.1405960118157
20013110,295.9232123494387
11862841,149.3739446360391
54926458,400.98343308081405
72702715,846.8631590160032
65477001,506.039117662984
99407693,214.03346722262265
15192014,377.19102341555686
87232785,201.4106648295187
76412402,99.69218382105218
49393943,487.54176699308186
53853124,173.7967755500663
17486636,1695.5444662808602
64895733,829.2573482687163
64938150,255.86039115705086
62321885,100.6428029515016
14616504,190.42389825103604
53996148,674.0551725206676
17209399,255.37209001755124
25102335,414.4588343795501
54515012,278.2391205290185
80596244,252.5639290454382
54217244,463.83482165027226
29133774,138.18045773766343
60727794,132.9263753721896
55160698,130.83357630129404
18231141,298.45687886580504
91091163,2911.741748486526
52747750,116.65923191966893
97932301,114.4680673798682
77391969,2015.593704981689
64274314,150.72019329081274
82861922,282.47141193705846
95155142,141.26277631643364
57522876,262.55571245697445
46054634,125.2905243758872
32006732,135.05449729867865
62808198,181.71878731423166
60875435,167.19589493965418
15688688,196.9331835536933
13559129,163.7794633311105
25489744,314.61152299059074
55669591,231.9827672064799
10763911,184.85649239638144
15579269,82.7025895176728
18433265,155.81548608569383
72131946,282.1895838471423
50106249,225.65392577615606
21363716,204.67779151384912
80090384,282.5585311849254
37971475,460.25896328524726
31314120,160.4415812549492
73683678,107.76057257830462
29703095,1732.6550115850448
87144591,130.01530944528318
44689207,772.7118712880033
42450190,99.58090885917545
92653218,569.1943890590383
67727493,89.94944736608426
55742747,1007.132174938282
96941026,861.3675446698438
89824134,1154.3935203035683
19822449,905.7053484356564
18676315,-160.4922552932207
17316044,147.81578040599527
81559769,740.2239362415434
98912158,394.26682751934305
67772871,113.57305138083635
65921862,312.9489845541704
12636566,133.71678615117955
88608909,163.41056859790123
43902318,220.69381395599274
59512038,1606.8138417228542
77976362,859.3031560605027
57092914,217.90125156668364
47412567,212.5887342706244
17145991,436.3311774044971
56270450,836.1810526725859
47467383,947.3220443045819
10449714,317.3071203848953
43156511,112.18360791525716
71377851,219.62140119560016
54093810,115.66040945387836
78096026,124.45700076154041
57320154,167.21717840793124
45383520,140.71677929017784
38351707,451.1512973658078
70796190,225.20900978463854
29977177,113.42807062559928
97584339,95.52462484570138
47886559,203.6011321563545
45622137,349.92245211648304
21500277,138.9414103461143
47647928,395.86925456987393
54496344,206.16227392979062
44268785,196.78230834603588
75946241,101.07454675094372
30459191,576.767852622293
15840319,369.5074438579308
72588739,109.0321668763471
73017157,169.46982417861167
25420365,406.32719365875505
55377863,427.3156773640879
51370964,79.37173175341796
48905468,180.24163027885535
83191846,155.16479054782695
59334183,328.9963467624114
94009638,546.9057422808328
41721760,268.53114366191323
35401283,628.7228205147383
69685525,128.25674003768333
84271975,352.53609149599333
95753616,600.4889553216738
32526219,77.48305914835893
64532934,913.7533163282648
76031822,279.8188753453806
52468855,112.30534391173502
21028902,243.8014190612785
34108713,51.53672583955253
84943048,1117.2724792830286
84439701,109.15810267847694
16539498,106.8477824778713
24537949,189.16968481126523
19537971,363.3483045659732
72069403,1592.1551619019535
84333546,20.612706613027107
11868598,88.00920350631387
72165230,673.7861131818785
86606477,394.7421041495057
85432562,87.92819141211832
53853013,36.29920762668378
87319378,134.8070643111335
32466967,1040.8673889472213
80519195,117.58165182711238
12289146,303.8845944110099
17893529,1108.3667743254166
76217556,1557.4170280108037
27323024,292.53037609446574
86557861,743.8229197643657
37601873,201.69524190335565
43146250,729.0512857810592
51498335,1157.8857451089882
46939189,143.5741378097429
36620181,129.42979780202177
59890806,103.10007090180552
19160668,113.29763952201473
94555827,165.1673719992614
73451577,1121.4625351730685
83828090,107.22816811331373
92021594,115.18434494981956
15822386,67.29049254198075
57405310,248.8990247985455
22671359,1550.5313846067309
68101436,113.79072869425495
66910009,84.4058305194076
55778706,232.9175874016089
75120697,90.695656711367
12885545,136.55846420064677
28604372,163.00966968582736
97297156,2760.3179677655044
18964928,1174.9837792088601
61244754,1135.2235478445357
45178470,278.4125778895746
65250669,153.04392777196318
75566313,353.15489759540145
25053248,122.85223522563656
71082761,201.16998491052883
25210276,309.5205233621527
39718089,1086.7959479240117
51364178,94.48252770434402
31211994,103.24128222301228
71509945,364.02264513335484
98330029,137.36385278080073
22456435,282.84614890384756
56912862,354.3138272477073
41548833,744.0950036522479
34760776,97.71513858598111
54015943,1939.6001199054488
75943554,597.5225024090739
61847706,288.90914064142055
79766441,146.7494594474587
29099073,106.97276054592011
92971983,111.99218590186724
77042656,2332.7691258430427
41355522,136.23370573284421
37905258,169.27845399641998
62845536,149.2165046504335
70252689,113.16469087538393
69012389,94.9494824226822
55230723,188.98705688729405
36148733,634.0332426766735
11166306,271.8517926258623
86661349,283.61294184215933
39933083,224.8120859054306
91301497,507.9516110064659
84697954,302.5887758597073
16890490,115.91105518025608
46638869,132.33246534973196
44149767,184.1039624252624
18897403,922.388928607104
77411533,115.20103165673352
62885631,193.10528153046906
34219564,590.6481925783722
69042251,201.23050626528195
24137005,259.2156964063631
66305720,164.1901429816937
17619455,162.52788637455714
63065642,91.39861032767902
43970026,372.4548254382395
78870428,331.6942166896003
72114631,128.1553347307846
84664219,248.05518710050006
25739422,407.247041602887
54038039,104.68844513528501
55081531,463.62956070274186
45672847,202.72931342861543
29734641,276.4286543699894
63805244,354.13900649817896
82782411,130.70540737591682
64705797,385.0829170261214
59326862,199.2895649282256
48549098,3442.415370085927
39570097,92.75319028714569
98000370,199.39715674436306
63674921,412.4018486117051
16674336,264.59291753046386
77063987,114.31443761042499
67143015,161.99704078723485
10570033,242.26853791801565
47185088,571.7869731961301
63757190,116.48819894537979
43453041,1671.980253728146
17890447,221.50161872728953
34735493,132.70278107789707
40580820,415.7678197992677
84776860,1286.0531303760386
34883247,180.54010734907732
75437035,93.04197723147057
63198281,556.8104620828012
33289878,1121.9096449253889
42222441,129.36532405997147
53518898,132.88697527242775
77756377,131.16326347327742
66266331,1291.501974598002
75207542,189.96148517253008
65741993,267.8421216408451
30452290,128.78207642689782
30341625,236.6420578865133
10196118,766.112739706495
39997400,384.2987470591726
42764498,99.68080358207516
93568775,145.00221854032623
60138513,375.048260721016
95863174,284.4526748615135
92194956,139.31549576519555
34979379,545.5167811359092
71517927,64.0169150882073
80092401,98.12434040563271
29853468,585.8828055552552
95595164,147.91908502834056
47277321,740.8528563976386
95111852,237.21250852994257
49309773,268.3303008105268
52060622,199.67593818006597
18920892,321.46066703731475
95549548,268.7716688377657
28343921,180.92721934161855
24575136,224.25924512647268
51405326,348.31595447158486
88024456,975.0762953434327
61475538,1249.317399074632
86032798,161.35550018442592
99829874,475.70090167051234
96251785,1342.1944742807877
11235918,180.2876626410413
41084979,89.93336987669743
31949326,77.68509470596939
88425482,110.73822866211411
41724063,944.2411874240003
24244868,391.5385332957467
96443454,340.2904697873387
83159015,58.31750046511443
24632345,429.60444482848976
44153806,338.3832110975767
93580629,528.8822459948291
53277959,264.6256109573847
99759183,1063.049673718685
55252816,96.65114728931572
41285175,161.05392366990833
73261084,549.0028264647136
99347555,607.5281320412105
70567494,116.08301817702166
76764787,1359.6207372546403
14328685,149.89225096605685
66866287,191.18774314370563
49679159,327.2134025613001
58671247,82.85479628527139
20236719,2051.5594669201623
34585357,216.30357361023906
45051453,237.8615957055403
51786574,212.79615243678342
79731887,241.66834291245175
54354970,672.559913871952
77833826,761.6562256276767
80242735,176.45389444970806
79336488,296.74022701877146
51121070,426.7531116166547
15930057,226.0623895802115
84864986,-39.575233114560795
97820091,1461.5628486025662
76206876,176.54071377882389
34508398,991.6208230743513
15581330,783.3740280977281
24272114,957.3055612634278
45684128,317.4492023028315
53910689,128.73409890675262
89611963,68.69068456605697
19439294,211.26248250946335
44476677,1031.5287648861115
72816714,661.3480766503221
74817899,118.52344908087558
24462605,153.4946557727246
62629343,557.4916373828731
60387272,144.30374736702825
60976677,167.43144054295777
25938630,204.0629510304751
89171283,183.56195032612402
23407854,579.1411297381893
84390020,223.19816948822384
10131944,465.556796986366
61185673,1053.786957369507
76507951,1064.789257136105
92456997,337.6251965323218
27091498,159.43184043608906
22015405,188.13410754934387
64048811,387.4935383275497
59963315,192.50053408786104
99392827,865.1266322781441
52435285,649.1051088429153
68018936,147.6795696609905
92985874,95.10635518777755
19827012,66.65054583459619
32076309,112.78992128501359
74459345,112.15238818212448
59329650,223.99829732146173
70105673,181.48700923222304
47359337,1320.8838357626187
27991858,260.0372212820315
36755663,594.5730795353414
94560591,500.9558031243457
47944050,127.30409269611741
49561372,386.28986296931464
96160989,150.0133428232969
67474261,134.67821430763632
71965824,676.8922009298461
13777105,102.69830610132337
64739771,852.2201522480002
57691432,125.53700084950577
21801740,187.2355581130049
74352185,687.3081467565183
91521650,596.6282432762441
64797772,465.4194418487395
48820263,159.50537511998203
14791909,159.3709785117902
82868024,120.02549392574622
97971853,198.7765412636024
75654232,167.93534516985108
30725718,225.28541855443837
83442812,449.0780780235289
62376431,227.98380022039208
45295601,249.52311567344387
44038407,101.80088984652238
74138589,150.41868413227664
78812422,163.95723825028543
57253455,604.7424921403322
10109432,537.0655060761546
70492234,336.2718644764985
16499768,907.9458693121453
29721809,285.4728187311693
99970795,65.13510203478155
38494075,237.53956804601614
13300921,197.98086630048374
18255583,351.3506111450496
76957329,373.9349588763605
83103502,476.3780830275892
24570014,411.5149609418255
19318542,359.5764616028101
70614169,309.5170792319013
68374888,707.4028776295967
10546051,178.73859570202663
82817153,398.82764328146004
26190736,121.80355757187418
26227414,423.24874849819463
55825692,191.68096388297977
65550483,188.13895080059808
14872097,429.7772551733065
32405281,183.7543363248562
37055817,248.75939206536438
42617798,102.2451486148898
30684771,87.17414007232607
21842298,170.54600384177402
44215525,627.7285699467398
54734331,303.10368149197893
77244965,160.62148294527526
31618537,131.66636943336238
10912371,132.38289885815854
25284273,159.7181200156511
63793006,366.1924100525369
40346903,383.9322658353502
14281423,356.7805551257127
10329833,560.3746456407704
58147868,727.52679471717
62215262,500.97873347662033
11535494,244.65257523062127
55289261,193.80075310807743
93054393,196.19132354428498
15613905,833.8525047008404
52346993,81.21359653991149
31426410,77.64304272885076
11924915,114.5556013485139
83461539,895.6140407997382
68351051,814.9297709847652
23144760,1292.863680480541
97049626,984.9211661062875
94895031,98.09336180835547
14702382,221.12198902588474
22232789,107.94405886839024
14653500,60.12256243741154
45931554,126.48186680461671
39099976,121.53658406388817
65803003,322.5771461551296
56391701,1207.9911790382048
92222330,397.2065459849417
93455198,1831.657557662448
52410336,1928.3998231287176
82423675,452.0088826032796
25925356,380.37764365585804
88622240,143.19054414064223
37830382,118.81041500028822
97198420,214.42960931596886
21477504,210.69919961650305
84142976,1122.5212622575275
96401209,114.25499517352954
18047299,172.83843246869853
25908320,474.36343545699424
69709013,157.757627380734
63707451,89.47752771401183
68674616,177.5329871032771
41246291,111.59000898554063
93099265,98.46995674803786
44969882,134.2359163743461
94840571,94.5834197625384
24428966,349.6481424497214
73406276,219.55807428368524
74093567,84.1614663120255
55445678,120.90660736576831
56770356,120.71175841972783
20116401,115.23532127833771
23989432,203.8658275929031
77573883,2169.7826982435677
30955534,137.41424040060136
46007298,183.80208614158144
60038151,118.30140606055252
16169663,868.9374406912514
40454664,43.4975403588927
62049127,66.53014655439186
19821119,153.68119798878547
56611586,223.89318987610235
55267084,140.58473600539403
55813034,2371.0369988100465
23867957,92.15463956968306
90096160,152.9386302993973
32751852,542.4156798811576
21394047,874.9376603508828
80032862,108.10716240701139
22418983,167.33063278890108
52802197,152.77062944045076
48673505,149.28957009620643
14195685,118.97719448968664
22205138,182.2275657786401
96628154,338.1292370086528
44734813,132.03660562576025
55802873,491.7770151498192
41368275,134.34254682573078
67686446,400.1557808989762
97989934,108.5794873184494
65686117,122.76371020643685
45591525,92.39920082970737
14884094,19.707074774043974
60291749,486.40483836909596
46418453,120.09670764896383
30133967,434.2940038263866
30307611,58.759577148729264
76539721,193.71386741614904
93325285,136.6306159176586
69825909,311.63255630771863
10220197,230.53910073165147
34178403,91.4677816893254
67327944,814.2675878597876
58361366,119.22202338086117
35080838,509.04821169100006
24415695,245.127361676026
30354080,381.4018746189727
24117628,166.8360533734671
62628994,-233.53338834707068
51012198,649.3747375854638
68125143,790.1229328189846
94485707,104.40842491277033
40172711,203.2288604070282
17647583,203.0345103543454
94790367,103.32641128113934
18254706,150.9382264563249
65733568,120.97254125578299
58357649,104.03682872416869
42289495,217.4297897167166
15020288,83.91973744860181
31419590,573.7817527509951
37233713,119.83922099311114
26330225,484.3148072524403
73976501,478.1569594873982
90642644,568.7967753494146
63791881,218.80307353071868
40102213,1634.4402532756787
60203926,806.7557481679197
36257216,243.28863812165636
24119768,694.3321211693465
30403208,850.0694762242344
39737862,797.0518112605201
41150683,174.51928998149893
99351268,139.56575999630522
62692262,321.9036469320375
72711178,126.59580146416879
10083097,186.48548724268696
65370298,477.9790975402631
84388395,139.4944408511935
52114454,112.18169182615544
74646950,344.88518864569124
72720701,193.54206522712894
45732529,170.5845873411048
10509116,145.08990912351294
36154567,140.08062538792305
46124383,689.816419389925
27866730,140.0860110526773
62320931,208.063143876146
78979954,75.69996677043572
52531638,335.5651969426722
70662494,116.58674785305337
88174413,168.63292759227434
21513664,366.77241691656405
26546743,558.844407036343
89094189,95.21563375323319
34006202,288.42080062561604
44458405,112.48151830914597
46102741,641.8222610575212
80947937,629.6132052601338
73456376,440.1527204801104
27640503,497.72407023275684
66469621,520.7707918971695
35504694,66.64911646420715
24815317,689.8475930923846
58171289,80.85021381153243
18612790,274.49143980997667
63428669,626.963264382588
57949817,1539.029089510108
72876573,292.59501787768494
96193736,216.2083139654412
57932688,289.6232202998023
61617398,666.2237617541683
57513357,239.27430007835238
46336493,198.35666568313732
56173102,220.05541019146384
22210971,232.47684924350457
27397907,95.0264617397133
94750459,405.7401797701596
23197778,165.8300453141152
62692781,113.08749191502734
94164438,264.76869732437814
19395402,861.0920482613595
94219712,232.34225900016514
33491568,98.83994853588266
67632603,184.4854395822277
19852962,339.6098123643429
73405784,839.3099587955528
88192699,266.74342540228145
29867417,103.6956927267752
84909546,756.640354140444
52598919,1167.680262950218
86077350,367.5871209512258
43929538,594.8340311877995
89992133,297.9498317796998
33643157,897.143954627863
40190924,129.44412130691165
97098808,290.183904027152
87635513,867.3255187948864
16478169,2758.4310591285544
79498204,269.6793816947555
62568791,1323.3138335180806
36457296,64.64486991458494
29599077,271.65164366841634
22644116,269.94949777371096
69419691,675.5547881076698
21970018,124.17257569009269
31666748,270.30776231543643
84691804,547.0078355088534
19277545,394.052039917207
78443496,229.24718626554363
92759112,117.2152655000231
49629913,870.4756792860112
14874574,182.74613551957168
61108399,90.87443111626202
53618559,756.256162487591
46977752,118.3298170631625
87695599,371.5461147804507
68430793,212.5991302744935
11606038,54.05923607702311
52469720,372.2230015010086
91726930,158.98368177674695
14558288,101.35409378096404
98640275,103.89899787144668
82918511,282.29390838691234
32992592,202.54526032523066
36930879,136.0202077420324
73360172,198.0578059132969
22281491,234.34405723089898
33813436,99.43568760475955
49300946,455.7885863766159
56371129,295.7453570541229
83899433,101.92864135100076
25827679,1269.8676481769066
16631062,102.6923524220055
86793673,354.1125130387527
99689707,133.86521099145793
69776211,138.77919837240555
55892015,199.23626896341833
19716865,-9.389623575361139
46860460,170.37517964773485
66143638,1170.3333439974485
46241046,150.87069763768775
47497471,304.2306646132496
38256243,150.12963541152058
90078699,120.81123321553095
66607961,108.29358074466847
15632043,203.86840890658053
81498334,853.5160260117867
82443801,214.18079010233092
88411591,227.62877913920138
18221799,371.0955435281211
30242976,218.71844618198236
66494245,147.52645707619152
49287510,70.91558501271315
83370642,225.94515027274335
92348451,87.27884162531909
55790147,69.23779907054782
49423398,140.3325913040414
39715763,161.50055951771438
46440335,273.75183121480103
78128236,348.70881559222585
63409672,1598.2483344971554
98873842,115.10596330655528
34782044,137.47068502571332
70391546,174.90143430972483
76956234,317.88819346779974
41544516,188.18527413965802
42550648,277.28491059415126
98465226,126.88230718052084
30886863,558.2575063121917
84535276,101.1743801195028
54301788,445.29788431192276
78637034,271.5533503041897
61387156,106.01833164066456
71715096,202.55320729446248
47859897,104.99252837202243
59800013,281.86583211036134
95293248,211.34472912356188
11553772,288.5344577222946
91107127,441.01427043311486
66825939,118.7868485389215
33598864,155.44690464943386
18818037,582.033363444003
86800656,371.4798072272023
45209421,138.77567569608678
99712718,61.372850719545625
80320840,321.42918476890486
24591401,332.3228874824359
90294177,190.2474112723352
14404076,171.8378869319003
60829113,133.29245011241514
22529505,26.04196358310933
59566170,443.8977102977032
40149323,1441.4602834617624
40382936,460.29068284564175
99300537,127.36113016072004
44631793,107.65643126787839
49450050,93.57557430819415
62395628,128.54264217801278
30879014,266.2081987978972
85524688,78.24163634924562
87381496,734.8208053417029
66258576,294.40737434355475
71415255,321.5745688447983
45179604,405.76650920265786
82676573,188.24099300773233
14654038,50.93805202298014
57261303,247.20352360320484
69037727,398.24555192887095
78583522,275.5145466102862
49703078,293.8438661708142
78525136,116.46260104421026
86407509,279.6090791196671
33024193,1021.1163552215463
38535158,560.5531927542592
84179400,110.26976167333812
24680896,637.7197765962776
42024082,170.79154446666334
31137878,1094.8561930771714
92689780,123.88252400298676
93487228,520.2395584170158
27421195,216.73354059257795
27611928,157.17684100792619
25261420,1280.54715099036
46864780,174.40375719663618
51909487,374.7246771590708
37913958,308.27361421496
74334619,622.8428508764097
24422548,210.1051781557968
58508595,539.3902753539252
25087154,116.0830167708115
76806766,277.12773002363406
27262464,169.54565267616601
73422693,335.19128566272377
58175270,179.1719068054455
76648743,500.1283951051677
36026120,441.0028489346353
87485989,425.5814276090461
88798255,305.0965316988536
85293030,1596.6176862957855
87029422,179.24544293784473
72679949,148.4344382040231
25871017,-5.303624813266435
61396744,116.74070321792166
63197784,1444.6091195516708
49632353,168.95416533317155
65625596,142.4358627390561
86795596,242.80267281416624
81433856,201.4115498144941
87476873,1071.838706196969
98147948,334.5270911348915
99212421,236.75462616557405
78236394,544.6737535614445
60511137,116.60169727135143
37030090,1895.4752921602899
47227545,400.71452260895904
38980163,249.54054956518294
33290320,223.17101160592665
57735630,288.64061763955715
37888473,454.0484609137309
54251453,299.4078593647196
85556127,121.66511340679442
26903779,213.08869269105855
91692809,222.20789383679883
32446203,382.7610974541795
34350235,176.29935844392338
28532174,2029.1643603239258
59869496,117.27283236501792
37887202,84.0853175053298
54799254,160.07011131812797
44298051,1082.8184363524267
89901990,158.84381011336325
73292166,375.888293045292
21775362,291.1259032429328
36884233,174.21532160851885
66353025,76.45204812530989
19481125,118.80337168085818
95336492,892.0516817984934
32400462,1215.6943556890287
28975228,81.07785974539034
11320585,581.7470114432848
32162156,177.88745210864252
88724326,450.47867341362735
67650053,237.03572994817983
21038175,168.1015755063694
64836379,183.9025300323251
60827779,194.67881279122068
88997264,781.9438498771561
44622902,351.72194445299107
85670106,116.87507428156843
38945693,69.75819991559788
69337730,406.18760115497787
22890345,252.51726021512584
93106331,178.604273919652
56257607,133.06352175377714
42845025,523.025358326294
10678470,579.0670386296673
35975743,4774.583114263272
44298756,413.0864491460044
66670226,89.97637648346068
37883517,1038.2679163942864
62831558,161.89971973948386
25294874,103.62210530862188
34601413,2140.5296099962848
61300626,400.7880470805671
63694211,297.36831313157785
70308634,390.05105683805806
92846964,181.0541956709687
32093061,661.7961671207595
68496425,324.888906972819
36724576,270.8515556711369
18988842,103.62829019054385
44304522,111.93543588090304
91192236,126.55017205759975
27105876,149.90370119777157
89869414,87.09406441443518
45877010,123.1632427164255
24146001,374.9885500482375
23395701,285.82818629643725
38974456,420.7220171028598
57842607,283.3538955767091
51687346,268.12699646408254
99288080,442.9025996050344
58963406,244.083051028033
29443260,818.8116063338226
62626422,1139.1582494097747
57515098,139.7575003575733
61739694,1080.2278245580642
27459512,135.05395187159579
84889146,126.63805961020488
58681841,106.87476556388762
63593417,2064.615615971819
33073018,281.48680809215836
18775917,115.5606636008454
38962045,150.8471142629318
67933426,1012.9515610682686
54603681,511.43382447303736
83399485,265.15218507857423
64199110,84.34419716609383
82415208,363.2110380838665
87961803,181.64388982216872
44853010,191.69087595843908
59952980,110.15807915103808
88562279,224.53227014689003
55858413,591.3764386671548
61198975,111.69393031511277
37448315,1242.624431816303
19525923,173.22281714885065
35026025,216.38525915874004
37029910,119.27308822722675
65651564,454.7204608145829
76546746,92.88021252539474
78805012,472.22276495603666
73332787,459.5072484154958
45937289,356.1271291890323
99048249,867.3797612217168
29475704,258.88752879813507
93694996,514.4227465951072
18159173,115.92326191839152
50435273,112.41042217278118
56812269,289.83121725380516
10385151,294.86038626054057
74541267,1227.9541172035836
16719195,111.56295424562646
48754743,230.0015166127008
18188655,95.31974869608032
32063627,356.0872343518228
95749552,120.09082352774718
95191424,218.36561073397934
79363744,345.86187761844036
47169927,311.9642174692082
77108983,100.59885056133865
44823862,146.12640693766295
81122519,201.75302288944303
18168723,214.01442977664485
59737458,208.34731414399775
12477444,109.61472484292595
89609832,1596.8092804177124
50913652,168.6959185816114
42856249,112.7559838110672
62711409,215.04696538961744
67374114,173.21226495708842
26708384,221.64915078583687
57463109,279.33244302526003
64273952,50.073962758729245
56304545,101.31539436548348
82795140,232.9646244109961
14007213,121.01956294206192
54415843,99.90116927066211
54590957,233.0330039413954
67350145,231.2439684336586
74993313,163.28058146206612
62432527,310.3023576696923
33713363,150.60634423406404
80390114,113.85390986345631
12723951,142.61929384652788
71416124,329.35081917486264
72440899,256.58905027576117
60115717,261.7708261630896
26317947,130.82736020250118
35504199,387.3273575801888
30187539,367.09377858172263
55346293,231.2855471520458
90516502,416.3380701348513
72045347,108.6514902304761
79850408,116.74528390443965
20443404,1779.928003729688
84501791,154.02680067951172
73999320,117.64940815080269
98913461,74.96589188051277
37225199,133.1005053229242
16193655,437.82069569182386
72620298,1231.786174277385
64188152,206.5686990278169
67784083,321.08483255200105
90552658,883.5457635672493
80748000,983.1521173566942
38083778,794.5796659957415
65525497,120.02511226770575
19381953,135.01594761447748
65723090,721.3349298776844
76151738,723.9818907395218
48225827,406.2294898758303
27357384,141.027177580382
72090603,394.0576434744983
13739096,173.92136011783995
42442381,264.6318948124584
57561155,515.6339730674274
35942827,158.50241513413715
89196128,406.60808780356876
90585757,108.51136873171183
28123361,84.62974050434319
54892166,177.18362846800443
34399967,87.85506422184389
36429013,291.4788916257655
87308981,402.9789296715461
99529719,226.75667489778965
22093311,398.3266953414099
81263538,108.7789309159777
71338939,330.09080503957864
26758105,674.9311270319348
97028969,1830.8951533791978
64463656,176.27713395444817
56099433,157.63681309442399
85325718,252.69391870467592
44166454,253.57165512464425
36489810,153.69512831237063
33207901,175.80663011962523
27978007,118.9016581787003
81479630,214.27552110606294
51537650,355.56839771119115
45619520,150.54498030786323
38111175,336.840702561837
52128949,1064.5639034956587
25404819,111.89490428469851
76230938,89.23188752651824
35633669,172.05996249420411
17486296,413.14204160444933
26823352,455.5591804959672
24234066,-17.727364736234357
69609466,321.5882047589654
44500625,494.7203422558888
25810885,923.8079753663286
47095933,282.38455920567185
29996746,155.25094109222061
26824387,-206.43929867058887
22560248,59.496616246137314
67043419,138.3749631347514
56128877,1031.5330196203683
78532613,28.186072826921016
63334626,181.41617231165077
41942475,1174.549851817142
71572581,1048.3445040855377
31224917,288.30462752737463
52061385,1484.0655233571874
85648776,315.9646780915854
89601046,354.0254593817241
16315474,425.6526432134486
90885644,525.2552428249652
69988016,408.5385595381904
55363982,167.75557158681494
15084841,920.5811505508179
85269120,230.43201378984782
31531393,68.34233423088865
65511292,149.9971930657125
76207920,1558.0901372103604
25765261,1172.5845760382217
99628783,119.92595057385986
29123949,1426.9084117264374
84071477,455.8276362142985
55408575,125.84297864620125
18563235,1740.3783545438778
32862824,2835.620447296117
87247913,362.39681937902725
70811397,640.2444544027409
79135010,300.30936810146085
95532555,116.91607078667798
91619153,194.36220627060808
85185899,266.25529087434137
45503458,138.4316277912346
40572975,378.61154325698993
89004010,88.53513263688221
34562042,400.2142492098951
63463440,289.3891101179788
64460362,93.12835274571756
67250925,137.1641479599701
14939721,153.3360895013261
35310686,63.02136245733154
71187848,112.4986192722987
61524357,3327.3848008933815
36782194,602.7253898470452
89842273,796.735621659029
20614858,427.4055460258905
68048266,116.7456454208285
62462117,398.25035268938274
72115510,265.6443679181594
14057421,116.69924930067043
99878320,153.79041309450488
68934495,232.4704261494174
63897425,540.0595266555861
30823846,101.20401640811954
45856506,124.72434495341123
36318458,493.44230846909915
54709816,137.59134961055491
58956301,488.539716947095
61193977,279.2296532767207
94916864,680.8924909319627
95563649,1256.6148887805718
11808364,290.03988098497996
53108582,133.14924397374926
37502181,740.9456445788295
37996385,142.39069759167378
53563779,153.4083151926253
62612706,441.3009900839861
33233317,119.33240921411277
39285196,110.38169604161753
12469660,1047.530504014752
10086272,251.10642674347892
61556619,245.53501383674612
44239580,1867.8904754429561
37303458,325.90749808052067
69742763,367.78532099640796
79252407,942.025356191507
55035288,115.83150445174107
22573833,171.35956235064913
73616028,31.400242472043985
72379751,110.07770651594122
63515051,114.0828381628768
43605274,161.24699407007438
94526159,89.101043825906
87017405,1328.8599971539593
27785122,272.3997973723425
88986010,90.57288368711703
83705830,119.59352431171118
19294754,395.9947057813
10016581,402.24253014959834
98337631,106.93828095702649
96284977,1122.4378131654253
85120493,2700.149457545447
76912038,138.97998859289567
38273802,2115.964654822126
31373003,1091.9805605853348
16311364,813.5266638522019
81773825,118.18934109705935
85451822,123.84612343394542
83837897,184.94944030856814
79840167,327.843519617427
10053165,207.20233515820445
66085962,169.49675816186667
74446354,2534.428100332289
71248291,474.51369535111945
13527988,1997.628858003858
59655162,536.182370734785
81270080,270.58755119384074
25459024,123.52324056475035
57124820,166.7014749985292
38744724,338.5664981812381
14672828,266.7061621267817
86208199,293.97726182673483
60804234,132.31650289816986
26637959,134.40637790232046
84505191,235.78442164071663
34949195,225.5299722633606
18236230,359.3196225408273
83633670,797.2546361160456
38795738,116.45268641333936
57060441,1041.2974608967145
63193750,290.2173602184691
16584196,94.83103663737964
97470867,86.30515678200656
57117308,147.85051130554808
28539736,117.09305170117314
42854708,130.53757632083494
74612987,380.31036986409174
18574187,123.20843717595366
82554201,260.12128783335277
63502035,520.37460457666
91862663,989.3699201436266
92211122,1769.3104633324897
31056808,520.032918676643
16943964,810.2447522038389
32863651,880.5749566409454
68176876,50.99670017925091
49131404,269.03611705492574
70277995,105.26131485469755
35494136,199.19869738821927
81234980,426.18562925922214
38613978,80.77327249162761
58078556,570.2671843871431
44540392,266.69357937671833
54581831,148.1879016174071
27711464,116.31683391712265
34639609,347.1758520142921
61465981,747.3608829943164
97434739,953.7682746511695
11115465,125.5201437260608
73204702,325.53005003720097
43122014,229.8155139369032
82465915,126.77361620388666
70336402,64.84048254836722
66860305,1547.1125663104344
41500458,67.07760058990196
92919391,426.0187674791495
99618084,596.1837192854567
86909460,200.90709035421688
17337355,120.51257589572734
42353664,139.67255019105994
21765685,194.5117902378473
89088918,93.0857081531845
35899962,137.51085850199388
68684318,590.0835171091736
18484780,122.58295355496631
87388388,445.3722733236936
90094211,322.98089022260984
16804039,186.08774340531755
91010086,132.8592347558563
99469868,132.98327873574289
37545302,241.21578135567506
71878464,189.45096162096038
21183040,365.1033218993708
35304073,520.9470843173767
50348670,471.1259530460717
34230931,132.8554672740724
48867425,561.7660105568217
35018884,156.61006816631607
82792644,119.39388089399908
55638604,189.3944367179515
45618589,116.79399573257048
94996859,539.3198905623409
59711138,560.9459731064665
20008628,116.6449199670516
74210201,926.9237545131418
71592370,822.3469653201926
91112168,719.6398535613148
86979588,137.89365786470847
77491019,134.7985265332947
82906889,123.30182205492605
47215201,492.2992036877711
74482354,184.2846180686413
85248466,122.05451866957871
48081067,266.91326277814875
15387364,747.9821745024163
49479914,492.1873971754011
67144063,2171.102756793179
21546784,128.1467375338133
33690767,418.8891532076868
33115846,202.86875787929273
61562965,146.10704573785335
39809818,86.53472735775662
68123009,385.57774629044167
51851996,2615.999253765907
14592737,89.84545686785674
53703850,1436.5511832117515
32305458,137.3909608252879
15802272,427.29951659404236
36113397,146.71884360919444
10490484,400.115138920308
60733954,149.55822816390207
99162691,443.43429007329263
93098807,140.99417650374536
40838545,189.68835797871986
11051825,203.34449129558314
82908690,1090.7626476561472
71787511,786.8296061968631
72823966,1056.9284462626235
12980060,204.06381164001098
96086415,236.85858426336648
23697274,571.0959869613658
51614059,2831.6909752735874
78779574,522.6847624086812
95241308,166.41116987068523
17643222,405.16230579888276
93263316,250.54152678417194
37302631,113.37975536979715
87271886,103.16306241359116
55736876,889.503053493098
51594702,482.83975492694236
83945766,136.638802948805
79078313,101.88974397971482
31277810,302.51971461322574
74965419,99.24271749665915
12557472,119.20950831343059
61610958,247.61066201757865
87565891,262.6702124416436
69835471,139.72133081869936
50409416,699.8811810424694
77449547,87.98307464527444
97554546,449.73106770925955
15981479,272.3457101959869
19522006,1458.7230001067703
27996044,105.50509294528625
41161764,602.8078982339028
20740770,666.7425007799674
70042803,171.28687972953566
52210690,192.53871474142207
81657059,134.85099571256038
67733763,256.65473411136895
19453777,666.130948751124
76648543,137.61301457587373
38569009,475.50161255812554
24713941,143.78577091182763
89660454,126.21086941687649
85740410,445.8903033845037
86257801,810.4408311967857
86873805,263.9915763717588
33399735,506.14844688100106
37535534,422.5373107848523
27667456,4117.31719214943
61581329,149.253466888825
51263630,337.5336577379974
52033053,122.25126907000717
90888218,180.1683936125802
12546179,202.52306386333657
83093814,302.4500975130238
46297699,144.97856508365766
97044400,470.158680269375
31763919,111.39439630808965
16008849,182.75097045735603
51084945,192.74030698361125
59957604,424.91841668447125
18780994,131.72685997277276
87997537,210.8850595951206
45685391,122.63304184329597
44441149,601.6791325483881
14178311,346.15239175083093
43522500,108.95679764584125
91025767,149.09979192257697
92328854,109.9654904778819
53582398,128.57702856611917
79088536,1061.8776583147214
46193764,148.74751355051546
84800487,164.9612780741618
58906346,170.8379123467432
16384425,78.17659774492084
31314423,168.92994957053324
78713693,409.4959498581125
59579059,57.461205698144155
51309878,394.3099673597253
18367921,402.6897022893371
17963218,1557.1494128333406
63773516,2345.9916905895725
43820904,137.4701126362111
61844633,485.84882539436046
97433520,369.169026004861
67890378,365.8378765762457
84770654,263.1973296600125
56388014,183.875347949112
48498606,278.8648294589683
96139568,157.20699790008382
23184000,281.3442533595663
82435682,1197.4791622150394
84725417,170.85922361309198
80398008,110.99831669804676
21408816,284.0066591316134
40561414,232.36534763043858
47526789,647.2092033686364
34202671,188.5253442771753
47410501,124.86790838749096
18437030,78.76027500008043
89947527,1026.7201410498062
48179652,2513.146638493917
43574355,688.4686336183198
93441626,127.06190349467609
49833156,388.4938174259153
27436801,260.25645529207384
43212239,119.13158583579258
57781002,136.52885627289515
80452756,124.48411981792447
69547198,151.50383123557404
92282402,47.586587763448094
60080700,486.8697026316225
77220496,356.02220894423016
54095090,104.81555672531562
28159066,124.59120410979743
76298460,334.51808912863527
57334293,1702.5859729231704
51349452,310.5216565545464
57825954,115.32589885909204
75566691,143.99593468423683
21994482,311.35756910726053
15472109,202.21047705687837
74524636,1752.299100203421
50954892,1013.820528708644
72834699,162.57717162646185
62999750,208.69897810106676
33123268,904.03510856615
66540114,150.10020312192484
54002928,177.29219268746562
55085304,84.9183288986429
22151066,164.14910656648746
65334729,517.1254459710874
30865724,92.49168277928882
90388666,238.87410907507382
55605064,631.2512086590882
69408128,362.04134801656454
99473168,2952.7159955969405
75818797,129.01550213945546
62565025,1948.2165346311476
75143116,145.85523000412633
47696923,95.27541245087312
19416750,723.9016778306618
22855194,567.0725622938177
67192782,363.5120858911293
87517475,133.58174651287777
56350089,241.53649999647521
34134972,92.20156757132573
60576347,148.2766505618736
26319072,97.78694815078033
88893111,193.72927954428042
68033382,197.36949979229576
94035885,280.10900616917473
81187160,538.7912968087592
28315736,395.05989228266367
22692256,405.1284410145932
37267592,129.66251145783025
91150814,92.7580787600317
26431305,117.07898529749865
87910232,110.25344956905194
41955248,494.97924981084304
69743430,133.5762344594785
46703259,230.37186109495684
31441294,179.06333119645393
52540774,471.8510527837506
86506186,199.4164155344022
59584539,371.568745960678
97314977,245.49886727172384
96666615,283.70447541149105
79683457,161.0611746568365
82209443,319.0019092668025
28258830,433.975990115642
42067661,207.13797209187877
66297804,100.22623975008854
16941404,128.22344209197266
75005309,125.86431745744119
24570745,175.50790392612723
86113362,106.1694710162799
17047985,311.7776978701938
65773050,132.99280200705107
58445540,546.2667451187581
48523637,578.5995528070752
95993557,206.46576610617382
88761628,109.75312165162416
35281082,77.27292351888207
63427827,394.72881758124646
38736916,112.80644560345571
86580197,237.96778504455517
23112535,244.62147007031214
70370352,57.83002903034425
27855625,98.85919994750697
60833031,100.62201089897681
23047956,1618.246137818636
87351286,124.06882575699939
75886001,120.97960653151898
66301086,302.490723805153
60935733,166.7701667311132
98414359,274.8366954975338
93169508,720.5264060631711
77985316,256.72318753041634
22647726,196.4596873644636
39865459,181.82039217576644
81994206,601.3217414627356
62822262,142.75153047157627
85331429,136.58314861284893
75110630,128.29395759072878
51138756,87.65344081638042
83491442,181.6743161455266
67891583,579.1263770986752
65475315,168.4753278321932
37180335,417.1572353872424
53617145,87.51604421809284
66644091,160.30081015665155
85685863,230.84252859892035
67756317,134.36530631009455
47286828,555.958685735766
30798257,117.98751326989202
55429056,1836.5916183750303
48423935,127.07970151751833
70215654,1767.9132699239742
84995114,230.9167532458819
34191374,222.32197056693582
94424055,299.72052678494106
35266032,155.6858360640842
10282778,95.39260686097352
74509894,55.62997391823463
62379565,134.08990002050706
69295266,271.22723906875825
19487319,148.9372845305475
80523155,1570.922040311128
76258438,1013.9912131896431
15381648,849.0346510505219
76313330,158.48831300553013
67909709,381.31597257189253
94172578,172.37003953322233
73730320,368.71404935942843
93164433,428.3950310469201
47160388,44.36877259296802
39990609,81.22313811094936
64566990,741.3579727643755
91126842,488.9422013270879
52824809,147.92464315113574
57254599,295.26910004663887
38718331,216.30629950001483
86095545,275.31885274521653
47117496,97.54476276057876
38398092,92.21856236431967
35904079,363.8312641526041
90919237,182.32755418786797
56102015,1985.1561809363209
71540566,409.49932694675465
10011577,774.673158012322
84723499,779.6834352429976
12437858,211.67398970911228
55600884,135.43144332791098
14903844,99.3907751781999
79656066,239.56390096365968
22833793,906.0942608001333
52725368,165.51647028021216
69338616,117.31905948881703
69512258,526.2760740980763
96249786,133.74400633233307
93289839,462.8088478873066
89525161,670.7955114563631
25602400,240.37995060774793
82687645,117.49186862067303
86466057,424.2819020369742
31039064,107.6968922593888
38126410,432.50498900777575
98941268,186.8310192575884
98887377,892.6303931682837
19069593,229.3614957843626
48991500,1052.173490594126
81340729,140.45559685318543
17755803,140.73539793520408
28332754,-85.01725301961991
48710415,180.39406320735276
13552122,115.9680082491088
67175252,195.64924312030053
81401006,2311.2867997211342
87569420,487.3339649918361
68775804,138.04930952520772
51303767,148.53875289868873
36907350,146.77071044549905
11852044,155.5806734322991
57122012,142.87651067051613
42764646,257.32480559212576
23299341,79.1542037108716
99527596,147.92093804628004
97393585,141.13092631954586
43578412,66.40414445318133
98294611,557.168921323243
30924809,96.83108104967883
88121507,546.1333282818123
81094653,142.88730134218582
83948197,56.108361962041286
53707208,127.63192027823996
72598207,89.92277326895292
96325015,109.2274014312649
32527392,132.78985638076506
13367283,95.56053834361494
70926441,1293.2390781017623
14507496,165.11862354407785
84516945,146.54772451175427
17478153,191.50240781685338
83347951,210.02688849930186
42507501,477.4515867234063
54322410,91.73406004550343
51129418,170.80403899549796
92284337,929.4182280175273
56191305,279.47269349457605
69717201,180.77365998033054
77803958,1013.2539195018454
30868541,174.601345149439
21948362,128.0167612063898
64597726,140.84389669128595
24753315,273.8797166449622
83137150,421.1269749415309
87115344,66.33335622532925
99984175,419.23042247970204
78503238,1069.1297462812195
56241324,446.2619350661545
44979606,102.5196512683343
73782771,119.3307914973705
83259646,86.33887086707294
83615385,611.4196794426667
84238097,391.38111799759616
90104229,237.92229316489633
47165230,167.97354863848844
90052115,96.0389254823327
29318397,2477.315182043376
66821977,400.71568823516697
74914365,129.24159592063455
21821045,77.79044750860734
78077361,164.72934911072042
11290483,160.90963040076477
18150280,96.63194598809366
97190006,537.7689441699166
23716973,103.62816505155527
22402268,141.4573825776162
22495547,210.2473739965613
62732805,156.89958230015705
35149813,852.3445265380443
45074208,127.68190588074226
16930048,117.483601008548
37034316,329.6708014941861
41257506,897.4271171809308
37119194,75.31060054765081
67834562,191.022710412972
34524417,188.6225532652783
65917034,1797.8091685028967
89187031,1206.1066372421667
38918236,323.5080761445948
15343670,1057.6580723739291
14075655,179.41333501402255
38174910,1185.7621161508034
58723158,157.63442414087592
60249533,534.0261267718784
97281245,708.2794993704969
72949298,193.06448760979433
15101045,107.27356765604753
28123842,156.67292822095825
79777819,206.48844256350765
49207880,176.92349989274223
80546483,673.4257094206063
64032695,156.1961578795594
13192282,379.13337271330755
77309020,149.50641742673648
61977302,139.77004581702886
97344057,105.06762960167873
30586194,737.4202311179587
56677229,660.95190799072
22130117,1045.6901490756422
40261245,121.84888807437562
30166032,163.89415912033294
77089984,140.41291127560598
26878900,584.14065059068
61371436,179.99398973597062
42742062,157.40727698037077
95339974,236.05944941490213
56107946,192.29780080885408
75011328,1060.7045402215108
72662754,832.2248235387739
72203106,106.26959137193745
70496852,287.24406357718567
13201993,70.37339825247025
78164844,-29.976548246936957
59342403,235.66629965827605
94540895,1593.3201760572156
46539631,661.9931354474537
72239923,114.10267378955736
87927143,90.31255327778253
58112642,295.3205003160439
46348606,229.1412934234344
41028863,517.5564062355248
24368370,192.5980144486294
29933781,625.8729031002291
82791847,181.02696181744423
96015529,134.55512414861548
54561874,113.16286215779958
53184693,103.91033414985533
76671373,1159.1584671460719
63611357,261.1978929929763
80706420,277.63564260984384
55017743,224.44794059763342
80689892,110.76157961260873
84469446,226.22631613652092
23226721,297.43275800127805
85084580,79.03343599591486
80669002,206.8905013270911
65745002,391.61343936544915
89007400,391.61241268941734
29824422,399.53388521065256
35775431,579.966571557913
14074630,842.0835940409655
72325201,977.4985551755068
23874500,844.0970531656374
37300173,180.84874486775374
33493494,629.0365730847195
30229764,388.1532806321565
43966954,492.92339647523346
27845488,298.93613625814237
37461765,989.123150181778
54994083,463.62541215254294
73747516,-163.120381946524
41276058,312.0009505777378
55912598,72.62939338590562
60686267,151.58961941172552
32726148,62.85598847413948
99279088,551.1835961246201
28728541,513.5964139870609
13858737,2708.1847983381263
21895570,566.5596899719858
76323759,230.42710140391569
79038940,177.56888846945483
29272847,133.00892933913872
98713132,133.78208832005188
92394953,931.7314441033398
96580365,311.1680764855819
44481344,279.77188115086926
16420037,149.7085593330633
93921984,279.7234300503481
26481610,117.91434099262409
36292815,2429.78752984596
77806189,583.2060322546494
75958945,112.81435285147072
65456150,442.72318863731573
80743824,327.16702687356207
49966934,332.1055337699053
86026791,841.9538814316767
85816309,300.5970848190805
15568874,494.81065608504474
99556884,680.4013291761589
27514144,234.82423729135382
33950340,207.58933887096708
90674412,126.35572484533724
31688776,130.06341617632745
58380703,543.4230842460202
59666638,120.34977493856748
28858647,272.44876903040546
96281488,2806.032215605333
81757957,62.43639952923186
15387606,135.8162463674002
95978588,55.683101322350346
38876766,249.96060921499287
97177476,123.39699625571387
56304916,488.5976718520108
94447504,113.90140516821282
12858830,88.58404127742189
29325031,135.09934198717005
45137864,150.7235921067251
40574206,820.80150619394
14671172,597.486277255782
79393183,171.717086540855
73490914,863.8755336024392
74160460,142.65706008449436
44164617,86.85231246154531
82646950,158.54469379866265
13359174,106.25194838663651
75134927,297.32335848388226
36042465,184.64505567440176
83839627,120.44866410962491
23668396,239.23343523055462
75299261,292.5796150409858
41480775,99.4863682503752
33690039,114.0287307363685
22503085,1266.0323392865616
37466667,295.1896079004911
14321282,197.9033531532737
71351933,355.29894482469194
87081502,112.26271101311478
65472553,3312.50999345411
99213360,138.99690247065192
10832464,152.03416030966343
51819797,834.0729724965942
75955259,183.41341539123422
88647663,310.3473349269903
48629803,306.01794445067696
83286245,100.81830491723949
88766577,1011.5123720898683
92941012,360.1485634118561
77129657,59.219470229270264
98212477,98.61243666578076
47578988,246.29382948643337
50209960,275.87816237247677
34219777,514.5417540654299
79439231,98.69548346007842
73635146,289.6972229512018
64910994,152.58546253671605
53834693,662.9980479087135
11363592,230.3889498496958
10873772,306.66611244195065
87767702,697.212325541369
23454749,802.8153208896185
58196808,186.7629215033461
68491285,158.18705410080975
92242279,106.3058516227856
33507598,549.5541012101357
31155680,140.14710111820523
69782815,874.3017940740087
99510246,112.71188022264795
76945883,218.5521232733485
17094345,60.099429161173795
46337525,209.84978630839655
28488983,646.7294902688009
16761031,179.26713274116938
79032271,112.20337816388412
62295468,239.48240518119707
34239247,117.48964558308366
13382072,494.8033913208077
22594211,164.75825612255588
57247913,405.14145046707637
91685716,253.69710450440266
17466502,757.4519027548293
33964749,602.423437027699
51427608,256.07517279709566
24310192,138.41034002213195
31116680,289.79625056438164
11417356,130.60627109697842
62762079,33.71896303328057
42671255,1978.213385976999
96926020,124.77667994973103
50275050,638.9838269556512
39760605,119.71848302400548
74898826,188.07799593038658
72916922,158.70989837290986
15943032,179.17847304707033
74582816,295.73436204813237
59875250,204.34370721463466
80790659,701.1732401921051
19888418,243.77561687501708
31588130,-70.9333358324135
66158465,157.05472970749855
18800645,121.97440936263955
64505218,100.68262792620531
56056799,165.54242017836418
10374837,376.7578043883333
41300143,101.98527900558537
78621253,124.63816306371373
11141195,1.1169743878009981
33865847,471.9956559272176
90610974,463.6448098635308
98930552,1382.3923517666165
12727530,152.366434748154
52930535,442.6047427563051
93753865,316.4709220558745
70595210,496.66228350074675
86025280,164.86458661157408
78663509,130.5738673553147
21322626,517.4751060120059
38172344,198.39172865528732
12467923,1151.4884357240876
59832255,756.2127048775058
60019461,688.27736374413
36274445,547.513984168511
35417851,952.1834086217197
24997453,663.92629854313
83094532,129.31911830867833
90174488,1950.830780751251
71319002,212.21519529101883
29621396,465.31204644096874
10011880,873.5918645905396
17190126,1489.2813162594111
70424510,295.28256125658976
11417531,255.56258332140584
27554957,178.77578326913314
13689480,432.23638908706437
69613512,264.6223513073212
74318773,505.53920978538696
45221034,929.2595752495972
12200305,175.09736171609018
29052499,134.50152962623554
91168920,52.60131866437588
99587330,366.25232945074373
85493546,509.61830706850634
36510260,169.77663748324127
40370308,930.1063353043055
89123563,530.1800153894823
68894033,369.43669513779236
73938236,937.3217693189792
25242707,224.66517583176437
87339346,1147.952625513103
34182148,838.4924648723032
55488547,236.65121131071808
58799207,383.3761788039143
99415472,390.0766374244863
50374353,275.2897763038402
44632960,342.04494138060755
46918499,648.8189248548028
61219752,165.78642141045157
57928854,128.13377194014961
22536598,1045.4437796572197
69936903,158.0028853157823
69696012,67.79539743829247
75807455,782.3340285001275
31557332,1039.2325582229907
98503124,313.3988762629583
45347570,274.9468770448511
91321804,731.1472658360568
56392111,508.47438850911277
86308272,340.2619432467067
64596791,685.7036164500801
80652734,601.0118657355969
15067372,95.75749305577173
19485124,83.21517502386895
14453004,174.80496623289204
26285533,149.28734169954004
92838656,114.52857598692775
37408293,127.32012692248577
44619550,471.04174071618763
12229798,98.32851945420258
19471907,483.8235874566589
79387412,2856.07457830814
62896852,133.90106562028058
45934349,265.13449309695113
16860511,118.35345623412967
43506983,160.64927871671264
70740306,141.8205609275008
92814410,905.5189006945423
42104710,211.387270363311
23656647,2711.891397414353
16622582,809.2744340096593
91730318,123.69344294107938
71502047,386.57122511479184
62198081,175.0779143311135
35586426,101.70546930381138
73159054,155.5654368813115
72932579,155.76038409680478
15860553,1014.5233029566377
76499202,2122.1150768419448
49147306,925.7760737486452
66173222,1109.699926324047
36048465,112.50863142395885
58226162,391.5446608789979
75348253,328.0408912037171
29406516,122.90655291207268
30120831,239.45944775264437
88886135,258.40235980646236
90716300,173.8527790189076
12118186,115.31463201796528
39388114,143.14604837676828
43348151,334.9097723015911
70648988,618.3410873560763
89828759,1773.6905372438785
25774436,144.10689190120297
56166234,148.88295274758056
46207048,287.0933882931318
24260337,1935.5358788622843
43372122,232.23346415190792
99211792,330.6255668527461
72425048,319.3721297055658
58848576,667.9458586954224
69451066,93.24846284155333
46571746,645.3129540540642
35037281,117.40609806183517
85573733,827.088486353676
85004009,164.08525145634542
98713147,175.77309701730778
99574842,467.4801490365109
56403873,238.09032402082138
79242881,197.86184651363877
58458582,108.07377679459799
68482067,227.99936991400114
16690135,128.2442287800681
15173091,2161.902836717533
61448444,421.5312196754645
69237042,129.9437575394498
85145895,386.3147836729064
22701271,143.96212910592064
39148372,98.89438457741117
94500108,488.3685166524877
68415143,848.1551850774356
40595467,281.8744957115957
53076141,198.6657173799981
73641861,640.3039967826332
48605668,111.0070355241488
69923530,128.79891838873914
49319680,368.4838188355542
45928049,142.5511537097659
73814109,220.6421884615633
61386764,1746.8887049734126
67209776,986.126303865023
10596331,204.8788333622324
14387887,220.2175785540107
66568548,108.98953166429159
59240082,221.25156392529928
35040177,239.01700736244211
99480365,437.2334211177219
68333386,564.7759714109927
95572882,125.08537373012433
38132096,1074.6636343396883
76955826,304.6046332094075
17729676,240.22926359159985
42211142,1186.3065481849908
20158681,210.27334655255072
79393152,564.8682856443639
39911125,131.81375745068124
88836366,1275.267158910562
20409154,262.57078110481365
15026679,237.3858719396692
42131515,554.3065999138448
54650905,85.49231879622951
26838390,171.58778503981853
65068346,508.8486827842386
92979933,119.86579599346744
95452518,149.76512060714057
38822689,112.28027804431929
46355252,609.6531813869559
12444224,57.49372795401967
42979270,437.822511440222
77573762,231.99563100381496
14826829,83.61608009798181
28709839,412.10895717930384
18829646,139.5398921485515
96568537,170.57252380439894
56829547,116.33735503153285
93979772,202.72826567900935
17626588,927.1149285997375
34011504,615.4624854850456
52636134,318.1171258804035
91687348,314.8579280933098
36508418,170.58251848311784
82621948,145.74521633677412
89318730,125.44647119342521
98717167,120.17897148665969
26278873,103.47577013793516
56823412,1485.3609829975383
75609163,770.865979770626
90104725,-28.274369000356042
75874553,327.58726171207667
48469293,185.77467380647448
70313722,2857.7205252795075
48269879,947.432012018038
30338233,121.35805139369897
32779513,114.796588279277
75548478,195.16797421794487
38561257,130.12571676250946
10945373,882.9597988571122
15756944,1179.3241442583392
46940446,335.0957048136291
24659465,171.83741897258636
88948806,933.8444052683077
34164402,216.25738108962832
79477391,221.03286203691644
15537006,308.8279091163081
88911942,152.43862393363753
96378293,128.53879501899863
76422231,117.25679300591086
12309843,251.18764056069188
96239148,-187.19474892160665
86466781,185.4803249725306
49050128,88.9792685357354
14724818,1029.3966012745027
56683970,979.9617111153401
98393974,94.45821932717676
84824034,983.6720392090583
92573067,106.69080027456256
73226546,151.72042969263782
61358064,280.408050478073
59398688,1336.4395814296693
14969480,334.5800722005998
80588045,171.37440558728926
95597071,157.9348652927749
54836005,174.7519904474252
23220441,449.5425205448755
59018993,500.69982359138595
68425900,184.86465981502553
96400633,129.56953299676383
32664783,728.3140177904896
37951383,263.8198587674322
42701020,170.27257003189348
23132709,284.59677059987945
36039638,1300.451812285737
14728562,251.58057018503968
62765095,244.21246237554962
90518206,218.11286646948622
99330676,772.0528305109369
54002963,439.1601751834733
80024301,148.68938330199535
83450392,132.18718358065593
80827964,160.70213984771485
22623823,611.9332926845533
85154401,516.5403524265448
92409200,458.62226025392386
37461274,684.2687765516669
39412052,127.73914987468659
99188219,142.7396581692927
10533163,57.172379386803975
16576946,413.35724818168586
10571061,1140.0552709360288
11502784,132.3938788795157
10627022,741.6682166750401
66112731,186.17346835816238
12271580,2244.228391752869
19300863,170.9965696198631
42301466,360.8449956981467
93227392,382.00231848934993
13989390,423.5969228569895
83189444,57.767191498406284
88982820,1426.7858166480707
86309809,998.4325056594174
93812427,301.9285160459499
79351177,363.9484217606577
73882065,219.9222410539709
85331771,88.33575365282894
33746879,418.59387080090147
90357052,127.58104176409356
42998447,182.22125105981073
42297649,134.00632395058977
74232297,91.27557867702782
68234963,122.48006551118614
79955240,155.3968300362359
33685499,20.80921109051442
74031111,133.41359690056848
81527691,876.4146712342715
25578339,287.70915537627724
36826714,199.49989318677976
66720469,116.2156272546838
58271754,812.6742045998842
79175453,106.64732779031563
91006186,384.77013880781874
75399510,148.13559099239765
65438642,154.80795843236103
72193555,383.08691650068056
52661224,605.05034308339
40274658,114.58580876585468
63582038,112.23727224649943
95316180,210.51661285568142
31722576,96.9655268908723
51439680,173.3195109409142
92864642,531.3200747216015
24588628,217.88242138088543
62383426,84.20702621338104
91245064,92.64124179902723
61715372,189.68429222686004
65148106,376.1889156557065
91441992,151.56967541639688
49274969,69.10718182475827
33917232,332.05903073057794
83235081,161.6300080398529
40753215,113.04403113661232
70796627,207.4819751862622
73931614,269.71063225880846
56857736,1806.6008329692531
54064504,246.9693366827423
20389019,604.5680837687117
57574601,270.7828436151213
16478279,212.43272513211377
68356151,180.20767988342823
99711808,88.3391749879434
98284968,244.19095506670976
30598390,119.97306291075473
55132880,375.01266464897384
34163532,425.0161844396774
40857770,139.89363328608655
79839486,364.57216579816617
78134573,557.096046830109
96251286,1152.2952869064602
46606815,182.50848958626165
53204628,130.5505190920256
39264189,1606.0533404385562
66917873,442.48673376822444
75228206,90.79945588279683
57466748,134.91242513264365
75500440,250.76009299836807
88152254,1739.6429713478876
88711927,113.37516944461339
71935730,362.37654511683087
11714210,717.7528735090349
99304127,408.28876586366385
79629484,146.47669216708113
64599027,677.5775912000258
71633685,638.2384847871676
14342958,335.24491551657525
27958253,118.34890025864776
61174518,81.18568007334706
74916891,215.38483617625533
72753968,401.15394468852736
36262662,124.67418703229583
60917615,97.875898754099
99306721,340.4381208720663
53075886,315.76646584111904
73928511,133.14909220309886
19965325,201.53099278361998
54826574,1165.6304827320878
64209168,346.89841770763195
34147586,327.57909272911616
98269123,302.8647223388409
97467622,388.62381637571815
85814087,124.89941424135482
72333580,902.8595963224659
30873738,270.17743010630056
10331403,202.844398908562
35344119,79.4207290590295
35769080,146.54776824772568
21575135,65.19601112514383
75304823,757.257530569434
23401574,140.31997679501194
83090193,152.57761734029944
86996430,203.83946092516933
99751646,513.6820900286931
23591049,114.01475342012301
81709576,540.1345138541011
82444468,168.02679118911553
38288153,3269.969858181899
87446209,207.9312717099651
12079734,386.12253153098413
25058080,70.88196101551263
89691662,220.1212594490226
13150938,155.45269408391076
36020495,51.4973024292991
54923182,329.0264233060905
28841079,48.28618246453313
41392965,170.10985762548628
17119564,59.1854468243608
57430704,895.7702490448012
36272284,818.7928335226495
91925114,177.5870646478444
74412922,1141.2825366201619
65743046,544.7032235787416
48653211,568.1394116466195
36332370,383.5466037419038
85424579,115.9366336890938
95090269,207.51150424881405
95971802,118.5749025947715
86256336,535.4327269578014
31156844,534.6992710697436
37688219,280.5939614830443
82437324,114.99225657478456
21950676,284.3626996558118
54094553,144.98471183645555
74374536,582.8333040281418
61738687,233.16309583865566
19277250,132.9090260625091
84311990,150.85809352315803
94274494,119.1214835578306
89122239,2445.8679211235562
97119289,740.5338497038482
29959537,68.36987319614063
22777840,1411.3818154903083
39391011,122.84759169198084
15127918,356.59475001905
47251761,1578.60379035383
20023773,110.41333360712889
96682736,120.59543916649034
12309412,214.94399258386548
11517944,213.00299379358
59425514,1308.140610808485
28854961,521.0969361508685
63750719,2116.7253786248393
69531684,483.3036823569758
73516640,149.22159430593524
92500346,748.4424637530258
66124065,119.96640394965183
28886163,523.4014761524295
19680706,201.0128431433506
83673598,913.2685055203707
85519237,108.74029818011866
37110854,516.3069172962405
96010780,856.7689857082893
51391268,431.2559789598509
17655078,411.1147247259513
26863121,403.16764602754876
30839269,85.55087168169581
22418770,187.4006404391758
88029081,514.2284740235636
27689636,106.33183923937288
58431423,799.3811743649503
43802347,375.0800961478676
83961382,278.8722396070588
27938336,162.4097103607795
35978100,146.07860778214456
89319775,1742.2028663276126
30362974,154.89622605136267
93105032,1653.667165259582
20314268,117.26126489181205
34550012,330.42984592178
28077484,405.68237167789556
64656384,216.71170820043207
48022436,94.47867692298236
40507726,842.0658587978188
10314144,725.4068538588258
81012787,132.1386045212957
45672873,216.73769039473862
25759428,159.0889669758109
13512722,293.1980341216688
96070498,112.64669464273577
21352279,397.0656192147435
54205490,580.913080982433
44645119,157.26365895689364
37332321,123.75463886273401
54601842,470.8269504234384
60801709,178.93360502631677
28903523,149.793898646324
79159760,180.83288132706323
20416757,157.4561356381529
38432201,171.1145403174194
60739859,58.33016730186626
89931987,217.75136432429704
60999736,130.74114102467263
43182602,49.501423204180256
89739478,178.8856313843972
50450523,88.57266810236331
73950928,297.41002073550425
12330781,116.393661077151
50236542,170.7111317432546
34912503,155.31386647274428
25536468,266.8847424153811
63776599,-23.25385378103918
56389530,664.2390240911013
60881312,276.7065243082798
94656046,365.86170226469176
84143693,311.4643954691288
60768240,1262.749929160805
60458308,81.9818595369632
53948557,490.00854469197475
11612817,133.49420443552333
71889062,111.30746021231008
77172079,1038.1015248533492
34222625,1440.116448093945
69965828,117.03052615966541
94714430,28.482974110508888
71961534,110.32075883517355
32936108,187.6527762341566
18431618,171.14663383396808
13548537,790.6017855458713
86674079,1988.0493783689037
21748194,188.769412434512
40124541,397.5466501543468
33347811,231.07471613892682
92929218,105.5854372491894
72190892,125.98319232493655
66963455,1165.9162701488704
96157867,114.26948081062385
15254705,1550.4035612935486
89064766,125.24693369333127
85305349,450.51804197275135
58781934,143.85009890395264
42553797,741.7353824413512
18721533,590.3504605136137
58244383,538.5188692752772
13696896,417.5939619127935
65894339,139.4537042785998
61098619,220.68366918332148
26018756,354.545568973991
59479424,192.00888253633912
81738781,98.82898407670436
91106215,604.5085495722009
71223563,321.5987106615847
95945745,493.71598188259065
91424061,210.33902947956216
67135880,223.40284390121383
15528553,808.6783818981268
33657705,145.5687490542585
62553289,167.47070074150446
60993054,127.87204385111642
42800613,589.1182437039818
17769800,332.9004075962479
21401202,183.77361421834112
52155473,262.6207114911652
93304650,479.21077414749504
51407728,-44.11049516541728
89543732,313.20350145122194
43419947,42.51911844738478
41488699,121.14210438423821
60974422,110.17117342070954
65352047,355.42611652667944
37012905,270.2659197981268
14787203,169.6200166088737
29417973,159.52448456065903
19835446,703.2672850603076
43255500,1164.31727629061
28812691,194.4226648348605
18722953,121.70923097975488
93227004,527.6967036384029
35371569,1561.4850014031238
12076594,96.61399530018457
17330331,105.37628643150241
70946197,145.40495247006177
44132847,83.15040197963972
77445263,106.29714855361951
56880921,2312.687121418376
11480304,226.07703303839915
44407005,1167.7350538973087
57603851,176.6839332549767
36951093,129.50426050220577
18651476,200.00802508143934
28758403,1326.316706208059
29842235,18.04135060223617
80915194,128.13162039845506
87361082,155.8493834215799
67711479,472.0461021660947
96493355,83.11704058985404
60783295,1248.6913856304282
56178874,132.29598135434887
36921713,922.9329834052539
48581624,114.93364430883186
75576141,380.9665318525987
20755403,218.13773787165636
52097748,127.5304179647812
30927924,189.98144101211253
52924618,246.23485223338454
23083091,84.99600813017456
10593933,395.8124668628011
14984647,92.8679482696017
50764768,941.5409312940147
42909851,57.189067886947996
47962891,85.21106030157924
24155862,352.14770600938436
96222874,712.8067377602023
76243625,222.3764124290092
83785580,423.37823998484293
68046684,284.66315564533664
35026518,439.5150608962453
21144795,189.55359215893054
42304823,303.34521021660856
32449171,97.80355177882326
67804951,448.33501101546705
80988109,337.3211528680407
31562948,517.0480095837094
80571715,283.01456343162994
91879270,166.61557871952476
80331872,88.00308257952764
39788137,639.4282896031018
78186126,245.6075668414785
34300076,77.42433331889394
70710711,153.04810610707068
19520201,101.16206183637556
75968232,344.366816661502
62441830,456.2551025568478
87704160,183.30997144434107
38039509,306.64062505255896
87299257,187.16982415434381
34604480,305.4680294844689
93559487,495.4190467214476
35225951,205.48138902501128
80500038,125.28278731763857
88587318,816.4255061048285
72460444,104.46915557463421
28502361,184.41772130398573
91781888,545.9746247894526
83528344,2397.9689349211344
15266445,202.14413809122198
83532377,489.96003996658465
74780110,199.06926600829067
88664511,112.24235542107945
81767501,232.25459118389531
41015579,96.58486065894782
19338404,185.4780893581991
14667759,659.7179765614894
66260119,1796.8106419587332
20542479,1405.9118484890948
54097170,91.23475232589556
35669653,160.50755109270065
94127563,85.36448089605858
81488029,118.58691708813103
93329952,754.6423629982434
57217043,115.65689861670548
65522547,475.460322505032
73695068,125.59569961970006
13539769,293.4901178242275
44056017,531.0693720363838
46617581,48.69893919860577
68464888,109.90322141790733
45303083,519.752999528237
86984156,86.38104665757373
56630529,200.23814629010374
78254395,130.25210226909445
30913049,256.65363339175116
82688614,122.0241822108753
88893045,174.75606494002696
94639808,390.8744699516082
52742143,788.6038333900418
64260968,893.2572309021388
76546956,116.22323510950865
83523035,968.1824089523935
11013053,1154.8357070444224
44130994,181.86597953082062
53796074,599.8430151439868
35498168,561.8826893088979
63562445,135.51413869022306
42365113,158.75805343088317
54613679,156.7685740603244
69835682,87.94975231501236
40747675,126.83155170360138
37071709,418.35795537465435
11644754,1693.7936149311597
29456046,362.2191654194827
63575365,80.4198531402512
62030210,140.1950134600715
84640048,114.88388462963273
61377846,487.04110711476835
72441550,1246.3133630577731
11270022,465.2752496049089
70261792,76.57929924462167
52404988,586.3141243413762
84003906,619.9489051126138
31204633,428.12962333137483
75242666,462.6177522857376
49434528,128.56751126611618
42863318,158.26813549351013
47571305,356.36654356198005
66490879,174.58257018397666
82396141,178.83200470599712
96803616,280.94016747300583
10584088,432.29469345440015
41994657,125.60884400549502
87186973,101.18772140568397
71213873,89.2639224281255
49764305,58.66851893377939
43725149,461.4510712391906
83812129,177.90943181486125
63290164,154.05070385711386
79318573,452.1976239646902
10844028,100.19493713797408
19798231,1473.5664585921643
97056407,71.89302410989153
32215003,382.6781582995114
94765090,232.44388570870439
47235057,369.1001506765666
94429036,221.98654882380865
19267342,122.67209807547866
79884507,2908.4211275575644
68548734,151.50956714236693
64679483,67.50552861184866
99761027,264.1599739665759
77538039,778.2086608205443
28035639,173.66898752145414
66579510,174.19986634105274
50333547,116.59133557669617
30957545,104.33208746602641
87343589,411.75684114925684
45470859,89.86215123830641
57383256,361.9740863358673
62753404,113.38043931142268
65906932,1916.4520228048355
54060112,1756.521077347646
88317327,372.4441728747634
46875481,1130.8107132813966
86614127,675.817182268955
91675434,374.9479086683932
83895227,801.8269347937198
86365373,159.9076231946864
19948626,27.829129181702864
79630167,62.093051066350135
89106944,95.35885422201348
46083057,136.96647452617
96150610,128.7316509112228
35015883,107.98674123678083
69747407,102.01045241540685
55538576,1821.907993308299
97411049,110.17593126215661
11519556,232.60131811800443
81677533,126.20245169166033
60065328,219.30814218408815
91824420,335.7058017285488
72549395,77.17745279795741
75208950,295.0812102484888
54258616,207.3683026935429
28371507,288.7332473800752
33800661,775.8213722682241
94718676,488.9243448443131
98426094,112.60067169342736
41019343,331.75939974436943
55953203,421.0280503034461
97258831,142.9903579876968
12406914,90.1236186151945
54260975,107.1778924162418
17839314,310.1102425042883
59228162,128.13215621091462
53104947,475.048187123577
13405871,1161.3823867642654
30540873,171.12113309220007
10681459,266.76112555120085
88488173,115.86349065800817
11138134,612.0577573723983
55965946,477.1995052618222
21024415,289.25216688139176
98633407,630.4731658164582
17665044,264.9974592448291
52365929,102.24461512136574
45919010,102.99746315730833
29159751,210.02327341884825
25938815,89.87437620912885
31864619,181.82019566501353
84907440,1138.9575267300702
55408023,107.50538186536527
97513676,383.33864988763276
71808636,264.7221238182914
37329985,1141.2905717928134
66719590,205.44396778337165
19832352,788.1934642686534
63673893,995.5318268651603
54185196,192.77393679807614
66171184,294.91200419590643
15702584,234.9909992399763
26362681,1874.2395776424964
15300602,230.68784317861548
54091216,383.46517813464084
41649165,158.0948876934759
17221791,164.33470786203358
60925601,167.59644899671264
98579259,157.9811354237276
84327985,569.6054237435367
42373455,141.0249742955508
51759034,562.4427781977386
57369993,579.9497755735819
86174456,204.62680982035153
40095064,133.0466371677918
36904267,659.2188029773939
95653857,89.87864319924289
91047161,130.67486027354377
24858933,135.48564059591183
43668504,169.4551528116938
64688863,159.73967614114244
19394328,1141.580139258554
90928544,146.70085404577995
54501975,122.38217460135917
55816692,105.3113722586125
54235055,85.7009057619224
54802075,394.65525540592853
44582261,91.38595947070614
30580440,53.0736366680416
53586985,11.273029381981003
45293131,144.77348495019606
61623792,98.43335329345992
12664255,285.83782233478775
99282552,49.66645303528015
57422029,198.247032329559
95049365,93.98569189395042
44630924,233.48226741883346
59932513,255.47649732573436
79864196,345.27352291276287
38025450,333.6495312693574
43187524,117.38996989668024
85710350,184.0313680282015
39439329,214.48368168775158
11767243,561.6731946488742
40729807,373.10358354888757
95837440,78.87413193569277
62785546,80.72406853720699
18032525,1179.111067067662
78515248,786.793054227766
64000264,288.1465344691013
70932637,1401.252532776016
56631286,1081.8004758106526
82611641,541.9726509373413
14610215,99.1865481776394
65282606,144.48209024310137
31080502,319.98894724046454
66137109,566.5997132129023
55286917,212.72329500532157
19462876,321.5033520948074
37235871,869.9109819340463
53584009,31.15947080709662
99377565,445.73644827175343
82994298,208.05242861031735
64250472,96.78615963926231
61269314,448.5201714930685
26299312,339.6961810536244
97300018,883.4848763425933
74523665,421.2523673951844
19970243,1125.4511779557604
14406104,278.33052163635756
87865772,477.9220192812447
12224440,126.83845154699681
62628011,106.52189040693578
30735313,341.832266055979
12214322,146.62294377083876
80943078,369.3999156836233
89421265,954.6430346802427
72762674,75.76035272539585
55920835,0.7890735562366931
95456446,761.4039349551699
96630600,252.830231223831
20077759,239.57942263500271
77066065,129.6405417057026
47856776,619.1398333558523
31685937,359.65822404134326
41522098,659.8083009385962
30032101,121.07317251019512
91606427,171.8676008432386
22900349,201.6865832482678
43552678,284.5782484576066
38881909,248.4280778250102
77508029,1012.1483340588068
95128506,97.39946445201336
64627729,191.98341751961902
56744301,131.89231224198096
59338251,406.79265767456263
19662574,185.07744315310038
92971829,177.5534232685934
18409584,934.0764219586888
71760159,149.25423150373163
43660858,402.5535047980029
77997629,119.24871909892282
33928732,268.5318083561821
68629875,834.6326967067886
48480450,310.261304702471
54283664,297.2403763225445
65942293,359.77767528416
95573502,1124.0872694149984
45086632,109.92657133035226
23012000,182.4252816925209
45395839,456.96073329533584
15432712,473.22161617893005
72298046,430.07872343509365
84408769,123.654478404317
25246226,190.8325841157186
20056705,77.93515236036241
67856036,342.80647471844463
56138985,125.60360901923117
89984541,108.61626465012333
34860961,720.9649015030634
55067089,218.41305017209456
63717753,359.0257936370109
89165138,178.23998068381243
22336894,143.77527282007281
23089519,191.88679437933203
74572156,274.89301219213064
96120368,1612.3107171609129
70734227,1548.703188335123
43842124,231.41098870627908
98567604,486.93524722161897
54538757,103.24276814224318
40105171,454.5096735654381
12135438,387.4378038249511
73738446,18.1439334645519
62385208,250.79631184232787
56062641,270.578001751093
60234485,205.32007078753807
37490148,454.01805527136224
73644773,248.2353258010477
25147876,294.3563738232824
98738159,104.36676625592808
36202424,172.57334383169163
90053455,952.1013970972842
34861961,90.5811125484591
40235987,127.10419144900759
25289802,196.989895409116
72831408,1253.8120310768836
62725172,407.25580133525125
20547868,436.9728168131967
43821417,394.6378467616947
39911650,317.3956400485116
76282034,88.82891400330185
93532589,237.35768898156132
71389546,573.7944047215432
26491098,127.33498201826241
63364173,756.0855237231234
74256814,210.69895689208414
35509595,79.54764916524059
18139863,341.56175681371417
68577776,1084.1731695421454
29522715,317.8018730747161
77706518,324.56635709841686
14006179,374.4910888431
92579248,170.24523965006725
59229974,141.51387211598845
62295609,505.6602265648479
84259414,318.20896042464034
47815936,164.18058533975824
81563963,2204.759373826649
13005852,184.15819384503146
62738558,87.91378268934623
57070759,-4.615913027521639
99600292,137.25311160707702
94306787,327.5518613620938
95225104,197.75513031590842
55330216,50.90802206055053
36532262,103.91230896980699
46565446,742.3174011427691
49087723,212.28846058018064
59534453,369.4724716789762
48055811,181.83826182153626
88400730,168.1219635989777
99040799,1605.3487597575947
54783545,81.14728626065352
51521420,168.95021859522387
62125112,429.3052357304647
41533842,118.93730016066752
37548888,132.62676011631766
15800993,589.2828007716212
72777210,1148.469225112735
27213732,903.0666225234314
86541928,231.17448055380999
24899277,110.1744161016727
87153365,170.51415827301588
29377093,261.4112565885484
17126249,600.026854935799
83735200,113.045378255786
75294081,2019.8938386117957
50305812,65.87422664874985
80598326,73.48155252571105
73085224,301.0392919808014
36011967,157.4535289870309
27344122,399.2841064940171
65167661,2002.4912192858803
22697886,915.880056564345
79772982,150.38298280198563
75656583,165.71708689473155
28706133,141.65961332808385
94307664,1973.2816411658882
79181014,136.95668177431668
64940514,1056.3134234285887
42076518,320.11593745055995
38290514,217.34919083777268
12647465,971.6496739695888
51615379,682.7920530811925
58583551,136.8269673070639
89324282,280.556918099881
53391853,72.7640444279699
22488467,2645.9879510391333
77912827,811.0996203680879
92699296,1669.7648219334926
98391080,191.08000752387167
25085429,215.73581339877836
58232338,804.4253716062576
40856740,1001.6624447338869
86463099,525.2627479445904
30661871,222.36943013165384
43294411,401.6312281105312
95379944,111.05538909864907
10473693,117.72198112974397
60542399,795.1227125159045
52521598,124.59729037244821
78214020,333.7860708419513
42119756,108.27553935080293
74645008,439.64921550451544
68736704,1694.877868716738
13851365,131.27233734098118
10956933,1259.5661437434019
76588396,319.5342753710234
48664414,727.1080869168453
75409758,127.13888368803048
60867152,267.2655753832355
49408128,895.7763663772377
32398201,291.44642990741187
33820657,116.51234941763002
99096183,1609.736033291224
71729207,51.31937831096657
13424233,89.2236849409081
69313487,383.53440778940796
51427900,147.95809539955502
20461232,1413.7080725773226
63893951,192.52903006078358
93871936,198.30429606840806
63699477,116.3333903620151
96362629,503.1280564346557
53928117,281.9844808043874
41164553,183.85770231936854
36908648,205.73279986818227
29666927,165.90623667221888
11938394,528.4417375072989
52496134,91.60405396007405
32481667,102.78766925952105
61487441,694.4811673379592
78992007,1138.3046088886792
52895411,161.84874220356014
58726779,159.43472284394002
20458217,322.0729634856151
60265538,227.18928190592075
48479448,153.54457414419957
72404425,280.50246852170955
91400370,248.71855151325752
56260955,126.06494556080119
65491665,46.83267340741464
11663385,85.60006925875535
18615500,1383.4139613680156
87935522,101.84617573743866
58889457,107.46255640113374
19169471,412.1701248561855
66133962,422.5685807779886
66731452,604.9358845263607
39410896,162.38680485568383
54940054,211.71294398050253
10662394,1206.7900422461628
80972130,170.94700584293645
45235634,1187.4709900801117
32971413,349.12689282850164
79283360,204.9190396152206
67055260,299.36324337841404
56118755,144.52730419349476
29230461,1407.9288586143236
37178907,370.33017887036783
80400106,177.01335606322428
67091284,433.2539901402897
54160936,2643.262846332383
26849200,123.84376646747775
49585462,388.06415830885635
29429374,107.16699020146707
95616903,3673.781766937255
40605040,130.40277833045712
77364221,186.55835342930013
63366619,286.559116036853
82932107,208.06957857265806
11504000,140.06648514585098
66338948,358.1166587267615
17704772,403.94152614221076
70406271,134.12923400897833
78457345,1774.156833237775
47160363,150.07401687689693
76792443,306.7100641242725
76133904,154.87803556883915
30534387,153.41836520060454
27949452,293.1619953735548
98920505,219.09503627837142
79101538,-185.2955134173051
41201623,140.89787163734778
16952322,288.310528872851
97020909,360.4777587212145
76043497,296.76192470413577
34495964,264.0536705018127
68971691,177.41256898941808
68553106,203.02218325520838
90311747,187.026515869765
89361909,96.48481720856992
20406930,235.90331618253455
38933836,342.5878980230896
38377549,211.5037437706104
23346090,205.2345500781157
12625694,353.87033469784507
57311677,290.0159504115317
53924641,135.05846100103176
36865701,762.4868970391483
22626294,203.76717269164067
94697405,29.21279798125161
89675917,231.2967024545233
28055737,123.76543674125345
17371555,510.9045216874092
31452123,252.38509601578608
39910354,70.51503719731605
16661684,69.58273037172836
11696365,321.28373651133256
13890760,139.05026346418717
23308655,105.87163824844085
58265470,87.61151846927348
23915393,108.9434914909662
47202387,2174.6145274604355
63170132,199.12151763660566
85663208,394.1134738091703
11731667,93.03923952776461
96387342,426.2231824326534
56912577,1843.684523980062
96546739,193.46548823120654
56118135,87.84702628146474
65848480,144.3814767422463
29524312,153.9084022676595
61207733,1545.7690882783968
95068416,104.93814789960915
93730714,122.98581197047478
58209441,121.39701646009941
77468100,229.08832161791992
94556768,365.9034558963868
66214153,152.53235243214746
63178801,422.2092139044039
47025809,686.5344879746956
17223815,283.734902764667
26808769,324.57234218532284
25114626,250.1223605085614
33184251,268.4021551720598
38562723,296.08696690371096
19383477,159.94714836701306
81390291,166.34385179337053
20998216,526.5520562881909
95233875,438.0997979609065
36756234,508.45395992194125
80596646,424.6278855122958
92304937,437.26860047465743
37613954,266.5013308499789
58590718,125.95084618791601
53992915,147.52824610521463
54005253,163.23214215483083
68781482,56.040821080626465
70720914,115.02598422158478
29283338,409.2550573676346
71373910,108.51100000199207
82737999,112.18962061667364
38789318,99.56535311680511
50526394,568.5485258611848
24047944,138.41094958722857
56710540,96.34196428716368
18038779,346.20737562656336
87817642,513.0635503464283
54364617,2115.513326390028
49277751,142.12728905596333
50647092,121.96495518415739
74938295,609.969582973244
94151619,413.39286046534465
14146499,419.20902698279025
44114070,229.44769662758412
71013634,106.8943671759296
92727921,119.88782280721124
23408005,264.3775796623267
55353418,142.4357731571476
42627732,2185.2967398795863
52380113,1076.2384063231002
76380932,1059.91154621558
85051446,381.4932844031884
13441812,628.3970610063499
75634466,312.101752360423
77418032,99.75221139686619
26069913,453.2313121017492
56951161,786.4452935623171
65568116,168.1305013470932
61527594,283.9277844373497
17428821,232.27774220100574
23710142,608.9242048730559
95218141,171.23318801032187
64929695,154.91482215748587
16991389,258.37077926754716
28240625,1641.5617805986124
27547150,956.9976907283004
66381811,187.61647304715768
33749942,98.87111520228808
35190059,291.408399220323
63026525,431.61067777736827
52393671,261.3694309989408
32813270,306.6663739467593
49072955,94.80352938875653
39300176,318.91099940143664
46915044,198.64725720515082
59260240,157.67776399886318
12697027,187.24439053040751
52828733,187.35663367148655
73335938,350.58205191198954
55961268,191.55494159157362
13325471,162.3320378555179
29398613,168.47486225838844
27052291,84.14166498119026
15955952,1036.7275278188356
23271818,1201.4137798977602
99724134,1851.5472691735338
24071058,185.12354364023136
31560904,199.55849043778
65419988,137.65414134097975
15085530,251.47560967197592
19942722,1078.916469001563
13275930,329.6077225526164
22982323,912.1919407892315
36522599,208.24809907222772
82021909,1499.5393976808282
68645790,462.9627715444531
54788650,89.17776062453913
42678082,882.5666423504133
60925510,102.76667143732675
88286089,124.31412304187832
58263484,8.53073452831451
65619117,163.2510416475691
38104250,152.59015522517365
13756583,466.2290219299679
60053914,398.2481079004191
64871810,268.229796997871
58457956,311.67778415663776
46159970,106.77535425619112
68250229,142.61293899244012
47390028,833.1944383024447
32969075,372.3686635773872
53581810,259.49806857980053
79530731,1472.1075422893903
24487509,513.1318971976248
69933962,94.34489585320642
65663302,769.4810234022858
12423653,156.7802865058018
58871872,191.65138217326626
58171151,197.5804720134097
30617224,490.3896343623009
69106909,160.24467567251065
13212070,584.0062582641638
68351771,195.6363891783133
87624917,90.12170047393099
11970895,221.38783389386379
44431758,2130.19697698934
16633955,469.1962902180589
42590404,229.81681559010724
86953915,948.090871385921
15250738,359.64985254307396
44832140,182.49312735646473
73698594,456.0927075890917
42128660,164.8552549261163
79549553,177.68536580266294
71619272,103.73975472846448
42016649,1471.1293843597787
61877206,179.55222548129288
56572912,168.74643213655978
71598751,444.73392638723146
34544077,514.0477737320405
28672236,1392.3340655907593
68689312,170.3768278529019
20267244,51.38571032312421
68781454,1664.2724022886807
27270801,122.65172353840691
37219515,325.6050825425846
12011866,67.63523261468197
98392715,134.682627282867
87201351,650.9036427782072
14908777,1035.8474706974025
34723195,176.27125399722001
27339925,196.14083822567886
65420496,110.5762077643324
40933008,109.29031799078965
47440503,178.22825729134914
94970875,117.06132552601804
91029594,847.5863079613185
65336637,158.498052272481
82023374,247.57016738436258
11380763,5.122865972156715
99699540,118.04553854054323
52649545,124.20219506738586
46299510,164.72860892090256
71452565,1079.8369904057527
67641699,201.70874185382036
12714684,328.4568998335739
60016742,174.0566225282906
53641525,788.6326870782516
43542290,123.74720964272596
32126954,827.4932137897823
38213318,255.99135743172144
19971849,386.3620602707338
69256669,542.6475770117685
23756854,108.59669808327534
62908704,166.5650311221834
32399173,207.07288129517616
39238887,1209.9009586495768
94428578,261.7077743942101
52458139,192.5695934308384
80574227,129.053021764231
90487261,77.06289535679606
31852005,253.34118461197133
24086418,469.0644304961855
82209864,156.06870466766887
29014855,80.9177844510135
56782601,125.54345818398438
24702075,169.13091837257338
74660449,183.0825298380478
40117654,132.83604232250315
60385260,1595.5165539738166
35958980,750.7282095270428
69458629,198.30396081497256
92886159,331.1122989458216
97734269,107.40748036565817
19053695,374.4462678780643
22371112,312.77455129171904
49183639,1625.3714180813304
53526975,179.0358711397898
26290335,370.9962668994411
13359830,465.68882005858245
39340686,106.58335472903676
85521089,102.1566725395521
26704193,710.2085304320198
86626423,444.0307416658406
80675333,261.58092701316366
38369741,227.36841088487657
10428306,307.7495568342779
18197840,116.68564722863522
78586780,239.7239176677911
40311310,271.9175242522352
51507375,175.05268964054457
10857110,193.7206266800747
88736789,189.86733415359936
10823128,90.37274947979955
75933085,2066.4005460166713
87766438,153.4715351131016
64406530,146.0986420188416
33833037,546.1902552644103
51715740,222.1751319129396
59611801,90.26391896047151
74340374,1333.501826845279
55507333,419.37519027861566
10416536,385.57807521684697
43556040,101.21406599783533
63137873,1133.2244618557963
70387789,308.61445930300533
29408506,146.59586631356626
38244388,322.09649312627056
26541311,98.45906331329192
21032019,222.97324477011043
95710332,486.60756098406233
80660421,1933.461357474544
81086775,117.58485398652961
14692465,89.45434681960644
35590067,137.71658613813528
37534494,131.39160099195703
46669694,391.84840061186173
68379291,103.35131443392865
28943151,109.71805485395818
85214973,568.9579941252883
49160221,217.7568863057475
57027484,200.6069026217201
79515834,133.04349502276693
48903593,579.496971394127
49944843,944.5657564536576
15919205,501.90783463050394
89043859,728.6785384058511
22557888,430.65959424322057
45588391,1312.4954541405027
67323319,146.87915583336013
67813677,161.40918631287516
94570366,176.51512569899282
99333664,309.0985155273897
62452475,322.7327904582654
27164888,182.33504939085083
13777597,904.1525477468223
58863729,123.57785477379983
75372835,363.66239103970264
46531922,831.539286023732
22638297,128.65113781288838
43377425,202.83294390253783
45061752,114.6417716887939
87232001,69.69613634902471
99721166,335.50686039111514
63930988,585.8659926895201
67323116,127.72165100653214
90199043,122.55151500133212
16025812,113.10833109915373
90192151,582.9708738753526
85194090,73.81804111929435
82716623,119.77457485874905
70041588,95.30544758469284
10909503,157.3796622083012
38910820,226.98397701982506
67605038,87.75200299778932
22421268,250.14384713060696
12483701,110.6119775049317
99756084,225.02588692915262
72806047,47.80152460071843
82569264,329.571997194136
85085562,130.8629344074294
51688242,249.5641380688715
67031304,114.69089129237578
67620733,1388.6871950507307
15399183,159.98685984701854
83228475,636.2493695155636
59551778,11.646597472660458
58024179,716.0119150368123
67130514,234.29816187158053
36292117,442.4334810333966
40708056,430.6103767009409
16154757,1241.1984869443652
56077131,321.94379893478055
24589481,1381.5984896445402
73507348,268.9811536988358
98283340,171.48447493556026
78682956,235.63689752392258
48031966,318.16204014379406
54069937,118.7355344874027
12509398,514.4320300282517
55254106,347.58985535922113
99797445,162.18609034533876
46298966,425.2285289111369
97439691,1096.7012563272776
77392495,122.75943797904328
20307174,312.1275785614276
99295729,123.27252232485137
13479279,94.93680734763232
57906842,535.3239651617077
11957267,112.93160354365858
46011088,115.22751176037323
40051988,896.3893872836883
76565808,-155.24296143179734
38007540,178.3170598707065
79111798,523.4773992534778
44170417,175.46125171010843
81747003,263.4786255098503
10689207,90.89451135439715
68762949,555.5802020272852
41533253,167.47546376491218
72624609,568.946100917373
95729378,953.1185098073759
63404247,260.17668067488603
66851416,105.53144485772279
52878792,444.6308159753455
69816189,94.10865400686181
93215948,338.7181939380366
82196067,150.0880418534358
65951347,107.99949777851802
28150709,1435.1183671044892
26445964,368.86668405157155
59886188,157.03719220855638
47858132,485.9868968900663
10617528,1898.2327094050706
26555436,61.17739508360299
75176293,887.205113147175
15592659,412.95121112765406
17002563,222.61136432482297
65418918,522.1570573090628
50328250,99.30075559477339
29587649,114.39781828786431
58771361,162.85479304782098
11138502,355.4166354987101
87806628,225.44905270008633
92541302,84.62710777173328
20045193,56.71169961171489
53943287,240.07094867649892
72973012,457.0184159884147
98243897,825.3723419153614
50425980,225.51517790480563
53891279,92.20431706904343
12653293,291.5946982334211
79516817,108.37605695728784
57736550,48.99571112090954
68504332,158.1849193767974
51418176,579.6855086813409
52844688,55.4616361190064
14924228,193.61129426741255
17385055,204.4185997990961
48584675,130.76383358951003
84113591,415.5128975150014
24176804,996.3660460239805
42578288,54.992868996199945
22976178,265.68778066214117
59427067,117.97451367905646
62214101,140.62513697551142
31095835,406.0721974761409
61084952,341.5061677256247
24538640,171.75490668567306
17397516,424.6805273991668
53588939,124.06384467559973
64801503,106.86223231315368
22306102,569.3826602593653
73464976,245.8379633066449
25265317,1293.7104888616032
67321055,274.5206827917046
52652991,1622.0416935877106
77364707,257.46529389569383
28941979,410.44851568666394
74248679,1113.3055344558845
67415672,117.83907157452524
80048641,86.57695752786091
42348096,116.31204106302994
76460518,109.36046951259102
34956566,403.92167697548837
77002192,566.2157238182042
88577445,616.3197637026718
38297974,250.0931879288068
97975641,1072.1360862888146
15692698,1357.2615407169033
83507949,265.30010890315583
91740530,562.3278034880365
37895673,86.99460935831756
19139820,180.22085243688858
89742287,215.07292468980535
63175133,474.7021095714526
52867973,295.60366398043175
16690451,122.52602774188485
37055011,84.85702483470658
17248647,276.54237585841537
17328412,95.99222479257679
63923102,2321.5399155933205
34421040,505.24694949454835
99940233,127.19962754005856
45814646,282.02257337298704
58613984,208.35433902855718
31285738,202.93314917430197
35071743,254.29373817498688
52223959,358.21261008196706
61904367,118.90552733414862
31525138,167.20541278666073
73171290,156.86275343047132
44582195,129.1145965734187
90109527,134.76691087119485
26952082,97.34220525869581
53620380,233.33016239792292
94287883,837.2649246921105
77186365,293.6289910634479
33864808,98.60557104130851
70959138,137.74037019329185
52099246,460.8810507654759
22249291,131.54120958625734
48803280,424.31215393086313
89982531,145.7084810900157
64289923,978.4670008166474
22000557,-13.410410142506958
26219747,130.51150627696447
31130738,234.05926283340875
32445244,175.56934209695137
75236281,119.42180770992925
13587715,520.2801900454764
52514750,118.80547295194829
90786271,131.27885203687293
15005065,101.04153286642395
20097518,104.58063217533464
50625868,386.5250926998977
84412981,63.48373634600825
92773944,116.33057735501484
25312123,135.4586479206921
70396417,153.10987041232082
54865863,480.7755441536272
35803808,191.29185866566363
59597265,538.7503282306503
93311848,63.049451878373084
32340446,260.52401987478163
96794801,131.38691174692468
40380864,178.54055816860873
82007689,96.49120900973955
84851707,189.35961259338842
83174692,299.5054351879668
59083400,130.87172210774028
17580169,73.6855180377796
18219500,133.454653200458
87811781,13.613836239568794
14088369,138.2884841938437
67659430,227.69914293984104
42456496,308.7215377715551
87353322,373.9219630179684
13917344,114.29632364714391
19886405,85.2432750057004
77800166,633.697419245862
77068569,193.44258245379686
88362858,71.83717228709241
71241476,1451.996549392192
24814654,190.9053316004741
46691706,443.34182231181666
79162545,318.87069914836786
42908985,106.2118214503087
74936566,247.3749680035151
19620916,117.78253658445979
54347722,246.4778928817926
90271799,877.6116734653519
25414359,515.4450660445528
35809369,263.31374524548715
57731323,199.95330364473494
37887687,1485.2205063210026
76623206,115.75383190451824
69954876,247.76966282815124
78180146,2349.8441077008492
90681578,35.66812141411446
41794614,123.96460712245263
83295852,214.6417151933763
31156145,174.27235577889428
62711916,347.80978357971713
74676618,131.24908787537584
43248708,232.94615265269613
69180825,241.91090096920456
75624999,243.83474608951536
37667208,667.203118806204
77810578,298.57306795928537
47115768,114.0240278023699
81589304,962.6906132003784
74472711,127.13413143381764
82711188,373.86144743832944
55272778,187.40230375863155
98229885,164.94759196487007
70058028,169.0740466495853
90729377,152.08171730359203
13401279,431.11400190993015
85519612,721.1303549333812
17006769,383.4753290621183
99888523,172.84190353302324
22354297,548.5545850629867
43508583,1264.2170511375796
96795828,78.20009597809188
96608998,80.58622112183133
67452091,193.57422824344567
40571985,1515.8901004965087
15232782,1720.6598882016074
86789043,216.34454403794825
14046478,131.08049249405775
45515801,71.9222620124743
26318506,1942.685642604106
34584473,118.78586564523575
15369631,175.8620252400207
26479383,87.46049730281256
81346470,190.06944696970726
83197984,96.25555187809269
70331904,611.5853313389182
78907246,1313.8388361449938
42709019,1174.8444582103054
97184353,183.17699801909774
35589537,686.0092606886726
83942112,374.4681967067265
58293013,392.82369020897704
78567689,241.09396993754402
88610012,175.74552205003607
68628621,147.4609594819225
51584806,123.92563880565524
29419986,119.59053951785336
21476578,-137.77568898561213
77370060,141.15388816684523
33607448,1895.4711252523055
47890072,478.69015781515384
11234362,162.94283279428487
70681971,220.85192359893574
45196219,84.72870318041383
58136807,105.07511501299335
21383428,203.16742136123992
38088367,170.47015843956518
57071133,93.78990355008048
83834449,876.9857657091974
72194210,1090.4293537431352
14582584,311.95141900992996
16017322,23.458935674518997
18598541,281.18889293800873
82812670,480.41079378835053
53563234,375.8963283609895
63779141,268.69834756426235
70854456,317.9734424245269
83535660,140.73791495437905
51099419,120.61922494530899
30503407,1888.606193022312
90802363,249.85611878608
84057874,101.2924742841996
93637941,80.94831152446298
33888588,113.38655817845893
78183407,107.68630376863133
88497510,305.84464777049305
88829918,470.96701646817957
72639649,329.37018262957173
15627595,215.71119582661458
68832460,388.9382109670954
31734310,119.2208067786269
69212161,113.40527608319344
62980146,135.7539570704292
69972227,574.9911712935885
53162285,139.84979736209527
10963473,200.80640861639986
65276908,317.33540951702713
72611634,329.9438505311325
81292347,467.6128160669122
34705944,731.3359891802249
54322977,127.56890156502715
27155431,326.4361793840217
61373056,250.95187511468197
64530093,149.7150752745414
44187538,356.83365428629895
29110806,115.75014079926885
34026881,810.8236808197738
67734035,259.9524033332917
90355788,150.46397762697026
76930932,311.9066715698467
31194080,106.80334445437562
26948420,805.1651516683863
60117998,108.10140720643192
23540580,317.78254156898964
29255361,110.06936349086595
47322059,502.6613766735885
50570727,104.05757501347165
71874386,149.5020562985985
27325447,220.82492680138355
92986477,191.09409448465146
27856293,106.93662856574053
55159001,202.78394876112975
88660196,216.11651823374208
82148252,60.56932434514025
15421314,1053.3392319562013
27620141,125.22415669357174
12348320,196.20009083478936
84344897,92.300132510246
10950855,132.95795732287095
44290434,381.48951979586883
84843689,173.97942106861623
85814690,207.14188382897947
60406086,203.2299775219415
35395832,124.14751499452649
54621645,306.9752505526739
29154162,124.79964488995914
40230589,411.7954253659484
46902130,298.41915157473954
70579622,112.42455238401163
86272378,115.88046312050487
12294631,218.57830681054895
29412564,810.906311143842
88089176,389.27894429320423
91193188,233.77882165191437
36523137,330.53268660862534
54050884,154.509614007617
19187985,1152.3651615349129
91884750,1528.1730957723066
77985469,313.2813009172326
19362736,1583.849058765034
37641826,126.54277553271388
17997673,133.62843468616978
12296621,97.95088512238429
94210085,121.5392481222017
84475360,305.49462524836974
44450631,158.0506702812175
96917819,353.451297228021
76581579,51.744010142787886
16376842,145.8649858080563
20378565,188.10206423026932
67149501,862.2253199247423
74149592,93.81080052385495
55437574,72.40974045924371
86258875,213.610558689772
25154125,1135.6571049914887
64289878,126.44556019365824
59484061,82.11348461341166
39600891,398.0277685271788
40907835,126.69982682029983
47183606,148.70979411784649
71132260,738.9594074917815
19424487,1418.916481804871
35720925,89.08508370325929
74210516,91.30581584985141
53089641,147.68879774189054
27778699,240.3919241657693
73489375,472.9094531620667
46042524,323.5706145320627
59554727,212.43141496185737
31273971,190.04568781713039
31543147,42.82327663278214
74490349,112.85485642919795
65190591,851.0855724579893
21122660,192.18821089968444
54597323,1069.718184947971
77569150,128.4354227552666
68093533,498.71969551200146
87099884,109.61976377279882
64825958,658.7664337672999
27545112,493.9630136351413
87791632,249.89718978767917
93384265,383.98057324874475
64047299,272.323749314413
23357980,155.36605526660216
88585802,1357.0116484311388
26754357,144.97607382122297
99964380,121.33509051871354
63611208,657.5035780736371
10618556,1267.1129230976765
12155276,144.5250380595889
56528554,521.2766622233626
72203638,378.21988967692033
48174886,208.26038558426657
25749233,274.3749197202242
11912269,38.46522821388889
14181748,1173.348943773094
77013810,479.8912568137244
59885886,167.46025567500286
92982194,231.99398055132906
88065861,649.6262033808916
14857189,104.3704502633407
60358916,558.7327158318653
72265262,1456.8377353077462
20471623,3043.936803145158
88951362,117.05035416402136
22364003,172.03172775100953
85137999,406.77949368056574
84176549,321.78446667866365
25849299,166.614029780266
21233903,159.71080552886514
95963515,164.72274904334682
47630408,324.14369143976876
38763223,132.47687490264735
34812513,120.26054171669901
77372953,1294.1420396535218
74724495,261.20205699212283
34162435,132.357862529604
60046268,407.64632992303183
19475755,199.8981652107671
89620481,2641.5529271535347
26981207,196.2471850945602
13918048,273.1885894865054
36590125,271.7440935398475
78119113,113.01597953286688
43245514,102.28648156451173
88082339,72.97480889156283
62738760,117.66736629613004
55254407,114.46366050998334
85112378,101.70253698131157
40490983,128.56496271349158
44048989,413.54458200256846
15551565,193.66618244911928
27681538,234.73761671958098
98232104,47.478612383994744
14018289,135.7621054114023
82522150,290.6432925057453
65483357,114.78451203579874
94158408,304.8281115785208
50266167,183.61026050203384
28805175,850.5741820530372
93929668,1009.2305893822755
15540290,218.18958889898752
98661090,549.7034443470419
50074109,387.2392025219618
85017115,141.15688852083727
99914220,673.0555878966186
76334714,197.63625326930602
38140938,262.85940744597434
93933852,282.26017218835653
13190892,986.5595775640027
67747085,390.5195302494573
96389355,461.3894168529631
42380180,427.81518407337535
55522772,233.39536403689056
18839853,76.56364653785161
93030803,321.50900149884245
19574384,157.1581590881528
17501488,161.92902464783344
92757638,319.54146465055726
47546392,60.08241986447478
56569095,135.15360810017557
34392418,1161.5228816483198
49367171,358.8891105047391
37669142,112.64412787056922
33580264,440.1919613747119
52617381,300.87152878633333
13011861,894.91358376602
97498208,143.49881133926365
53388262,112.01991973098885
63018369,210.21693594194437
59266953,145.6769585240222
33256210,139.95253857602668
26585585,223.6337647638808
43342989,803.7047168825787
81962175,225.94013793605282
54752385,100.05093470737164
12906623,472.2771489048849
12144505,498.2143441637424
47329191,188.85143955602305
35302686,193.79723591436047
29541158,568.0027418668274
80447228,131.3627865922645
56399590,79.32719961173746
44327442,416.461015990498
65756284,782.223695310983
13967851,636.1855563825933
33766889,219.42930348555475
70886578,229.78658133289798
85448456,743.2257854928315
24208719,579.4233723910172
72059158,201.3028565133049
30666083,318.1554820766201
45090209,351.2522798765636
79520644,687.2029938527393
41015799,429.7927027896075
22610356,295.53379206490104
46940244,120.39808716022
21443863,134.81577698336878
63769088,301.449940378638
32298027,324.42585491606235
26046152,379.96473286207953
60326272,78.4965568551734
24693880,111.55932873359203
18317166,309.55904448614626
64265688,281.7000489653811
27910854,199.1502093856822
56810750,96.13924645655081
97007881,418.93423468912994
90317702,448.6618770109051
81231529,131.0042958053782
85899649,207.82380011304326
92087175,180.29101489710462
24070483,194.06493172991156
87629146,329.73102277010145
11101794,312.17353855466763
67889079,1089.267980802492
25576186,109.66858425367069
67657245,182.7877517072645
74992266,34.76872620544981
83091668,131.93729503843852
41547362,172.33140111137286
75141878,265.0974655607784
11562295,201.6730622214299
23748006,517.3946492840762
89825179,357.48186618655706
46505766,3098.6770251053103
36098274,104.83983704864758
61326956,1607.7212763870837
69020339,122.64922557003409
35844282,432.0930246172236
86014291,152.9026461639836
72500654,558.97053001176
11567986,152.1832391396348
95910506,153.16928770303346
73565600,162.31110242469663
83729347,1377.4992082096737
39689433,1731.6357546950624
26513864,699.2291995473449
20449852,525.6890469527141
10382065,365.9345148468879
61096786,340.41211001596537
40823824,37.14588004744766
95687753,122.12495865317912
88043962,208.2092633896381
43192291,256.93631649253365
18631499,918.1730027956752
27194752,149.1026887944301
48023684,268.4047710086482
76180232,120.30407876783701
99345059,548.1784571656453
46554999,389.056451968106
57537267,80.15747208780112
72087202,74.56360312132615
60008708,383.82885648031834
13534295,230.14970718929297
90971189,131.1229977995892
55662480,137.0059950239173
81189360,394.6273307539217
49401774,276.9925069491301
12131946,1496.9177610480197
78732926,656.7223723827105
38392538,1347.0614125518655
64273801,344.4930422108295
62858255,261.2663924132692
13288053,119.20688200483355
80940080,137.3065637222607
73197703,150.76460527170832
88918806,787.6127845084918
45088467,250.30527551467014
42105313,286.311538379336
51515302,88.74907440173035
85071892,795.6945098434544
23401512,118.62774369795031
70514922,199.1314743095165
53367560,442.7651465352167
30799466,1031.6034541106403
87442307,282.66835180911454
84081332,27.332785251756267
87505658,366.7002063718821
10151086,415.24904494078896
19254776,538.1170527523465
38019521,684.4606795822192
40151098,115.52219391789218
75965212,411.50635862522046
38667600,200.1933619225507
55646285,115.28178981912359
35548301,198.14652861326712
18737005,271.3066399770673
76771390,589.3477855381952
23778594,122.87700038555865
63739797,165.4790333814208
40559434,333.84686930652737
15970404,146.63736116281888
41963393,254.95813685264005
36850376,1215.5393154329545
30703622,131.60392818979372
53681130,320.7593945583728
52524172,314.96617195216265
78986568,405.9540136094076
60868659,211.26449943833137
55970571,134.3228379840548
69603000,136.55250471024152
24475423,101.90968800912111
30105284,196.24665097035145
42638975,598.5443898399673
54205765,349.5140411301152
77026950,529.9333883557877
55738198,1990.5910526880632
49309757,248.81177145162675
52256145,452.9742422079245
14972722,228.89721047397595
47613103,26.966976787458876
31244414,118.44118491193802
67669646,528.3820477106781
85221335,187.33062157058959
29598209,465.6418636187968
64960038,207.9332242097335
36072721,139.87854573081097
48855526,164.52991874561596
40290168,285.0497847061631
84094689,101.84565062101571
64780070,72.71679718963458
62238032,102.73587603666688
44102009,462.128178287831
13443938,314.6691171770859
27288438,231.82778598580802
26505769,568.0705381922046
62425735,100.22839746963521
41742405,311.6514487834268
35508108,152.7060958848301
67267851,278.3785929429176
65786198,835.2951811740428
69652252,77.60819416153312
78338794,1083.0786648373944
98205508,274.7189793283692
90079134,147.70750121200314
89240929,115.94338387136962
59365630,663.3127685332138
16423455,289.49275896066246
30410578,254.87420296004083
41943183,210.2964455852948
17181615,23.733612487615815
31537031,80.17775946385869
55634963,255.95353237765923
14790401,339.2404133172955
49470022,85.12201736378064
68137744,202.10531002099998
10800640,96.71508064804625
82878129,129.866926967928
98099360,126.30937642796002
36414556,140.73126782072723
74858657,112.04634078256352
41406039,95.22205453644999
67297495,294.3125409822841
98019387,160.50438852959914
17133275,874.3937781118639
44434588,726.4542301581216
23385843,286.4400751076406
51805988,276.80064089284446
65443150,171.49293674884657
77624321,1567.656250427969
80056192,802.4444045178342
92008819,120.90756423856266
78973038,128.9936345422915
36356168,135.511814618166
23051465,257.9106471594218
18225590,344.46801516971357
30705007,470.84216578104923
51916309,217.0983457672644
49014177,192.73575105179054
46939883,78.32529186661361
27552020,106.80116082990084
76064439,577.3763111080102
42732794,998.4475873518929
78185687,246.36343741795602
37150067,327.7016945514011
60216204,1220.0177532452317
67861895,163.25370742315022
82668831,98.08037412043109
26865256,872.9292846979752
20296005,561.1169397689896
91164112,366.65701266151547
48751412,206.92903655219231
92672083,128.21942975245884
66451503,122.78641884336778
79223008,218.25036044609647
86295795,113.77690592438412
12188395,1273.0362568129046
33148873,159.72748565295973
18236078,275.77921030505263
53763750,167.2541359259189
90278346,214.07233563349214
23921552,1532.4062184120785
60806947,410.2452739622686
87988487,84.12424359217067
33594333,122.80478043048977
51767697,169.7559686855437
76176593,156.83310029323957
20106678,370.63507455871854
89323122,168.3130865949167
15084276,112.20718853263628
46737280,374.654892863211
27725859,158.70984839304919
47502584,551.6885721790352
89375361,937.0625526884436
54279167,450.26436533089293
62834953,195.81235169146436
51358955,153.31825432631382
43105700,372.28475107284277
71610282,178.8058072777722
79952909,403.9289543501566
86913278,426.299264656929
72344233,181.07411168875964
41143291,333.15411420069296
47312733,291.9412681097955
73376655,307.4181449187455
44219943,106.72892641802207
18665144,605.193373943855
38016360,151.29929541494727
50277432,148.066623234641
14668690,284.51747184809835
44041678,365.87254104546605
68597599,382.87066617108724
55600173,89.2161253401034
78109218,120.89023253866783
43432402,94.42747056101372
57793276,666.3172848409743
82143513,394.21133964140756
13373907,141.6822134786555
78336625,503.7704887299121
51821030,127.12859028038
57620512,393.6718979715053
94840760,783.6032044038233
71866671,1179.242723132037
12967437,455.7529433747633
94620585,361.9527386900906
45148967,376.9236948163233
28096166,155.45793794223752
76948857,1238.8908115194768
44584760,164.53420323728682
36577484,82.26012633431043
63103602,320.4008627636407
15647671,491.2753874761579
86020607,79.62787984694799
80235014,125.83490131437978
40496834,113.80089644726894
98549441,198.3335865301066
71915619,289.8351452098693
27813348,374.6364547516462
48090735,362.95724896429306
91818207,452.7755595728307
12597429,146.0899166249813
99318296,84.45741925865298
38085169,214.78116278392096
38823071,319.664582004634
61630311,111.89561121873369
78195551,574.2087152724733
88131419,293.45647840920464
18300026,1199.262950830698
99585455,496.4947845250621
51530595,599.5132816158226
94166971,67.28113164614614
13633057,510.2688415921645
68298368,259.0322409947131
69215865,244.00725977436426
30064972,241.55416471564735
96997224,100.46323251183769
45138943,209.04654168138302
21749235,252.96103213870884
62856234,302.91192825729155
23982292,123.79966781368377
17686144,367.4959112210864
57256437,530.7449592510266
85469927,125.13843684680093
14451732,487.4552223728918
85268432,1452.50718722113
64602955,143.7873646820182
74101500,127.09666076887139
80083521,385.1194362748927
11433359,1261.2030347001457
99198713,392.54100333244315
12281135,292.96761288059815
60094475,493.4381180847463
18817746,273.8776421851522
80803307,1203.3071208317922
50415370,79.61384632456348
65098425,178.20423997388608
52785060,73.20173527802274
76797423,70.43553217013175
57752962,1126.8316818433934
30340212,150.96945110207466
17309152,161.2500205065611
29046975,147.0705296114242
58339630,258.3915995529619
38269849,295.7401128655936
65498444,104.56000848900263
56278811,435.1657322766165
65904109,114.73339631385711
34436387,173.68449883480167
83162633,136.60961465097654
41922575,1677.5417543476117
67606284,114.57939172107959
74148614,2916.7470428145034
31898202,1023.3791783299796
12816787,465.92980700236757
73390625,200.6616516243883
44602780,644.7971361713655
59497966,381.51025459399176
33304284,350.0217927139098
70931726,408.9907056588562
44381487,210.56528622411543
55483533,105.56667155094081
41096987,239.53784931717996
60844342,135.85677278006762
46382270,451.83418706174064
41975761,601.5711574175205
20086347,148.89204543632394
82572177,463.93660552794444
27871083,362.30956808583966
47060550,87.0298268749549
44062914,267.38580579735395
29352791,95.44941290487539
42368060,119.79238496092253
83186065,167.45574556513233
86750602,376.4065145096891
18043718,141.38874253446957
85319365,535.7983627573394
93521329,162.33512521012912
68774400,2460.4846355458476
27686846,260.56859598817346
73144512,225.28667051974094
47707941,204.48598407247783
91947483,206.07424188873642
54467473,140.89913818381802
25827075,382.8364477072898
99472188,830.6674706419751
29814538,120.31819662532146
98588385,126.02711219070594
15032563,577.7718877940124
73738020,131.6331949519981
11480212,161.5928462383908
75221745,117.73764018062309
19968090,1383.2743478194402
70404205,86.28345358259081
68659791,267.97984469719376
33092757,293.05279343002564
78193594,125.88739626625834
98198145,284.99973010292103
99767011,866.5003269479082
56688046,128.06719321983155
66475382,216.83601214706266
75692782,1424.5252442337573
26808729,113.18044038047137
32171695,108.41347307404733
88456703,210.13942972679524
20999557,762.0327009683837
28934979,120.4569952010869
37107836,86.31971066583883
50278467,122.8084133291733
61940174,681.0682797013533
17559774,179.3853223934257
21430086,255.53259203267027
10776426,307.3399982060964
98097088,129.55211450289073
43113087,155.79486912884843
12862019,219.16965485456186
44592366,242.23326753473353
96886172,211.70651346072236
96480201,152.13329272094197
85983502,409.7542155120935
23038927,164.69967008287688
53573032,138.01891384357893
34553934,301.4674629905238
51249487,204.33088289135898
85349173,176.73104950251505
40895869,214.8230087614882
99256510,113.05890512377543
76469230,169.02044923693336
18165718,573.8357956558721
96264289,141.80447678108166
20452221,144.82311498783326
15739031,260.910532966504
75157790,364.52699533559536
28901434,206.01804204785086
98941473,120.23639584637172
84489512,503.60173700746833
11168890,139.4822330691396
45041073,243.56199662236605
85582491,199.24545292995015
14863106,397.03723068335194
53607444,188.53284862207485
39640829,220.47522666236188
83896205,453.13182307549056
66887097,107.17552234047893
54562627,158.16531282813023
60923346,627.83225177531
85626709,282.52941693842683
11687354,187.35883345391844
99055900,326.1595603330675
94176139,225.2413151254046
65142810,1179.0663338668087
21025866,183.09866470161768
86231352,379.950226993438
94223565,324.25173479457163
53094412,285.6722086053483
16579300,118.68789195518025
68788821,128.64736968861266
22347006,146.77949503842723
89447420,207.58519340375793
92132840,1372.3616760962798
61120099,155.2188293951223
66390529,319.02433353465426
36752526,266.58853019575207
28673093,169.0635932091794
60187719,118.94065648706501
47937195,371.19152186539395
18528428,1413.5617246448076
72855294,1341.558873277207
77314174,439.93529212994076
74208091,318.8766725544286
25265856,241.85271654432583
43541187,1004.66774479709
22027673,483.7138960387353
39533389,153.86229720868923
28548263,1370.7843178159414
78891989,111.60690725908313
68562696,772.8742595462696
45297826,519.9966781292788
14532340,694.7627227609527
42487332,591.1224205859943
79497837,328.2477692750297
48787566,400.51559114762233
43024895,163.82263208096205
54043001,639.6953541976565
18517095,332.78274849014656
42190640,684.6546198912836
81702926,759.5559320730542
20584669,70.83998632915468
48104361,300.0322478358054
95781341,127.9954910513643
42595500,355.4374956976778
34081689,173.90037288192048
18465181,111.90813293163963
87028165,101.43809831961937
25157413,98.28013250667811
33500861,127.2799717095484
22501784,268.3527273618033
90954690,149.51891735133958
12079890,655.3824171464108
24560931,203.30321451305596
57180097,213.54992116401397
53805689,138.60341737192542
54653374,94.29030739694151
79714919,141.31557212470364
52629831,126.79499102723294
30315883,3125.202955164869
55900800,128.9491141200205
62528560,195.3380746367371
17439043,96.44822004212382
64302335,286.30064646279516
53498595,96.8485511622813
92248005,165.4309199196708
65132848,1184.3199632329663
54712644,110.84895050353029
26501578,1463.9223591792359
57973578,121.8877145691077
64849387,865.1431697978718
38331875,112.42470894575048
84564845,27.503621071815683
34335614,516.1260452644482
18851658,527.9083014266056
10997678,239.93977830801097
40768250,243.6097714998784
47646719,147.50339013548015
92937467,940.764920984705
61661397,150.57025983445268
48317061,121.52943992806341
97216589,274.46573706279713
39977323,348.36190140080885
46445975,1015.8378239488881
94283551,265.56529322433715
49677766,122.95076812521837
85991335,111.97669691369182
23059563,181.17753117739088
98641777,780.4126086785107
62115510,156.95273873296233
63322573,742.9280393437012
88463974,310.96237108088593
29063398,262.2069966395081
94756964,-84.56210227703924
84286445,1348.8791112820247
86644899,2167.5157845731997
58366829,110.87179940055066
87935193,547.9069747264874
65710078,139.68909387230931
55211028,762.7956029594175
20090342,83.42339897843459
17885846,398.2090740844883
87917108,311.7271286911161
35243872,308.91980531496995
78681572,885.391696089002
36496663,333.94995705919195
88567292,609.4594170752932
90883683,686.2972660276268
77163639,75.57253755423883
70680981,1841.0876360641455
72230973,124.2987078710664
13786940,1523.0939828013284
56650323,137.21794222408107
67337097,59.648075914085986
65297160,248.4790377418284
23393351,102.68953819625837
43711949,98.95770232008759
45998905,164.13806676576925
94413146,322.85399133408043
30684529,122.21714470021406
28147355,1786.4692524602178
14737001,236.13575952388194
55758535,201.93588288617562
95914131,75.23124829036337
95400320,182.77410231460047
29157079,120.85501750953588
34838551,106.57272086377078
79573538,86.46904521320101
53853858,521.9711231260605
46958037,312.7250407844757
40355076,1436.0340455344062
79162800,172.17504825094935
61449541,114.36401476079901
68870249,278.62793217888014
13256146,101.2821143677739
23687793,63.97377109084825
49330994,79.92600731238743
47955268,334.54876442972153
24572229,360.929675554156
85493065,146.06659352960065
95994562,175.27226542566044
86822089,189.69423874272042
38878729,233.70787078857362
83459912,206.06638460825434
40295244,193.95182225171968
95702507,382.6905592720694
97865744,541.3648203765033
81724417,194.60669365683498
22296895,636.9065672492594
25100739,1052.8348623053882
11994578,277.5504063769196
43823713,168.95911018181897
57595389,297.9425954284382
37162594,1005.4628827053259
51432674,713.7217088289813
96977947,453.0120750388506
69353041,162.24080297492287
97471377,501.2037121008463
78888703,372.3816939383615
58472902,881.5203414458675
77647159,279.2859930130898
63649430,1538.5587077011642
11295973,1134.9628961557949
11886952,1224.8833720197008
31115337,187.68483656703978
53945582,1076.2420050384696
73391100,82.412022621736
16170017,523.8282401170694
96391937,154.4643057381443
49663888,438.6542995304089
37966282,514.5457614494347
91789209,682.6455698954597
47228126,296.186041904927
26588476,667.5011793674054
87591569,112.82307062694095
15315145,123.59370593582732
70198893,367.08821520190776
61666968,109.03536880063771
22175686,128.39701212386794
63396595,476.95645791877024
18727617,82.67142595342098
19777468,223.93314092361229
30527873,271.80072858943385
95114158,102.1505656050485
41739701,412.0496310191132
11369670,157.2751206441856
74973026,254.47778806630672
73622781,330.8181367323782
52281834,172.15087656478383
16897176,117.48900799562533
63339672,1535.2621907397188
94319057,167.0517355635408
89357552,122.67258819582523
24886317,292.8730076089399
59666869,214.55488848980917
72430983,594.041904028053
85345596,692.0622987229398
24218852,156.29581073201192
82044920,155.2561972561859
28204462,792.6820234335584
25544623,104.4149292270113
98645538,116.1794152326273
35786181,1064.9717148520347
56759514,278.99847429568945
94979414,72.05368643846224
52508190,414.700729596812
49317061,153.47666966546566
76293520,136.20375984723967
67067662,139.30925230717128
11847526,150.9096427738204
14139283,273.7592594422854
35602964,52.35120218827537
61092334,133.12943451895788
69270579,116.22711763116794
47517321,470.008723825187
10542988,97.94675818882276
66912082,139.97341199626305
42445139,1031.4717902753275
73053729,308.20156933006797
96699423,201.9563949151019
18843679,262.2523048681658
86433075,123.35187447739898
26883104,1170.311279695129
19601132,37.735895309462556
37017650,125.72247940233633
83138933,151.9093569401876
73247661,132.14044577684976
59307450,409.4445978862315
31131827,223.74380458076328
69966233,853.1722723337484
40243877,980.7569037609063
41951589,271.18518276738484
36031262,217.28448440312852
42623413,743.6919349500273
67891203,455.2516917455564
51970188,157.35686867162272
24213498,767.8495697627383
96242069,116.68592148364675
41943430,1283.198612781049
89189267,1992.0156607077195
19898345,110.6565768680778
60572858,512.9525259493208
34988552,139.74745464349616
91110384,354.43418850882784
75957507,168.29466777091676
64422949,41.72819697812563
93823627,99.98526672811914
93745711,147.03959124837868
17782008,173.30224164363133
40016743,566.6751536433788
78676337,202.50293043200745
96591242,113.0498942051195
83545822,229.93715436560387
89501773,798.864380649592
19293886,104.70384008433093
58534753,534.8416549445241
56198063,419.2060943756837
60777659,74.22693855673442
65431978,173.7193063318651
94604898,290.28079130509144
76197738,718.4445303789781
81980523,403.4291857952281
41676275,118.26461344550233
36497965,1728.0795872551835
23177824,33.734530315112885
85192608,105.13531770340082
30289672,106.08877755403287
98138275,665.9576516232135
57817320,431.59744197491796
42234307,1583.6997709313468
35893634,121.40719462531406
18195993,148.39401661778822
98403244,366.6326164171895
63004294,130.6843184628507
54567579,529.5203076029275
91568379,196.52838762260268
82476880,194.48443359916138
55652262,526.5441167827256
20373341,119.87208286498698
58632297,320.4495165216808
24786934,797.6974162194392
43722745,129.35443750901925
87508719,347.4276367961454
80752603,144.57871845147346
16698668,942.3264635726172
78798734,345.79622838903845
18461999,462.5445629584241
81299277,333.3685511190273
91417891,180.47862314848243
25190830,707.2060371979993
73164327,138.39620447349282
92759943,342.0518814003089
18785269,117.22319660439229
67717385,123.58745188569344
68136920,87.87430275434099
77810360,228.3396931386534
62012820,196.57682596512353
55983128,143.8029766731745
28119370,354.47980619546144
34978717,158.73721216636534
52374215,547.3497664897094
66651771,663.6644716691302
49306420,737.2931990629835
57524470,372.2423205521973
50884173,138.39620447349282
41477733,192.48381826028137
14875840,378.4776856295756
11186021,129.14119513893647
36355598,1106.75331604641
54557949,92.95870279571521
69426516,148.59679115094832
92092667,199.38767347455095
52668902,146.2206934214875
63561915,91.58442583202715
11154750,137.4156994432436
48765039,146.3340884926916
91136342,83.87555741326183
41265217,1453.2749942302166
25331950,119.13065156710951
59339185,155.34566447747662
59925803,203.93673460896457
15169957,632.1448733816899
14437249,218.33013194973762
98971521,131.88842816355793
26418410,131.9067497661331
85892267,132.47006982844417
29358885,250.01368810478567
90069301,148.62333656048315
11408026,155.6867703192138
77952900,64.71327548853172
83752708,684.7622390454173
15243872,161.05066185159833
20649757,304.31605566261027
94157069,459.5091440985244
80138291,419.8298895608849
79658232,124.06564510961705
20876663,150.70363899925812
66248879,148.27517155112304
98196787,129.76324038986323
11070217,486.10605451390114
54123194,523.6613582093916
86862821,639.6931934956865
40252559,78.19902894330698
60519623,100.36179143368155
11098932,138.38978460055375
77544004,167.41535253492466
43855714,99.98805254323435
57112829,76.11396507148713
69104738,62.69584886053302
51426009,134.14728922012455
96759585,972.3992816763234
61695552,587.7497125138548
29335973,152.9422783257401
86711404,242.18501954129874
96132003,2000.3107425180203
71930157,611.7502273135345
24207989,167.90479482207047
81239737,93.71488980576784
19246532,98.80130134249669
12541440,204.3754484122264
10876544,217.7031104784496
11012723,276.22255580840095
38854043,249.28758470820122
78679072,140.68473378507238
39567200,123.76528122179974
59107952,200.85814438860666
79981461,161.33398277855082
16385065,188.45875824884348
42418677,590.7053076756864
26750207,115.53832640400036
92430939,382.12602168658
22967094,162.0854476872748
40195159,210.40034766294292
72466218,162.91169159842622
34482136,112.52714089544692
13940540,199.26181775071606
22725269,517.0122937131767
78995555,853.4551775481666
73638726,161.16217610887065
64722395,192.50213791498805
89563722,597.175059165566
32568591,144.51964347093585
45801232,138.77272680268965
20301291,1187.6471337103594
40244043,135.23732169022466
64129406,859.6561905379455
72297320,118.32684920051933
13456518,103.75278233078078
27325248,99.4800372157136
33468754,118.72818778558013
60910395,173.05977795367423
32681832,542.3713473435137
21428869,126.24283469106823
86653666,226.21366837397204
32786522,306.99789412963025
64027869,368.0850114579666
34126567,107.42734504942491
42278394,228.8051051764383
95376056,152.5537242105452
99562015,288.90954969823156
15133980,865.0647190938595
54026308,141.6353902683967
76441994,110.0565829474382
94110128,70.16743660968906
20201258,539.9621690218678
84604326,161.89092269683755
27309117,654.8864430797643
85307886,180.88419103962286
68918906,1653.4807845109272
16328223,308.05767146668444
18599779,153.09632285110547
54032168,110.31941231625852
56206271,254.12018053374135
20991939,192.2186076543549
78007881,124.26260704569904
43136632,398.5128142475726
26961880,1282.5752049126202
59246484,342.2453990076852
97485255,202.15523379706383
21548886,139.34212287771754
41405520,203.97515676550339
17265204,96.56016709145979
57594370,92.04699824929352
86204456,117.46804309895019
47896500,148.11592646145843
49072175,141.47409616949074
57819104,549.363938608299
38029807,627.8240106544945
72219430,1246.8123412460598
51835434,174.03133834759086
40820294,540.774343070847
39676991,173.50236186203674
47329975,352.4996681897616
40515929,369.1640647938505
49496398,548.6725419766782
79829278,78.60259743351301
25676253,262.39553126699997
83511561,239.66569881359723
97282391,125.35218144746011
48159381,1111.2924397157162
26133617,220.71519768922167
14830790,140.49152417003458
38458641,176.65218661628765
92902816,266.36851078299065
67366474,1250.4552583303785
12931119,489.8341812547063
29119450,266.2823629123296
69182586,148.98702241859493
95601790,333.2695946114411
37235321,199.23925680525113
18453791,2500.111377171246
73959998,159.48293365827394
85145437,94.38658398390459
20490331,105.64500961331447
40505076,299.64220503019646
39895736,4131.946685151651
36927127,490.1003015891445
68104733,288.56665523012583
65498526,275.79617338264455
29077796,100.38141691851003
12700500,374.0758088934899
23234787,182.4590219606883
32248328,85.74097555977797
47710917,1148.6656153390734
53904169,53.58748934965203
41795394,557.2099030229658
81931808,327.68937655137324
89546300,117.76217689940168
81512800,2348.731146463413
74490322,113.22306203935973
77716971,445.28083108768743
76509280,105.65744355995531
86774198,193.52759140217725
63795592,161.6614989118185
15728342,562.5539821896767
97525554,440.50682735694215
81201227,542.4886807873818
98995752,186.68429585188898
88336972,647.8606683956475
56577963,109.44606940746684
73375002,113.1603173626323
92846400,269.422283303688
63160455,202.06213011622538
31277941,180.68926690493902
44244750,106.3272989760316
46198195,837.0430726258469
92939641,900.3360276926061
97399227,73.15105172584902
32829265,121.78460695958702
73813213,203.1036854283218
71142772,71.72501874352393
26186456,1407.0000420472245
86118507,322.03769097305775
91253288,120.93969595836232
16739260,69.53629037541806
97712970,136.77156792458987
33709101,761.1175225783708
97473173,143.8381361535689
84445365,88.99900280449323
33683407,584.4010391946282
55156833,183.8377937229031
39198647,83.26880000969234
84859914,213.3957836402992
42321053,123.90089754082916
26496602,100.15868955631458
87373088,122.66309021194874
18576200,684.5631225578069
30304669,126.39237539432348
97043852,320.9562475083534
65885111,181.7972186846599
67235670,588.2712141831805
70791484,209.7863622156127
80687580,161.01351526508867
15865255,458.6622184108978
50517128,218.50949042453794
72791395,461.47661916703777
43267986,108.16301124904204
93567577,518.8805141604576
15107743,131.26697518001018
50225644,595.8435951172256
50174181,766.5405802996751
41401409,757.6368449000829
80395755,291.97315022180413
58616743,206.58528681315653
62863764,755.8740361966703
54033467,210.2893838316661
36905471,112.93647679691051
68728934,241.36165912782508
11399296,249.73388375492152
42319589,144.7409845507322
71193471,406.6865616400948
67728154,406.79275514649146
99252537,276.06074849892354
69554397,182.64265115629826
57406844,1029.2045836244276
17460622,1880.8341288868419
29136908,304.12777754266824
88836387,166.51009313433522
56749521,1281.2418199998654
42038296,1252.574895881036
27575312,559.113226122131
27787635,104.34504370989961
22639453,2333.5250446405375
95074248,1026.6604027528258
62398547,92.59979541732194
48210895,667.9894483092853
87163679,102.96827895325674
84638479,125.12378910969328
74277222,559.9330330492412
47124707,104.36398192831062
29597912,533.8035592155925
73217471,484.7435004588258
54203733,926.1671523129044
86493934,306.25053431600503
50925419,351.3970582191192
36161210,225.51416548114994
18638157,77.29581717520057
95763224,279.1506962614456
92017449,363.06839290212247
30955049,168.1970429327737
88464978,402.4800883759283
81709003,159.6347135614959
94640782,106.35557920905417
28684873,2083.999200038463
82032258,112.4299630219366
81929396,106.01917876882824
69137949,2247.6232354911167
58556748,321.89344905021574
83494716,387.8452457404522
51219421,704.947433198791
20118968,20.73844166356765
56424305,338.66425674204163
91040440,972.136382775483
82249910,476.15623766568103
65005094,934.4420475202164
14333847,207.79686941342035
79940622,640.2365064671706
36407377,140.3921630401058
16485177,155.12356811649576
19967320,114.13785159175424
86757224,157.32031412862705
47859734,131.46339565532733
15329881,176.37117877127932
38097629,146.42619666488037
63914375,842.8388994955463
68107359,539.0479210733872
30898448,52.93769997450554
62098958,100.49051212349059
82555231,1011.8525981237133
74537472,736.6436471881684
53883476,586.8176358882031
87349008,173.7813623468699
60387770,91.66446256788898
76029782,413.41190130238505
17330605,99.09981677930932
73592240,138.0802795084169
46762043,137.86879025122823
35726404,511.62053747700844
19188826,162.47565211647714
69934099,2070.3522629166064
98236292,146.51116291559663
66601351,524.0599362586737
24082367,637.3635987788703
86399833,1150.0664171917795
29406161,407.0212857766928
77568118,233.77820068713277
68454220,196.73503132756176
20326815,803.8479152708401
96392075,257.6677339124821
43846930,1539.6910512332943
64059970,271.58163875834566
59660323,141.31419370493578
30664289,90.81241156195183
80504110,90.80446872545984
69214158,320.07153353186897
37153701,391.0237377260837
94463524,179.48337823992694
27069908,75.71884416646239
19881454,772.9588783822458
62073736,533.6807708097921
81301863,153.4464544474244
84692821,384.66215477881525
18061173,1332.3790767878077
20396165,165.75778020354366
90290263,116.39058375389378
53205197,93.55882955093885
71639333,773.3372393762464
26581527,1007.1523889380887
88753189,659.4235766493979
12152481,360.67028447148226
66369748,488.954973442246
31086360,296.212338927551
68141078,157.79221009814634
87072389,109.47784760757233
97229380,118.01840499525004
14239930,129.01985163467663
47067735,1011.0823376530408
23013670,859.1283611391236
91166617,209.63859647490779
46464430,95.97250503305334
48307993,151.74318747576743
65322743,305.07668506900274
50086685,410.02243025039
65335801,190.43517937032607
83887090,161.79576085963512
79333390,404.64179627283346
84490520,186.65967236659856
90753494,2060.779234778241
17091898,458.0317277613527
94064213,692.4947150513972
76172003,224.26058129836642
36639874,105.49768900043675
93190659,466.3478215476421
77671761,130.01139077497086
64459243,248.39262808373286
92415904,118.60043149110776
22451687,118.4907951273209
99098676,395.98250985475454
96250656,119.68378173848342
43637666,1343.3315523340689
87755511,528.4553784058992
39642098,63.57075786402466
29533984,165.39407013850848
57860445,175.66374142355144
33335103,109.12596886674817
40928352,510.8725177784708
66938624,159.7325151862787
97908221,202.76127878546617
32317269,528.2271701219253
56374872,830.9486873652194
56164704,500.6836076474482
16557670,110.98372408161998
57350487,46.98685540191875
73640189,108.60921075358561
28886856,168.03650473951814
66838952,53.83516630782352
73125445,800.181934629491
89817544,856.3395394112399
69175507,132.66689432164983
93099722,138.98966564158778
42498618,265.56054690084005
58133975,730.874447717536
50823382,110.98094265936018
82720881,228.0261992615824
47566077,280.9617541347505
77236358,346.03756794772005
24977235,202.3705818176874
82212369,153.35187702921502
61416619,119.00075075037886
14011629,347.4843370488716
47820649,444.73115196655846
87027470,1255.2123319012364
84406467,85.04788995877415
18483336,91.81234982566296
11745857,114.86502357016165
72009137,155.2570324946892
21373342,113.06996145564783
50764118,122.22935981152392
17876513,201.90720079279365
21573530,1232.4874194944293
62535056,566.9365412577001
52924658,190.06499983520027
59116751,385.0515191439695
96464552,82.89680639567612
41877592,238.84348463395654
27556664,133.41979830566675
82049392,354.45374974650457
21890177,119.49951673834761
84019657,123.68059944023653
70836939,203.5148118652529
73269246,287.35625346902793
65430516,44.0846453067488
15552867,938.520869925807
16632045,107.30463260905623
58510236,169.18524823399238
94607287,134.69468439790327
16582909,1835.6782710337225
91254889,120.63241956990703
52951693,289.2032803819171
42015762,136.63529568283124
39537878,96.92289580084022
75334066,475.5073103360315
15509168,145.41247027255224
21848464,135.27438048940968
15512926,662.8388828275051
19852776,99.84595912901578
98991290,40.55931908281045
67867067,1065.6357919813865
75069265,274.6015858124339
33163007,97.9695363899026
72461037,102.88189767508548
79368575,54.51413687037875
19283832,186.62748665183722
74686369,245.54003904692374
42431987,182.78573002537286
49107046,161.65600289551315
21631633,285.9246560827636
57757752,952.7961190340671
64260092,388.6429149686713
23733208,110.91617536429307
81359267,592.5481546234203
78964700,270.4941969271965
33821569,1195.131354232555
52189182,217.79420558663668
67362415,104.9001075709548
32252347,1188.971051341804
42461075,165.57193897614994
42564953,924.0140176778166
53441096,145.26909356910213
28942045,161.0035108793632
92173510,432.7859368381868
37939234,201.01761705849356
83072941,867.7519098259818
72001493,2107.6589814939002
88722560,186.98814653366898
24458695,130.99506233016868
34236973,1455.137664466588
63527431,158.34823695924993
35020078,110.60627224506622
96240931,511.5458235553228
96449025,853.3749492736374
73324268,123.51539729479032
20943504,2055.3544691514717
65163807,174.52544178027802
65735235,589.8218884808952
34006121,486.51348198038403
11206259,914.2693044469104
21142225,305.59126981574883
43933688,539.0991485527005
20195114,300.57409118802457
18089453,272.4236523886354
87927482,2953.293211067291
72119177,674.389887946047
68722653,213.16628287122475
99012228,383.47227604558884
95191404,328.8070751288948
68494900,119.11483377771717
11789848,834.6058026896941
51367435,340.7344646317194
83199690,154.44164441948092
44222449,123.563332698958
97059152,209.13054130383617
21321783,131.755072276464
89238156,249.07153218910727
75658495,110.68730086061589
80514422,60.87585898158098
80098101,306.4369424052554
57507250,383.2742468769248
82869937,173.22415625193327
64737683,522.3873743174368
64663030,360.489974640516
22362250,56.22942017560726
51054867,60.40683148298824
60302181,430.22150612430187
89897892,683.422115951004
99745406,543.969623155684
52137793,740.0497552189288
94617943,222.92261612998084
92402481,1212.276951383028
29177060,97.3939362609662
96789879,122.1408699200909
16733828,37.578627939381924
69997197,1008.2830040176984
80009529,119.15371431150649
70971147,145.6834586912916
89268742,213.1295909696471
81559172,125.18620932345999
19799436,1115.5696975178291
96316683,968.6507758166334
16202604,622.3855136595221
99234264,181.35390110555036
89790861,669.1198088629236
80624261,112.22660168870148
98327008,150.26729224226813
43114030,195.47946436048153
38992659,1333.4793961566322
26185292,137.56388302798283
84958392,122.70115216211049
63532044,82.28938650601333
72780852,123.08256576839503
63755363,156.28474607013894
63435369,115.25288204659385
49085103,163.563124302752
39826465,102.66968101928808
89335030,2329.7597756950395
92393797,83.9108292316883
36385689,79.11670571840881
14218024,170.64392701790138
43067447,183.27080605715108
11821155,1836.4462819024131
96671043,262.96775757246974
64977532,129.19762739543873
51923648,236.04159200574423
52082499,173.52127891496337
58693008,149.35028981321153
77432555,71.68127742561451
11692478,453.80038419677226
88536020,68.33272438731458
13996971,215.28839476553955
92291100,1237.9985240726403
77799089,97.1332990429322
46970679,122.6433255982072
96819382,147.08592176351814
25751312,435.8949743842721
89990705,337.29393933947364
52038068,513.6877301151416
32344173,466.1605246076047
33993191,182.19098031718605
52279123,135.90011824044922
18496274,164.14802006792698
89490563,174.2993733818565
17329696,116.5707338098644
16967446,69.43720041963624
80888202,800.2392147026062
14661504,123.9645719856151
19604443,181.18668732447614
37821572,611.1235073350161
88831769,97.61365910070288
32405077,538.8342666531001
52763362,805.3234727901103
75573252,937.304148689801
54781465,547.568393761081
22599480,232.04466447515745
93311234,116.56070780301235
69925053,298.8948331386017
12598333,1157.980353604288
94909106,231.13471745090226
86019408,119.67607433014584
96477826,881.2892120515808
47575439,170.4510429043838
44219472,142.3724919786348
14808414,163.95671811436853
51535602,245.76780123570927
85960705,143.15933364530434
52391461,131.82961326412618
81172596,127.37751109303507
11351493,532.5303868216711
72733290,129.00212891258633
74877854,455.91938466229794
27680792,449.5443242279482
44946524,293.64414041823477
23475779,486.8019504839223
48465422,225.19097579184188
52076835,385.4610308042123
44646564,212.39027847620244
87277346,217.82984079399728
47973044,358.3919514173889
75500097,171.81235826377718
36145678,144.2076978760241
85625020,97.41307440357546
97404967,644.9198204145897
11411712,91.39005580589769
80164594,164.93457717940174
30555374,113.11557214806078
93243676,119.54055266038509
12801610,984.9976360420018
58651288,109.92011488525955
52409464,322.2965326153907
26481577,870.7660833537709
99557550,1034.9667664104072
92346786,1146.362985051136
33277389,366.40692047823933
78792921,117.38170828250615
89378277,63.54227235388023
82856305,380.7422121280277
30767488,616.166424481321
36397903,1443.3881570398128
64870928,99.93838794963033
11575457,432.6631330310695
39041845,971.0551141205033
92898654,455.3329476478122
16929732,147.14831299819863
33334714,375.6391079299917
12221534,271.8096633745412
73945645,118.34057211139216
68971550,160.36804948395755
75565371,482.2783623829153
59677619,116.20647746535705
93539814,177.64562414787696
24106217,113.21232622929776
55020351,440.5209541283287
15672017,580.2875692475153
10841847,194.63605704277884
86946687,223.8731149713474
99799054,241.58634456871943
81128474,163.81371785932237
80366080,117.07459822795602
10218336,422.09921661071775
72351128,241.77359715974254
56132260,122.53342884145421
99301338,465.67678971606614
84453738,492.40145650599777
58188871,107.06929586280033
81971342,334.3303558538141
94124547,117.5584859390823
32266038,232.90310497547244
71760843,395.6006914640373
77203995,156.36059331687918
84611651,57.85614756616734
76627771,346.69928538817993
12653847,438.6785184836464
43336328,448.24182735491223
91500607,133.85955950909243
68213549,1187.9395878990078
35549327,426.27672895377117
80808916,148.77075115798473
17110481,1783.451156629915
99587119,292.6624138475705
92334856,735.0076238870284
53359226,104.82341645230014
80618402,223.12560124935465
41703808,319.0096419005059
19195409,115.25719312984609
76941149,115.79238453777407
97584818,1058.0597458079112
56683377,134.36067070425415
67011320,217.026525408226
15480221,78.8073037306541
68081328,154.791222212227
55487684,333.2465815923195
74199206,195.08910118149768
90165063,163.85218281901487
36193583,219.7932994892218
10917950,190.2358909651959
92870312,454.007931864466
72030717,1184.7807318883852
17113758,1129.627016583419
89153386,75.35611703986008
45809568,164.83433482974846
30803532,246.62437475195864
41936053,198.52021578982948
14429173,226.87620477082913
86629786,327.43956344827217
60024688,207.87506649006767
75100924,418.00101172024154
19587468,77.49129304362347
88088850,493.40729137368066
14339658,353.8378151005861
93643220,108.89167260897598
61257147,144.8526988734988
47372664,181.60710996913227
72551157,211.0852768554426
70006271,353.86359223830414
66160499,320.13855697722386
14115358,286.8975875992628
24138292,389.7386124235561
81649352,412.47097978186713
86450554,242.28501155890874
43772724,113.10234535669521
76147600,253.70238490559126
37814705,338.2684005020042
79438450,518.6786133309985
30374304,1254.4126357300331
54234194,880.8743109327908
94516994,85.21168926139525
15639119,429.8439786507754
98234744,378.06080119425053
84292967,144.3342741928317
14583946,98.13886874069236
74680521,68.28606022703754
10214287,208.07125553731544
43877051,118.31199221581501
28904050,751.6290198877543
62063260,141.8843434159413
50651267,139.91575642784682
76093719,558.3820714879787
42788012,366.76389810973745
64271564,267.2443607167524
36033563,56.7827926133035
32364760,199.9987156667068
82718318,110.76271751661953
42781597,374.59971788539775
63047151,1292.5849778703923
54331908,334.0174383132541
88556646,828.4365162966624
80038856,141.11728797560036
62561061,997.3554238149947
65834717,145.13675060895596
80358828,47.46012758289779
35099840,294.8604717683491
50872993,107.07365677408055
80223193,90.81786502678166
28448374,242.2933456035181
92231676,333.79485874538767
65717894,208.85274284736226
86298764,114.34484899239371
76299579,124.54847600018938
15449921,83.47184018061128
44677435,778.05836674191
75188492,108.59118716608334
99785392,575.5323933662432
27084775,122.57656358284154
34483861,119.4082635161221
44135541,103.32682224424333
85537076,108.11426241702773
32577802,309.09661423611146
58632323,146.6340489030991
65794441,1323.993718366179
91626972,234.92258759639833
80568466,231.3339556287991
19317452,124.79651216565351
19462773,312.3359774696743
16861573,198.72122231104305
61543398,790.6929617373432
67189144,334.2219430272516
46184090,302.44296812322386
14969625,370.4688691650247
12339000,204.36936571434
87651999,465.05955355800245
48444572,157.60669359193867
43026767,15.018385823784925
25666315,238.72907764028497
85141494,53.55029896744811
10196732,254.10867686215028
89772932,119.20129491497973
76197106,182.75620601324968
35668637,418.7587703943206
47789451,114.58627391461397
11772481,777.4279151086273
92352486,84.56887248144807
74959731,359.9110684516305
24006644,347.5183899447521
70184471,284.256074198884
63616459,4584.2932676107275
65420176,23.56080888630697
52778454,356.682441659264
20334394,340.09230835502336
29566160,445.6457646204307
41218910,1084.1287109362897
57645530,104.3108621397982
32753016,114.9768084183441
53485349,426.7581411189372
99359057,1717.3645138348243
50033107,114.30703623475718
21562381,2096.5271786657086
77828671,103.5545824006021
59082786,123.42238433406044
99756703,466.15118981370273
62477883,161.9914416303005
62194095,2439.9656918975475
77240295,331.1178011680809
78173906,114.80823718121897
51850860,242.49226585810493
36247163,117.91932780727949
80372868,249.90944851254844
55810884,291.2312574066767
39425335,316.2055687876168
64769998,173.9121411270068
74184119,342.47223926675457
30910517,219.95727431600957
82036794,267.426666303638
27288556,199.3998749835733
73750248,756.3654278050508
93836103,1281.2992687555934
21006367,756.2132803470042
93898545,178.23260239594345
94582565,181.08664653103514
13137522,175.2684183488856
31604761,711.821062199825
60718232,535.6807811463223
22356430,864.5926797171269
39386475,178.49899035261447
16350350,191.39266746054798
70755780,238.98548334479653
55920671,269.68566268355414
30409198,188.41649990881783
12366994,1686.8979666296857
99624161,300.09895436116534
27085439,777.8247444182025
26222780,333.6129476520242
13513100,269.8167640546198
83619693,116.35953526112517
65230131,158.36219888674356
74197231,623.7897542708074
16535315,738.3386990224491
49313519,319.8126820834004
54192335,397.26258361235864
80736897,243.9561292885132
99406225,191.42883588871067
67818530,233.42947573704222
84284655,1068.54806327608
30897932,635.5840002512465
32254189,108.5261586250989
31849680,187.90694790157613
41359333,139.327117805165
66456629,221.55736155084304
68729486,272.09589127036355
40630348,241.00078971291893
93988333,400.7183451161348
47811524,322.7055597909547
98617237,632.0072836837445
20362387,187.541303168085
84645660,282.82356586567886
16861971,132.77991976729638
34588999,1321.1318700755226
53427517,1961.798406651864
42513475,186.37019733553714
57705547,129.8941783285669
49742880,124.80598767675157
66920323,507.58117309402667
12354776,703.7025568261674
25840613,424.25289613267273
45114259,237.2250680094384
49079923,481.4453163735993
63116367,242.6547537582948
63802912,140.70209021898012
48974796,81.02872368392563
30061599,281.74169848144646
68578654,264.61792938488645
54173227,153.9838817680161
96680380,705.8282762019054
23868064,668.3404693624719
51824090,2172.914375109175
34839733,47.469624441170176
80054187,137.61016688585306
12685572,544.1993880628678
41567061,118.90807767632542
94877842,-97.94463416314318
58492968,187.94278966153456
71326484,131.997808569703
70920278,113.56056858920448
54663137,173.07546227633495
32126460,152.59459003834232
54874790,114.65539081906464
13538436,1325.1322204748078
30100038,111.0098978558729
80017866,141.76643671041649
64347455,311.82913168052386
13683069,2380.1340937888335
48039428,99.82095446080956
99567150,256.8242234045813
85509215,208.003581951473
60668698,477.9262985584671
12191456,411.53600699301927
77765786,101.74129392258028
12528361,141.76155002413412
58442957,1425.5907117285456
54303594,153.37057177420914
27681147,3686.280042641644
69098569,1124.2100688937728
95221316,610.9581745205838
40109548,102.25860091599462
55576313,89.2196534652281
53153958,1304.5570718920512
21200840,150.05036909495425
50894265,289.3270985576625
23626838,193.17729487736128
12418418,349.0520229280516
22706358,118.99539063537934
45395670,152.3136023741937
87327017,175.8859602768587
13017114,212.36771599009853
32271547,533.7423675431952
74538679,125.79547291487606
39506103,335.227401916056
46816166,109.39559279612185
66503105,172.88591152510807
65579176,125.52305685748517
40074247,253.57649022019643
91310031,97.46962875708104
77444410,324.82454151603775
69955281,617.0494388272049
67331105,201.49409703206504
45643632,176.48132534992982
73282363,281.3042914623194
13642505,187.16989272330957
68901430,292.7019329799291
89906679,316.3220353285885
52711886,92.78229022878016
79575331,955.9091984862532
92616283,877.4826623957648
30763055,976.0373447478397
16611953,416.24153202563593
33070179,568.3310599630328
80347205,955.389923268483
83995335,120.41771360035659
14535805,22.686424735900648
84879838,104.211882825887
11864901,1316.7489909607295
14658965,507.7288007603444
24293507,652.7466587681223
70453525,100.50141471030882
87798104,136.76855636836848
19197193,428.2278307361897
28284548,246.0565176658632
86044842,415.0396860742683
23057275,38.3692672492552
27985337,1201.1757284405057
22587547,418.5316381018153
12855508,197.85441561916352
64337495,210.06042082951146
86712331,283.09218992602723
61189156,962.3654391301707
91594873,187.47173472889654
54835971,933.3772337244883
44370830,235.51728916730914
23684803,135.88848081484787
92481929,2274.049992176229
35638424,206.3088123460397
25657749,124.77667994973103
39381975,11.664732636834893
72999107,216.3087961489503
25818586,106.21432220165917
58036789,159.98708618150422
94320377,128.2861223851826
47110506,276.11100255346634
66399362,67.63849286866913
68909982,135.72488437618594
16073310,106.35833426285907
43288405,523.1691100762943
71579560,494.20787533962385
16507355,1438.4934039247657
48802207,854.3066921190798
89915294,109.10822257716578
97679852,146.99445419641336
29217698,222.2982365792516
27435911,121.94041887122063
78879242,1712.947910690633
27175130,464.9709218751434
29020135,593.1502770853588
78626569,796.3183501293412
71067812,-27.597816103212516
96690513,886.6131328207078
95531962,373.6380025967371
98356800,106.75201098384177
86104439,852.09385079052
55595900,142.38018228992306
75208610,251.0129457432895
15300209,878.6767075992357
61949363,167.95059641001427
65881085,221.3574573615595
66803690,126.28134345465647
71508510,136.1877624640428
77429269,296.22210067203855
70868754,248.85584089881266
93223292,1264.32773089316
70378280,180.056753838234
72142932,481.49606080719064
88911193,163.8247706495505
89761834,155.83706540928992
36836619,335.13192255136096
53134062,110.97632745426071
98828461,158.73207647218047
55370391,582.8493739844322
69978664,225.14944935081306
48824111,156.45745264072755
11383415,513.7221556520276
89041808,564.2691688087169
31864759,700.5621309056847
85436725,536.6463414632784
12287678,217.40556697399853
54577919,257.6316429080867
69095778,204.1792927169795
86755087,322.6457478340098
87570494,138.87328764026998
42971075,393.8014792828879
19251821,249.42567433483762
40154766,167.87664036185757
86599495,95.20851025312888
88331508,13.441830193195782
70254717,554.4461262456974
32105523,121.0755804515448
42241465,242.69498026483868
66334048,607.5921551855823
56657286,1166.4119253640101
99489082,593.2206998824901
89634976,213.34340501904742
22529712,187.8052789419862
93452559,178.891976668995
75276107,525.3592727195255
57620607,402.10829892781686
11822194,405.9310896939732
85101585,349.65932124298865
73640715,241.91643209172832
18114714,252.897928946603
62352450,326.16628926849313
88096618,93.83419012752847
76855836,104.04609339200181
76968795,257.81492198689904
19089688,343.56088458908914
93669020,476.4431722838262
32221954,127.81063129467266
80149491,1088.4149004045005
90863370,675.4303340187198
18955449,274.32999906913307
46106075,383.4927798650855
64362412,455.29459327665995
13228942,364.13977083840496
18238798,65.78238691500759
17197174,122.37361942452688
56883307,361.34158466928665
43838074,426.8169303394157
94366977,29.19732556348418
51114116,177.34185990621992
91929625,1336.0684380651846
72617691,161.7740539084242
18081983,133.9476593106846
41430371,130.28142958530893
18768333,423.86777567857945
97670981,178.0641529167059
33138884,742.6825321689403
54769750,280.0197072194333
89191521,158.1588351181151
68771611,316.9277531183981
69658524,116.34238530800997
72361657,187.1988863334834
56548670,140.3494671092761
78323750,361.7529728175774
30772189,262.2458298761465
48525110,111.54452747736616
86995869,140.03359412442563
17626486,1982.2362475470525
25200634,176.7501841499073
42675735,189.948593757767
65493081,236.93732292228665
93613666,1428.7344639128155
70416961,85.91241423763285
29938065,340.779884977794
49578380,1446.141062130547
98870679,155.7037057216022
69931311,84.7417521294634
53406287,2030.737837798314
84279248,324.6148583515284
95721664,527.0239524336172
86560148,1820.2669771164778
54643141,258.9677658223505
87296829,133.32486033960532
44687814,92.36327972977672
17812890,70.39428476466337
55517272,159.5130066726029
83984617,216.8028430849354
50681051,333.2364867607159
74119296,292.4016871905353
67223450,783.8324139936163
77287132,530.655301100224
36264517,216.54693262071035
42898261,302.1786322409023
62830950,221.2693164466871
34861949,287.71639568777687
73511243,172.44861583124694
21486168,95.33177789027945
99309538,918.8768503172091
42037617,108.27051534664001
54746843,725.7619183906376
47539615,166.91217502699223
84768747,254.5747372499632
72954519,600.6000425379482
86653160,436.857769538789
24350012,162.111446821228
44330162,94.36780073664146
40410889,116.03887447749528
14017526,634.99560759831
18494070,656.8748483554328
47916307,472.6182869142156
39725498,389.9045655426942
54156054,193.85676372755927
49589662,785.7041525525505
87793535,136.14714671552983
25123851,402.2920265810857
55319133,1351.056241168567
35955058,433.1399301932913
15784980,151.15058098575125
63967490,1152.499204479473
84366303,116.07618883742579
32211409,1200.1515160433132
27475512,630.2207463871737
98385904,70.64136107748016
74274926,122.22510958376708
26137274,1397.6411412532645
35706395,385.78637175862394
25432073,117.6996165848626
56493804,217.36188268308584
21783642,295.10564939262304
24274717,322.9289389617486
93363592,306.1404540104867
50359798,1272.8840832463668
76057356,275.30061885841917
34577569,309.2555044240937
13432670,282.24394589748647
36150614,213.17121515034955
95883486,135.14162601403504
17035345,1202.118050776591
48987823,121.0265295056144
18853302,118.68916217434585
70059479,82.26225051335437
35830006,451.68036309227523
83058209,197.04480694219455
52239160,184.49922295724963
24939237,248.06210282369588
48271879,192.9194876941906
58898302,122.16374154757084
97505252,254.49071700874913
52580265,116.62877330999474
59859756,127.95741210357077
59531100,374.16854169639964
82820692,33.67216213149281
73015543,1786.882755573601
50663543,251.97813605998041
61349439,126.37524628494336
82745505,100.30450590723548
91058293,278.8811330733331
17937997,368.31950225852506
48025378,979.2117475637091
21558049,426.3592909114316
51468147,785.9078617491291
87943582,117.54993376067245
72989675,116.8053803604079
10828659,71.16343521183381
78868242,193.10166221693433
63610417,779.7064693183419
13037947,230.88478536483026
63051485,85.39131799414241
42637767,187.6115462114681
66029975,122.58501559867983
41368516,179.21398250734666
75570412,70.45686779976742
58832659,925.486968649343
20746324,108.71804539104791
41047714,1061.701464919897
41430458,535.7181687319514
69198371,139.52532765314666
46430156,425.703580902324
42120705,317.9207974641434
67695943,393.99634370595396
10655846,154.22153496099014
56387239,85.70053011116822
73136827,200.46368371462225
66107772,347.33780409947974
41597595,360.9896203441575
27035754,110.4630471970617
94233303,49.71496809243495
72371862,186.31229015029731
47858586,133.20994062184803
50074731,138.7651830215994
15840349,197.68762704818155
27527024,1612.368965401202
51445447,96.39147214516481
83042677,166.78172919592268
17433657,195.66788737853287
83477453,604.0124895756635
58980418,158.9214556858461
49038207,238.82775313688666
35105997,119.9616016750556
88328473,117.99763201318483
49929992,381.3925529538823
12057690,102.12117104822363
22485986,181.98427648555324
18944255,685.9234339208158
94296460,99.12860030823289
15325948,922.4535976178406
80036637,1318.7738625941954
63707416,140.45713073218838
33357067,1014.458185696809
76260292,234.55820874787733
88542794,624.7166766132896
36624049,432.65101623996804
85370002,367.8011503408791
70947321,482.6788469656343
86215831,1331.4522414760208
71799918,448.66069112267957
70779429,251.16222635755523
28177790,410.11848366314916
33416701,657.1586035358088
32210074,505.85816979338426
91177225,270.4800795717557
62230096,118.5311932442899
27830922,422.03181530682906
20292159,57.27744153649245
72135125,214.44581556285212
41060839,1086.5069528151841
14610723,172.17699486347692
40291165,60.699825661138696
76063806,49.177605984756
21250419,120.04106054250603
67512417,209.8850985955047
33443292,287.3200569377089
33660955,107.98612395741104
33504001,188.77423783964358
59014872,108.61024234901333
48423806,273.7343550408853
81227220,390.7384136888504
97904600,114.23658664815038
80141558,102.3997889703347
13290868,155.34082475974049
12913192,1058.7510088834197
94144440,1543.0629897317842
53033174,315.8507665049399
93735706,803.477599757903
59909555,311.55773002981226
99555121,169.0840820769374
13256013,235.1849249977818
93540353,400.0753768354378
97837539,92.59246552826124
35669129,169.42331394276184
50012137,150.0995429634915
68173579,4397.609389263434
59440623,169.98419151552466
48714672,842.6487484973821
86973367,1285.8238649512061
28395212,1556.4124068960614
50017530,258.48033878889555
48045601,193.36224397220823
60427063,131.31316431895507
49061177,87.82209643387661
42896715,849.967388225562
97451418,191.15719810484845
53456411,1156.2979104782758
99184358,1237.2916827069423
91879007,223.78155617270102
76424273,427.97755896614035
19529774,164.27786421178138
60604201,138.87748665172802
96265561,55.214529839671066
84388943,647.1543384480527
22143961,78.07572516718571
14880373,1948.672693377769
98124884,512.7571991962225
23434755,1044.8440713515597
36626131,548.1372725206884
86172967,264.28284443113967
89507826,1636.8738641882237
51984404,112.85744181992146
21328430,155.63882121071836
46133239,127.90942210869311
87118588,99.13465443706863
72466804,66.61154973062104
90243251,294.2380734646721
31491219,208.16529168980077
83702289,1550.566148361532
78369132,986.3065898770319
12074272,121.64293961033515
77297832,116.59396504607847
91732264,1197.080610592376
51116865,177.95590977109617
81826443,304.4790459520881
26192585,982.1703227979781
72261842,167.407307987643
40619619,155.56156535007455
89999631,153.16768501717945
10490133,85.18236314242105
90054183,1017.159589138118
62212383,235.14882754360008
19863611,274.82041432231097
51025893,387.0828593157944
83280839,232.91848923531026
53701664,120.24574066556595
70474564,616.6846433217812
52730115,193.10670859546383
28945671,165.61408705649595
76905104,309.44048960098485
60340609,197.89289392492006
14262244,297.0956437392048
86114877,330.343445888411
24582504,245.74889462697163
77544375,161.99098021959244
18212637,507.4780188582452
31107635,291.3417011383598
73185236,1537.1531385921069
73413665,98.55450558231472
31204532,294.42873252948795
16646519,812.4060067411034
59819313,331.9651959998414
58041963,415.70981155060144
73177607,138.98457112609142
65489959,295.09323155398243
53892134,994.3327020308335
14638825,172.52176607659447
61652212,576.770081204172
69208062,98.00085714437812
98205776,116.3428529856514
91953270,85.32951516885953
95708788,499.4996669804148
71079776,112.0348147657221
10948901,1941.8908517353298
79084173,692.1193291643351
41410746,118.21483921123712
50927968,173.5008984140035
99511873,47.19318105032044
87562260,516.5914352101788
48098997,248.36829220073733
77592143,272.63119220388666
50298301,213.7842332325981
95160336,318.3738530178906
13581567,820.1446085361259
76106706,846.2735246926948
53880590,162.68003166765743
50270200,175.23804064640447
13098948,109.20973807659605
81835258,112.18265789214645
14238786,117.79609729495945
65288499,237.39397596037605
29149871,186.45419208431022
39551396,845.8495771863326
77375335,1182.6527944955596
14384374,66.86503691247121
63368293,608.3599308989184
25141477,200.31909782690965
37822276,126.19160320167497
62473299,116.71272918337351
90467887,1361.1422991080433
62270028,179.79953344435103
62101686,115.41611252873638
51642126,151.26109238129916
50281814,224.23945051789607
34969698,580.1721069727807
46962155,101.06733884680094
17638609,-56.61721203565869
59977095,107.72364705069552
75196820,120.0156381527488
65141041,187.84475763385345
65986306,673.0936186001713
99818911,132.35032704618922
38328534,308.15628630804156
31204739,783.6673824466286
53082885,271.32414631787697
76244528,138.051054310588
46394887,163.2518986661049
65939511,88.74591515299247
96048217,123.23915097059182
60425489,125.82517664267276
69419323,120.2424841853677
15008203,208.68367179063682
70058997,397.2957995166467
44067940,453.0311916397304
47031542,213.835072125535
28929546,691.6049549250652
34548603,683.1039016594707
36515676,807.7801405418633
42765717,129.13536888264656
60296558,86.00423305093567
84332226,300.68710235085274
76539663,589.3071031631903
73504572,169.3590359884313
64646486,181.5147577498435
28262602,129.42666541065816
74447096,264.3106225435787
23247586,119.051567825097
99044390,1590.9965552896817
66743385,1316.3926909390439
62841747,269.0264138926508
98271312,119.00721713668742
54969068,900.3042780972767
49548078,167.25786039635594
47147429,232.63313686333944
46113098,128.06679945528157
52623517,110.64908648273435
43618531,133.05884356408393
54174309,382.09735978999703
21908078,43.593465864333254
56753065,333.10566679818646
22723502,457.2790951260751
88620530,1091.7685910158748
38560702,455.47849031022525
66126723,-41.16090841444215
24731893,188.8547342192475
19472558,448.1583319095937
44766250,118.22090879699783
75919229,2147.9096535979047
27459467,300.81266310413054
85529275,129.33340101183916
88503537,645.965757756722
66147417,174.2944513522729
53916103,158.5652097970322
65299077,90.43523822960012
82070950,312.2258659400224
69058105,149.28621808180822
89985793,124.94821160662654
38430174,976.2256338967006
24884771,132.00277031572423
37414962,100.52493360064359
35739187,167.60169048515306
52492779,388.8694049407553
70409358,185.37803422118833
38452011,125.66050191381224
43879270,111.90952908470203
70351120,323.76041357653065
47671157,153.2067994005062
60667365,688.5310976354817
85223481,102.22206350315953
83739939,666.2452643581577
36389934,994.7142938905481
84194560,188.4567870614844
66937745,296.9703249743441
82520946,401.64452474188363
52339932,267.2030285172264
19641281,586.3268937601953
69795343,102.94290868292502
99135350,127.72602219578344
27549583,95.6772070875453
94476832,260.2446392983322
58221865,103.95590187319316
25319395,191.32972616703685
74970303,327.0501101818589
10305170,423.74681270834634
82291258,692.6938587079131
81383048,114.87552156726747
79987158,695.9868905372803
13533229,119.7215279187383
40426833,232.22242998859662
79077516,50.0207425709166
49738320,143.14180823967482
51126693,251.6574935211036
52635836,1046.2029114345844
46715477,151.45672587266154
82258908,376.0014631385918
56878285,1422.9199079876942
19130210,68.85533909356563
92849186,1350.4399710292437
24338810,471.97901064050745
24758650,655.4855586556782
70913184,103.20593389694459
37987399,415.8798924882362
74913796,303.4394099320872
17667485,93.0418633515241
64222955,177.88367175847802
96958008,123.70214089349805
10416049,301.21200546476416
60398901,251.27595587255385
24738469,124.12689801861266
50592747,240.62220245569688
96289055,1737.3000049985271
38420705,145.45918881765232
93968498,337.866368131581
79579077,92.46804240260384
66828068,1890.7096575111668
96166759,190.7292605900879
32805078,195.53062324762067
96021280,116.92761762781733
73914137,838.5346963347868
38819078,597.9950078609527
26837951,605.9665933521757
86644106,588.3116165762412
55183461,693.8514860542231
52422099,913.4073489661201
83190904,421.65455455439815
80939883,403.7447668088324
12388368,141.99908846279786
15537990,285.7501478210319
52619092,165.0098890984803
14251589,371.8774993805805
78390765,364.8013853340886
43497859,307.4760808030091
18381852,325.3816920322692
53390528,1155.0838965934795
32023086,87.75600669287135
55881129,131.527886421937
56955427,256.6998147983508
78797526,117.45058140582003
81441605,526.8823914368105
49418138,195.7353239984635
16343356,262.6690914799052
50953620,168.17095998092972
80530984,247.4239202016753
92363214,155.45757595051322
11505021,607.0724789637012
10464949,219.3520023196662
40174242,59.54879040875237
46922794,642.1261252084807
31165878,965.3608316849652
92160351,560.3699747126237
97225599,160.9568310060982
57289385,288.3011210181526
10490505,533.4820674227813
40593414,195.8227633893111
69535718,433.03068894458903
29927353,681.942507200983
65834728,337.71149059667505
77297694,196.1843980471722
20453767,155.99365068759315
38742201,267.7967549086404
44178016,2827.9479386594694
26155961,519.8836814846153
85037563,781.5838182181742
13481675,97.78967800050495
32710978,255.6773469887801
42008191,109.1940569541494
13117186,116.56422013591155
32427009,299.10134156114975
77926757,640.0598785375714
11233435,192.69364948187513
16522541,631.9404644558255
63770815,128.2943340751078
77164558,67.86026800403633
74405387,530.4619534690625
74698287,446.0452461784324
90725998,437.76249119014403
24204802,1934.3497197507922
89034765,737.1758546295628
34875172,491.0004480476466
74411316,185.79657305588017
81157871,603.3070768131686
44232316,588.4911129112442
48083558,69.19033345685278
75280463,558.1062352654595
11329117,414.1648364092814
67082756,453.1304028904136
11237434,1333.5753475030258
69921139,129.4451534972619
68448780,172.91803072591375
77761059,264.7436568382774
29006434,1172.8325114243862
30190038,484.83282344287323
28376932,121.14845702374404
39355382,610.1300806265467
42494595,131.71509558282105
16756651,1007.2309594821244
78115658,953.602782605281
27261411,440.9392281017196
71919180,-438.3687515094688
99090920,511.46908837427793
64351618,149.7227791434175
88658759,1162.1267065077045
14195927,421.17034480735185
63820196,173.20731064882585
23866225,2179.0655550410656
50484100,183.4316577962816
98406048,180.11748636844692
64139858,281.4993230491133
93302980,102.81117802537442
62155483,148.6519712218261
69791340,847.2255554585785
19631546,153.16169453672137
26192431,223.71552087045077
68268852,123.66045153611215
14862183,127.24759094640675
50141937,371.13936358741694
85256282,153.7415038636764
11027564,2703.4159451540477
51577553,132.24164764057727
77132573,97.81857663910328
55254268,452.16834569512497
25529214,170.67741711080953
89287048,281.45938437437616
23253967,532.8111247890733
22644692,131.8079762328917
32245140,123.09397947824573
82072504,112.86229414418467
34678460,1522.4415009567304
55373081,729.1936548379296
12138481,437.7881100316747
23632970,103.8086132134179
44285474,115.1037131447083
88075177,82.06587256702952
13117787,1285.5899912000862
14797111,173.23162761246144
28697695,115.9480808323484
34748486,1276.8921075619517
30506810,498.1902331200913
57410372,134.94408200344563
28776122,1008.020929519074
18346451,455.2700075998979
29932007,1520.4464954792638
82654800,324.0623343663859
67038086,1676.8751992649823
95282943,81.07589879676763
90723621,1530.5572703646862
37760202,105.77174176535911
97077656,1246.233047626736
67823833,556.6718448369334
25222231,85.27844764345734
63451552,728.3971812132991
66552053,142.05123231819826
83488554,368.5894123269923
24886655,57.0229624732022
83798512,324.9497410703187
46152763,316.69966022311166
96015866,271.30241475175666
51731151,116.07987771106302
34899750,742.316730521407
55529926,93.95519065132707
95405536,1149.4074067906865
29288544,110.23132716767053
50076589,349.33750453927627
37886285,178.59118657407194
69818934,200.0722897184388
13957412,319.6278385440815
27493225,294.98443429395667
81186892,529.3668472502108
72734336,169.44636850895236
20148129,1255.70056415208
23391747,128.49354756985113
45833590,456.12747189410345
85777842,116.9537437941655
92975129,772.2842153187775
33382289,847.2814648041714
95953281,146.47591405376374
60074802,264.4223192833493
23912733,83.17761807594036
31346779,288.8732005209042
25605125,148.23596227328193
96288207,164.47279502051535
44535745,344.34211754240323
16008313,1498.4019814845083
91365542,840.9632454832555
67385764,310.69472450144957
31465116,196.27840147492373
99474816,128.57659591005606
26141909,204.89427777205003
72548314,169.15966556642726
39043955,741.7242621790357
55963655,120.59635853882224
54632315,315.3296485549098
48726285,147.7112628562353
76251227,168.11408306634917
83562410,846.6876598225649
93775374,118.48234049456457
21446329,482.95140416558553
37345001,69.3415267722499
49628614,269.27077636890675
35767914,1617.5889516933112
10876536,381.17373691268665
47339936,224.02228968488262
89347542,2120.9035039356013
22457603,378.2720918536928
77199929,155.1201988871242
46378399,353.39019092289067
70602262,118.21560592849582
54666534,1799.850934064609
56421405,538.5526017603842
97652177,159.22139287532468
15442637,122.28023202541561
92360497,114.84097304009786
16847908,882.5978538642829
14220385,462.10660074419434
25905603,160.8556838188268
58331647,97.5890893270898
22292196,722.8033010000997
37237832,345.464052918904
33009500,1607.1608795149123
12533428,1978.3877500475746
46939545,147.95960298488615
41868505,35.11099046848127
75616535,709.7893026824368
73878512,393.5093267303163
67270933,125.6114638372353
98281662,158.67611486686386
66553316,372.73104356912967
34303551,713.982194804445
82645628,554.086621221412
57257821,208.93197735122803
21288888,549.2629149687875
85963653,123.73899401407961
47876249,2798.699370261293
21439489,187.18173873848264
52566254,55.41343735795629
57084214,215.8477431687697
16925768,215.53696402536048
32782035,118.77613087837163
31791186,137.62717996080224
62797819,1548.0258957537444
35384978,132.82917652770516
21945105,1395.3710800718675
81557774,201.66126125307707
85407739,126.16136526986348
86085126,122.7529643310772
95296354,484.2285236758236
90881439,160.11915546299213
30757344,412.74781424284686
48457713,156.61412929191886
89571542,234.70053390686746
94067050,60.83066206234361
48271561,935.5789080318892
69357732,102.199373145726
86325273,166.57138124065716
18152649,391.17518214205296
33899410,132.3896330111045
22781669,94.39795961379774
17283281,359.4539052765117
51785872,1189.3732467669902
33104833,722.0470423531774
91682435,77.74928941504399
70713314,203.13633254142184
13110268,361.4405244597354
34642793,1834.3818484136877
41694899,140.74778490903762
86278349,139.22972154933908
11717089,153.0764598639614
59185456,282.13422170176557
59344396,125.72964241605322
89922228,661.6355822392622
62027210,233.39914945336298
98523447,111.55335762763
77330146,1989.6097041818691
78386939,1184.1444865733754
66831282,194.0426161393126
17596778,648.9305313782658
72290481,214.50609546074602
31606355,491.34263961430577
72940683,152.15790889622903
24736121,1199.5465854192325
47814214,158.94259912324034
39410982,649.7618761127184
44151940,317.64591969802564
65594908,536.1074936496286
79125454,285.9268280131549
50322107,480.5124407860492
76200003,98.33289720797161
85059302,253.48600893701368
95450721,120.21910965156106
93253826,182.34446843072277
19723778,579.2422269674179
35980406,93.8846694684088
67285479,260.05241938427093
68864075,211.59767619273953
37422791,81.81315395426569
73798025,1257.6578192663812
97232135,145.9674698300801
50064513,1834.9113301567136
75638682,160.2406674009468
41937405,383.8835184639208
18443662,168.4047634086237
68899727,393.7852885667722
18388313,263.5448814684737
69521945,118.95567099145431
31596715,225.01783417362148
78472605,173.93970703392685
12713963,152.42021487239668
46768823,282.2905337299914
27538097,480.6126068446122
89955366,269.9384466956324
94081889,253.12012862583282
65214899,118.49629504952519
95205973,1748.7439212803827
83140994,125.14245360377595
69014391,120.40197867965038
66919280,295.89102679766717
86299194,333.6340878220919
14394397,539.4152261974674
88465251,119.90777998525337
82447513,262.9334318654706
90676745,129.20832101937341
61229086,614.7579053557282
30557316,494.102790088723
48578361,108.09814869392054
29085329,71.6518576673839
99539415,703.3987158595492
33750162,383.7449649750824
51880900,141.45603022763632
81942693,854.2270441304402
44828087,226.78176509864028
80752087,260.7693583031755
99218652,522.7337051002368
37433425,907.0512308744682
39115683,124.95680814955708
26601986,91.45182927285799
50469308,125.23881117952406
69872975,618.8353545745501
18483245,372.8116205638575
12588982,259.5707779555067
79454705,130.54797338227175
76523232,202.19950030140487
96131595,2180.709893280641
99680250,147.64797231705833
82622915,396.3072566886393
11290284,452.99262995644835
80057162,531.0542223441338
72165316,592.9040016717848
79751433,185.21194493382555
33215554,122.87579727810866
42852506,151.03399002326435
56093872,383.37941781201465
64167041,288.34182687069875
83380458,2977.757048696415
32651438,60.875864342971674
38364846,34.03760926192556
74621857,105.9326528257738
62748794,125.32444496081115
71435421,102.87291052152152
76163868,1103.511633697869
14677956,218.89631833987525
48283664,115.64014440331495
93787027,324.7904605267183
75353617,1317.7110604300117
44130726,293.9914149219708
75634285,1629.307771880114
27969925,128.17158479708837
34662422,274.51373798387993
46428766,216.69393351210385
40279741,181.07161322232517
58991338,1568.117127753425
52295288,146.64913222218615
25429358,691.386656027915
91223525,172.37780202850112
80429592,333.57495056911796
36010937,274.13856127113945
61652867,977.1454117209561
34655678,304.43353937844
32281319,547.5889450932498
74717544,851.9255566111655
81780208,254.5729015295173
74117270,677.1881692401222
94663011,122.20001496800961
18715534,195.08706744744325
89926226,240.5181097086835
31441075,72.96999084184873
85656066,460.50347792489066
63154501,98.46850268503975
56954947,647.7211464399185
35193891,225.0715948890436
68045567,36.44061000856145
75523548,152.8696636761157
80044768,177.88620507314172
80565568,214.5132093917135
58680458,676.2257816781982
93434632,203.07373384579694
38164915,267.09520596261507
39561694,304.2089325761118
23940974,989.4484566077386
66689621,100.54257537764977
91586014,203.11057063936795
68610549,138.44204352449464
44648566,126.67468517260346
68443861,193.24226413213017
95300751,168.4079149571467
74650313,141.73178121988272
78190939,591.5662593621947
79583687,127.76098721954577
78744133,374.43331562414204
19424377,65.79304420036695
74426958,88.52242028976096
30714675,166.75956303113932
20297631,189.86685123378518
62326689,2120.743112175568
72851226,131.26996792917134
94924877,98.04116674289195
39912297,370.1648329892045
50554145,93.5585274612801
51964385,82.28156063239244
91524053,418.22086411093375
67059408,158.46608597511494
13707505,102.24113279355805
96336923,584.8446372247045
18937921,185.21436325076724
23247466,238.05119600652066
20718626,482.11431487506127
62001591,409.9827260864039
32183930,2812.061032561981
29520078,171.4899194675489
20246948,856.7536380969325
12865925,220.81600951361764
75414040,800.1876789820425
29805887,787.3512234734002
91828173,327.32348757197514
92911827,533.5512741876437
21259879,1054.777059118825
27730704,271.85578355799214
10805384,981.5962163007844
28772124,379.27656310157766
67895243,446.9763767567149
70282510,922.6128059901541
76926492,1134.9410462426415
56029416,200.68559249916456
42166025,876.8521460981439
88855559,663.375850061524
71679738,222.9378090115613
95011645,362.93170567803423
23391388,135.67630155202613
97276431,1009.9083162700788
78499453,2120.3538878192708
50845143,121.10695698863441
63593365,20.93119459509627
44645094,357.4866980240783
92805008,188.69293856273742
95966284,90.23523653343757
86968525,31.334248225568356
35459557,148.97978961731457
16959595,124.54175577299232
66852864,1135.0399831155653
64976874,186.60619062641257
90803282,135.8689167461016
32597480,328.27548892651583
22525205,463.0420430845166
18357388,613.2422950346398
55224009,106.02016071684208
12066751,176.50467281054532
51600054,342.7018705846225
33097870,1023.6960113476359
44165189,123.67145406988465
92174554,140.475608268157
75685484,168.62272516069947
79648156,149.25866877302303
34473914,598.9476296262409
42069298,129.117944640172
24749467,119.30591564279628
37024144,816.5756802011196
53463208,837.744631205664
61035399,604.6283899317333
92975059,355.32386395619613
16258293,146.05437421955233
80353068,126.99565728919633
69637564,101.48777989424131
60889557,186.5751936440912
45682120,1399.2398602684248
62566155,206.13067181097045
86829598,65.70414351721566
77516810,1158.1932042914518
32602883,1397.5817961461528
99658649,174.8385445018227
98115366,1532.215239643122
40551984,228.11198761852964
89171680,133.26783208613762
78104461,213.3999005304661
80805720,150.5728687993941
44701781,102.44968747408394
32357693,644.5566923758145
16257080,609.0346982735464
63758432,1018.0244942914885
86560064,68.0664705130421
76704426,366.4588826747576
29021087,154.33269742200653
30903210,465.87091705299366
59650055,267.45681383684837
16537007,336.5672152287937
44043751,24.480469491367185
93550246,198.63961433091598
74795536,125.25401822007923
36252893,423.01547002092246
60712266,133.2296524754075
54795015,212.3443308606496
59038432,93.74490453038266
53101267,571.2410153501202
96137757,265.1809540522402
61894184,814.7855498040689
56980533,71.09627957520463
40911725,109.06026464006285
78253728,2015.7190388186627
46517280,1143.8335034237352
98578100,258.8837734339682
92998542,132.65440253733044
85778453,890.425165764688
67897199,127.81827394297817
37385434,208.6100986317056
29978687,349.0738125181811
63462293,208.12220783754853
82610119,379.5956357007198
11195863,352.8640842387085
22813157,254.39533572737682
16061850,140.37429700495883
25000757,68.97064541907896
23839386,119.93639781206268
62901003,148.1898753488118
85332734,99.36950942085899
41185457,118.37122109817585
32349244,615.0958154525913
75213525,1944.9635261854833
24267861,10.055167452745662
80759464,110.77214548924393
38052934,768.2325463548724
36983078,281.6942403159317
48438532,136.39996866964506
98811621,219.42452278634553
41602835,1629.8112521091543
79191702,-307.87806528455445
91526426,757.454797812753
12436955,556.6222552565654
35460655,136.91614263878213
24893618,257.70395708036426
12318894,114.80495857733769
75385870,201.0788960243832
24016887,415.6007922373205
93798376,293.3957334542644
10041197,431.80066479060633
44196192,305.7121741592053
34259961,1254.8153743064759
79360399,1223.441144253388
90648365,242.97671243659997
32784142,123.81190355080987
88014206,2597.496601258944
47541115,213.54826472269562
81087277,378.50597514338943
99414879,491.5460651499863
96312378,51.559822730716995
45292998,419.93801830734463
62464969,321.4046674709342
89056154,112.06853803642176
43815757,155.89168406510427
36326737,38.36597085670375
66733240,123.04403958244102
82154113,798.212962024395
75774127,109.49989676855718
99633023,270.96184413851273
54243966,223.93758747250735
21507777,416.0604032979782
89526022,188.89228893553638
35342783,210.01253336241368
75576574,153.8091299950738
86207238,291.4158268547885
11999604,144.5862211711856
64241630,1023.3782681432155
49681885,212.96197139803115
20476163,766.7549785496888
82534020,143.64881275266623
80449403,228.86822008298358
91978419,803.6172919303397
13134274,73.78124169445975
30921031,224.31493401270907
35948510,251.2947278385927
37862013,1018.6889125645033
74364264,103.40396775071308
73089121,225.60261179068496
71120219,186.14086266160075
81357330,908.2809268050149
86696339,550.0953532885521
32694372,566.5793847292546
86397240,118.84649282433915
75410743,251.09533465394182
54107967,75.6611799666108
53182244,115.52375626992284
84949062,131.25058200712525
17578514,95.0204943875685
66553240,195.3552712038448
78244783,353.45170520493645
85750494,266.77252935411394
26835204,138.81599563031975
25568634,174.4928976233723
62833472,303.21714733862024
89441409,93.51065843598737
30957350,124.88140173546233
83492659,601.7956145935415
14123667,143.83935516971243
81332426,159.2983726301333
75963486,1419.589997722774
97473965,239.03235382381965
52550411,213.5689405327014
38852859,70.1820581442349
86945814,84.88821217372332
99213841,172.51561326682764
93296884,521.3508306749691
74681265,433.3132598951109
67628381,61.791791434551506
53194004,138.4583630355152
79129949,1089.0472325004296
21417992,91.92724170504239
65584374,178.194311765572
83994457,146.84308893220208
79552394,793.6136206898979
14169455,299.02252457316456
11006346,191.1521279038406
55920445,178.04710281174772
42183979,114.14204441070405
27236753,13.999688902994235
38623845,179.88630166098636
56539617,362.7465032394577
89514584,169.38294086424224
55800655,943.0445687571206
95341263,151.07123645696663
90170967,483.219874023716
25603899,836.7680317565898
80752063,284.8926591686814
74272993,222.80965576825
83204984,413.9180369024588
56041749,170.33061816447128
99929710,203.81521530851725
24093076,1249.0649443841423
76171771,161.75327757230392
87313105,179.57732602345314
13150529,3224.02789543451
85314779,277.46478150802693
23218937,104.9646763088427
15797769,148.31389781523924
18451890,898.2988814229973
23712138,192.54965904131404
40201741,706.3636327109451
74044702,370.6785219943261
91758728,1076.3164524969668
41605529,56.786849757305596
30345669,338.51752859043063
72490311,523.3754659664231
11341429,100.84237142458036
86562367,19.638651597501458
65741146,111.76377508020627
28059650,866.4971104185363
36854120,131.74442159801956
70514815,67.47702319598909
28991223,343.2418308445188
34210782,645.2445282531252
97420540,999.0152875375372
53582966,178.31180160991659
25471995,173.4405468270625
40521306,231.2087207139726
18442744,112.82635048100273
86475933,164.28385553254157
35156621,294.02519796566025
92398280,139.03767587760694
64419847,125.82567829038234
27879667,136.8098796103505
33454324,131.50268230309177
78234554,118.45499704271784
37295459,98.8320321221102
76464828,225.90127366786356
89898019,603.8744538320849
94459827,133.12694099813424
30672049,127.36044696258931
93226295,97.93403887215774
66733496,167.3502120060603
24799537,500.55967669403447
30909458,165.0105005034566
20815913,1205.0905663606852
77231006,229.408067208745
63770561,153.39959457219527
61281100,93.7399275509709
25443496,1193.7783675480941
90941407,114.0828381628768
85217471,1309.0238785597223
11330523,177.91420955391635
60135515,160.48535783467875
96537329,752.2762807545697
89713236,316.2846330294224
87856838,508.3977835127399
68427758,132.0206859442593
35697471,142.60243957292775
30758105,186.275619221684
66828597,438.4092961248406
64179941,116.2466950567217
57531913,135.5187041515429
82276369,267.8035466469298
33117908,234.37178238603616
23807930,348.04597651273207
58313771,61.02170063105803
86361973,475.5735255319434
54136725,575.6072428678488
80609057,66.8805359830253
23386046,51.64341242743811
88923790,454.7100117856272
50739054,1682.5637988431793
85701835,126.71167926271954
11164690,167.81596371929513
60686704,299.8232956061081
56500955,281.65242298684876
92377094,197.16131202949418
27377686,384.1200402518422
14820376,98.97512216789181
24454653,243.1215848174481
49068691,97.44657551576528
68870887,89.00932109872753
40404763,18.52128406249017
53993271,337.83289263542406
76624283,94.16932705005783
84681113,668.9467998541663
39182711,257.02743807638404
99418549,89.67727076111069
54009403,815.8180247895631
15732665,94.57475421098499
21105712,100.16732170148047
76841454,103.8845051288488
77456803,495.41041844537847
94681649,141.01502146874424
42127705,240.27505051842223
86327920,134.1787989582681
49706768,203.07466264493894
47210863,110.64338705429667
98862874,214.24153735233457
80625113,164.2571080394958
13147967,130.69895086262434
79644262,188.11105669269978
40821766,113.10151267661261
38964351,529.1105808107257
80037468,284.47464858111914
10709528,170.55051319498435
14006566,124.07901669047514
84355937,173.25537234054582
68139676,273.6837180363692
51613745,174.136342971132
77042505,134.59468253649518
35307179,157.278728685033
43137990,760.4213544854157
60366178,474.7138311216559
28449137,494.6507132856277
54714633,680.2519895136397
86469326,150.1058963320461
81392986,88.97082882793588
94816275,114.70501897183091
20992851,126.28228474296834
33220037,110.54140687372654
52922027,208.8865154149262
70522751,1027.1660472406186
35179027,226.48845086475828
11006610,71.78801848709216
97027045,124.10801817739446
60842426,259.69296449031447
37962781,115.85466562480275
57446778,112.0940840061081
46803142,2248.7786678082043
96412152,345.11995543207223
41948607,229.08492254206612
30401183,313.612817374601
82446721,586.495439608433
98640166,120.17497022648732
16426411,145.57479191372255
40919986,408.48380462589836
34959842,-4.582450376600503
76545890,498.04911262714984
38671669,420.4227503561958
74577885,599.0908625370306
77894868,105.96785684128689
44132106,478.11007815863644
13303745,231.63026428092883
82202428,163.60690351916313
69359286,72.37661694625123
49249118,611.503765913794
65186472,221.80778924922691
86728284,650.2201220324173
89113200,351.63378318138126
64085288,175.35228793331316
83095293,160.20471449709072
55834975,445.3368961614343
12408851,202.25249457057924
45102161,200.50248529130562
21425066,259.9707872982493
49253416,118.2577868689656
91720337,714.3704015565569
38125202,197.90590341099642
76716879,341.28739951288594
75093314,898.0395553573562
94720863,137.51338379800103
69306868,110.89590204118997
78783123,182.4958323100556
31503266,477.799973530894
51221256,133.5171269080362
36978860,237.925835758974
77102844,114.8063208271417
85218856,298.5733700616425
64674000,234.73221228943203
71928536,153.63363271014947
71632516,655.9815525076757
44645677,200.4041185984056
27089889,173.85696584076115
85001254,434.8883249601168
80789294,536.1288984604761
94921905,808.8172390641299
87557595,325.95921220591333
27812172,583.5419809592123
70326518,788.4186749000257
76820242,73.78193663821375
37798149,343.0867099445059
95689974,918.7984632670176
86698149,41.04713076279613
82332389,340.0939734267555
38769988,119.07822447834218
62104171,329.2298345448899
20008764,201.8038284702286
88250848,1084.6883712091308
99989436,111.65176408265947
20654244,126.85967116755378
63645129,269.9508211874588
66237213,466.96953802302824
89366030,597.3568650343789
43885604,367.7999717514015
20777495,170.05963014352363
17630232,350.79804616992396
41034819,875.4537544705204
30863558,391.3796357629287
30990096,271.85071669569754
14528263,642.0764963585476
38046616,978.2234785021158
21720690,121.88534541963799
41971276,108.91961764426303
81966182,300.8924500429939
81876034,359.54128568897954
23233042,177.40813964769714
59959368,230.61059525189108
25429816,411.5153028925567
40884180,254.39716231624553
88955672,915.4203810013063
43077536,172.5419934792623
22541133,616.9965634284097
98515757,131.2421695940126
96170890,184.7984261348062
33994765,125.20046496325709
91089578,164.77164072129145
38840418,131.44879717046234
92439017,217.2028212348693
30192634,301.99370466486675
30769461,112.54973890993828
80205723,366.8662542373348
55131937,251.48679157821005
29185681,769.4902676730322
80773149,513.3504375153516
84757256,359.6929016725938
81505232,152.97739583274222
57555020,112.00739486649032
70106520,79.89067215183081
43240131,523.7514386099205
57158414,129.18640140550218
63966023,272.53256068033375
46075950,303.83543604989075
47516649,94.20392393932634
57203804,79.82622954602704
99285503,386.0646831138122
23511969,126.46206177715239
78376646,551.5614867291215
48884000,404.78134410225056
98727752,1377.8765804764419
82907215,548.5188916801551
72719170,559.1303054666693
39149918,131.72537225270372
85435767,364.71169796385476
54111802,295.7434386487316
92599919,601.3408471356767
24226064,266.56082067384403
96829833,1778.881141721865
27301621,80.20603382845877
15887246,360.10262368331104
51726302,345.87557164251206
51260265,1590.518072506484
45934883,74.91021618706806
97289930,629.5665434104721
42847093,420.1210983425896
13695159,309.6093202319435
21664737,272.1922408757591
72162540,442.5442381517694
45972276,435.0070338570296
71222059,324.57726319575914
18901787,123.24486308109103
64794868,219.01471715311442
96040179,196.308588890727
43891507,250.1545008468031
94649367,328.4718832301998
85490151,94.53683623361445
51948440,388.23629001946534
44237958,176.2361049848894
97658202,161.65596206325043
77699657,1083.635288734518
23252427,716.4626740535573
10697423,314.80880557775185
99095154,480.5395403939947
86344123,138.9296228604579
32740825,134.64667234976488
39699187,327.2316887309044
79334316,465.50207331560574
13862142,207.63038106110963
95022546,118.07790814839534
85671131,120.00489056167979
13946093,208.0731709989262
71911642,507.0022294908425
74557358,1356.7259885640515
76424216,163.13454620704974
60569056,387.9661006457577
21429356,292.3054418127398
37147011,273.795439982879
22363795,164.61405864112203
22711721,250.3016863514153
32781826,188.79135034324025
79919377,93.16660233728507
95950869,435.96164266220205
67975454,369.99351093886634
61846310,826.6045684371198
47190136,229.32246972915232
72140487,506.5373813365623
33356353,317.51589050496386
57558815,181.14624233379058
85765913,215.62750603746127
67405346,-107.53962598866114
47178751,241.41659773002812
92743619,375.803429636774
67809997,826.4373371179802
95649734,148.46427275431557
35761786,72.24705988149037
20333506,329.06831288257297
39856656,565.526656849304
80659941,100.17035616873449
72539676,322.64556242624576
34808508,226.01130119390427
18684795,1586.584143383492
60926773,409.62524307591923
25343604,220.10282713525098
85280076,66.90849196262131
51516725,940.0825406960911
54359603,640.9622122013405
65763192,177.6085246912706
53926540,125.31039229213599
77237054,105.15859801791053
75498756,138.69534519370345
99166662,160.3221842355477
72410551,550.5259880188729
82923327,328.35800100084515
46066488,305.00390914158174
33059137,241.38449389698948
51480279,113.08847417994396
19373977,1002.6102233369903
90715980,164.69616255877844
56492794,123.08942372885147
46037369,188.70541286043465
22743995,527.4100795770805
42553042,444.7267667349856
36975311,810.4129002901411
75351486,90.80698822056183
30981897,954.2916859660395
35580501,92.7423074821423
40483549,405.55467306321003
64819235,124.71693713670238
26688957,269.6669885528507
94904538,152.22758745288002
46754012,128.58665485223716
36796857,139.4903631184623
28461943,101.8112761743387
14026453,320.29785080359034
69053024,127.18782266761588
32733126,396.6299343757615
40931025,116.49227812221834
19427950,100.92868467712591
84597120,679.9845867336275
18811334,57.827921962900795
78324699,1825.8991611320732
77953974,93.4958216831778
27862041,212.06837574658834
37247191,252.92886473482838
25562317,53.4708057621348
73172608,307.09591232862147
33104896,214.83757774590902
82319650,169.88028716853853
21799452,136.8607558308745
64888946,76.30216313846344
97264595,255.71450730079474
10429454,74.52661826689165
61575325,421.91085471340625
56897257,120.95574509724194
37059519,430.7981109931167
52110520,463.83318494820685
81197632,200.99044900871996
78041929,246.34937781801568
62481600,71.52638015614164
79068390,244.394407994396
35652591,120.87345264452487
39694436,341.98032434854946
95898355,525.7866230891532
80006639,93.72117349245896
53958546,3006.711915391261
58986255,296.2138816661513
35034634,230.96964951361454
21845497,246.37881908136012
40578913,235.7592695014431
52684708,236.52893533024383
89834641,77.4412444391292
65511611,883.3860578491561
65731676,240.01871020058627
83770991,870.7241324800552
56280602,491.62801297631165
44140498,197.06847284621819
52748496,119.26739597111315
76136540,126.9239798184789
35483441,122.25596934769136
25193108,267.162284465209
27434478,84.02218976312945
84357441,775.9117543141136
70840263,103.40374199115463
45633382,123.85379821413208
68317032,125.67731302950807
73465107,233.9340311240862
24929921,596.951654471651
87300428,305.34468860469633
69871020,133.90561397894464
23755175,342.34590187914745
91971062,256.72722931232585
74483617,132.57552005892435
89642342,137.3294445962532
33276861,176.58331684091723
18861332,164.01358042578968
77211245,224.28093220119857
52041127,204.8787514620676
95864050,351.2431561542678
82528777,167.16464257959504
62702832,270.3436519104569
24146181,183.34738685153454
90263367,117.69675333034124
47033948,152.32697898394352
97856612,168.74824308345282
73014333,2223.888992611283
46731094,289.3667782652898
15781171,410.1833352541847
51156245,180.33586777201214
85958922,149.58098343707553
52550761,104.16590274832444
15567593,216.7653036434355
50279318,3426.9351150011594
88796422,125.21091099775133
66724358,139.4154066652902
51443999,211.6609412722293
32661637,134.76437445676285
12999579,326.80383063266817
32460111,138.24253074007163
70354263,72.1344470083837
99768418,85.32971722632925
93597400,134.50992556105925
42968448,175.66760441096372
11447851,726.441923934669
76146411,305.4371595084915
86917958,2140.7531215634876
57526187,81.60643769140007
71062405,223.76772664762493
72847399,595.1607653146848
54891075,113.46638139823415
89841901,155.09957208862443
90056417,846.135019553302
77892346,263.6168169394995
31627402,69.08497780968952
78864638,177.86469294754204
16022883,181.58522689425644
21980955,178.7226410239138
98291218,124.3513426376559
37406677,162.97890273262973
73253470,155.67804296435247
80239984,2193.474100113837
60323265,19.179302395126356
93655248,159.59836649459558
58796215,46.450025785410055
94203496,129.50593395830657
89472702,173.49519683868064
29142290,119.73276947479677
71021568,279.26142044319414
69197364,375.6981853969519
67499939,361.31060855353894
51780875,150.7556245046797
46941857,317.9251371490398
57911836,2091.463411736683
38559875,133.03031770804571
81398050,71.54093729182745
75334315,154.58130060967522
59308610,210.67399860121185
16247087,403.4204879044023
43247285,1071.4806505000988
45215633,1539.6297938869752
40481058,415.9826379979033
40365284,499.53565725317225
92836079,1228.120584162861
70303716,357.23204070541476
81749724,81.72763056918795
41853820,735.8201780956383
81440480,118.6756243995401
84996580,278.5685798135625
35919442,868.449286617252
19046260,41.984166079428846
90423631,326.1362800970216
92961031,113.42328268481354
89855372,125.88883374015711
77816576,122.12655686493979
12194715,192.76527811350223
20115124,631.3246922050589
73703358,283.43173226430685
89792966,84.2192574470313
43706254,94.3788259870906
70266281,86.41682392460733
78529732,182.92341728454895
31638825,114.41914321254067
58167471,158.45140777842136
93767960,105.01081540725326
55879589,364.84505180118396
67388602,401.04870220838404
86008328,304.5471082528086
53844650,158.25748482870944
86660948,213.00675712805267
39941650,116.24574005399792
44395757,257.7414490466991
81989533,265.4633677705569
46504700,113.91461845587003
39402032,101.39313065431469
85919943,217.4875067958763
80733130,303.97133079957916
25189661,252.3378329888398
14623666,278.64937789216606
70848155,214.14311912878298
68571484,976.4356539988383
51228995,1432.119705088918
49683485,681.3702041773801
56036763,1590.5753343436093
32459332,74.42300610208966
10860915,196.04646723005354
43696664,136.37474546817967
87941364,228.92672807535172
76183083,142.95293701756947
20966309,312.59825457329976
37699108,204.73794184390948
55952526,154.87968582556212
15616438,121.0785441038856
86514240,606.6192482687366
92945955,191.95278963723206
63145934,363.15829587659823
58853662,739.8768124928012
79304271,314.83297373206597
24276255,528.4422099514247
43245413,547.9834104874309
59024690,709.404052548805
13551336,120.87019575223637
44848614,79.56935903830205
61087377,79.6843700056826
11885900,325.3815543337427
92535927,168.2972035077436
21708152,85.851006594659
45352808,261.1954029839606
75624156,551.3472406804088
32001265,204.22987545347408
20413825,447.33370468425517
40305802,172.13670966121092
61861688,2817.2881989429593
33441351,124.09651580981183
30365812,124.09183778714849
43625038,110.7828171134936
40659534,103.99098741462473
72885406,104.11610685523185
55817366,201.81313620359714
78604997,221.0000386775095
14364198,150.23153426394862
70814486,72.74173938620184
71030650,81.24979904067463
93257457,157.0304173741451
65515227,99.16032222410477
23048185,1070.7265716157583
64021401,191.64693575819024
81601136,149.73198770683854
60464050,44.16130305926986
62126832,227.68837024243098
76122802,139.35997035525685
68619547,424.09047322350045
69931017,202.67152572676562
52039321,710.5579545253221
96748453,2066.034852993178
40650345,1286.4250871510696
94190496,365.39977610481014
40034795,139.18910325011146
16725203,195.26239894600087
37869032,702.9459764570564
87784983,737.443993922711
67445694,130.6968832568037
44138052,115.90611997064367
56359862,162.15436672159285
27113776,162.10510038348463
73853459,-5.188120429752868
76284169,270.4385988573951
42581373,1178.5235047848166
74617250,328.9839089933951
29606632,153.8177932390291
22328059,350.5563750643996
94596005,1000.1848954211035
73640300,227.1055509671134
52511016,1120.8553926026243
63643579,134.3188863056063
73979691,541.7165282447609
76806109,226.06199697503155
67084872,614.7269678848894
94616960,98.43155946376149
44018639,333.4059976080033
10369424,329.3868400114899
19417264,155.86040251301128
77137301,148.1856425914553
33598935,67.22956699341874
81379316,501.23856141328065
67627945,248.99018625536584
74067952,865.9163192815495
54161507,160.83449371977517
55930611,113.4848418357226
64919315,530.399002918458
92109871,182.49859586790453
88653847,313.46327062084265
50331596,676.2217428904612
68139580,1373.6136231811975
80241693,160.53455051281202
74034028,84.6447194969292
22712040,498.92490334995176
18212521,444.4325094464316
60434302,88.98210787982973
45427525,207.87184523262894
95853311,147.15806496658658
70857259,181.9008638988553
81477083,106.63420853578621
27723524,153.8149312561971
25206032,2389.9838601455344
12102381,114.36280697734885
72428170,336.857436303898
27672042,565.5715061077964
77000429,282.27316361630966
95589605,65.71541187386087
44647376,101.0629371067433
21338536,138.70875469419389
13820529,166.036324886183
24568041,419.2188628822072
90117191,803.5299268926594
45800664,69.9828906847241
13557339,489.6754863152342
19087413,676.3996725925248
11616417,1396.4496629534492
22015830,473.6369331827538
42617304,193.98428520250243
72598754,262.1923484224807
34839793,339.4347783453048
77660297,157.93922791339557
13706769,139.3284485843659
71694094,251.72263625505784
26712974,123.90837875179703
11161484,198.65580303907936
92404281,418.0986159849416
29267516,84.53987063336133
44574998,99.8919433441558
66291057,304.76742198203095
13701175,100.39986907179126
24177160,175.25094652588484
81405301,652.0417002379525
11589439,159.85485778914074
17537269,219.91105406141386
98168887,495.24940516564317
57508409,147.21754315205084
83408387,544.5846149842455
43301435,473.5843435577111
49258344,270.2683229935594
98631322,148.42883643395916
69659096,187.55840439042302
99106028,199.11892206661756
37856658,111.57356696149049
42881579,116.5363512650432
77859891,186.8667007454404
81041727,188.7815883202142
47217829,386.30672583322274
53083229,285.6729087013514
79619006,295.3556775858205
87897995,72.22508334598697
17964917,703.9508856713035
80568888,247.85179383651723
43042929,171.57964357517972
62796073,170.72790332129222
61083401,175.97650894224233
14141477,139.55019981545846
68306110,101.261417724313
43708354,159.02213691852776
73883907,178.1437154733293
75966104,178.90337066169505
55672599,110.79376485741061
14917596,270.5011770167963
65294870,110.0898752167782
14049454,52.180588836212344
93295381,570.5921560643361
27730907,1353.741976878454
52543486,207.39894088144405
79427440,103.4589830316545
46627987,64.99390374031341
63096372,661.6724216314113
21047227,100.97901058340258
94588817,233.94719233380098
82925355,362.3386890859938
20239710,156.39301752109827
66560522,124.76927021178737
34394729,203.70171098846478
74199492,182.64089589395553
59577067,109.47432578565054
69919638,1128.2601555865324
46718033,820.4556795947499
84917912,132.0495180083592
31599665,174.03775479214315
39056365,173.49203778555827
48895978,110.40012616260803
47094246,993.3920997206234
19549587,484.41823284507984
18563899,103.04164832035374
81642903,147.16961574479978
12095543,534.9602662174615
67140026,160.12827844800833
11054636,444.0839210008848
21698635,108.1582036717662
23623849,365.14610321639185
71392936,104.03800574558831
83425325,627.2616854363447
14553390,104.17726642723747
70274030,512.1478792082858
19402442,142.76849674775787
11041677,57.23147681555705
77513563,122.38870338356853
87335721,447.07033489655856
17466406,106.64907372062889
11267365,155.45018861857807
89144675,179.75609795446107
89338457,198.57986581892663
87803439,350.7043370968016
20104582,215.04983970759133
95781089,122.33622645750954
66358482,114.80122146581371
62863016,284.31656237527943
92557337,939.1649937777424
10876766,488.0846567020446
70473205,260.70524509019896
87569671,1563.8276477608895
61139578,107.98122660712865
53121878,150.3545959308194
15430462,210.54326921904445
67332796,524.1810861513361
75641163,302.8829468044528
23552924,1505.2018561996215
56332291,180.77811831494213
83472051,187.9275760317408
73213649,252.82924304480747
47802315,512.1247416371666
42459098,232.4044985132373
59654537,494.42719607557297
49312825,430.1826309632179
80983900,135.8607501642911
58178507,1496.330491982417
50382416,141.31860604246708
66073034,210.5138221365945
43848284,235.5165502856489
85092410,97.24405302639627
22321014,378.89476896672323
31162245,176.13406985784468
26802981,460.9862431067545
89737386,91.54795425946726
22704344,142.84782462054054
56000373,106.68873513264842
96310766,150.0121647259338
70324095,102.91762492629988
86441629,157.14613077862208
12514793,1228.843986365324
89583392,220.99332884884774
36498032,735.768144410832
22072881,118.86135081906386
23992589,159.89107760678823
25380807,173.70193787747328
30026993,134.24356810688803
65742850,113.67778083341067
33236806,209.25010861251988
64518820,262.11517446779317
42371713,114.68779176656965
47924596,228.34614306027626
55469978,95.83185961683871
29356220,431.4073248799683
98913649,612.0052172217456
22201860,140.7424800681013
17005574,363.1984578944724
61767605,1081.4014704954682
63003964,4309.328418508678
52904792,81.37027032989798
87014699,590.6805672264325
60476269,785.7256629504827
23374773,291.1598430722278
12887652,78.15139520953272
11366466,109.26261964924792
62053080,19.03670350515724
21354279,252.12676130449455
58635346,337.1609139852789
57475663,316.0119743476308
44627129,239.94881752494646
29419543,705.0402481656474
47538164,353.01180114870465
19854086,138.95833522106608
63381374,70.11982548638244
55348437,129.60899430741745
80254443,849.3905992976214
23105559,213.7391119098731
25129271,52.819698180050295
40257293,265.58683134361786
63509506,858.5657182469538
45432136,506.0695284727563
19785631,107.1023358865946
22859019,344.6275180947218
36147504,149.3787500210985
54449509,326.4119330879687
81205631,421.2669235263527
98103632,166.95213566503298
32691265,146.9154298799217
72768344,2003.335743039957
51890279,146.59335376657657
48043615,126.1347967901552
25374441,151.37072508457803
59962384,1069.2355168915126
28910995,563.72439443269
13141234,121.57877620250945
50747063,215.82311355659186
55252279,115.95538916042591
52007426,604.3704055501804
30847276,133.64533353313897
62106368,144.03034233962498
60214573,475.1276586080354
40002314,1572.2715186180326
32428356,172.14091881491922
53658343,533.4241575882252
29161839,140.05378902349617
46396012,133.64910760267685
62360708,242.7274387099894
43297939,105.07772425538693
12562149,164.49052021898513
36028116,256.7046418494621
87330286,451.91392828266095
88119407,221.287976558551
26750897,401.14930703197655
49969361,102.67660436180672
97204974,92.17054820415989
99702598,202.57006923754918
52763802,-13.65548797607647
68901809,146.62723640540815
39208673,382.7489087345072
54033485,111.0189913295416
54497531,173.91967224147984
53990991,876.6062206728861
84489537,211.30243005050377
35670801,498.14552000961766
78791350,255.75969119751218
20845184,1103.6669094020713
13555027,186.73776223460425
37646059,137.28147798149166
76127874,161.18599460341923
92134461,460.2791186269899
35770374,173.63635649258495
71020209,474.7345497555827
34171582,375.3902265280671
50654248,458.13834652353427
42458567,262.95741127966585
19190057,2389.4264718500713
54080489,178.34262084309847
68542535,83.45404768988891
45210646,174.0246325495697
59714270,149.65932930861243
88185676,308.51344532070505
71490260,113.00261252980087
30639393,168.9367931379356
82576353,193.84132501581576
24335906,803.6435899208133
21049647,260.6016240227909
13781432,102.62668585475731
86079138,52.920713432657976
40000990,1114.604924330533
73775201,233.75858036501623
35148701,1204.958734443737
81596880,80.35347183271469
94320273,247.784968566796
36438421,169.49394115801113
53057217,359.39969440241646
25248077,527.3259075086327
73038169,263.88245120573544
73258090,291.0714478907463
87336796,1571.3037827388905
78963426,78.49345684070317
12232405,264.0433785539449
86811261,109.9831252508681
43165541,246.40619293539564
83018865,628.2545854228069
37762842,244.9350948908497
65591705,171.73416153728513
67890361,126.74285704653599
94753186,125.22034164015696
93051402,466.3118108282111
18623638,562.5359265624425
35256497,112.80018161675538
79246585,301.3776700194545
23762226,177.60431059825683
67287814,135.65270472575025
78864148,825.7668958337445
30658878,111.50272561178163
97960066,135.83423992122374
19914732,245.43011661663107
23619037,140.3441595939643
27095793,157.5980136879607
83667300,580.6995555339741
76686009,318.94956589988476
79911388,209.14392449236294
36038618,149.05371656789845
91489166,227.17935643023435
64088644,220.32082879007615
10087238,126.75961399510825
68403788,478.82513694795205
95817054,193.1299764774196
57182933,1577.4536197952339
83941537,98.57851526518085
86909159,729.7851564959448
45478492,559.7014411070276
84142111,394.01304484627866
45223652,1195.8613478849818
15651868,339.3012951936344
48952352,577.6908106294699
53380245,156.00670209963658
56211427,326.8198310179062
66961588,350.50062811072803
38567012,497.5812290140914
74938615,124.16375167743719
81147200,644.4362590290833
74772897,224.58751250944692
80316029,143.07241707527197
76791795,198.82282631712152
95549661,194.4672510287139
91524955,251.9897537176772
93849275,118.46541338964262
61885188,107.64867156557318
17120455,789.1094393550673
71403569,702.5933522081044
57944962,159.8764225583052
72483844,208.19282694865254
45141218,612.8179716279814
47525065,505.2984696007479
24379765,458.65465622276736
91215387,152.33295682302597
39945150,317.4279595568478
25481926,303.23594711705675
72167432,317.0195946302192
15652519,336.1165332177278
58079379,119.82322323740544
81779274,134.88039029986479
11313638,1387.8517863866912
82915596,388.1379691106488
12551058,491.0123428135331
69374139,364.92470064820634
27490970,26.90936912305762
28663701,328.37097997324446
51901697,109.62547802742829
19964529,873.1505032891423
14203976,405.52973163933757
86724526,183.016898302359
46513661,218.9619914321718
42464585,316.73346077999565
14360059,1168.4163331671164
72181637,411.5201513560199
78956787,656.7719843899064
30264496,302.91419972258933
77227528,697.7161923462397
50534372,75.90958517120784
12187853,257.0379393446803
97814800,48.951316849178646
49704538,506.0142135868738
31844965,1270.542991916056
89449307,161.7496938581478
72286626,773.5396045059172
90641879,128.76785485462855
39977212,235.28020546887663
56406335,169.70226702750233
46671061,300.9324660238006
21883230,223.55081383748404
57754484,222.25418776667883
96138639,120.85616713527799
48581654,157.24106373016946
15477564,129.93393225734727
18367532,475.30356149029905
57040971,117.95761352456567
24677280,101.52050248258263
38279741,153.25827037546526
39630161,382.97958493728584
94354941,131.25003751119073
73739305,643.9338611699501
36839896,103.50079148295401
60950133,2919.298482521908
34560824,149.6605051954508
89848060,589.4897980027222
21727334,458.14354580645886
96402755,244.78149582953438
99203156,544.2923097784185
69252455,1817.150210135348
86645439,97.81894144637171
83677892,218.7562737405654
22897635,215.36162659999297
45288708,1465.4161476834809
59969436,66.65034726776463
94774349,117.82150603773009
16886474,1660.1524189468776
44198009,401.42508872037007
64700341,816.363816560829
64505698,813.8623638053955
77323444,410.58101081823395
27706778,4232.945210069467
59628829,412.7440436462756
55365465,254.25375217523612
69970571,1458.1328949778813
94271260,248.75983287724307
52700573,1532.8576426735399
45014443,155.63210338359758
71021280,125.07767786424469
51886091,251.72181968917533
91170937,108.85572042975508
92081846,98.9460009033728
95719079,16.078711749455195
12428005,185.9346262085514
38292857,1242.5654407589286
75786036,1100.1726663826983
76868352,211.61905250506473
61787836,492.26349518037495
92993294,183.28629798437314
23885591,347.0986862551467
40800066,145.9608117208624
56146741,96.22506413208215
49447892,109.23701586618259
52965378,103.25292413195324
93685952,115.47370602722764
89649731,162.1842154040325
47102704,185.23887735032872
52908918,122.90270351684848
77943419,1398.2439173663624
92500699,642.3639699685567
51420779,1481.159602312203
72830394,119.45101759103788
72781023,165.44278200987554
16161212,321.53510017152433
73724856,930.0546200442897
76991618,811.1705366672822
95797758,270.6188843337901
82786703,280.283345613561
77183119,171.82801269511228
56026782,223.31106196094655
16589083,129.75415955420036
47749953,284.536251771606
27187508,654.4205651274796
51723171,152.16968545677466
56627258,125.171261471396
75635227,691.9819911891462
57547046,164.72074037605256
36631973,168.12935278793105
17463415,91.9901608571573
26674861,152.58773621197025
56995341,65.5562263035302
26126144,192.27198152206594
58450363,119.53341745330542
89312269,92.16814983258523
16817991,156.38455784626086
84965319,627.6485074931337
43319013,1087.792357440986
44400321,212.3984906855397
80024230,546.8389714883147
74521218,1426.451855515231
44832141,113.00531426324308
70162625,98.60783051306964
43589357,231.88573592764575
14100726,118.5560526710251
36520084,296.3009739008424
98999098,102.51717216468924
14148442,106.17076008343851
90033275,176.5940115887313
19819492,204.12006857012628
94929441,1515.8476448331696
64769677,313.64645929121724
80605119,261.32231702478623
61896581,116.84094593944423
25053770,159.18476921979283
74893395,126.00965372369949
53560531,1338.4735080235914
89710260,158.75535861818037
93875018,429.1382501521579
64766158,1132.8014161750139
54305179,200.37686177726457
30403292,215.78358528091087
60767564,110.85891957073245
35303188,471.1960392439162
21177257,279.34708710037904
15350431,91.13781393378558
19112314,293.4157000436428
10078818,102.9253936020787
23150338,356.36557112624956
47635759,357.32018860067416
30605686,199.93168437479983
29709781,260.6183638112009
13735642,336.8418203099398
99020214,97.83629173783054
28873624,661.308525954589
70890497,1678.2811045989015
99675492,185.6721429961268
62216584,197.02685878492414
84668724,977.4406965873957
88738488,368.50064916075354
35683009,1890.7435960059047
72816721,208.98736881858832
19163259,192.51651290035147
51202613,660.2017684124132
56056704,107.08794677696302
49879334,116.4630851396884
16786843,245.98196171256296
47533115,120.16715357450994
22109413,1217.1026064252385
85518746,153.2753008531305
93362991,111.4631226710082
16124077,107.97541477078981
76182432,106.96045748820606
26790843,291.955172199615
89672220,80.71667830095602
12756298,1634.9806500364793
16926806,218.01577116277676
14000956,23.97243062359243
36806959,133.95208017432668
87017954,60.28252828656266
43944283,493.871033953338
44101724,149.49496334131098
67316534,592.9301848930809
88490548,337.6324174172901
88665651,312.8554324029719
83830852,242.54512011999338
35512699,195.7858433802101
49228670,125.01802241564764
47172196,395.01395645579487
86195285,262.4709524235488
61100752,77.30050999121475
23609539,468.13876786038713
95881788,434.3787636060904
44925764,368.223438818854
83971268,112.59881174246
17370699,401.5083560899225
76384877,314.7952448418563
93972349,117.78003611505686
64752973,99.68979108046771
22747583,1141.3783847621228
38304968,72.07009935907553
10235307,133.4685007193809
25779125,114.50341441596431
12843653,1457.201428334043
78094768,153.94125842728067
10635284,133.34589264412122
13687234,120.54278165554874
53936042,144.8461936671671
82732686,219.22753919132285
96543781,105.6336743113273
82228529,285.0515495462834
12775154,148.4170904505943
55255907,162.84094036367406
32916130,106.08124679423105
18504284,1098.3143283745255
65825890,137.5917382986774
33391713,535.781521052311
93331533,1068.8778350062191
89345152,434.6901911063485
46576484,269.2680449228817
33320733,49.99875983517142
10724817,1026.0149976407645
41244276,117.01225832396348
39841607,279.412764975194
59463885,619.5727981847613
61317492,1594.2745859010784
33725830,324.51745540050075
15316450,139.55959097451324
53318939,113.54488379786423
82300735,76.64098897393623
44927585,296.5249958733875
80951510,260.8454543054573
51421456,326.0384258071502
67936055,918.4062827782542
48065777,40.48997974018978
56103730,259.8869015741028
40566531,529.7525959942799
61129612,240.83935792036277
72015593,326.8797241271767
73826407,113.94367150055422
88021730,112.47753098980522
85653819,130.7734621038225
45194339,104.62010553503283
91086895,214.11397293525576
51919540,193.9595789737333
23157322,1785.8543707120496
51628095,486.6278582671407
96537190,90.42255599543141
53402735,586.9549505104359
36360155,132.69614548413406
37694507,169.1725381331002
83593533,283.9229957084985
24284452,488.42262123878396
21000889,132.2419664975866
18518898,124.08885035462131
11533995,144.2773105530508
91728492,442.0923410539246
32889326,197.3635766177771
16392740,930.7811842600793
93954664,770.3641782985434
40527969,382.5392543574946
13359501,92.17383756376746
54613106,1422.8872165595312
89494294,81.4229642105915
43243456,110.38406876116201
49320975,2006.1134331137666
66824387,143.8615644476654
13395531,587.6561840100226
84702746,158.52610181841573
46376987,186.06606712677728
16949551,569.0889927984693
76113598,677.5507226998812
88051686,252.0010850726255
21575972,1792.1503315059329
25797068,898.6017946873675
46519671,337.7592623837497
62958708,138.26084283787316
41163598,1311.3481699085994
90108134,408.5762118254314
40305514,153.51302798812054
28323820,219.3739974982579
36148206,91.39280378293952
41903222,413.08229011686865
34111269,132.0220870936726
22460898,1186.0125590607236
87095926,329.54494944409265
99063606,824.3948216239021
41090287,616.3625496679208
76553835,457.4245367420758
40520930,865.4581400617676
72499276,107.35383472318519
40722377,144.1090451744752
23596828,112.71024321636104
94118199,865.3118158989212
54177823,219.1806382604539
32744353,1924.380396216599
83540534,963.27108277799
60135160,922.573021214989
32215997,773.5011486166957
60591783,212.52173603326236
75534413,207.1633402966288
74381587,234.3342316327766
83928867,233.0905548656665
31779925,108.879655020768
71389415,434.5972029629777
36657020,79.86821605889203
52833217,180.70704649050526
43206206,316.5531411935758
21701449,325.3055907852908
38073031,375.4190280290906
34369333,159.14472515237958
92620587,126.096552007188
11512547,3302.2915794507394
81501365,175.60801088747763
91014044,271.75506387441294
90225400,372.5667359094655
77353219,682.7473975559983
55291546,488.6433810449177
22923482,63.198754331791115
14288303,673.0227630005821
55909136,867.1269276028868
41957261,156.1949772202218
17675131,140.30292338481658
13490253,98.4526321481422
79023756,256.98256340175703
98393510,1034.8172728402735
36169986,125.98542530810529
98879925,203.1866095491494
64713126,361.5931633410211
54807445,294.78594294341207
76751871,195.91821160768757
98441518,388.77347544574013
54149693,418.64289553930166
42794612,115.45072789515375
76036112,408.2016314129352
14657728,463.5665756927856
73292737,1528.967048640894
37897222,736.4574677330004
24707301,628.0668030294319
54570938,1706.2454421297136
47969890,141.53651376905387
86391847,-25.266856016808756
43251995,313.71171613775493
61789630,179.26629971019648
12601759,272.07537145606517
86045386,133.057533801582
67870680,490.0444979583858
92603070,144.34185658682662
45118743,368.3798327952402
40352166,430.6149402108054
96817260,693.5774246912172
70031890,1324.0763325404125
18280163,680.3313821197244
84418154,1487.3437155651268
50657043,99.03768674097823
24196657,212.78572267675037
30339428,116.44116493775313
97021401,415.5926875812723
35926246,226.32750273130094
78296017,122.88134476124705
91378970,196.26600854303823
80348783,384.84228483352274
90424864,231.6895862932539
65449342,165.41031268163255
50552285,473.8916653928861
96371635,396.18016058048386
72833770,343.5495511976628
94834332,1101.504487925733
34291304,1367.2501457925982
61020465,140.66465050903628
58556746,431.5130365684029
39138083,388.3911007338682
25334186,116.03402968068173
34764813,124.77667994973103
37404139,203.23394307649585
44171473,404.8208035635661
32137098,123.42238433406044
72644851,1111.9882881294914
57301182,132.28884173860538
68777856,193.8909007533439
46687209,81.76656229698116
69167315,449.4394553410855
82057134,513.517990999032
28611499,189.0640589684438
73817431,259.18204381784216
66885663,1397.0550909993751
81244724,1138.1433182759986
17815149,221.3886428060995
76792976,168.8977172295553
32232188,853.3333067225349
32884692,187.10404948292447
51904668,94.90850910095295
54177086,1734.9763985809852
79785130,66.67283529138973
24791309,67.78970947523426
79748184,116.38896645283207
71076766,633.5753400806501
91713473,121.26613531465934
21889636,143.5022454771543
88684450,109.49513187417385
13868166,401.51191626036695
72609306,115.73843193893167
40230821,667.1346308929172
65326864,111.77608898537908
47873334,123.55084707689181
38502225,16.831413776502554
78086792,416.8582547287881
19000370,595.9217939562961
18794356,799.7768493409601
15695931,280.60254311373404
69820899,252.64175268560427
42730808,177.40821801687113
55693372,252.29059365979614
39793167,534.7042453659024
42174587,393.12576384231704
17562701,124.54507800944974
75887228,2414.2404425061577
86381737,250.33459273049456
50478816,190.1369933326282
59640073,-21.350953249808633
76678970,657.0466636058123
23159711,117.83449050626257
74146213,150.8534415771256
73679527,1110.158567309172
83678670,211.93778071942108
82153168,880.5166846659595
81585077,77.95090648826013
51172809,499.7594294159748
93348209,154.53342776259169
40526730,175.87154336918726
35477741,155.675563686514
26904107,221.18873794426858
98083773,125.22953621247993
62394914,359.82741270426794
38403298,274.33942144920155
19395977,111.52080962618656
28561023,1809.0858785273053
45885910,194.01653742968585
95086890,245.88713721458018
19776574,100.55447488355405
60586201,56.503070758496314
89147481,717.644829021268
47209892,295.3758218747291
47476854,241.77696740052997
60953282,261.2740700369814
72001460,317.6610809441117
22546493,134.78071609609935
48912589,472.0077562038595
37241017,105.46882886756113
40152795,244.46779829831215
45771924,300.76393229007994
70307319,289.4901530844184
42825484,99.95908409456366
32535623,421.91058225827487
54789245,107.35899365146103
72682970,298.12635177600686
51218700,704.794085169248
16039328,126.48429203771431
44678506,603.9010042401212
59530373,253.11714510914237
81467001,154.61435760764752
50258434,1071.0614248557392
27681355,81.20811601788033
69431073,608.3389429622191
93968709,600.5002990618183
56478207,95.33167128846107
19466001,713.7593883446344
45204787,249.06791306221277
44120969,284.7087989556691
11347094,99.74486906053126
33817003,509.4259922707792
84812841,188.70137008710643
82947487,122.24131709954834
22317982,181.11402906594574
95086863,70.8779941438275
73084974,330.5241193540679
96665202,802.3338593451331
52954565,411.3234471332523
22781049,153.34925772806912
39742164,60.49925449792282
20712973,125.77095578353168
76124953,129.87486339146065
53726970,86.41444713325299
30895251,244.59070922445468
87940348,316.32465010675975
95321478,368.1046408303347
41613207,132.16694617692858
64780104,1063.7689615196202
72574405,263.40564784971116
87909513,98.99583252231608
80918662,118.55334977454878
50842195,128.36646243351964
37167999,367.547058910334
56430683,257.908631418517
62519911,744.757255746667
29251792,62.470437685087454
85925973,112.60067169342736
34644536,214.6207263253506
39276706,127.48655930496251
81892516,107.39352678124038
30222761,987.3363623331669
10422044,554.2613291459955
28074362,951.5478617536642
64967123,116.00078867395392
38282963,173.56413039522874
76769818,144.62077276208197
81835353,572.2682926261758
34737343,1667.395842366909
51032996,120.82798113080754
32565254,510.76292327129045
51764743,233.96362472168698
92831396,22.290279820210827
84077215,105.83321794568363
77480283,832.9900455707815
52724196,64.49972826374777
78039908,269.18557981227866
46605850,1837.889885058055
61041851,96.78905895716449
10551671,228.69597041893823
84956232,284.4086348048516
93609795,691.9453341279483
63261476,252.0390842096214
78773692,399.39386952565457
41527728,1902.7068053011606
86838609,106.22670890026254
46835475,126.53042524393761
23285553,481.13366488124535
83082562,264.821096839076
33889237,575.9661309286358
46836989,185.75743131675242
42683388,1879.833199433048
15212938,95.3755109146632
63857629,117.50558077401162
71736760,399.76272701110236
41166882,242.92436038092393
88287708,269.0388824162492
68218612,1131.5238092899685
34505104,305.4218024485494
50756606,274.7835477759742
40004505,120.50635619293332
89798576,282.39350058209106
43860123,489.001840318199
93655218,348.8633012434762
71051446,589.7821151231964
93380848,604.0635123743878
27980449,202.82237957020502
57084880,256.2884767860619
46438239,147.27701916638523
30942515,198.59681829341358
19590564,270.89104333769154
83623165,128.1149112320475
76716085,61.69813360483348
60666996,97.76156197065922
78361983,263.09057380053724
72701952,353.78859736061
74922910,89.87550193039561
63759907,161.17728477078134
68856134,146.53030591535847
79795778,177.62376635944668
97178936,846.4138466480376
56185778,189.1196282175588
48290079,554.3372363723594
29392023,888.7909556214163
54780943,57.368000153632224
97751068,50.08151993730818
69746506,237.4758658357711
55371174,318.62536628039373
67781652,134.01431605747175
78245291,137.54959033379825
64158812,348.2812193724312
60974365,202.04592777659929
12800790,224.76188436302684
96154030,1048.132570217803
98482327,218.23632695559883
17464700,361.69028180151406
56270967,623.6219675219678
46584495,140.01603962206283
72785702,168.03974205113911
41281460,163.42086982314592
80424496,1609.6298039997541
18835766,201.64888517315632
87502261,119.67486895966539
96135205,99.48470863309754
26258289,116.95225842144012
75302604,677.9950121675905
98645752,160.55754309381575
58643859,811.7799447232618
90141148,409.4026521266377
52181895,134.32729154156453
16710404,108.4136191869722
26056734,1365.9787773591545
39602380,773.8208342137632
66983144,746.9045104021037
52507579,785.713191519856
97432890,201.67192846978972
85547503,291.3562707558952
63906202,386.3990690899358
84599750,117.80836947034304
84325254,119.25296328947077
39975048,466.3483528398676
81574706,395.0307667868059
30468791,503.2422972656751
97533812,107.41786105348162
18711694,106.12517839761183
51787778,1568.7039711598916
61409887,117.87917750856258
22014620,151.28329458732978
38836545,84.08429462105671
87391833,48.13890262272484
69117778,91.10933542821826
68122788,292.413781553476
51241051,262.4155321166633
87186215,172.4732960063404
84468326,721.4936197263867
86410473,2018.9136743941385
56236242,168.137415290684
59626902,641.3166749263089
66112801,78.59022876923633
84626603,54.62778676898039
68630773,714.584631121464
33563434,1461.8699538363537
52975992,544.3573461511683
26817104,251.90975027038857
19501484,498.64174359709176
62595745,568.8865024184399
41563117,172.20076064628768
52796320,158.4751997068855
21489695,273.07247102037326
56658010,261.6258300550116
91048109,433.54426698186626
68814610,16.990100301869777
47089966,1438.8003391227385
79261064,113.25356524810681
43267298,149.51767887989087
35491922,143.65802041132852
91103900,156.5777686952934
81885878,305.4950375813091
10004659,127.57560060417102
49810234,60.368977375608
65062190,124.41468988480669
57566037,1004.7209131385696
55754004,784.5507937968288
99179360,311.8762649448569
67491962,117.50676178158388
55660033,239.84778984532247
96584547,135.96317285046536
36088377,110.81678218029818
97242422,86.30359440548443
12109366,182.38406063959636
57248099,725.1570820950367
46843789,728.6223485614621
15574311,180.93661709471084
39119987,808.806346916015
95964371,196.78402476752007
93965777,475.2051182923725
32720737,208.2607782947357
38011636,82.56177031705573
28738450,119.97216873859573
82845868,172.58531423112373
92357814,883.3767253981664
94273774,220.9379081603733
86770972,452.5327165718587
95965665,527.3445675902823
80658412,226.1508859639986
11188732,102.17357798774607
78466957,112.42795231541587
77853776,86.4935610585513
81589793,880.1594048759832
49765777,139.50856064334994
88579415,417.6359182044477
65011154,91.97722125757338
32352609,288.4360227074978
25644810,256.0354428384889
36867135,159.24602277319013
88848522,299.70789787353215
54293859,332.9445117749819
33019527,225.46658881764375
46924492,198.8965853162947
19488750,161.82366425503642
94594464,116.2432000219854
73247876,105.3074763614961
71373451,660.0063518996766
27655514,162.03538141339556
94112335,118.83845978346854
79135715,264.96678570254613
69231521,225.01406971134233
11994136,457.5573856879465
27288623,554.6096158481347
88123955,186.9338929457296
10000265,287.058571844736
79772833,150.44627367127308
93882232,1193.479595548049
32109681,119.1831854576729
65404136,138.21408364570138
33831079,543.3012381069781
71847266,383.41827112650566
81003839,648.8307572309584
19285579,118.70399159243823
51911514,-19.42157140306294
55539434,2416.6833652483674
44536751,170.00853737913272
70028057,113.08926621412104
86860126,570.9821714844019
64254454,206.47447032337098
98284782,195.73373461041766
34610652,205.5863414623178
75568847,462.82545140210436
65674652,112.18912769192814
55019276,531.4658969321525
55592552,530.7984343596745
94267636,95.38124793121384
69222634,133.88917304948572
85591369,630.1818394354594
43835656,127.54000832743917
87803052,701.9977988802852
26232040,220.85315057848987
91061668,188.3034299530313
30001734,317.6602119090133
64074995,676.9973320066906
98892450,196.6839966826464
30473837,185.08421570875163
95158643,121.30552735457567
42377220,193.30758717422097
64814717,251.58379378235705
30148862,1092.0014128059408
62010302,172.81544910120175
99477712,263.32900495373303
70875105,800.3143971847607
20465640,528.5136349983551
27850961,215.07874707565622
44835254,790.6614255206548
37634561,159.819182644147
46702648,264.0444086897164
86839823,321.66941152648263
67985741,1479.0506688847224
27791703,107.48595469002221
27289673,1019.8510885091952
47043760,110.97559488809665
54808934,75.75492101621678
98155995,340.8346859116811
69341643,192.4480632921506
19401682,251.76734418848793
97496254,169.12884381244692
26009392,118.12596890653899
76357312,623.2205831533861
60644292,169.07807625342969
92095667,96.66386436505422
16021125,263.5821053333721
52662306,86.91671815066218
22527415,404.60638295303244
11178457,292.14319986069563
19452873,590.6686122506652
89463603,158.43810378079502
55778959,122.672158604677
45079947,122.27895169088742
71913651,409.00170078907956
26030335,227.90906065010935
18887144,450.81129408198376
67192573,330.2152938289301
93955593,821.7492309935088
51025425,107.15287176285487
59882564,214.84328834601192
39586553,432.87770210462475
10235871,145.41815683458503
44636319,43.12316040026255
37290007,549.9123918383599
14108687,342.44378375156833
34932666,119.49906797581416
80941617,604.368462420037
54682782,85.9060980555939
89652985,83.09261625315156
13137515,74.14472865566654
69623259,137.61621956692048
58672181,160.54258136147973
19145583,146.34858693898994
15756823,102.50976968438846
48404289,236.4871388593228
81082424,754.9719215027123
73224913,270.33417509166054
75845341,114.27495971802418
98474913,126.76230985317267
41962691,190.66228764805055
48961741,190.42314362301653
87593653,140.58897911012605
84917993,125.47843299811159
24081947,455.62827566361
54462462,276.5372270894658
51963469,1142.9061462214877
94467679,206.81548072614873
31642363,656.0493198335183
66097711,141.95706161919048
12884742,113.87006269193579
94999391,100.22975322266628
44605879,660.4480516462559
35787017,339.1216043124987
45450960,451.4656335300601
95291199,199.39143250476025
96016558,1593.791924101973
84566828,135.50985863238657
47412693,157.26157549313947
49029700,25.865547216289666
60010012,-13.270752303263546
75883768,113.95438707380833
26202342,378.4842781205645
42317663,158.89289085871025
81534336,540.6398148811043
89007837,153.38365084248508
55830410,315.1350801412545
42889086,307.19929425220096
81610198,267.6097366799671
17452253,119.46662613888742
71203731,131.0611550386112
80449971,1370.3676108745497
69429731,201.97146013634284
54605956,219.54356710651007
34299688,475.3774257616935
87819668,833.3700610320474
35995429,163.42721861110653
79395935,167.54193742016744
77309412,297.55527025654965
43863935,447.2810441472975
25184246,262.9519051197735
36615071,310.76631906949
38474717,276.5949141051397
93825316,241.3825564629086
33683398,78.79190938966087
69346242,269.55242682957106
59095929,351.4729193981687
87118088,785.7583814313672
45924958,366.8306776942588
78591323,159.21253700520953
37759814,1178.3222365444396
79378632,89.32236763674628
74799649,196.77030588727868
53222755,124.11059107269519
36749663,261.81503165848284
48476133,126.34266783529542
49028666,894.4045910769024
74177764,153.62364559424955
14771208,100.09830811859766
53613430,281.3208789522334
58749152,158.3252162875458
32751897,90.12825073943729
26470651,114.10157473990742
35002941,202.42484399313813
18541890,216.89661285692293
57596711,940.9723316925198
24072464,139.5019336067078
31435093,2108.106538828565
30602585,150.98315395178858
75360000,264.1012089007409
46273615,209.64801335127882
95181699,136.11627037231548
91310621,283.0427722897633
82017783,91.88476224575324
70908643,2833.1957032574837
15861638,122.10779274339967
50835625,124.05725210333567
28964861,866.9455068305582
29864397,1231.6793907851604
12057084,349.27456304745397
28334945,206.28208659549276
60084019,256.57155418147084
63996133,109.44171158279094
24215888,341.55502250296894
73974645,441.81043931855044
75072747,124.40737527685805
45633768,427.74597179347904
35646913,563.5154246968153
53661067,214.6959850401151
78907585,230.25936823452085
76922109,349.58593389844
62248680,176.42090780188818
73320273,273.262511358675
22179940,129.76294342975763
26991418,184.06622962355806
21855522,196.55387710256548
55265808,419.3151964249158
58224140,254.61527778356492
19913819,129.3141045471136
90275479,128.40114618034846
97988475,138.74303706077794
83636674,434.0988688960748
19875524,955.5642415463623
90421480,142.75653747616332
81793670,279.0948738880819
85521270,1656.8905281076989
97359529,49.965709635812935
91814930,678.8148239383842
39016297,169.74311609385248
94156929,160.98212848783885
45023538,138.5615613623155
58269517,77.82480347280813
35694304,1110.8848250358924
64951262,368.9817091776188
95920942,120.5466558268634
41847450,1059.1315228206224
15255858,113.21242053485098
95924527,72.03412096707719
12518283,516.7059603135543
99811369,97.79553145498842
59569343,25.56275295152378
47206769,110.55635286682389
51079651,95.23472364122337
23194465,602.2421355022411
83356805,369.0882628756368
26586384,46.48424498043971
55548495,123.22836531048439
86324071,68.40880679667536
75101749,84.04808716419844
16463144,116.21961901807839
19396787,151.82902517424438
33279246,307.2877104625297
49233593,180.17343396103522
48210075,176.01891475968736
55054820,326.09784037227854
96257897,439.81776982339153
51430742,855.0495326527279
83437485,142.81430929950642
50578351,302.4929296438658
97275251,285.15332548816076
16222585,211.89301013168907
39525336,288.6802171856337
78481250,265.0290032280895
90967247,197.22596116987773
84855982,104.66766772319028
57782649,107.87313932158057
77997002,1217.4534262536374
36215630,252.510633281648
95580912,112.57510794122783
59034107,176.4383544483799
74775777,95.6784157038843
39971311,1176.7518778855756
89020638,257.65731671500504
51169286,181.86432550937286
99644215,152.8275043058468
90744203,116.88523592407971
96320211,871.6442080645746
36465697,302.77985121857904
86214609,394.6135119180808
81033519,190.91265819362746
61860616,-147.50827502060616
11758072,850.733078321008
72796099,281.22646924319776
12154166,443.51351465177447
48588483,272.81388661500137
75800458,159.96655405892312
27360889,100.20723800791171
84455620,662.9875050182773
94594944,777.2303727878461
73063439,143.0569782170936
81513909,455.6727314167568
76078349,113.16271831470848
18738053,160.12985735015414
29574045,273.4141445514075
80540560,93.25690513218125
25751173,142.9694015831784
26008933,1654.4773813538395
99638568,510.95173923019115
16106243,547.2943942430702
46712863,178.63261095405645
62434322,89.4852346345748
41483187,797.829409298111
56776930,273.4830736002303
79612305,129.7328704716004
64780825,151.74601176348577
45536007,62.66256042094617
46661025,2285.9509610369846
77061678,244.55735101404156
60393588,819.6094936970521
63346660,359.3844257379408
27845955,243.3046680741581
55504400,488.23844069107867
29005367,243.30486001799096
22069246,149.71088271468278
84008491,504.18431221894207
17133631,432.77695559745416
84832150,79.8523684803048
45723864,520.8182893236938
43493787,802.6445627589164
66097518,776.1793703799283
70168465,152.2478366339903
94063743,180.85981477328147
14576418,801.8061967434946
67277120,209.20915502537764
94345958,116.77176387379863
30685847,135.40103134119207
85948230,187.18933717218613
89817663,96.52659311645372
32957921,808.3097264886593
46701128,304.97168673178345
70035645,172.49365548761432
60395047,866.1979630129507
88839252,1090.2982137958895
84131490,179.72814792665147
75586325,134.65637853259454
80103534,266.35791093049585
43032685,236.13841718512737
15972126,104.27266425920018
41404247,343.7618350254941
38893753,386.60668231708706
73633779,1175.3006228459437
35904393,32.18949469238841
24714022,515.110132439092
19048345,1773.3237904767307
47004008,119.58676489260655
94742593,623.7133697362724
75269823,807.4057673976462
25552669,122.00299383422328
51828771,227.97338539693754
70179002,2533.2382205840795
38115411,106.02592625264442
40317565,211.2071500708878
21110207,371.35218612905396
84762082,239.51503598021776
48690899,702.2373258260236
76594160,185.11326510571035
54192522,272.1893812903429
72813893,108.44963385370673
21004583,190.59215539119805
64817154,213.28660546680368
42706195,145.52413804035785
48103074,418.3980550322479
21878260,1214.434086625469
36272220,94.12848176856664
13817497,975.3377589236936
41737305,989.3877889072477
45517239,326.59534395895156
89500514,828.8080649276641
35952974,270.8754279767437
79180368,390.9215074340583
49972479,413.43224458366814
16468436,94.38042550576763
66415757,119.01750295325535
60737619,543.0253787181056
61065232,127.2502859604604
40172654,43.00596084186203
89609665,116.1243864652941
23952725,105.64880099756454
72896307,131.23360788212955
43835334,148.40002430780314
15170417,233.07022196698864
67479665,430.3928292754088
33361674,103.26426708828674
44130617,319.3166068203855
51579953,153.6137824355545
75908580,234.69997713269686
55554604,40.74999266269592
78855633,117.97374242329577
16657542,654.586183873174
54732615,447.2180888017716
61746292,331.8858546674895
57869356,338.9901883552311
29926611,290.7773566525917
75275045,204.73258227706708
47886535,179.87454581062073
44918482,295.32606212322196
78968246,373.5536593787462
54136456,421.9212795840713
90807736,254.8566043536083
60276696,261.2136657202547
82048962,146.7745794534433
92669446,145.27679165348528
48680297,98.34750501896035
20902349,172.24862048829107
56991657,197.84579653285928
47839152,109.62022891393559
78844128,208.0629828818114
13384224,638.7559122151432
46213331,120.87700994212707
34116626,195.57776602059306
13884884,118.38762036417711
86060261,451.4157639065589
33698474,113.20312468950459
65729973,121.22291655637373
10671871,798.4550569664135
35704807,127.62263470513743
55231783,111.69658402646415
62208192,1280.2715726091417
67563103,290.98134627906126
72548470,313.02789771254055
35725437,785.483160867151
91119982,287.82680529074753
58303560,382.90404449625083
48430844,123.78269830319772
17825416,423.770060852115
97821966,103.68139710818208
76538437,1021.9751975447261
46855429,225.7870133803989
70135617,286.45662379897914
68330883,443.95104517891
82205109,1559.9989119515776
47743752,46.448567783287
55059767,687.9550831848899
88243398,916.9291605108555
44699350,387.1220003895144
35330178,359.0094211733359
25203468,126.0861079987273
40479165,43.576266840857535
10947997,135.01260322498467
76351104,556.1518565001069
11445786,317.9697874024221
49470754,174.54643551775231
25466549,114.67016274314628
68081302,157.02179330982284
66965573,104.95428178967215
91230160,192.2292853991664
44322697,196.27001169924208
17542284,190.84205941300013
43035885,112.45383248443255
73926094,264.61009174033836
64948505,327.50321680494557
78950808,372.9030131131768
38422125,366.01349351294164
70854487,268.49492187634314
96303461,675.5242114212742
46698218,109.1677521281286
42918073,114.9542276981538
60976113,214.2586962941206
80414616,112.37992919479834
11919826,560.1584637834727
78548658,650.1420080403414
21857739,112.17850709365533
29877271,1025.0103579764414
12698388,473.93371700193023
11871707,788.4228040002763
80819542,132.56346570742173
95941128,111.05532048282653
15401105,162.33921080347298
32754426,274.2581216031751
69235267,132.59489548001375
71590075,624.5597017605829
93562904,214.17503582326876
48418506,196.50414685710808
91190923,570.4207455545004
33120061,1447.625823200594
79992717,228.8114336385405
57263719,250.46972499429484
97902872,810.6457999685811
11659952,106.0731731998524
19463140,119.50486500219144
32523829,2206.76816561349
91862885,526.6297149651577
72799092,518.866118127681
53477503,211.20298665977694
66993460,137.21756755995509
13665562,381.12678513269344
80709687,716.9003553441528
40330962,275.2804967603522
42684844,213.83762456463816
27675885,119.33062118468666
38250322,465.4802668020328
63478776,103.76576280721437
62285686,155.89583620810782
97553472,675.3597867910255
64732641,42.240473645310225
10341748,146.81250188558982
34930451,270.08311601764575
53726168,636.9010287633761
69426758,83.1695725441145
90029637,291.1948509057814
94611401,1143.8602135905135
31394855,117.1009003645945
36645175,131.67865664425767
56281801,615.3877546423257
12148162,219.33742851127485
18771087,130.96820205723546
15509457,404.61723918871405
58811830,167.16514786840403
73003066,101.11133499504328
34190353,236.09464695949177
70731913,353.44094835680187
55320872,992.9189528906937
41886703,174.39040594284438
16884593,116.1157129350236
90415325,959.0270559357409
28408198,63.41472531517596
65914001,362.4676322009604
75122895,194.6904727056941
80177938,1411.4304257027168
37984269,332.47537293177106
81491790,242.40255838329472
37294085,140.17386896727217
23335477,101.36965499604634
74996570,160.9119269924844
11602841,1265.0629782505544
70152712,2684.912624878997
37504288,107.76292993317058
76619689,130.4172450080501
95075447,519.1267104927657
62779399,851.030226809845
66278648,304.62396464980776
18002070,94.06561563831826
94135062,493.187546674835
74396322,347.86664824867563
97169764,2790.4132316312293
84630384,199.7718326163256
46052909,1279.140878434864
60213474,261.3006830903013
33797784,93.78494182086696
59759309,377.3961394291842
47001738,167.50995126212914
76899861,107.76737766734145
54444766,1891.3897892847394
26850612,802.3438268337364
22468145,227.5620596832
39243645,202.13697587964705
35759583,128.03905207105882
92468992,87.0812922964903
68717112,441.438612731862
47344834,293.961960865279
52115284,263.4955078150117
21042322,75.39754722256892
79258805,1566.15743903001
51304748,425.65617276364145
23253686,128.00327141676192
43275074,207.02755051435392
81602713,103.14057963242763
60924053,954.37775083047
50363853,122.50958554202016
28412591,140.10662097952215
65145713,131.6061853882627
47077663,1080.1793239037795
58136966,124.32522387372457
67034290,123.82981811704943
72057747,225.3079536649653
78034116,121.59681518987712
99365155,534.1616248340939
56151729,294.8483332431151
68997667,204.78762888640685
46532370,217.01602826116545
43276809,239.14281170226
70460118,302.25611305292585
66150334,603.0985943194655
92614050,420.6519943219783
69313526,178.16428655630793
70949373,941.5348668841244
98595102,165.86898733105264
57731071,127.57343661387496
58855043,135.83413685578265
45456441,72.89587258154386
39733268,157.8552920135935
71064725,129.05184469385134
29668017,210.64641961383293
94555207,458.48016173324766
60811404,1157.6160790349895
53154973,122.45203384137274
79534885,152.1212931557889
82049293,702.153156678214
19578533,99.69905447750988
66374977,42.40041378835412
16850211,60.80237997702201
98217866,63.70291682882965
33773989,1457.5787625520775
14998381,420.2353769857851
92421507,134.99422211139452
66591282,156.69273347918195
27243576,105.65202513168325
58962954,46.95905443341128
62891715,140.25567715621722
40256776,102.67419172733958
92014626,2030.420807752225
68868046,162.83750467308369
47811896,482.8285787436574
86438296,290.22988404595264
10421272,283.23808615788806
56519274,117.37402844085935
84854339,130.10013015883285
95049673,227.2511219979207
65578696,217.50618882083867
85747970,140.93091488902212
69874974,939.1327033879188
34594425,118.38544561283636
14874183,372.0125739168164
91643227,121.09215338614456
94998930,636.2912183734211
25184219,-45.402026662484
78637662,1477.3743175327047
40102355,719.6654269480055
33004293,166.614829882296
85498300,1472.4189078600539
37721019,161.7610987082347
78482421,304.11034993537254
81912650,204.3392446062694
86410146,169.38100338913162
69095320,180.6360678785567
56569332,93.21409835040369
97340317,83.16451876894257
37533494,114.47309029009965
55430447,103.17789174024472
45610406,58.60125619821836
64085140,946.8526728548983
81416250,2541.4326384176943
70034683,249.43795899380822
40315264,107.25885723444438
73160601,561.6502923785646
54677638,273.7353519287991
90571590,364.37767023090106
84772888,94.84926981788978
90285847,340.17943372228643
80203339,105.84428741442278
73536003,138.12433527354807
56021479,263.1505372348378
10526589,796.9165915776418
23648848,167.09194677884162
27805990,126.6957675599645
46740683,118.81342341735882
66243364,252.85829081833302
88626421,110.91077205836504
81009655,40.88672974353661
47576712,218.43038202845298
73803450,617.3716308496313
47427075,152.5749096289033
72540520,167.83883662130955
55407503,115.94938304760704
49275948,1071.7772032864527
74312584,39.786714424978975
84174297,251.52487311562902
96261162,103.28879017499946
22879870,878.1249117655929
13933179,240.21065654749376
20116066,116.5306444100475
38689361,136.96022822072018
63156536,316.1905534426889
95340838,368.4072209307756
75352375,286.17350967191345
48265534,439.08133591289857
74912030,198.93402027333113
70071430,1764.8933019052893
87025516,122.91557965518291
52784904,429.33531834819604
96281041,216.06983390931785
60302206,1316.2713657173283
88862209,186.17286925479817
66359731,1453.8821606342585
56582999,137.55958379639878
78391067,73.59549229813481
84566381,331.4737526479635
15548328,212.9798224355992
49432086,181.0212798121858
49054075,110.51562976979679
71689174,89.1521480551041
64196832,196.1595023730366
85965917,313.77316624142816
30935690,837.3541523059611
55460540,111.41975331631359
89457485,73.89972791768604
10188743,113.39302225844156
58823191,330.2210196690799
20643935,242.0217034971854
40325735,122.95672310733607
91136520,145.45365630065152
32259671,117.90670793483898
26400774,565.5571742979985
28057887,2450.0955391407106
82844555,76.239123989862
51111773,270.88970081902926
42987529,206.66766150115492
62978911,116.50093838593358
11881525,533.3237951669529
86857890,252.9436413479533
79797628,113.53411483543351
80357222,257.1718772178828
35431033,179.4998445514412
99201502,130.5089783709965
90452446,520.528240215705
18670977,367.87262549296764
66979442,129.32114708477147
93738605,180.34731683239374
29213200,256.805736224239
31107212,122.63870508573898
91594833,147.3354447318622
82943336,117.08228709322923
68443662,146.3603070738056
93641230,364.6705391853966
50244475,666.9749018263246
87626955,1522.0020691289446
51387553,500.7357852003219
71504785,376.43542646116174
58768482,206.23461821804275
47301702,55.31143207104912
46285200,359.062122995521
27113638,184.9686745459766
63361835,131.71110109046248
42709073,125.83359072845514
87920715,1023.5020458616211
59996173,88.25860403210717
97865712,115.99625849758249
76462362,1647.8942174803196
38643308,144.82664291895898
62694540,98.0346545856843
62141335,97.12092371141753
34503041,112.4183826548783
11311229,412.1441956984099
51623206,184.44436182140788
28560163,171.87026446020886
94388349,1212.3807242705398
86256710,97.81804639365004
61215694,98.6928276715615
80946911,123.4046783326043
35537651,539.3135555049299
66755381,197.13807069512853
73455092,376.9572323186423
34041393,247.55372131599867
30484078,1909.2603102464213
62329986,224.3774750328207
62897188,681.7438103274579
51881772,574.6833894465891
94211751,113.47697049146431
61613645,93.64043120005253
71479652,329.18038489241434
85310501,390.873090735649
23110318,83.2118892137246
82884759,244.960249732287
51095836,119.06724988292083
52772048,205.38718675422754
17245854,14.546229286904135
96708865,380.77286356425293
67276218,502.05655967192973
89528454,115.63943320729544
73044839,324.1819672714325
92820854,114.44425499220947
81415527,79.65699552454997
54704500,98.08799329466285
62696690,336.28182606871087
43848311,274.0866896749385
30447397,114.80907692446438
96343937,139.94715400306086
19151468,902.6219543258886
75047192,161.158394613438
29891460,71.76357831057439
47625277,279.02921562851276
57930980,187.7267631433585
48354539,89.94070654513814
27628114,160.89269867397758
32690361,102.80950123627511
93744019,102.20997068065611
99861438,153.10729653609076
30181088,274.4791488499843
31181640,217.05082234210667
44766788,122.4590278219315
65594080,387.24012641198453
22508377,139.6923119693451
97181173,300.18982711938503
17420303,153.03053153502594
67800143,473.7806875976905
33454469,307.13673191489966
30418520,416.8715175209977
89752463,203.07572112777302
55142148,125.27089784292029
20848293,74.69199595387435
12617495,449.1869019541782
20378275,265.7468492535381
37172337,326.917404799179
21839038,979.2288884829983
66993155,104.47717973312331
41249770,104.13970067340061
80181790,686.8262069465894
36248478,630.9134824334291
99097401,158.00287706711683
16998435,211.1199952117562
28345246,446.4186168724835
97230601,316.7980266317668
67442292,102.05031159402454
54477624,-40.259252146106604
22866548,162.53096137042937
86504569,154.31114551218622
81257074,450.9926273811343
53101206,137.6928005586108
77626907,149.32880446140976
15402267,106.45237798673824
66190974,154.24445879333615
85276459,217.88561350115913
61882567,96.02705042657824
67503548,338.86198658131093
80801220,141.7346454155344
45827465,137.6055287383165
13145303,315.4790710553476
92842662,362.8324264530857
73150077,428.44153278271375
10904048,103.74800223346719
89655386,1780.0859808851606
91827598,90.00496168016834
36736446,239.0993274068153
73791907,275.28935774387014
93237533,1000.9467830274866
29020722,517.5235390055034
31344857,111.23245726651155
67961594,102.38806519395726
82896045,1365.3792884657194
79782925,96.16798751547238
65627534,112.8895565386417
51055429,819.1067362780472
24073352,248.7384965880481
63468697,479.11413231491696
69815836,99.28482439722833
94658489,229.0096186775709
89803063,2799.870647337575
41826065,145.06434087849584
95957321,2417.4883801568317
72164672,115.18628443267605
88171071,455.8921421420284
47273090,125.69622651943229
19574799,102.52218322140845
74042503,1385.9962395766904
73199665,116.25535440594759
32553552,129.4533638551873
99007181,731.3855216091398
86459252,233.36796031624874
33160158,2962.334913785163
89403244,131.40004116184525
83607429,1012.4987406920833
54979491,119.08473875961349
34711897,156.3874456932561
76049090,134.3462323327738
38209438,408.49039229808125
43607471,149.59137194281135
37603490,920.9791726767876
28133465,1173.4963078465516
66543688,124.48583013421792
13310180,1440.8161617081532
70639698,160.84308705062278
31227382,207.03103344584935
27953042,60.170957310637135
62042217,161.75999094604032
91860613,239.5080967818503
55497701,325.0882120915356
20529003,549.6668230322715
95270433,485.5355856552756
99713042,274.0221011031686
78850782,356.20196832851815
57339822,505.27762849242725
89910926,181.2344897844709
22738331,914.2536781080491
29399410,97.67052289792129
48960030,102.00075410101314
23209349,402.70991139620975
40869262,3751.203028711298
13469481,1080.516548176
37901584,123.14666231534682
15827667,283.5790721003401
36279211,3430.511081281323
60254169,123.40770445021859
15666676,451.0305169721093
83527323,173.95806158397744
38323312,378.79237017093664
16145827,180.81111338513244
25816799,154.6205006126829
31540608,511.64331667897346
78332853,114.97419960986505
50241601,261.5621956623707
59793938,508.61042437720664
99765396,315.24756825365955
22142241,192.52194066812805
28238312,120.18690381109154
56677251,211.41034623865585
79286536,1140.7399623228005
20049898,791.0711225427401
79883465,951.0800307335015
64419086,138.71671598603947
35428504,332.89316845693605
83636473,130.6081135712243
91911110,263.99463656206206
94747885,538.8937608013915
77052407,257.0811402243082
89274668,105.65935462172617
65429257,176.00494833995188
18949424,130.41928670949676
78354959,184.7152842915665
38613499,150.7136096547801
99410878,938.6708776883314
17066881,189.3133354838873
84559340,52.166189437802515
45796615,1131.058484345727
18650747,186.0937431190797
87098836,435.79550096754963
18956602,147.13876744646154
49896714,2234.0932964304598
51066559,254.88711249026395
72393934,342.29998954962394
63389143,445.7883902548369
35204339,215.01371160147303
51345357,155.68979585792076
46322354,146.7149132022178
33951394,472.8630458420428
41031096,178.2651065492764
42228451,136.9313576221572
41161057,111.53427925423416
98892524,94.49960099368718
19811103,126.38804979832987
65448488,196.65527020311066
32428376,449.2404745109082
85323274,480.6788713974722
92258087,115.230974776042
79217297,212.28971558274117
11989719,93.040973598964
28471365,146.3067455489391
34542074,147.51653093441638
29164293,295.0005224040823
84304086,828.8877853215171
31817572,151.51649381898505
77771839,2803.9764124310054
14239440,459.7044602504089
46882099,133.55500996707343
38983396,388.45859451819825
31683463,630.9399610146806
78092716,503.4704161856327
42013895,235.49459530448678
65197071,113.0916645954705
64495960,355.9818471377359
68745703,140.61904206942518
51390927,161.56075937408974
94850983,108.50426784124018
24328415,276.8590296905316
85572847,1319.7822887610275
42303463,629.0801688262777
48215084,791.6330399159925
35427122,464.56976222967234
62307341,157.06848197922494
63212299,120.54007544598512
97856687,597.5284749858538
35540248,103.75279813388096
41303810,237.03390718914548
72749855,251.28343402048026
21620577,129.86445370406
33846878,314.07293652688685
72596574,157.31255815812506
85230815,242.86932220930427
72103187,127.12532144379209
39368813,143.32746667282078
77055150,191.0112964984922
61280124,74.93829297957139
88442406,644.9397553697188
34283144,335.9260583720982
20283328,216.90824943806012
15081148,80.09488328163879
30803223,85.58025205440873
95977285,236.52461964427826
73578397,140.19601663939378
23548274,270.21068990041937
70020229,206.74322232441693
13657037,426.2089754506812
62209540,166.79099718032464
69122837,198.84132927488392
56882140,1142.7221453590687
31090970,353.9839520864239
18895583,319.44947491152885
56220075,495.63907673859114
81883128,347.7777269672983
85178304,523.0269495893263
44572294,395.59578762880807
69139777,240.2334510379302
77682175,244.49982311069405
98697835,122.6590722205064
82862062,1340.6202220983998
63154444,442.22171151057915
36052607,189.9421848815982
80221636,90.59293741397622
14612606,629.1901776934467
22793087,1151.562076878912
27221763,188.07100399511998
85356281,1655.3559485729313
72870330,77.08172601752749
21631750,191.88875217710574
65662420,147.84613836910233
94704718,109.3871319503373
68031612,157.34772720109723
23780065,1201.072815041996
76854946,61.31536971004644
65320814,297.5260329083558
98544588,608.1394799796872
66236365,117.67004657563255
33614608,264.3318516514347
41538321,186.36710141941177
52604597,126.865795639912
51929168,190.37058828787096
34989178,111.44231064228158
17968995,200.88095455790145
17104507,587.7183331305582
31799006,251.93275277591368
80534303,115.58345272501026
39486975,82.48221247854762
70473933,2600.1445260444443
39315812,137.28368298284693
32664756,210.31623537323938
40582877,269.13888552142345
14853484,262.73350203712965
72018275,89.25973626203377
85501233,290.70838695970673
62857702,84.23641110890321
37589957,863.3868401018863
75861106,348.659940289542
82048801,254.86688659732272
41226392,166.20071558781203
43191623,2224.7917015452904
98896014,134.20483411542918
39009427,142.73342095299313
67635937,234.9703348157524
93989030,3091.6979140158364
58213050,119.99155592979535
39089500,106.22881229107696
48099206,200.07402204273856
65115683,191.50825704865082
19072238,146.12389207728546
50691779,161.91487342094106
74240054,453.9488374259311
57606331,470.3099107174245
50124096,127.29161935609355
50596395,204.40820805716314
96230340,85.94120517534873
73626141,100.05802883795758
12420303,142.2195421909023
64008469,1366.3141695731895
44066450,120.4679528040735
27734466,884.7376631588473
30219489,179.79636532307916
43296487,498.29912843337326
22060633,1232.8410872790255
23197881,268.5836679673392
65499520,123.87386437923581
42012431,450.16470510723127
42076492,120.7168632371356
92931745,404.5235433982209
47924563,150.48936006333494
17036042,466.21595370487626
79903869,45.2494956081898
27876581,172.2894273332393
10911722,117.09973346172909
21207465,154.84568875333258
90406241,175.13120069460362
92048586,114.73381164802417
72112785,177.41003762243142
10881048,272.89622113948997
71511312,339.0017360594556
42854203,474.3399704822577
23271785,854.8111001869172
92261360,631.5972070735671
14679655,45.486066699466924
90532154,122.11179664065565
32402071,258.5465571993919
90864060,468.5063986196276
27274358,60.4799783401287
26334631,76.54935073783778
39224642,127.219504000169
19272671,330.52764676023315
77841869,554.0131863735501
27204546,1393.2754832140783
12405459,243.4554093778214
23265034,492.9290456698139
97633242,1293.8291004330856
15746059,329.1126833142163
91462754,234.03372432122143
71359730,164.2376283389454
61463575,1453.9103244310347
66429439,166.82418771387034
63351764,215.8663080999621
96265907,142.08764983001072
87085441,581.4086731825197
53920662,246.90057762339586
67679919,215.94760892574678
96779897,116.81998386312317
27837717,96.27710319386739
37035368,362.1053400971975
26123523,316.55956268229727
79652243,218.9212141914076
91451403,391.05971141779526
29758902,177.9672040774631
47019965,251.5570333425522
14375753,979.7217559299173
85119076,1200.6022589598786
58032446,242.65985083981388
58129049,587.3098089755663
89574518,328.6177610424315
61206117,76.0173681424569
30554474,277.1409803689149
65452020,189.5453779048475
97089415,526.0048500945659
75395475,92.42509759572619
58881030,1196.049166538365
49402947,134.28815480686507
68947111,154.11284182996712
48259609,1597.9383461474818
46561397,20.39906672883142
99687364,145.16082989567997
91051315,234.63171608172382
88446486,299.34706792846356
57583992,130.37713022735477
50054814,165.52949277794045
42048168,2399.8479756257466
49480319,253.61099707483916
72653841,129.1524918427407
93923592,135.48199651415422
60863343,527.7458572905579
64544903,1027.5635770708593
13683649,224.89599748227212
35441685,198.42067361520898
52702103,240.77647801768518
33316809,783.7799834842713
99319395,1416.6096913190945
42958811,339.78507778290947
79034999,160.85067056668746
76692806,388.3895145395956
12247918,76.80666284466434
82872484,168.6324867734715
74712172,488.5133032928153
40198101,137.50610159387955
21709825,428.59803224869427
56134477,1127.9640969832808
64741940,407.9782348907983
20094279,140.36430425081684
86415472,115.29530328675601
71923505,153.92083399413715
86463105,136.15172849399175
27182144,118.6821212977003
78605487,226.75758523845838
61339703,132.01637358248905
19457777,123.52534401001928
14282521,196.3301016627311
53055745,118.13764679715823
64045100,164.79487183200698
67336212,186.5766921545955
30110453,113.17834736213639
84766140,116.84247569950458
37132913,204.21656329503372
37337576,2011.663043987957
81785280,837.7661932867392
33749639,154.8649432373836
65293655,229.40651554995463
99472212,998.1907141389803
78611736,92.00543062049404
34109955,482.4766835869626
85732620,348.92261497943883
22271257,137.5872578485685
17111467,101.7969268329716
87529909,138.30503363381655
80109140,821.7500482894071
74139761,83.14193162618403
46468468,1167.3647776772898
11871024,395.1328113282377
38948416,2220.605326979332
79710564,783.013277321714
76775271,124.05850722832692
39022631,476.65947046414726
90991831,665.775816824029
89162323,223.31575609909757
23588134,503.6500772801261
97925196,928.200009114967
73394555,661.6237817669838
81939394,150.2392531244811
34503849,673.4855561565918
97624284,2100.218517872733
83688015,165.80723103760005
26753007,117.00583226992516
87953339,44.27231155256183
63187534,694.2393600217306
67816850,477.5873811830756
58193423,490.4608312852286
63256520,108.91691498594069
14482256,229.10648753453506
70047018,139.7506885362216
25694473,201.22803271322138
18876734,132.65401236191855
24815106,876.1973357619227
32093953,88.78669511748464
21672606,316.0669203145378
51265019,121.15894501986483
46633682,563.725299666412
99505720,249.00348939454938
72684116,330.3099047423754
73603518,168.22142207357192
42812113,1146.2553038779079
91497924,157.85777320194484
94645725,117.22017019321252
83011406,755.6508138307235
40459671,272.0615508031779
28128683,492.0379122371241
89799485,193.96364808152498
78077056,525.928636400046
60018274,219.26477378764503
63035070,305.4048164752921
50452662,102.71060208472424
90748238,158.75604193301183
19626211,115.61187530340702
76831160,72.72752279868001
64430456,141.3882706000724
21788725,160.85606303235863
62692428,534.044474045531
44601450,111.34638496218741
84918858,2700.047984001728
60654538,126.36092945868113
33549671,45.55059869900817
96482407,154.69606631773308
38139452,242.78774538241575
25148521,119.94835973398907
39090111,813.3760543321965
37364225,76.45313683274017
79808740,115.34409800122928
54570288,115.44547644974354
81519320,173.87758085056936
61290981,112.21859344015432
82595740,565.823564563147
99018938,188.72474254229115
84429722,238.11918926530527
70463415,120.88890003188544
13251670,175.12188671294882
63915791,89.78524041131917
37156544,176.40801017571732
19087720,155.25733708991612
15777066,319.3668352191635
88419707,218.62987650067458
48515636,145.62199255751915
88810042,114.37622908065421
55078871,27.643477771546255
82278966,173.00048880813364
33265741,641.846166528895
64678931,1007.6185657468163
26504939,84.17146453910924
64056925,499.11780589806773
46046461,147.3591969724109
47352478,494.40694995496
91442238,148.6819754123573
89293921,119.36984077440974
12378808,377.4239716379628
10153799,128.40528344007876
21954731,470.66205501410036
76938502,135.63425781167652
51632874,145.2482534550548
56510091,1748.7216765420444
54773302,173.8688200874765
29181400,210.89643353844164
36937513,894.4706877638906
75732466,189.98183905937984
53117846,312.83645887347143
38538746,204.21994269826087
27988038,115.41673306431258
48886162,107.30649777482516
24085686,132.53694651967945
57820012,1249.3859611497392
46878225,1907.9835047934039
20632751,92.92491432757087
47775231,143.68246036610535
46789610,1527.4946408224514
72806360,413.3135887041086
21856002,1090.3366013921707
42319053,381.63831715287023
99630613,93.68459528776513
61255494,147.58362046260166
76945971,167.13856229783892
40393163,143.14855488276856
81941837,362.7143729331169
45930551,798.9095221889611
24573538,76.4037123516363
52994547,113.74376887052743
28445231,643.1729423088531
45643109,582.8472536722222
75887247,218.2815053842042
46367713,81.22524849255281
12575157,93.41655943363642
85076068,464.82400703151313
84603623,1279.9696599482759
45514815,148.3077283553505
52278951,1586.8972079591683
50360032,645.7042602775166
52896193,159.68863121836947
91847198,397.61632927099527
25179521,226.47323840928243
92545328,110.78781466980003
75231573,103.94101874142163
37926120,565.0926245533445
51096687,211.7615200727664
62646217,161.5170599603679
62619222,1064.9362085624698
39457866,52.70339988428708
47130686,116.3372124399483
78763249,386.5574851202956
69618147,366.36669792500055
64127746,310.8466075042619
56593004,246.2976070017194
97403924,495.0795553788999
73948550,666.9744921638968
11236514,385.151429934323
54389520,154.65191729711105
76068841,376.2236496963556
59631248,581.9040116474896
34575405,133.61154353922527
91359645,68.36572495006386
14542871,80.75344864209566
37836409,281.33906415705894
99958710,163.46921965892685
50329848,684.4392304960464
55825298,199.6433356480785
43158591,552.4348158824841
95022900,338.860844274147
11903900,245.9602062047325
59905554,118.2208910504018
33394781,216.82633191171624
85262305,187.28757751807362
18156267,413.34759865042236
77719072,233.8693190842518
72353806,1318.2707823394755
61973490,220.34913483050775
80257850,671.1027082296036
27763246,170.59672505947572
28152447,204.18229652018638
40447839,266.06507475906034
88401173,172.60759429496898
77151749,110.30454195250697
76938434,199.92017336229645
14595997,108.9960341724663
22245783,140.50877944172294
45164346,163.0979662995556
44320199,116.90860817593197
35470526,114.47125834659678
83276172,36.851629173315935
65081928,151.39631108028732
34774976,1532.7175573087386
10096416,676.6733024423287
76574726,2852.294543948441
88509347,97.33311836479321
11304650,571.5957877979305
26418453,103.46552183679714
69643263,108.17352874273377
30241547,158.14982912358326
89725513,590.016267882979
32289745,306.90408961546905
33888699,219.13910108822202
67508421,146.36125868596537
86446610,847.1182815139267
71641515,2819.6461611637
46243423,116.42491276158255
86921194,540.8676406815001
15222892,113.76159060583296
29435694,156.84082894231238
35795322,783.9040337109334
39026338,118.88457263456348
27051431,467.6917063272138
91107111,103.42230118330255
76674186,105.48816146699009
17932616,669.6623316881447
86326117,1833.871010604335
64151997,831.0419781262402
