customer_id,monthly_spend
20451981,2639.202259069359
23251656,1143.7443190607808
64082260,328.4823593627974
82505923,173.60506155364826
89981994,281.565178733797
64973937,217.81991041869102
27610278,238.29084592423658
35883083,45.00598313116202
20490020,102.48347791467101
54517670,228.58260216058179
94359232,129.97554157275516
17326886,210.76971873398656
86594167,1511.7152509366763
94873255,130.46984432684613
62944765,1272.8174187642458
95482882,208.18426275532244
76963069,2799.9809491723763
25112257,4374.6290257205565
69916855,724.8199956732858
71088357,247.4992633021471
50168897,119.40468839889672
67403679,176.0321001401345
55474643,1585.3297647747454
54852556,597.3253439284208
63667529,123.03262545942
48025998,875.516025634898
93351324,489.1718722227799
18887996,308.4368796303928
49568688,946.876307561683
92911099,358.07691055135655
11717924,109.95469648380676
62085471,371.3444707930799
78336143,165.7309618268182
13087851,533.2299185155354
33506258,659.8404128638279
61356554,112.101960215305
11967368,171.9266341919638
98374877,118.60195828709638
76845536,548.1516566826618
59313599,82.7381366879126
41041059,864.9327058794858
22292838,240.69229464189542
99892065,91.79722723880883
78345355,2602.0710636218446
85986903,167.24946755518832
27715035,203.8422514844445
66099730,821.3124638753703
75346786,100.49426209081867
22860710,129.75332735935606
65958654,150.39571566607103
82607442,152.0508471093445
43471475,135.33751767921845
36465070,1170.483005990406
21931749,106.45547194219877
66815930,-73.84830230484958
44485157,379.23702733941184
78728059,330.65642087316996
89264710,141.56100637750632
81874643,233.21518926220241
48603927,129.8443444804381
20257622,110.6732830682266
88360790,128.2767880081021
79411556,409.6936384391874
24819092,187.04013164773357
74678656,131.55539087661685
22548045,182.88387373949686
95827783,489.4663830856215
60019526,103.39068233912076
82548254,929.5508785290784
90453319,151.64528947682413
15312091,713.069123038018
34786964,132.95492333819672
46684232,414.6846242884644
84597099,135.03780198780024
98134524,870.8929825255833
18531043,303.028243553167
14953383,1049.8076690384155
80944054,353.5823399220246
34873753,269.6867505630478
95577033,100.75778248409988
50215436,164.90512937558162
95347203,272.6689708258678
58614046,372.0152360898355
40368791,303.33498468280743
23316775,1112.259903274658
23331513,187.46835555011617
40038060,201.79243935005638
22096579,223.2842733443898
24978810,325.9160309472153
65890694,206.79346595129195
47906818,1627.7579944953081
38478694,254.25462809200565
54797755,236.70823737639859
44533278,100.40248549808072
58182080,333.9599424557258
67491014,712.97423870303
45798475,73.99666453079881
41586132,279.91716244256986
22956540,463.01312440022593
25367334,1130.963853328104
70503250,117.64713054706888
58307796,69.02607671066212
59859757,416.9440396274347
47787665,173.54080460769526
69610612,249.19732603282023
66658967,1039.1941888099225
37962749,662.028108900899
87675902,348.8543120062219
61682179,373.37822148547957
78073125,342.73483161398036
73229345,165.17139649090075
43171437,1072.8538644312027
69766997,74.35908499457285
14939250,1210.6467761035728
12328281,181.02746455085622
76560997,371.46114233548275
57569914,242.56585861192744
20883894,547.4710212716495
22766188,358.46715191678913
62905121,113.66921169578691
36295477,102.79890144660892
55610529,174.85455126497897
40366302,203.70664830718678
18624954,227.58972159682736
72668820,973.0585409642665
23817472,159.08367645795477
99830054,212.68280608199257
63410560,316.22526798768456
11811963,122.9263609090978
68778133,157.74370938952822
61211015,393.8517484091373
85223112,159.86843245529673
17785980,155.52113766899774
51523712,325.4966215682444
88242319,142.9149966773011
66674532,101.49030048520059
76442132,235.02293122925855
84193848,220.09312013374665
80878809,215.72794253448706
92088473,649.747341494159
18574912,170.93810500465614
82956926,398.75198758050556
57265640,119.97131130561948
27961225,312.1833299322128
65404075,128.24752617587149
98698597,92.33571362853358
63221757,238.60780921726297
45396691,449.3804285479336
95724535,274.8601911113495
98157590,107.71517344467246
60909030,69.37841223746231
20932142,119.89416033210074
85604729,81.42221577627704
25410553,104.99226576394786
76477501,282.9056543705654
29459273,140.5420735423837
71879657,72.00890153273816
67115179,107.07171816874997
82348794,50.745507727135994
32880748,251.38350833511745
36203607,153.90798751592413
20891850,470.56741868914685
94570583,790.4559466329365
47560755,114.5431522422494
39752876,571.6904556608087
68980243,143.79252268810077
71143374,442.9603128590829
89917748,184.54856852366416
30461949,799.6892999527776
67458886,210.5695190194186
44166816,203.45822989391866
48218923,251.6414565241048
83104523,177.19012398651407
23739634,209.81511220417912
45544123,453.3897222311103
72316980,99.23026589157622
24805396,271.9358710347207
85045576,262.43593173367276
21314164,1206.0866875294096
52842656,89.70185689941395
12382139,190.06894884384323
88152347,232.70752701486424
49270171,195.93605535555255
20221404,927.0471519937887
25851974,137.1093207199403
95701680,209.32723666593307
83739665,505.4616576423068
61996348,192.92153772351892
12797236,212.8200352861566
25554853,1309.476025135498
72618187,87.22400958006641
77583489,175.63666194815826
79450582,133.4630444366642
84595636,83.69467549951666
89981949,932.4058090257143
69424476,200.831584179672
55064308,-22.95664385131129
82956266,306.4839125222726
60185159,458.428064465972
80612747,195.80791540627595
41303090,151.82574257167968
13517787,100.21424399088622
34078093,136.20399446681688
69030112,221.78772880524858
61791328,681.7287557326393
51789245,251.0373184181626
88068699,39.176989657249585
33399367,54.81449723846552
79597553,307.1766684614282
70695101,618.9051954320544
98169962,121.74721664635472
89251190,109.49257555562366
53044281,206.19750646023198
73528670,272.4215343149764
14751149,378.57414479120627
61490053,566.5928303142564
51385275,508.24894248907964
41764194,293.45041191844143
96598282,122.87628132329439
96823449,105.20904599436912
30931247,96.73204082908613
60872668,649.1779773533475
97835669,1286.9774706826583
36785828,149.59624736409438
25812131,780.1370118496134
38410800,783.0651062102846
33023072,83.99722190805096
48250594,95.19258027749333
94891015,783.378572128999
65307671,185.85669225350867
99621779,235.45114864365416
83959755,298.91455927225115
64535310,225.0496091058079
30594968,1952.347391078883
10263960,426.98380322423367
60876075,123.6636624208246
12217583,343.27529415777485
29989580,758.3106176978831
31184452,749.7764690508811
16182148,2213.3232376986953
74700470,136.74426776860764
53084609,438.49062164180907
36052930,364.76029976872275
86583512,116.9558516496102
10930793,152.00921696122344
74179918,108.8358954100484
89853445,489.61760644590845
75258370,120.27428690216844
93197004,485.58235437951674
16551408,117.6691091399695
36115326,284.86988055495175
47243451,1456.3017517931287
90773939,255.33509502865385
30735291,224.61588501758987
66891211,119.56246857775182
77142249,133.27915192350025
24530798,283.24352996974045
78204046,114.81012265522759
60230110,330.47179172917726
13017302,458.55247528456033
21044447,166.9653439129277
28976655,359.27114186603393
52214813,96.81275859098935
61575366,144.42980576165877
23125986,182.77652220659326
11614855,123.23643986929926
68090330,96.56577680212268
31241329,371.4133862458769
21561157,149.05349067156473
61917300,154.24212936441162
82147824,103.34834691098901
91513421,60.71722845478252
30753790,341.8423280747804
33700064,63.78096943865639
86773406,3690.0913157814675
41719197,232.28946409995643
67399596,127.84100528924813
37696535,122.22811632644537
15791208,1428.3840726402598
24348676,264.6607095660725
24480974,558.9960926719408
49440078,193.56327816583675
48242779,1018.7455504265763
13405947,1228.30835588728
34531671,127.69809520071257
63652222,359.5404597219362
97745210,142.9723094834616
48557187,888.9909043797911
79801016,251.90549583309425
93409518,295.8683288948414
48891463,114.34004005116772
41134793,145.90040517323067
76776302,187.6979010625895
89505130,194.42317814828118
46129267,236.407454995009
57862630,112.55491097291142
32227094,858.4689398668899
72887559,34.45594128504803
97826236,244.44575350824837
40250768,227.33124004935573
56765848,139.00647844546035
11244823,585.7976077358398
40189321,129.54040045745936
68120430,832.4472792032061
64917610,372.36003583416067
79290200,1517.932859645251
13110537,394.8825752048722
56816135,528.0073881365226
27525357,664.9585188855773
71914367,538.9868434501996
23989491,-13.371089131692495
86436168,591.8064230758472
63499286,353.4693502878308
18619374,110.96910595401567
52222614,232.2459553352325
75467866,188.55677631312707
28926111,153.14034648717166
98661834,194.5582827611674
73087852,1690.6803140046711
48887326,873.106405491042
87383314,103.43934305458896
88682579,509.20897636813413
12617324,118.34577541167437
49224165,718.8586609100814
69951588,85.37476962410783
11713703,235.0213685620125
59435002,2094.9061063329827
61153563,427.2304946995079
57206499,3073.586290734122
89140242,32.034845571970514
95100771,76.22933953619533
32638417,25.7304255693799
61625712,192.25162724239047
61250133,153.54488236492847
17952873,69.24898853925158
14513813,173.47760752716377
57500282,124.5968415199822
51340284,256.8788424283849
35897956,128.1078212746438
21856280,162.7185411534505
36786275,351.0859971556744
99178725,1084.4858199832788
48955886,220.00465079337812
51811678,267.9542292142091
81930210,177.6455948308888
49161318,386.9204072690103
24723720,616.0742700732749
14950936,245.07206016358
54638593,364.4396438715506
98115682,715.1498602734276
10533857,723.729927098682
87478097,176.3194762790772
60429975,159.49411992493427
38969729,115.18799821854213
64656132,109.56336769215673
86963086,285.1557032090269
17268859,557.3092798225157
72142121,1082.4105484069457
91574809,410.43093246850776
54272037,110.89353496465324
16058661,2186.0308185010053
74133244,1050.9491770178597
14281752,111.05482850060866
46666867,132.79869249415947
75686584,1035.6490055348952
25546684,304.09590045180386
80619174,180.99715557800207
61749604,114.65507407716673
38248391,242.66583461800806
16877088,150.99537499986025
99140321,618.2121294183128
15975231,277.29216782971554
40531945,217.8409323420646
71708672,76.12506823132625
85030779,469.08317118361674
61117487,150.61918598360162
42638536,253.45760527167775
82326061,111.2992161065043
17028661,973.8901485033396
26048783,135.65746308364157
34262255,101.79214618674384
14326462,233.59684975025513
93816989,343.31239591484115
23690395,267.4646191439362
94999262,909.0774067484424
81971277,225.79666461123838
90562416,106.64166069262428
95799765,89.05046652061127
89244724,93.10683216407227
83879641,336.2460174457779
96424387,275.56802467415673
51051501,241.4959270355462
29249441,1364.0263239843446
62893412,151.33086455728795
61417835,185.6871010502874
62755928,75.80067236563747
66501572,448.58506705814244
76084740,226.62382790144756
27624326,155.66584646917926
86757966,596.2595953391451
92455037,26.463952073544522
67852942,425.7934265383096
30696098,1419.970359891085
44792329,115.78264245866019
10390388,366.68700739555896
17826936,410.2412360764139
71880941,558.6443858757793
98184673,133.75835936313356
60002125,102.19936086189367
34664804,134.1611650122171
37594595,310.22787165125897
42980815,46.95896534215131
25819880,178.3353648453072
16484408,252.3483883953216
91766904,135.89590568602378
82866803,88.28499714803765
82424284,1099.2614686553038
72903422,187.1254583961172
11480750,206.25422318435392
96983867,126.41791277642211
41426492,222.16009214884954
24002286,331.44172130396487
18056145,74.01920427258217
72362977,141.15828883523952
15977163,342.65122736673635
51036186,150.48983931232888
34918337,372.93883456934316
20599813,122.08138687745264
19900890,1178.1300981164197
27971378,250.39115024274622
50965403,121.91713549604033
49026734,1819.707345409368
14192253,336.44943078934
76817070,210.6682890120294
41164681,261.0185080731794
94312885,112.24041302045434
38527851,221.87751496068958
88279496,1575.871265923951
15498361,491.48633655675775
17691622,105.26045133052872
43719564,2531.3775269370003
27861137,120.25519922052155
20308452,102.94784822078324
97996598,136.8521825076076
93656677,355.9917929992907
20464937,276.9991203098518
25195757,296.4395922504418
95231592,54.538354935453576
96604510,267.52629587797884
12888073,402.80906953650793
99408984,98.89874713836092
65238591,166.4944748428459
24114707,581.7557887258239
70796256,130.94877968244597
64703869,304.81173744468475
35203752,137.73427116707472
47453323,109.1516780643046
12385313,184.2423738200213
54441418,250.6408268014435
83549825,1277.3410318113915
20370209,1522.0561949920493
68357218,385.4460163217604
62743829,89.32811740207647
20331898,290.02601408969247
43934228,211.65631152148973
47620709,135.8574414945484
75355275,117.85503176989101
63446649,122.0259841282277
89051919,2969.512367440854
92954904,575.530755224769
64731800,458.59717735572906
27945685,173.57307420324733
98412215,158.36533835920756
19535502,865.2021657727188
66516822,148.14002147488765
45373292,115.3063621993586
34711249,252.61893734286895
48370651,1400.0014848870921
71354510,110.04565600244706
56728847,171.00584432535183
40004525,302.75836314319804
94648945,175.19861047314296
62756732,215.39580734815652
80428237,580.0624268627796
64878556,250.15013739039284
30597278,92.8087084452737
40357660,248.85596894178036
98010210,263.2671971415111
43275959,145.01392451837705
67938712,267.05978451863035
50506973,102.18229110469377
27421159,187.0170717042442
51123211,84.67728415972944
51887530,85.91052632169944
68372581,143.97543657877114
31184062,69.24116217882874
55543655,446.57809087930013
71805162,159.09257542384117
98612541,22.901314013078334
67235486,359.70554650619766
35490134,78.59019508064053
74647441,829.3787202422158
73962817,187.27023417245385
95192638,1077.7658412834005
96803902,1228.4836322994715
97635826,159.76407909985204
34428942,1564.2500622840375
86699979,190.2756227759822
79766437,146.91778017623986
55732878,95.26081013062905
20035702,595.44904636099
54997853,65.54154819432652
91776457,126.36661714069905
13967606,1301.227338123344
88365927,124.35706685992453
92907413,78.64751485106713
89771364,213.40894107031036
75648081,1704.1177721248707
97365061,115.3122959773084
29587137,108.65245438187381
22019813,200.03641478827643
29469529,309.54901700317265
66670735,143.75949118061493
84380411,650.4299106371051
17040729,827.1062549233527
25307807,392.155729276468
33962361,414.65487065808003
67969299,123.32989710372918
38562471,1222.3928219497177
33114742,785.8634225605823
54307298,819.9240177395681
20058700,123.51894258758416
33779532,173.91801971372328
88110162,105.67186198665426
36112292,1876.1159207705512
38475061,973.6519671524228
92644264,41.82423543871759
92355731,1741.753208998137
75478249,111.1597275219291
23875741,565.9836896265816
88793850,123.46024210149544
14142195,385.2120247543982
67422773,741.6483498791537
36705498,95.31497561178969
62072834,80.40311166311973
33337577,910.4586302526521
14298054,577.6082414831892
96998725,112.72231074016716
70579244,189.80145520136364
26844678,208.45402334561646
97441250,122.84118117778348
49239286,173.6753604856608
19469855,218.50838782654156
82552850,94.73146396403918
60170958,187.6253918814327
28237826,326.35075391832106
84208342,1137.5407844750525
28295140,172.53411704021127
38477827,193.92991615755233
54941872,376.3879172114619
15450767,56.0997389281865
93656934,166.57131388611188
54273142,58.89669921395326
63648675,189.8136130020203
31875954,135.62061917047305
60881802,189.5561359662368
17233443,982.2610049840837
28953932,321.8524559748654
64958348,1242.7839679953563
27038940,672.9420071958318
25667330,293.387212137042
89200812,136.91028716178627
63109620,401.92296432766057
34692595,153.51446450011107
45554823,92.08423064645812
50487516,325.9559887642162
37970303,743.2248932711314
20944145,245.29171189229447
54232510,115.13835376099708
58289637,573.031154179261
70295882,1229.72499789028
11855847,362.3203369452208
26640485,162.02277060682263
92806514,554.1223480003399
43703605,368.96784308285424
75507937,664.5576061288201
21361381,113.53627839256394
73615273,245.30533547381344
92437179,134.35843450952163
57813173,92.28321159470597
99373127,299.4187469482071
95805212,1275.8173403562027
61946147,412.8632079090488
24903202,136.15291343084544
88268253,590.2886432563331
45270713,552.7478379824133
67013519,468.5124396369248
64480094,209.80370469445404
18481385,956.5479455109788
69314375,302.00538284402813
58464172,125.28311790758957
57844179,278.06583039463465
65371057,218.19038174857252
22749627,96.6632794145
64747851,848.7847144739876
35545690,1042.7659563288207
91575937,209.68754012832613
11663787,28.607822646321054
59570536,132.07374931363154
53724418,1203.55155539466
78572661,97.867374753243
38544041,130.15469575572607
27091356,433.22066198426876
20013110,285.98298236498806
11862841,132.3323353651952
54926458,421.56006730687693
72702715,810.8945625691492
65477001,527.9491631317885
99407693,213.73784345254904
15192014,362.3160672937338
87232785,210.94718966433388
76412402,86.6203284702444
49393943,516.4518934059088
53853124,174.8752708457591
17486636,1786.518480488601
64895733,857.1578070901041
64938150,235.9453887898462
62321885,98.46137520521252
14616504,175.39328214705455
53996148,671.2006139130804
17209399,253.30334084410399
25102335,422.68926635152997
54515012,255.9074165601062
80596244,256.0485295912342
54217244,466.26817138051314
29133774,144.11615124833546
60727794,126.33674572154979
55160698,132.05372262954208
18231141,322.5014927941101
91091163,2707.8361599099885
52747750,119.97939643267696
97932301,119.2665457468658
77391969,2098.2021790290505
64274314,159.00655640360569
82861922,340.70273521942664
95155142,151.97927053669477
57522876,258.9909109060208
46054634,136.2225583508129
32006732,131.8462485568925
62808198,191.55179434757466
60875435,172.5317644011796
15688688,193.78647959450794
13559129,199.68831163261868
25489744,320.0023882991348
55669591,194.1332149947461
10763911,178.7867953254921
15579269,91.29499547497451
18433265,121.09158600495341
72131946,269.9081654984096
50106249,231.6438593930751
21363716,200.3924246846737
80090384,258.54350283073626
37971475,430.90996653251005
31314120,165.40532832585558
73683678,102.27870455571608
29703095,1791.4578620390726
87144591,128.57666905457273
44689207,673.7017893572763
42450190,104.20144052616834
92653218,548.4755520597735
67727493,86.21108075925837
55742747,1006.3622992691742
96941026,876.9498899314235
89824134,1179.951891833662
19822449,897.4860797017391
18676315,-180.270676353255
17316044,148.4507562961928
81559769,779.0365636584462
98912158,404.6319979538111
67772871,102.06183952399466
65921862,313.4019525954333
12636566,113.013557237625
88608909,141.54454759652015
43902318,240.65447133344682
59512038,1543.5334393541584
77976362,828.1954277767657
57092914,222.6456464154835
47412567,233.9458565455338
17145991,436.4926982556506
56270450,837.82631899603
47467383,968.0567379803903
10449714,271.8504582212219
43156511,107.25768676635694
71377851,217.90505331897597
54093810,119.49046354702931
78096026,123.50878003763755
57320154,170.37621829282662
45383520,143.32656499104613
38351707,426.7909505940683
70796190,207.3227522050975
29977177,106.62224250948167
97584339,92.23195233196736
47886559,214.6664548529011
45622137,344.8208762212321
21500277,129.63268589024548
47647928,426.2620018264287
54496344,207.7303785862937
44268785,187.67995838042114
75946241,102.04982965219601
30459191,604.1172487850616
15840319,359.70899506575574
72588739,130.15400500704217
73017157,174.7130917306565
25420365,433.10474822005034
55377863,425.63194664264444
51370964,90.67648778110159
48905468,159.25057205938003
83191846,158.07588948030636
59334183,335.73297141714113
94009638,558.6025678588928
41721760,256.90324114462345
35401283,636.4461365497237
69685525,132.039971384791
84271975,301.85371556318603
95753616,604.9842944916348
32526219,92.93672644334757
64532934,868.3881757273779
76031822,278.5493800152494
52468855,114.55365998057334
21028902,220.8883242457707
34108713,53.27568187256207
84943048,1121.809829968557
84439701,100.20187094701731
16539498,104.20810825519338
24537949,187.86413209796638
19537971,349.18094365542663
72069403,1535.0805985282989
84333546,-26.887511294638863
11868598,59.072573555017016
72165230,643.0089372887969
86606477,404.1098792353468
85432562,72.22307503052286
53853013,40.07910913049108
87319378,129.6782117137963
32466967,1072.422422956995
80519195,119.97437801825328
12289146,301.68838218810686
17893529,1038.3049249359888
76217556,1591.720773063685
27323024,285.66360540661435
86557861,714.5149794203038
37601873,208.86538062870167
43146250,672.9658894670847
51498335,1127.8794203967095
46939189,140.23085142693364
36620181,136.53235150897987
59890806,97.85669871414827
19160668,106.67870718423362
94555827,169.1575827852061
73451577,1147.7276460357077
83828090,109.92798176428084
92021594,118.23533668031769
15822386,73.40612164002266
57405310,239.58547026814898
22671359,1530.5759380201903
68101436,118.60470134425414
66910009,75.1917255671485
55778706,245.56025329355208
75120697,89.6855218313768
12885545,137.84088097682928
28604372,165.7918820410638
97297156,2638.209139865859
18964928,1185.4310911078505
61244754,1126.4803888114595
45178470,259.1315619071424
65250669,159.53333082708912
75566313,326.0264185094888
25053248,128.589365310059
71082761,222.1966902324973
25210276,323.00269838168725
39718089,1107.6535714378613
51364178,93.09722492823403
31211994,108.40022181581236
71509945,367.4412669450352
98330029,134.85941195796318
22456435,311.1851730281841
56912862,372.26045116041297
41548833,699.2506521148981
34760776,90.38233279994313
54015943,1864.2860399617925
75943554,590.2574857284422
61847706,316.4633660572643
79766441,139.585517437964
29099073,106.6231525106004
92971983,116.341041308461
77042656,2109.520603700104
41355522,126.73474833392
37905258,165.887030031366
62845536,149.61463216626527
70252689,115.39617286863408
69012389,95.93552516890142
55230723,179.28889467369495
36148733,571.1364870796839
11166306,280.8090228698403
86661349,296.96689795750353
39933083,234.1389571111239
91301497,529.6977336089312
84697954,310.1842473814233
16890490,119.75870667007564
46638869,136.59133427348576
44149767,175.54040820143908
18897403,987.8458929559571
77411533,106.63927317235041
62885631,192.76492156168447
34219564,552.3065848053399
69042251,203.20503307029833
24137005,259.3721064466842
66305720,164.18450489590046
17619455,159.16757100814172
63065642,98.42633432476055
43970026,366.86247996571245
78870428,332.35208024640355
72114631,133.07771932034487
84664219,260.7659548933446
25739422,400.71501039660365
54038039,97.4983981720009
55081531,466.5332477684993
45672847,199.71600687713317
29734641,269.727139295491
63805244,357.0810218581033
82782411,136.3924667918981
64705797,419.33196430297386
59326862,194.69876619800286
48549098,3352.7442534695992
39570097,80.29457985064438
98000370,200.9944224859647
63674921,415.6469110377036
16674336,273.08266578438503
77063987,115.73260907657462
67143015,168.76513677205423
10570033,237.71843048227916
47185088,595.0738734682571
63757190,116.91277598995508
43453041,1763.1733720099164
17890447,210.36026032102123
34735493,131.4185253828183
40580820,395.17789306573434
84776860,1307.7121828293516
34883247,204.50334647052514
75437035,90.91013625002148
63198281,568.0707123071743
33289878,1112.8422818689594
42222441,127.73682862145017
53518898,137.0283755214384
77756377,134.38637599258936
66266331,1343.6816654645102
75207542,191.26287710080288
65741993,263.6671110291459
30452290,128.92395305787355
30341625,253.49799276888604
10196118,739.8838184772453
39997400,391.1464796099295
42764498,97.05100308843826
93568775,150.27330009554
60138513,374.3989134548769
95863174,254.6308018657574
92194956,130.36820104166958
34979379,526.7028380955288
71517927,65.75880260578855
80092401,100.52283030720606
29853468,638.8384526550612
95595164,147.00726750792194
47277321,754.6711147893467
95111852,243.55259661552694
49309773,277.547763557963
52060622,187.90692691812296
18920892,373.04488138502194
95549548,272.46651135305194
28343921,181.77628903884508
24575136,276.76481296900084
51405326,322.75138832003256
88024456,995.9786771686485
61475538,1383.6797718899484
86032798,161.35011090332117
99829874,485.40033259968277
96251785,1342.1904238029979
11235918,191.04348845590903
41084979,85.11628024114724
31949326,69.63663763076863
88425482,105.50480209392586
41724063,867.1925037722226
24244868,433.30754171225533
96443454,377.4917852260307
83159015,59.06014164140891
24632345,358.1016635898624
44153806,326.86871923353874
93580629,554.4492719302059
53277959,273.69760979459636
99759183,1013.1695188333925
55252816,96.62283742422471
41285175,152.31888564255598
73261084,599.3803851722342
99347555,646.1503553746043
70567494,103.8527899059756
76764787,1349.7161415324967
14328685,143.7293747994179
66866287,190.789929320868
49679159,325.2716358949031
58671247,86.25296270593076
20236719,2046.2098085264595
34585357,178.22912215234246
45051453,220.04817087944315
51786574,213.40137597749316
79731887,208.23100580046582
54354970,684.6966384261915
77833826,761.582818484923
80242735,157.56647103769723
79336488,300.848519335979
51121070,448.8851505808222
15930057,167.33541239839496
84864986,-51.31912320370534
97820091,1527.4975902403348
76206876,179.71823507499775
34508398,945.1232349280946
15581330,781.1354382368436
24272114,924.9637316754861
45684128,315.5717162067893
53910689,135.6869993687307
89611963,30.03423360162051
19439294,205.28908096254304
44476677,1004.7551121650397
72816714,756.149318617394
74817899,118.76097548175517
24462605,145.90976633237966
62629343,585.4386371037365
60387272,145.80792804801436
60976677,185.50975628957207
25938630,199.99326449277174
89171283,171.7373722326605
23407854,620.657404656919
84390020,217.75108411234606
10131944,428.97565076473296
61185673,1075.9387895011519
76507951,1070.3407422095588
92456997,336.1502993969623
27091498,151.8549384901154
22015405,183.79348530894836
64048811,374.0945611377677
59963315,188.96521498874841
99392827,850.0433057411851
52435285,637.4613814305899
68018936,149.24091513421874
92985874,96.41549454543515
19827012,74.33759844595937
32076309,115.52835289388628
74459345,107.93589055197235
59329650,211.83426256098585
70105673,177.19257473556803
47359337,1184.1810816892907
27991858,260.7983529057277
36755663,647.7949441638744
94560591,519.8927457921571
47944050,132.11643912115136
49561372,400.68085913811024
96160989,157.8663623606033
67474261,136.01378279458692
71965824,691.9500516045567
13777105,98.4746706305036
64739771,865.1898560101666
57691432,128.70505977047273
21801740,185.20823952383697
74352185,664.1207190745346
91521650,586.0534296381866
64797772,419.2026858151712
48820263,167.25350803336323
14791909,164.48568900195332
82868024,128.6199029040946
97971853,197.84843215098402
75654232,166.87176763462102
30725718,229.05050227134086
83442812,435.68590945047845
62376431,222.46336297960437
45295601,222.1976246538947
44038407,106.00904025641714
74138589,153.96047976684767
78812422,164.32384783771414
57253455,544.862856203915
10109432,540.5278076282046
70492234,343.41593173990475
16499768,881.0807156159751
29721809,284.0953129912747
99970795,68.6157572225382
38494075,284.71483039504955
13300921,200.3601628099403
18255583,349.1996501446132
76957329,366.13252194257154
83103502,489.41146985193046
24570014,391.08562637430856
19318542,357.57328751497215
70614169,348.74396849456195
68374888,720.9688853140096
10546051,187.98988643726622
82817153,429.6903442779871
26190736,122.25644444346257
26227414,300.8311284476858
55825692,182.8459349628354
65550483,172.2643143035428
14872097,372.7303832730244
32405281,181.89915251708342
37055817,259.04194583792884
42617798,100.29472332580967
30684771,84.44663106809836
21842298,158.39803979650424
44215525,613.0690428801659
54734331,316.723483636604
77244965,153.8198417679236
31618537,134.84416703374856
10912371,136.6661652395702
25284273,163.92628791219136
63793006,405.41465648983643
40346903,385.77390609458695
14281423,367.07412255532375
10329833,574.3946552093892
58147868,755.8470474160906
62215262,493.01429706007144
11535494,250.66060240808105
55289261,196.36127579838296
93054393,204.24423261520224
15613905,833.7966908360013
52346993,63.12278930865884
31426410,61.1497320516597
11924915,111.59289542015543
83461539,844.2435997692726
68351051,772.3601038878021
23144760,1191.2615454013599
97049626,1015.9742656065579
94895031,99.10666481717917
14702382,183.28800099422298
22232789,102.32383713011754
14653500,64.883075417725
45931554,132.7875901657132
39099976,122.8333001396606
65803003,331.66206080583345
56391701,1217.1923683969326
92222330,336.8295364006709
93455198,1908.3881526153841
52410336,1926.6161411433745
82423675,489.88442191370484
25925356,387.17869499365446
88622240,126.28425151279022
37830382,122.55088102239988
97198420,214.5701994050521
21477504,207.8342811847143
84142976,1126.824711912844
96401209,122.00034625135143
18047299,137.78251589088714
25908320,521.4079160134557
69709013,139.56221448767533
63707451,87.44308030652896
68674616,155.8014369714914
41246291,115.67231902480987
93099265,103.21677661857547
44969882,130.69540568584114
94840571,87.10677295566346
24428966,345.3867794796864
73406276,213.9918189481779
74093567,90.65337644688178
55445678,125.63843259371299
56770356,128.29417509058322
20116401,78.99476802416103
23989432,201.72587672648993
77573883,2158.31719986286
30955534,133.3232691903735
46007298,179.17217138399883
60038151,118.91253942591825
16169663,874.0129220651771
40454664,35.86083542204668
62049127,130.80275353861452
19821119,153.21005752878648
56611586,257.33998991553005
55267084,126.81069590800412
55813034,2408.745531904855
23867957,92.98057007715178
90096160,167.15218396623098
32751852,578.6854566242106
21394047,801.8133417443635
80032862,79.26884880513401
22418983,161.77692312180275
52802197,137.38432789424843
48673505,156.17960895997712
14195685,110.2225445674048
22205138,209.8486143714155
96628154,425.52846647190563
44734813,131.45341607050665
55802873,497.6914814943972
41368275,139.95243903313587
67686446,466.1233043642079
97989934,106.6472595243109
65686117,129.84663667738891
45591525,95.74274277590854
14884094,97.32892972946853
60291749,491.862893802158
46418453,109.82912620144852
30133967,459.7852932374412
30307611,63.1157423275358
76539721,207.33686742933057
93325285,147.23831560426737
69825909,290.0345797571982
10220197,240.2289732650674
34178403,91.15788407993986
67327944,793.6532540361435
58361366,118.0340321788322
35080838,493.6800518969108
24415695,237.76293187812655
30354080,382.54965944781725
24117628,165.8969894117197
62628994,-300.4826671672009
51012198,677.3684297878809
68125143,822.0071877802815
94485707,102.4065909841267
40172711,200.9182598626686
17647583,194.59240934319632
94790367,106.99069196965804
18254706,94.55879507639035
65733568,131.86902389097418
58357649,99.74854492624917
42289495,221.34269411292658
15020288,82.7072939705458
31419590,640.7935516304318
37233713,75.71607790761054
26330225,480.0414571549825
73976501,440.72839288109765
90642644,550.4535347471514
63791881,222.83801219217685
40102213,1620.7346374243177
60203926,829.824342198447
36257216,202.5739550756641
24119768,708.3412338272944
30403208,859.2229275075333
39737862,717.463629549518
41150683,175.64659588537307
99351268,124.67557122252758
62692262,330.5646805688237
72711178,127.87717549464088
10083097,179.1419239219762
65370298,501.33191635220436
84388395,140.76702726175398
52114454,114.75424559707024
74646950,360.18431133468624
72720701,194.42245962753285
45732529,174.37617563917308
10509116,150.76986051581326
36154567,127.52488304093302
46124383,657.855123894111
27866730,144.09562620620738
62320931,207.680038938375
78979954,55.62867452120472
52531638,366.86497745516556
70662494,116.71764698438045
88174413,174.44039613443113
21513664,411.14982041754433
26546743,553.1930677800005
89094189,86.23754606847017
34006202,285.9648384134196
44458405,114.15555176581879
46102741,636.6110418365772
80947937,675.8742636809818
73456376,417.377235411056
27640503,480.167274029181
66469621,495.6986068328256
35504694,81.67629067800264
24815317,687.1878532335643
58171289,78.88273831469444
18612790,281.17329882875276
63428669,607.9961563131592
57949817,1491.0733929842143
72876573,300.75806155747813
96193736,215.2109192023677
57932688,293.9689914788245
61617398,625.7650249471766
57513357,214.44276317002053
46336493,204.48197237425043
56173102,221.12495200029932
22210971,226.98185882017268
27397907,76.99387746217789
94750459,408.91017165416895
23197778,170.0666098452441
62692781,118.83729985474153
94164438,244.6712858297981
19395402,994.3023148699874
94219712,242.64417568672863
33491568,83.97584723723901
67632603,184.7555081387355
19852962,367.53527353855185
73405784,780.4872526672814
88192699,291.11576899656575
29867417,115.73080845275061
84909546,762.3342806957855
52598919,1202.2879269285852
86077350,347.80691859507664
43929538,584.1218164951309
89992133,310.9317751740357
33643157,923.885552306056
40190924,133.67481909983843
97098808,283.7976336753825
87635513,865.422173135257
16478169,2814.2662527221923
79498204,294.0044853465904
62568791,1311.625378478814
36457296,63.02637486209031
29599077,270.3446595433964
22644116,271.5235522910282
69419691,590.1163098565901
21970018,127.93919097698048
31666748,277.8246553549699
84691804,555.9248790769196
19277545,401.1443944747555
78443496,233.56797187584087
92759112,114.9554733851999
49629913,977.8420118771841
14874574,178.39236685022902
61108399,95.01983832897973
53618559,743.7450988043774
46977752,105.6028058745097
87695599,396.3632004153132
68430793,206.14211221557198
11606038,41.305406324284796
52469720,350.57147415195936
91726930,156.0950250515631
14558288,96.59670744870574
98640275,92.62154749942395
82918511,305.43832177667275
32992592,205.12218349127065
36930879,137.1603081440324
73360172,195.23209492090507
22281491,214.67455094135912
33813436,94.97804392185239
49300946,429.7510982299832
56371129,289.15273136878074
83899433,94.35059789727183
25827679,1281.840281922097
16631062,108.75834717258805
86793673,322.08561249269917
99689707,131.91252002240387
69776211,133.6501998586684
55892015,208.17882391763953
19716865,-1.202020788372137
46860460,173.26390037826846
66143638,1139.2654660150893
46241046,177.9137587809672
47497471,315.73573965487464
38256243,165.20475366742502
90078699,121.62216959145238
66607961,116.98736981896842
15632043,197.4305059876673
81498334,894.1579262937149
82443801,219.89894003811722
88411591,216.59727563662398
18221799,370.49665831485316
30242976,210.1511145083965
66494245,134.21181990977803
49287510,66.34579871244814
83370642,221.7431925250168
92348451,94.76138421296446
55790147,85.76505015661772
49423398,152.82978878982388
39715763,161.14658786139873
46440335,254.87436475158086
78128236,352.22176232452324
63409672,1654.8506088456709
98873842,78.55686199407724
34782044,149.37014356949638
70391546,179.58855886617417
76956234,308.75694490364907
41544516,191.53944976156237
42550648,282.87417441911373
98465226,132.21890626493754
30886863,549.7191872167008
84535276,102.87475063179825
54301788,454.0546286287043
78637034,286.19285194950066
61387156,104.48192032028184
71715096,200.53435321446563
47859897,108.5733842455639
59800013,298.3226498716809
95293248,189.77764004964936
11553772,287.9800393431172
91107127,482.7644570993385
66825939,133.80374338403797
33598864,161.73165841179846
18818037,555.4468793054609
86800656,378.6590372623665
45209421,151.0385810315259
99712718,66.71237907770062
80320840,334.32139945242045
24591401,365.2710797480663
90294177,186.40925378724646
14404076,173.93683989426646
60829113,132.91398472133122
22529505,33.52839161024699
59566170,464.0123834330147
40149323,1411.271658160248
40382936,494.68621984132113
99300537,129.0575521672219
44631793,107.06646192125142
49450050,94.29574004546161
62395628,135.6974573556034
30879014,312.9978409897425
85524688,70.13088227127801
87381496,686.746695839053
66258576,284.61044920088784
71415255,339.81603927813813
45179604,413.46570255809047
82676573,182.65920635381448
14654038,61.37679267439664
57261303,231.58221848526836
69037727,405.22581357697226
78583522,269.33258887523516
49703078,187.73504488474217
78525136,109.96625998937321
86407509,279.45862200948585
33024193,1053.8354660122527
38535158,562.8926353763915
84179400,103.55935303115784
24680896,628.1794075255453
42024082,169.55354146442204
31137878,1104.6469188351361
92689780,130.04172045956236
93487228,533.7377781864767
27421195,196.19527989142082
27611928,159.00246897982737
25261420,1271.169869710507
46864780,168.29090112131917
51909487,374.7238353635384
37913958,305.5803299492837
74334619,612.3000083944621
24422548,223.59396822485587
58508595,536.1790451936381
25087154,110.95513666706115
76806766,328.19809867794487
27262464,166.4687334497281
73422693,332.8448111856548
58175270,174.3289603778867
76648743,497.95904663850285
36026120,448.80233648965515
87485989,430.84115367326683
88798255,298.03617390917447
85293030,1646.242500313977
87029422,179.03640662091527
72679949,152.52300785956322
25871017,22.86543347336933
61396744,115.2349210723772
63197784,1377.9845344723333
49632353,175.36332481237426
65625596,149.0841895271398
86795596,237.73782542899036
81433856,204.93420760738476
87476873,1083.5850662831385
98147948,315.3516075401448
99212421,249.85494133825708
78236394,526.2529581368257
60511137,118.35288072582568
37030090,1759.7803374445439
47227545,412.46701361768805
38980163,233.54899402800152
33290320,220.57515059008608
57735630,304.76645900277646
37888473,444.93723438524603
54251453,293.16972322607086
85556127,123.10670670123693
26903779,209.81133697895294
91692809,226.39632173423448
32446203,405.33841878667846
34350235,184.56876625005802
28532174,2003.2228929494677
59869496,120.75534641089251
37887202,75.1089119026994
54799254,159.6158225923936
44298051,1119.3488958579483
89901990,151.8273836339232
73292166,364.7154084426458
21775362,289.21985258725203
36884233,179.79866161613458
66353025,74.51244773697343
19481125,116.40033110854914
95336492,893.5233587069746
32400462,1184.2589297554684
28975228,88.93139508615397
11320585,583.8299867979779
32162156,160.4809107287355
88724326,429.32739706744434
67650053,226.01472978253508
21038175,155.4308255978862
64836379,186.5855477076728
60827779,193.78120795300924
88997264,768.4940380953065
44622902,368.90285799960606
85670106,120.62770191735544
38945693,80.94989945630982
69337730,399.3152222437497
22890345,253.9125744420393
93106331,176.64015517056447
56257607,134.87977440745618
42845025,533.9380394161815
10678470,627.6977535127877
35975743,4869.965626996469
44298756,411.61022350772555
66670226,85.37288896464199
37883517,1071.7751009520566
62831558,166.25333600472987
25294874,97.97587951827266
34601413,2011.8774503081354
61300626,395.6601007181289
63694211,263.86427296034907
70308634,334.0789549873369
92846964,176.80128496812063
32093061,668.2282350885425
68496425,343.2869587751451
36724576,271.3508208450497
18988842,85.1765708053446
44304522,114.33959951219921
91192236,126.35485171861016
27105876,155.80969183466428
89869414,89.41909294474851
45877010,124.39274323937939
24146001,352.2127376370107
23395701,289.3783380002242
38974456,420.87744336183175
57842607,272.0943177877754
51687346,253.09004022662575
99288080,456.65740162498054
58963406,213.8139379903911
29443260,821.6854620826787
62626422,1203.1736222748395
57515098,128.1595615935014
61739694,1010.122018080604
27459512,136.96655605392976
84889146,126.64940327855834
58681841,109.81839310821509
63593417,2084.081437436999
33073018,277.2466482684801
18775917,116.7076514585195
38962045,122.79145188193074
67933426,1084.591210417239
54603681,469.8283950963556
83399485,252.46597336113962
64199110,80.77807163329221
82415208,366.19735811684916
87961803,192.72381271835934
44853010,185.20114728357905
59952980,111.81726697097628
88562279,227.61839233968422
55858413,494.67958265325666
61198975,111.61735794107496
37448315,1313.0242032303925
19525923,172.7464037225195
35026025,219.46593764241175
37029910,111.8341120819803
65651564,481.8908056920776
76546746,110.6326268241224
78805012,483.16415094060454
73332787,443.0006773315723
45937289,362.34935770252724
99048249,846.5091150917773
29475704,244.35105878174755
93694996,551.5472709230365
18159173,92.68080017819605
50435273,114.91178334204741
56812269,261.57088644207204
10385151,312.2523558884339
74541267,1274.5250630218277
16719195,110.64655182066754
48754743,259.9550656778402
18188655,105.21062992053754
32063627,363.50130602579185
95749552,120.7674445239153
95191424,224.4480050826035
79363744,343.39971975080124
47169927,289.1911068006306
77108983,109.3364433007976
44823862,131.47172285303978
81122519,204.34841173424175
18168723,224.54597880562415
59737458,205.8425116204617
12477444,108.47600540339127
89609832,1606.9653068206553
50913652,166.2548616132294
42856249,114.40981130530689
62711409,219.1975389232041
67374114,177.87725341238178
26708384,221.5115942782183
57463109,277.18417428489295
64273952,56.088548975802375
56304545,100.44463134812737
82795140,229.6127873252553
14007213,101.94064598490452
54415843,103.30440530394864
54590957,235.1967910110047
67350145,214.28397410704946
74993313,161.4832364648381
62432527,337.2213387640759
33713363,136.7543183281581
80390114,113.3121463555216
12723951,141.4897090218346
71416124,333.39805039402466
72440899,252.61472746099784
60115717,289.1543070907709
26317947,136.8940933971545
35504199,413.62926748053786
30187539,380.49887014689745
55346293,242.55315978717337
90516502,418.8555657781205
72045347,110.26365456470475
79850408,122.39614070164622
20443404,1594.176674595526
84501791,161.9673148637666
73999320,119.31620861835785
98913461,73.36420056903953
37225199,112.651998448843
16193655,438.868016915678
72620298,1219.7096195797958
64188152,211.2936010352845
67784083,330.9836200314597
90552658,881.8670709305379
80748000,1042.3029005785502
38083778,834.6503724830213
65525497,122.68321781481755
19381953,149.3971710831465
65723090,704.3555445106433
76151738,699.8051978843317
48225827,412.53926313542627
27357384,132.35663250800621
72090603,382.6675586584616
13739096,181.23889313725292
42442381,271.44183139650426
57561155,455.20462432515467
35942827,150.02245792391656
89196128,424.803580276941
90585757,118.70706299247566
28123361,82.18895403569005
54892166,179.34813109362128
34399967,85.47555771318825
36429013,266.61265782977017
87308981,397.23092419147514
99529719,225.76344716526717
22093311,400.5249251992595
81263538,113.29048755222581
71338939,335.34591030997854
26758105,684.4913171810799
97028969,1761.1879867520265
64463656,176.36168538533346
56099433,158.5126088154861
85325718,211.94290099641128
44166454,248.3214174393528
36489810,146.66651270762333
33207901,184.44396873884045
27978007,121.0840072294035
81479630,222.84088329685738
51537650,366.6535672795141
45619520,149.4883881565338
38111175,344.57962960505125
52128949,1113.8909718029208
25404819,114.95304216629847
76230938,95.37783281349591
35633669,164.93444736838674
17486296,395.55173086438833
26823352,453.82820193199336
24234066,-7.424175000292188
69609466,338.79695263074234
44500625,513.1674070518534
25810885,923.5350555780241
47095933,312.53811862495974
29996746,185.93695787411207
26824387,-174.01217609294102
22560248,81.29568521511743
67043419,145.85537527214842
56128877,1007.1626735242803
78532613,62.519898317357466
63334626,185.67320350273437
41942475,1092.4129375650587
71572581,1118.463762539524
31224917,294.4128008657803
52061385,1485.2071245061368
85648776,303.79667698363465
89601046,353.4118167473488
16315474,417.44365713836885
90885644,537.4447623357751
69988016,396.88604944439516
55363982,168.04612632332137
15084841,909.6621146508141
85269120,228.57241984272946
31531393,70.06799006118608
65511292,144.3194358303772
76207920,1524.338583315205
25765261,1103.567913103295
99628783,120.867102339248
29123949,1411.008524315252
84071477,459.6525874199918
55408575,128.03788595321018
18563235,1771.3580681669155
32862824,2919.3754316213517
87247913,399.6619152112197
70811397,651.3591686418546
79135010,291.17942812024825
95532555,117.55532742584872
91619153,190.85403309412294
85185899,257.4558721373926
45503458,132.3084363256268
40572975,401.81647807510166
89004010,84.09857532534237
34562042,383.2701348677735
63463440,304.67912277829805
64460362,95.10552614991474
67250925,141.23254202097888
14939721,138.4719558336599
35310686,60.01422668285835
71187848,114.49689441490412
61524357,3587.920863326937
36782194,618.3531673758076
89842273,792.7947234169104
20614858,416.9457462279303
68048266,115.85226575313376
62462117,378.44072408568024
72115510,274.62726108234017
14057421,116.62496198649322
99878320,156.7150579841521
68934495,208.8970001663267
63897425,547.2378295893111
30823846,100.95090790607021
45856506,123.18803615583697
36318458,473.14981657753464
54709816,138.13604040034429
58956301,484.2628458577232
61193977,285.960563200828
94916864,675.5963095789775
95563649,1337.326719830447
11808364,249.06550453469737
53108582,121.34824765384273
37502181,723.8007917212184
37996385,131.68720659405164
53563779,154.23478530234019
62612706,460.7427631218944
33233317,120.0332328792369
39285196,111.09142504721459
12469660,983.3011028659486
10086272,245.48088705312676
61556619,241.64357329577945
44239580,1837.664726332538
37303458,326.83601169144083
69742763,380.9823188483529
79252407,899.1480001058796
55035288,112.34949445807648
22573833,169.64829678411286
73616028,40.40063882351181
72379751,114.80687825783843
63515051,112.71928358111865
43605274,160.6254263222111
94526159,93.85477552508418
87017405,1377.5431425886413
27785122,296.4765846246802
88986010,89.41119339850925
83705830,112.26891260610742
19294754,412.3815680820424
10016581,404.37112525179367
98337631,108.21973903514647
96284977,1127.172139195676
85120493,2874.895270359528
76912038,142.92222837714766
38273802,2010.76769425364
31373003,1099.2407909010678
16311364,850.7304767351142
81773825,117.35379812910543
85451822,119.7205449883956
83837897,192.71542616389576
79840167,327.1437802713249
10053165,207.9363295134141
66085962,162.90782611403236
74446354,2590.579219880756
71248291,453.36375514689826
13527988,1948.4428269267855
59655162,565.2675608098408
81270080,269.65243477860395
25459024,118.02642139239514
57124820,172.97392865775691
38744724,319.28452814484814
14672828,271.47385441156797
86208199,313.27993789272904
60804234,132.49953519037766
26637959,132.9955443634086
84505191,243.12796683813988
34949195,215.86623969139035
18236230,349.11940420953533
83633670,780.2619151212823
38795738,115.53891257283125
57060441,1042.2532121628246
63193750,280.9403292521657
16584196,89.02599604469536
97470867,103.72527128410017
57117308,153.23385421059362
28539736,117.35178020491881
42854708,135.47994071280385
74612987,431.2295579450118
18574187,69.64521206628126
82554201,261.7630961201781
63502035,520.5269091016214
91862663,1024.9756622824355
92211122,1422.4593001533635
31056808,534.149864740563
16943964,889.2697124956209
32863651,838.1703185475167
68176876,26.96771841584651
49131404,287.2510877892926
70277995,97.20111570628565
35494136,193.77070222290666
81234980,411.2716400093091
38613978,78.28249338480775
58078556,556.961579990379
44540392,268.3213331242906
54581831,147.76909456705192
27711464,117.44252173131426
34639609,328.146788394151
61465981,726.3353377905015
97434739,1004.4130880981523
11115465,128.55359798117595
73204702,347.9408851777372
43122014,229.9292195078172
82465915,131.7527361868012
70336402,71.33967845706869
66860305,1687.9466444558211
41500458,61.511355163589535
92919391,435.33333563607397
99618084,567.2187971080682
86909460,198.1034777319713
17337355,122.88790832703066
42353664,132.25480754186168
21765685,176.19500092111332
89088918,88.23229115969002
35899962,151.84864129414328
68684318,579.5580514778584
18484780,125.53345581555446
87388388,427.8053562355813
90094211,319.18337443409297
16804039,193.56353233527952
91010086,131.329988366854
99469868,138.77957572690195
37545302,255.71134164434156
71878464,175.9337913419726
21183040,376.27506935356996
35304073,542.8805017167899
50348670,389.3048412959437
34230931,123.80809339551284
48867425,543.938553834123
35018884,156.5447978404314
82792644,120.47832053894624
55638604,197.76519178545888
45618589,117.876432800355
94996859,543.3622621534515
59711138,529.7070674110216
20008628,121.13435004340438
74210201,902.8173001534647
71592370,799.5264849657808
91112168,732.2148591008539
86979588,140.57745332390553
77491019,131.17260838913782
82906889,119.63598866100801
47215201,515.0393422151384
74482354,183.52626749528832
85248466,122.78500964885886
48081067,257.84427043803333
15387364,758.4322473407224
49479914,461.15213558792226
67144063,2300.779502627814
21546784,129.9051573094619
33690767,419.7105926906206
33115846,213.31552208025064
61562965,152.4076400769543
39809818,86.40537544603612
68123009,385.5236571827201
51851996,2610.4998697351625
14592737,86.11654221698222
53703850,1475.564586127636
32305458,132.65173671154844
15802272,443.1610024535106
36113397,153.75930747910508
10490484,401.9210900852367
60733954,151.34020994804195
99162691,433.1291938053309
93098807,141.1589220398912
40838545,179.69277148296624
11051825,205.4344241036016
82908690,1102.4109805281362
71787511,789.5496849908427
72823966,971.8557182517233
12980060,207.4659841924721
96086415,243.00988802904087
23697274,581.066088109268
51614059,2914.6353266328806
78779574,529.5806739113349
95241308,167.16154638157732
17643222,429.04705816272343
93263316,251.2542335028094
37302631,115.23206280692398
87271886,107.54536526803767
55736876,857.6347989767941
51594702,509.8882683867785
83945766,136.54399282206518
79078313,103.48547519293919
31277810,295.7506211155246
74965419,96.9070027125407
12557472,114.59950923241625
61610958,228.39842043771657
87565891,257.31085378192984
69835471,143.31848100147897
50409416,687.6140226739146
77449547,74.87122871584809
97554546,444.57467793657867
15981479,294.3865578550019
19522006,1495.777412737748
27996044,99.79979397960355
41161764,607.100254118854
20740770,706.4790614350343
70042803,170.3108683214666
52210690,192.41578041810286
81657059,137.416230282421
67733763,272.4631877606123
19453777,587.0311178378875
76648543,112.17437763477993
38569009,446.5826354327644
24713941,140.79260838528015
89660454,122.47095873796084
85740410,449.54975857824775
86257801,817.0287109107875
86873805,250.76710769211493
33399735,410.27469666258696
37535534,436.1975688035332
27667456,4242.29480569948
61581329,150.50656786901018
51263630,328.0717738105901
52033053,125.05985414232751
90888218,180.39185752964468
12546179,208.52529495272927
83093814,273.2513986986876
46297699,151.47500792779954
97044400,480.4529686484034
31763919,114.3253696256778
16008849,166.63303192928174
51084945,174.87020492356575
59957604,392.7732043643906
18780994,117.07400365805982
87997537,210.6257234001663
45685391,123.17658673173298
44441149,590.139051804819
14178311,375.59981778202905
43522500,106.77188391126022
91025767,153.39215191044312
92328854,107.69824465345049
53582398,130.3222402608707
79088536,1055.9213299042083
46193764,144.70186547263623
84800487,157.15068029799116
58906346,170.67443783642452
16384425,86.98943430774058
31314423,165.88585899756217
78713693,432.4577213802403
59579059,74.78785410090597
51309878,387.92195597307364
18367921,391.9354848228605
17963218,1615.2106129945746
63773516,2380.8271800902016
43820904,150.0181936554996
61844633,479.777048045491
97433520,381.0599030715523
67890378,397.10170230861684
84770654,253.02442547040806
56388014,197.5354423908739
48498606,273.0152549890165
96139568,154.21803230294256
23184000,294.5605504164746
82435682,1225.359806813347
84725417,174.69960843967235
80398008,103.85037620014583
21408816,276.75267224984094
40561414,256.8238678264766
47526789,673.6206237099727
34202671,184.2252436956578
47410501,124.59231133930818
18437030,88.51419313594525
89947527,1014.1154525841978
48179652,2364.0344499348116
43574355,684.7908369970525
93441626,129.71128886736557
49833156,397.29184988398885
27436801,264.55680834014663
43212239,121.59077311933864
57781002,139.4349844736109
80452756,130.6877693008197
69547198,155.16139072758486
92282402,51.734296243538
60080700,509.2813691031842
77220496,332.20881147606707
54095090,103.02296149039938
28159066,121.44016621533757
76298460,351.7210152689806
57334293,1620.056970691281
51349452,315.91968240599107
57825954,118.80970740631386
75566691,141.2734196692255
21994482,306.36739357053034
15472109,202.72265071299708
74524636,1763.7617641637962
50954892,881.5556583611046
72834699,149.50141803508026
62999750,203.41806578083145
33123268,922.660913084408
66540114,148.08984680846427
54002928,159.83395130029828
55085304,79.63295748146143
22151066,154.1329916589608
65334729,547.3185482668117
30865724,93.91301272631122
90388666,229.99342108458805
55605064,602.321287652637
69408128,371.7716949381834
99473168,2967.961872967441
75818797,128.10733269916514
62565025,1872.974190910606
75143116,148.13245369914756
47696923,91.40007628016221
19416750,738.4598969532691
22855194,556.0099426246143
67192782,380.0043037182656
87517475,117.67917181328642
56350089,197.7002169440215
34134972,97.83604578457513
60576347,157.12920087047087
26319072,101.25862058310291
88893111,200.38372425077432
68033382,192.98340357877203
94035885,295.6910621413213
81187160,506.28910400376014
28315736,420.21448720838293
22692256,433.75364362189885
37267592,130.89645164951045
91150814,93.14276358209776
26431305,102.13787505620358
87910232,78.6363138723683
41955248,382.37538614211456
69743430,121.95563770643001
46703259,245.44589966621822
31441294,180.51820380855278
52540774,487.4401895967551
86506186,198.22176862487063
59584539,401.6077486346668
97314977,245.99051491260863
96666615,290.34332591526766
79683457,153.67288387342356
82209443,331.5317542460214
28258830,441.08638187804297
42067661,211.9628327250044
66297804,83.18422153554546
16941404,131.83259534019578
75005309,128.56554371256755
24570745,165.68371667824923
86113362,88.63856426802388
17047985,325.6738738959266
65773050,137.89755956314912
58445540,556.4037891680564
48523637,569.3775281517327
95993557,184.2625157918579
88761628,115.21138151262426
35281082,74.17632388883575
63427827,449.34523143835474
38736916,116.23085333077859
86580197,226.34938512801503
23112535,263.46769595781626
70370352,77.2339701024708
27855625,110.20753008755315
60833031,103.93382879619742
23047956,1622.7757669469484
87351286,134.30557086179726
75886001,115.2489737264146
66301086,302.88498205583494
60935733,169.7549089261134
98414359,310.2870243014934
93169508,599.3505594645233
77985316,279.5800993783245
22647726,200.63168376820042
39865459,177.19808868183435
81994206,614.5747606502521
62822262,142.3731981294166
85331429,139.25681743858505
75110630,119.66729676903265
51138756,106.54867805889188
83491442,170.18423560410002
67891583,593.2098227958359
65475315,168.61539987477386
37180335,511.9661921488438
53617145,80.99118199077618
66644091,165.04911259121914
85685863,261.04911949255086
67756317,136.91902561098323
47286828,575.5440262839358
30798257,123.91945717694746
55429056,1894.0363135215766
48423935,123.6694816069692
70215654,1791.6688248473422
84995114,230.97950332581706
34191374,215.66179279117327
94424055,300.06257592606363
35266032,164.39501079446072
10282778,79.51249470563027
74509894,56.96074541538343
62379565,147.04923855459535
69295266,293.1378997807597
19487319,150.83751699177918
80523155,1536.8752012103416
76258438,1002.945746682141
15381648,845.220677262852
76313330,153.3819418116506
67909709,384.217974672673
94172578,172.54440779860008
73730320,363.69810712750296
93164433,425.3552735421246
47160388,48.62209984414964
39990609,91.75602910015945
64566990,745.6694745230699
91126842,566.0691261263622
52824809,151.14654601335258
57254599,284.7514009342646
38718331,224.14746766709524
86095545,278.0911410936095
47117496,97.29451514886308
38398092,85.78683658404994
35904079,330.3743193836082
90919237,190.5239327823822
56102015,1924.6541853169629
71540566,471.8062293893766
10011577,806.0621816589003
84723499,803.704363832973
12437858,206.28267610845492
55600884,128.59574040060411
14903844,97.4181302808471
79656066,249.56286402381093
22833793,953.5349104991418
52725368,165.81572908041073
69338616,117.45828891956235
69512258,503.79983556784373
96249786,132.61615929348588
93289839,454.25579995887944
89525161,652.9564032811263
25602400,225.38805388266945
82687645,115.89249422717964
86466057,429.58733502826146
31039064,106.90028405555044
38126410,421.89848798997014
98941268,164.88771305923706
98887377,836.7507169767892
19069593,203.1046902590112
48991500,1085.3116752303063
81340729,149.28714459012818
17755803,141.36326602810956
28332754,-57.89885922915953
48710415,183.1998472446332
13552122,117.13663242899892
67175252,192.39444472719353
81401006,2284.2035412619757
87569420,523.2421369485612
68775804,138.91154665591552
51303767,162.49932292422582
36907350,153.7738660038534
11852044,118.52731115122685
57122012,153.22945198161733
42764646,243.28311847886843
23299341,45.50916640963096
99527596,154.62724426861064
97393585,144.13965651618116
43578412,82.47424141619298
98294611,548.2981267266798
30924809,91.42629917975269
88121507,517.5138154565376
81094653,145.8415143448361
83948197,27.901293859466886
53707208,123.72138440033396
72598207,93.78753128776549
96325015,81.56781229065231
32527392,140.45714032964233
13367283,94.56467546337932
70926441,1302.8372626997862
14507496,153.680027643455
84516945,158.62873453340976
17478153,195.77159246107402
83347951,216.24092648039178
42507501,477.9048890761392
54322410,95.64314265615397
51129418,154.99657566129255
92284337,909.2167918977774
56191305,274.8965131605761
69717201,171.73982383260693
77803958,1003.6788584609817
30868541,166.212898962652
21948362,123.55755228628546
64597726,130.46562835835644
24753315,291.34113621671105
83137150,402.616105427117
87115344,63.42584538021935
99984175,422.4771423679208
78503238,1066.4478844342916
56241324,463.7801459756664
44979606,102.04568730358665
73782771,111.73117523187166
83259646,80.14931085712121
83615385,621.7647831881392
84238097,395.5564780794204
90104229,245.97226936156125
47165230,152.52731747156838
90052115,99.21447221951416
29318397,2351.1531263253064
66821977,395.29876893490393
74914365,120.79944457265499
21821045,80.97697423060708
78077361,156.78338569444443
11290483,161.78965166390793
18150280,100.22989067762188
97190006,562.9193498074045
23716973,106.26311020387033
22402268,125.00121439885399
22495547,162.50635150967992
62732805,156.2511490895999
35149813,845.5585509469814
45074208,128.87484746604738
16930048,121.29679460283307
37034316,328.48872761623693
41257506,893.8180005719778
37119194,84.03218086906888
67834562,209.30309705466618
34524417,182.5147730707888
65917034,1718.399156738656
89187031,1248.7588201863691
38918236,321.04009496338085
15343670,1041.7918301652774
14075655,178.26337013587218
38174910,1294.984850861322
58723158,143.37326399542292
60249533,488.9404479186157
97281245,813.4506579325808
72949298,183.20938118720997
15101045,113.48156025203234
28123842,162.74173398888203
79777819,211.05247846254713
49207880,173.34696405756225
80546483,638.2466938310417
64032695,174.1665838376678
13192282,354.5844961511334
77309020,147.02205305117823
61977302,136.28115910757663
97344057,106.1344474667257
30586194,797.4465041478358
56677229,608.2960128479206
22130117,1031.0579366883476
40261245,119.54939749305599
30166032,150.19978347365964
77089984,162.43579959962105
26878900,602.6716444477082
61371436,182.54995229995816
42742062,157.24326009923024
95339974,232.4637392295952
56107946,200.8821370394694
75011328,998.6711070299455
72662754,905.1291612639253
72203106,103.3644387755266
70496852,285.0486259318944
13201993,66.35512445107352
78164844,-100.27104271762725
59342403,229.922763303013
94540895,1557.3051723175931
46539631,773.8163270105873
72239923,102.61518299763252
87927143,91.36924126591218
58112642,310.95915865554423
46348606,224.2616014026302
41028863,508.82677386194376
24368370,192.86655728177675
29933781,567.4912081493464
82791847,200.21439455374895
96015529,142.35575927288454
54561874,111.80016716341649
53184693,112.99300700826306
76671373,1155.7820845710758
63611357,276.1630512010974
80706420,282.5572173298187
55017743,220.51435795329348
80689892,113.16688403525848
84469446,344.0652091745801
23226721,300.27758503302084
85084580,85.55128259210082
80669002,191.33285846237635
65745002,397.27297213272965
89007400,370.78907352396647
29824422,418.83225081346893
35775431,597.8701420270827
14074630,861.297833820475
72325201,1052.4822651271852
23874500,820.2878043427703
37300173,188.10185768801233
33493494,632.1180662299431
30229764,425.5723735268828
43966954,462.7312757449156
27845488,338.45076575711494
37461765,1050.0407033694369
54994083,464.9765069519682
73747516,-125.95002002052956
41276058,314.410570291949
55912598,74.5642122963277
60686267,154.34438897438872
32726148,84.57706375926774
99279088,549.2479177668209
28728541,480.82972356588834
13858737,2645.700926722815
21895570,557.2501684024074
76323759,193.53553625248256
79038940,174.93133822038092
29272847,132.92644701131613
98713132,136.09812338062426
92394953,945.2169684595274
96580365,313.3653574838704
44481344,272.6646875934405
16420037,141.1935906709304
93921984,272.04597350889577
26481610,119.68718147502467
36292815,2608.9159702775673
77806189,592.7143770068662
75958945,116.88805800401866
65456150,417.23649201417044
80743824,297.1048655415669
49966934,343.08731079753335
86026791,884.6293010940404
85816309,279.72321273503627
15568874,526.0691289557052
99556884,668.0824439969015
27514144,208.90569662059153
33950340,174.84676441771774
90674412,121.26874381899164
31688776,133.2580060988215
58380703,523.1268561461438
59666638,118.30961867675849
28858647,276.08727565671256
96281488,2763.6081139456574
81757957,62.82338853012795
15387606,142.84942620564323
95978588,77.27931412628021
38876766,256.1028683694722
97177476,133.64562856938045
56304916,515.0661142260557
94447504,117.62516291219035
12858830,86.64725169121648
29325031,135.8937358182964
45137864,153.39205048123577
40574206,827.060239128717
14671172,593.5821016063114
79393183,147.21319076229275
73490914,873.908989951813
74160460,178.3055116929523
44164617,84.01874766529153
82646950,140.60047575771873
13359174,102.53995915313581
75134927,349.8343167866024
36042465,188.78827747881638
83839627,118.86390705181215
23668396,249.26902880528843
75299261,306.71823495429896
41480775,97.34609145198073
33690039,114.56402698384052
22503085,1306.3690425153081
37466667,299.02268598195224
14321282,191.2790332395625
71351933,415.04928883388106
87081502,114.27065393014438
65472553,3447.5482655456885
99213360,136.43941438758324
10832464,149.42891655993301
51819797,804.3002987290446
75955259,173.43836560832793
88647663,351.7962200944721
48629803,309.303413968813
83286245,112.32612429862537
88766577,1005.2329957702663
92941012,360.0973899702363
77129657,63.64214566637249
98212477,98.0191742185582
47578988,228.50272997001838
50209960,247.3720232347266
34219777,513.8101778016813
79439231,96.53841307294333
73635146,290.523054335662
64910994,139.91961808971865
53834693,720.0350645006625
11363592,233.74649866742968
10873772,310.87066677728825
87767702,668.2029137630993
23454749,806.6012375310398
58196808,177.60749007999033
68491285,164.86896269526116
92242279,104.73278910085365
33507598,549.433874782548
31155680,138.14262310134606
69782815,866.5559599113452
99510246,120.84337186692193
76945883,245.81456057236957
17094345,71.67522227453907
46337525,206.70453896041954
28488983,694.1192225186838
16761031,190.6848190313623
79032271,109.92592770062154
62295468,164.85862859081334
34239247,118.6833689819452
13382072,547.3220885143696
22594211,165.21203781837016
57247913,406.47900032294996
91685716,246.90569061054296
17466502,809.6889731715572
33964749,551.1359262211087
51427608,261.6326408300148
24310192,128.7597934341094
31116680,267.1301923818687
11417356,123.35922100699803
62762079,0.24051634134092326
42671255,2004.1015603096043
96926020,125.19778318592768
50275050,659.9024876776485
39760605,118.74780669743502
74898826,200.98097826776777
72916922,152.80525998561126
15943032,180.33333157522648
74582816,296.22532452932296
59875250,220.51492560492426
80790659,720.359690766553
19888418,252.6615486955649
31588130,-7.9250764783670915
66158465,142.64755105974882
18800645,127.35334362442447
64505218,116.913795426614
56056799,158.5905754654424
10374837,337.80529446549906
41300143,103.24247617923815
78621253,124.83027361685754
11141195,1.8986868333035067
33865847,508.6188864498673
90610974,476.31718316431983
98930552,1256.8507512028164
12727530,148.31674049364526
52930535,436.8222074058531
93753865,326.7599355570666
70595210,517.1192748884756
86025280,147.77079821299418
78663509,128.4724757094141
21322626,522.0281618090091
38172344,194.59688318171507
12467923,1184.6253628652876
59832255,754.5058283535053
60019461,628.4034688495839
36274445,540.770305941419
35417851,923.9163904218192
24997453,679.3883919499877
83094532,125.12156176694052
90174488,1903.4633291527643
71319002,220.80671048823447
29621396,475.13231697537145
10011880,909.396361274748
17190126,1514.7537351787207
70424510,395.19455239150346
11417531,268.39261110983335
27554957,171.5159719814548
13689480,448.2977796591608
69613512,255.89704735482138
74318773,532.803265494251
45221034,930.1299332451963
12200305,175.99058575419465
29052499,142.64569513910678
91168920,46.7841074893744
99587330,405.38259027751235
85493546,483.7672237324452
36510260,157.27223933584293
40370308,819.0538311093701
89123563,540.0526516926212
68894033,393.96116842263945
73938236,878.6113544270736
25242707,228.85590725388587
87339346,1170.1017527144247
34182148,797.3943551352021
55488547,219.45437600007628
58799207,422.47464379872
99415472,412.1179742798939
50374353,289.78499089538786
44632960,354.26215448670786
46918499,613.8122339910761
61219752,161.37249957662394
57928854,119.13559656238026
22536598,1057.9915593581525
69936903,153.05222645749905
69696012,76.03961962904434
75807455,767.3768985940047
31557332,1035.0132720129125
98503124,293.53179832958165
45347570,291.033761177947
91321804,649.4656204290038
56392111,503.0778482390024
86308272,344.7177837602075
64596791,660.6484699929016
80652734,621.6695930184247
15067372,101.99782780170575
19485124,95.90115401956331
14453004,185.46730922142257
26285533,136.49259537896532
92838656,118.43794426401548
37408293,121.25105510107595
44619550,515.4797050072629
12229798,95.94078017536738
19471907,495.0145610894172
79387412,2818.9399656719
62896852,135.72970221770944
45934349,300.9680842002327
16860511,119.23544428457907
43506983,179.63510545969984
70740306,150.99183748897076
92814410,851.2090665377692
42104710,204.84109513630688
23656647,2807.710540152082
16622582,758.0101961632835
91730318,130.89219945323651
71502047,396.0568404762804
62198081,174.87618362480862
35586426,107.05169900806396
73159054,144.47832565531115
72932579,158.31937207175702
15860553,993.1607067365387
76499202,2010.346611936517
49147306,957.9682760302417
66173222,1156.215997761026
36048465,118.23789549680167
58226162,394.0242024187963
75348253,337.9575128329623
29406516,126.97731882872077
30120831,239.69648841798102
88886135,263.3268538766607
90716300,166.55861249390355
12118186,116.87300596118529
39388114,140.23219749607824
43348151,308.5976652330072
70648988,589.7704498187992
89828759,1764.3849899493362
25774436,141.2204327934199
56166234,148.6043837968589
46207048,302.3969738262668
24260337,1921.9413067279413
43372122,224.31382543233408
99211792,352.08501778249473
72425048,337.84260264626863
58848576,668.8302431791194
69451066,99.41025365385309
46571746,650.2241309012527
35037281,118.14662895024007
85573733,803.5735027728649
85004009,183.49957796224922
98713147,167.6506514983489
99574842,393.0124471244076
56403873,237.95813562352495
79242881,197.63608565794453
58458582,90.72004784241368
68482067,220.27687375931578
16690135,128.8908091447418
15173091,2221.465097181327
61448444,448.75824991681134
69237042,136.50672845222462
85145895,359.75237748652484
22701271,144.10637807090419
39148372,92.4554627059272
94500108,474.23570041658746
68415143,837.1024409307096
40595467,284.4757366820994
53076141,205.06550987874147
73641861,650.4019962734002
48605668,103.2565363507966
69923530,135.31463323760883
49319680,389.7666374021818
45928049,128.5470047130566
73814109,220.47998482586456
61386764,1779.7252702328346
67209776,907.1287799767609
10596331,196.79393446862247
14387887,191.76744769090791
66568548,100.11683678786197
59240082,228.51156767082324
35040177,242.48684353107564
99480365,443.9889190323828
68333386,612.6086888353398
95572882,126.29032442798056
38132096,1058.0159692081343
76955826,288.80036958260314
17729676,236.93102234752828
42211142,1169.4496408918253
20158681,210.89035518228116
79393152,615.1763966657567
39911125,134.67288572329062
88836366,1302.47569728055
20409154,269.64066095585224
15026679,228.2483969110462
42131515,562.4813213528184
54650905,82.07829056637505
26838390,169.05326569458396
65068346,511.6780467551584
92979933,132.17863327604795
95452518,152.77264413574522
38822689,113.89719625269149
46355252,571.1026770133838
12444224,69.84493371587712
42979270,452.3906952566791
77573762,253.90663908204044
14826829,95.75436021697682
28709839,397.01109603539186
18829646,143.42047063418008
96568537,172.2369312985479
56829547,121.19249866171504
93979772,203.53752985735912
17626588,889.4849620824557
34011504,603.1205588243452
52636134,336.3494941810193
91687348,327.682301387504
36508418,169.51119913156964
82621948,132.88498179756346
89318730,124.92356040914726
98717167,127.72450761471586
26278873,103.94089273775843
56823412,1473.163113148184
75609163,816.5126608283049
90104725,-29.472925153604663
75874553,336.2152650158984
48469293,185.94232880174602
70313722,2922.269623174043
48269879,886.5797414961132
30338233,108.83458773777022
32779513,107.3054995873133
75548478,199.36996318463773
38561257,137.330797821109
10945373,899.6964614479486
15756944,1187.4721906153516
46940446,334.7637685081599
24659465,148.25849827297176
88948806,929.1123820534085
34164402,216.7451672006227
79477391,229.21669034291853
15537006,309.85717948616286
88911942,153.60378910195908
96378293,138.63368638118007
76422231,115.85984832938806
12309843,242.12955814589603
96239148,-198.96847444988654
86466781,181.31616134270618
49050128,92.72522911625882
14724818,1062.0261297078034
56683970,949.9338826839952
98393974,93.54891501829452
84824034,800.7028267495333
92573067,104.09049835262611
73226546,152.07214248271524
61358064,285.419539809879
59398688,1272.968241170222
14969480,337.40952417159735
80588045,174.27862597710094
95597071,162.9438798713733
54836005,192.59669444318706
23220441,485.51402370568354
59018993,511.44394098684273
68425900,178.8441839925607
96400633,133.58537896952978
32664783,780.7429862593888
37951383,271.02275026361417
42701020,148.15698383896103
23132709,302.71281187785877
36039638,1319.3826778843986
14728562,250.04988755179696
62765095,236.3082225622864
90518206,222.56676077431692
99330676,759.1093753115599
54002963,457.39399090787674
80024301,154.48818917495356
83450392,118.47617045167675
80827964,139.08966058200457
22623823,640.3256441780552
85154401,515.1962154691208
92409200,501.58240006391964
37461274,725.7098722945168
39412052,130.64142333774743
99188219,143.79197638355282
10533163,73.5299480792186
16576946,412.4209138045168
10571061,1222.2705017374747
11502784,129.60925181511325
10627022,810.1110345179555
66112731,191.62990431606175
12271580,2374.2754906959676
19300863,169.51058254937956
42301466,382.1499993710186
93227392,370.5535826800096
13989390,440.40673267711173
83189444,80.38087169420042
88982820,1483.1214079018903
86309809,1004.6076414795697
93812427,301.48703876594874
79351177,355.66592637050337
73882065,250.0392814727844
85331771,77.09729798717298
33746879,414.8996705494654
90357052,157.71796070732324
42998447,189.8909642292011
42297649,132.95805484247978
74232297,96.05586337868469
68234963,147.36616760441598
79955240,150.85926925880776
33685499,54.23058402874589
74031111,127.48131540695768
81527691,878.9945596459054
25578339,334.8174026645679
36826714,183.2726313665253
66720469,119.10299041401767
58271754,797.6205256197388
79175453,101.46110271952163
91006186,388.3048632161227
75399510,156.14241670139626
65438642,158.92957548058794
72193555,389.5566652247647
52661224,604.6127424894715
40274658,125.4379465484603
63582038,113.87351894737344
95316180,188.74315487215534
31722576,96.00241356449774
51439680,169.34417679720636
92864642,609.0614175024757
24588628,214.7642371140773
62383426,75.2671052667776
91245064,135.98246826810103
61715372,190.16395027055492
65148106,380.38158666650276
91441992,149.76048113962068
49274969,63.294089447671034
33917232,330.06619110483024
83235081,165.87327807513867
40753215,112.17595224605944
70796627,204.7658114028765
73931614,271.0670495049839
56857736,1825.5350769339461
54064504,249.40154237241657
20389019,591.0873152386912
57574601,296.8421276383876
16478279,211.85723295994035
68356151,188.5834290954159
99711808,74.95099790958982
98284968,228.85106578594804
30598390,113.98622759963847
55132880,205.91583914280147
34163532,309.8993458702958
40857770,144.6335159296681
79839486,386.5428176879986
78134573,582.5234701963036
96251286,1174.930965956526
46606815,175.3657117519778
53204628,125.13017035261379
39264189,1382.5978806557596
66917873,446.87582198798304
75228206,91.13665897866792
57466748,132.1443682346034
75500440,210.79636549374277
88152254,1662.5566683601933
88711927,112.47322396433226
71935730,337.0822032614525
11714210,700.9707693955806
99304127,411.04533806379374
79629484,153.2054745360967
64599027,745.2702122519927
71633685,679.7369063990623
14342958,335.82989758829854
27958253,118.8946353687456
61174518,72.66908289831987
74916891,208.90453413099243
72753968,372.20135338356476
36262662,123.27868841167565
60917615,102.44702000554935
99306721,340.73153034538205
53075886,325.555908376991
73928511,140.43628988203665
19965325,193.47736043888284
54826574,1096.2936465723965
64209168,330.6535499834523
34147586,340.57485770887166
98269123,318.65442276904434
97467622,396.78378971610397
85814087,127.91737771341413
72333580,870.2823089415351
30873738,270.2970632262871
10331403,205.24715898269915
35344119,64.95669496879636
35769080,152.6181835901329
21575135,73.71961223565035
75304823,782.782586827748
23401574,143.14936675852906
83090193,141.2679809602479
86996430,192.21586203236774
99751646,550.6639617817586
23591049,113.17267225438776
81709576,544.4385029710427
82444468,134.4406007566235
38288153,3230.2597217823095
87446209,219.93329362511196
12079734,396.1744758054141
25058080,79.00287912030429
89691662,242.38925725645618
13150938,149.75221182928237
36020495,38.426941672599455
54923182,348.01676744001406
28841079,48.41394565439653
41392965,150.7370639852964
17119564,69.958099892257
57430704,842.5517639007352
36272284,792.4369808218481
91925114,172.003429666019
74412922,1110.6237959124765
65743046,530.0441244311975
48653211,584.9476008597619
36332370,393.55394226325285
85424579,118.51940706958092
95090269,200.21132040816525
95971802,124.63470111325314
86256336,548.3417068557038
31156844,501.66559608129995
37688219,272.6219205009041
82437324,119.90186204706765
21950676,266.4776942428964
54094553,95.82683790757174
74374536,563.7439113524558
61738687,228.57832984936474
19277250,137.58600740111902
84311990,154.33519301036208
94274494,110.7092862620074
89122239,2424.900564582797
97119289,789.6394216013033
29959537,76.94138832393239
22777840,1399.0347063243944
39391011,127.27941674977617
15127918,343.6811829125433
47251761,1546.0759936043303
20023773,109.50043218234286
96682736,118.19931440365662
12309412,210.92870530248797
11517944,211.73795206700478
59425514,1282.0991168700446
28854961,524.941339540351
63750719,2043.1666093807744
69531684,529.2328888147327
73516640,139.89092738898725
92500346,768.9983703839106
66124065,113.47702872768798
28886163,583.4639505649271
19680706,191.47595596143162
83673598,943.635181213843
85519237,114.22349076878713
37110854,454.5131903405985
96010780,756.907570882343
51391268,451.8899887305307
17655078,404.06672034765865
26863121,368.35783040568754
30839269,90.14678565871301
22418770,163.74920500923463
88029081,536.2521076024539
27689636,107.81616720251611
58431423,811.9612009262287
43802347,378.7896872829037
83961382,280.87409832953375
27938336,165.51000429544413
35978100,132.68118142523736
89319775,1611.511828356038
30362974,156.5567564319436
93105032,1524.5493766200823
20314268,119.39071949767305
34550012,357.98261452503266
28077484,406.4923677569947
64656384,212.70715631261243
48022436,95.03093047816876
40507726,853.242883443876
10314144,713.7421907694145
81012787,128.92503393927404
45672873,237.8452362161643
25759428,167.23772947103214
13512722,283.85544598526974
96070498,105.4199429233636
21352279,397.92348509283494
54205490,591.8070054285818
44645119,153.33021511148627
37332321,142.42518243202622
54601842,564.449416875665
60801709,166.0574562383743
28903523,151.56991962932926
79159760,180.15895100450672
20416757,156.22498086473135
38432201,179.242540277658
60739859,67.56505203559168
89931987,213.89388577874374
60999736,135.14525127147576
43182602,58.93731848737272
89739478,174.31680555412797
50450523,67.7809062002222
73950928,296.4280514992705
12330781,123.33905148517886
50236542,168.27527927890853
34912503,169.26170577772837
25536468,276.2807082820419
63776599,4.590002436417764
56389530,670.5221777146089
60881312,283.80654406268434
94656046,359.84868691507046
84143693,313.90445853958687
60768240,1242.4321745773666
60458308,91.5567951169855
53948557,469.03180002872887
11612817,126.96300746326955
71889062,110.60508502784177
77172079,1040.9595958947316
34222625,1745.193863541972
69965828,126.7903952335675
94714430,11.374761003680769
71961534,106.81535722860143
32936108,194.2445764952836
18431618,179.77401794196442
13548537,737.179608989286
86674079,1997.4144753935589
21748194,184.0819508458569
40124541,386.64825004319584
33347811,218.29987282735115
92929218,103.87398996708725
72190892,124.32505041683814
66963455,1385.2288927578143
96157867,91.2397359208213
15254705,1569.145210109885
89064766,130.07801162142792
85305349,462.7532687729602
58781934,147.45098775898794
42553797,760.1085756595236
18721533,620.6805069546099
58244383,492.3282585838527
13696896,381.1318839290891
65894339,129.06609701063212
61098619,213.07892254898348
26018756,354.7406042534313
59479424,204.34057454189153
81738781,98.92557623549641
91106215,677.8122080093273
71223563,330.4094620495238
95945745,478.5048811642326
91424061,197.434395885817
67135880,231.644714701345
15528553,693.0998221752351
33657705,145.7474294480605
62553289,159.389567530297
60993054,134.21714685818444
42800613,506.0186495654977
17769800,369.0337996293123
21401202,178.07348473656918
52155473,269.52491747635423
93304650,455.5281182345872
51407728,16.130942163585967
89543732,338.07991500867706
43419947,50.65950891990595
41488699,119.44022440337699
60974422,114.66608143702898
65352047,381.98843228543274
37012905,272.89478988608863
14787203,184.38199578980877
29417973,165.11231141686594
19835446,717.2063003615208
43255500,1162.6773290938202
28812691,180.7449130584589
18722953,125.3006095977307
93227004,533.1030518026301
35371569,1643.4874967246776
12076594,93.49440342887958
17330331,98.64506899499747
70946197,147.8994911078367
44132847,90.1306416731109
77445263,102.2540095820879
56880921,2564.074330168637
11480304,222.1741034334409
44407005,1175.1837396535154
57603851,194.59584357508237
36951093,127.22568483936682
18651476,209.89837538606244
28758403,1354.601271547463
29842235,8.23212093273179
80915194,133.3656894960522
87361082,144.43570144395298
67711479,525.5695671621214
96493355,79.9501336226642
60783295,1381.0405013070663
56178874,131.03538059125535
36921713,889.1585124555297
48581624,142.30082510955327
75576141,407.38107932573564
20755403,221.60856347290954
52097748,129.04896784864877
30927924,178.47356761410245
52924618,280.7881508131211
23083091,89.15857585489496
10593933,403.0043323781857
14984647,96.70918451448004
50764768,851.9057482248126
42909851,47.51698793217636
47962891,96.22441854866344
24155862,328.3299157303128
96222874,651.3750584011156
76243625,233.86430677107572
83785580,447.1132858611026
68046684,237.6229864262915
35026518,444.3332116671613
21144795,190.26768085426073
42304823,308.58699049235463
32449171,96.23189702870305
67804951,489.7950162510907
80988109,365.6332710893668
31562948,538.1868161148863
80571715,297.3910530340098
91879270,160.48229380677515
80331872,87.02378025535333
39788137,648.5977507167898
78186126,251.47014920096555
34300076,82.17451638584863
70710711,149.84570238480407
19520201,100.21302293269477
75968232,351.985718783051
62441830,491.51125044028873
87704160,181.4430936933997
38039509,323.8439957093196
87299257,189.19497510483853
34604480,305.1538965600338
93559487,505.8947798470352
35225951,209.85686887426317
80500038,128.5574111398729
88587318,742.5128726070478
72460444,107.74394643678764
28502361,187.01055823197046
91781888,584.4975997505294
83528344,2400.434224894771
15266445,200.10473318947072
83532377,489.35379164148793
74780110,203.33616866768386
88664511,95.0275391815555
81767501,260.4652642373991
41015579,110.87576873775984
19338404,198.28123744213354
14667759,708.4005321497533
66260119,1785.3168541552839
20542479,1397.2602235796076
54097170,103.1500850412123
35669653,154.92009994266758
94127563,89.53722107255811
81488029,123.06977809756174
93329952,697.9010610869761
57217043,117.23926818052458
65522547,481.5246920250789
73695068,124.12819279674264
13539769,295.2226922809997
44056017,387.90584052062616
46617581,49.657453977153544
68464888,115.40327847451556
45303083,547.5232997890978
86984156,76.56273065013178
56630529,215.16905717035937
78254395,108.18985993059567
30913049,301.5929277199039
82688614,72.11358750309007
88893045,169.07557244388602
94639808,402.2362885867841
52742143,815.895043796987
64260968,866.0744126402043
76546956,121.27260927808199
83523035,933.6397852183519
11013053,1209.0852656352506
44130994,177.0752979741741
53796074,584.106169398108
35498168,569.8370635369891
63562445,139.22973382018003
42365113,172.2369825009461
54613679,142.41522717606767
69835682,93.8345968956785
40747675,116.12756504862382
37071709,378.9269745819046
11644754,1699.781810106891
29456046,381.0643394745194
63575365,105.66705994742554
62030210,147.4731463242152
84640048,117.13945881261589
61377846,496.62744478431966
72441550,1380.4303826565836
11270022,377.0250459768204
70261792,84.76285859824773
52404988,578.9283513979464
84003906,634.0719040058917
31204633,453.4947970306984
75242666,477.28835941985227
49434528,135.98532047481146
42863318,183.97495054446554
47571305,425.07983337311305
66490879,170.1638428775995
82396141,184.8485411132875
96803616,307.7541247642467
10584088,433.21407916875756
41994657,130.90186955716698
87186973,98.49676247954339
71213873,83.31187938292184
49764305,69.21574210146697
43725149,448.42033518125766
83812129,185.7607217176933
63290164,152.17440770455084
79318573,444.06854026106936
10844028,89.9695630803947
19798231,1465.7054615029163
97056407,78.33247810804647
32215003,380.5732755636538
94765090,234.01098635834944
47235057,352.5178068113024
94429036,234.35214155696346
19267342,123.86054641033648
79884507,2751.311512906172
68548734,158.0442854555012
64679483,53.68448478734989
99761027,264.8969856692708
77538039,762.080407336977
28035639,168.59946853136097
66579510,155.7119852652877
50333547,118.10437088716886
30957545,98.21648235920823
87343589,439.5861059785722
45470859,86.70253489547369
57383256,373.9484508748143
62753404,110.4824084247648
65906932,1868.6295504015195
54060112,1758.5756029671843
88317327,358.84984772327863
46875481,1167.622464638105
86614127,665.4776353617209
91675434,389.4350283328032
83895227,764.1327878871484
86365373,163.8621100641638
19948626,30.315687801100704
79630167,75.11798022254017
89106944,101.57778877981072
46083057,129.90774307352805
96150610,122.83480167064847
35015883,109.14844945571396
69747407,111.38448780853211
55538576,1865.3794041178676
97411049,114.42174034393696
11519556,229.42018462002633
81677533,125.40852816213952
60065328,223.28712251438102
91824420,374.3745021469948
72549395,68.70984137022745
75208950,286.1555521419182
54258616,202.96337548520643
28371507,282.29182397206057
33800661,768.6360597245027
94718676,481.9564584262353
98426094,115.12948614941357
41019343,299.6805521793247
55953203,439.4793607728555
97258831,156.25215281639402
12406914,90.80508454586365
54260975,104.13148788919946
17839314,325.26865405041394
59228162,127.89514105540985
53104947,522.5532364132048
13405871,1110.1327869933857
30540873,188.37233516288538
10681459,265.233631804596
88488173,115.83149236958428
11138134,592.5921309217159
55965946,492.08425936833413
21024415,305.39653348497995
98633407,591.2447926908105
17665044,250.356291666295
52365929,99.35427671786957
45919010,108.65401700897462
29159751,201.86861466826127
25938815,87.30314480779944
31864619,174.42925326518466
84907440,1278.4233653040387
55408023,108.35475680946648
97513676,428.1594776475276
71808636,273.1731968742579
37329985,1183.4377858177686
66719590,217.50352516535273
19832352,809.7841999075877
63673893,1039.564004419737
54185196,194.21808116116364
66171184,375.510787770049
15702584,225.73195924856384
26362681,1909.9764029074427
15300602,218.79794045515075
54091216,378.3667184402015
41649165,166.3650495356779
17221791,147.09177726435374
60925601,184.18902118403616
98579259,126.66053786190986
84327985,499.4564961468739
42373455,142.38658860221233
51759034,506.6358762843122
57369993,598.2342090567433
86174456,208.73309151347866
40095064,129.8814662420312
36904267,656.4494829673862
95653857,88.19720878551753
91047161,130.89110601681057
24858933,138.8831537604474
43668504,153.0484520883943
64688863,159.55161315403407
19394328,1120.5218376484975
90928544,148.48102257386014
54501975,109.78077474643726
55816692,104.28268715786106
54235055,87.79392533491605
54802075,408.8796401637417
44582261,93.52017955567868
30580440,126.07605582429646
53586985,36.263486297535394
45293131,149.92516838439803
61623792,95.12852916883917
12664255,298.7681479545456
99282552,35.81965340598314
57422029,196.6249324632526
95049365,94.35398567673747
44630924,236.053642380445
59932513,241.94228661217923
79864196,348.746357318396
38025450,331.83844968461744
43187524,117.18164128085586
85710350,175.369788028642
39439329,205.11855272430606
11767243,514.6331700865644
40729807,386.7221147269875
95837440,81.83408761365645
62785546,85.76116126394959
18032525,1202.731746626556
78515248,749.6322534015642
64000264,284.68583304354553
70932637,1403.9607414054535
56631286,1112.0443813686932
82611641,578.5216565418663
14610215,71.48918943872681
65282606,145.0151714056319
31080502,306.84663624882586
66137109,558.1746617663941
55286917,227.940230933626
19462876,342.2966340043311
37235871,862.6433823664546
53584009,42.436842416074896
99377565,470.3778890478316
82994298,222.05188409524848
64250472,105.98759918169958
61269314,448.4882332776494
26299312,284.9081809772912
97300018,915.8526206346125
74523665,417.8516860616173
19970243,1138.4069190487414
14406104,259.7834610764551
87865772,471.862919613765
12224440,132.19125919176554
62628011,112.42448482282911
30735313,345.93117860318364
12214322,142.1735464301523
80943078,382.4970400181951
89421265,1034.7052775480022
72762674,80.32544400324491
55920835,58.5122822330808
95456446,810.1226904481966
96630600,247.60764095454928
20077759,234.5546412638961
77066065,126.8214571211742
47856776,602.8300158735109
31685937,378.16812496356397
41522098,598.5452529876393
30032101,108.90990974026113
91606427,177.4266656650525
22900349,181.9207523171157
43552678,312.8051521462972
38881909,246.88755462597447
77508029,1009.1226718326847
95128506,101.94412286402734
64627729,181.05446932650202
56744301,135.63731944869522
59338251,410.9223564042518
19662574,187.42606346171522
92971829,170.05298898547323
18409584,952.3772495604911
71760159,115.39983447860568
43660858,427.8494853452127
77997629,117.22308896985913
33928732,288.9016906176863
68629875,891.8401159394308
48480450,312.96858325082343
54283664,300.02494648718914
65942293,379.63011016706395
95573502,1209.4637263457464
45086632,110.80381209396309
23012000,181.80150134346593
45395839,473.4896207946205
15432712,486.8340692057189
72298046,451.810838598438
84408769,121.81962669580216
25246226,171.88903812302166
20056705,69.764901911444
67856036,373.0555405106649
56138985,127.79492102690281
89984541,87.983616458199
34860961,793.6472765076408
55067089,225.9919686356711
63717753,370.316305347585
89165138,177.79423653886374
22336894,142.2419830834156
23089519,191.65842027312675
74572156,235.15377811614167
96120368,1634.990645639084
70734227,1598.0331907650982
43842124,240.25784869544438
98567604,463.4532521617495
54538757,95.802328101058
40105171,461.64904062874433
12135438,397.1387731960831
73738446,39.60815323768052
62385208,258.79739953993027
56062641,227.23850562161294
60234485,212.53157235125738
37490148,452.3158100532447
73644773,229.9569701501862
25147876,297.31945171065775
98738159,100.048053740945
36202424,163.29913435822365
90053455,971.4257322353121
34861961,103.01818177048811
40235987,120.52298426787486
25289802,189.24795322964135
72831408,1272.373806557777
62725172,410.45635500401835
20547868,456.5774974023896
43821417,349.6816984480639
39911650,314.8979699134651
76282034,89.48003240129641
93532589,238.1626272904327
71389546,591.2148008426813
26491098,130.5354657384284
63364173,767.4573510041356
74256814,174.38611460734228
35509595,80.9986831611374
18139863,295.5592303439137
68577776,1124.1837776535585
29522715,311.55455082662667
77706518,312.68391156706184
14006179,394.60432887662085
92579248,169.76213805482405
59229974,145.31311042703965
62295609,533.6225217677581
84259414,274.1720985617207
47815936,182.98110598796939
81563963,2173.857618580424
13005852,189.47403545300412
62738558,91.069837976849
57070759,31.26546331749362
99600292,147.65096153505613
94306787,340.5820689095853
95225104,187.78085194341904
55330216,63.70294554502831
36532262,104.30468293389991
46565446,702.9673531190156
49087723,231.78499918468242
59534453,394.87716383865956
48055811,178.47711447301197
88400730,169.60478174754536
99040799,1581.7698933955833
54783545,94.78302774117608
51521420,170.9527006360939
62125112,424.56076894065154
41533842,118.54685902962139
37548888,131.37580556156294
15800993,602.0792223435493
72777210,1210.869587689009
27213732,901.104594103771
86541928,224.9113506128183
24899277,107.78069487071492
87153365,144.6832641254789
29377093,199.05009354598693
17126249,700.1165590800654
83735200,109.19507742490501
75294081,1990.527474302166
50305812,78.30869520266185
80598326,82.0790659645817
73085224,298.5528271633327
36011967,158.3204996375959
27344122,424.7391493432354
65167661,2063.849808606583
22697886,990.0409739817446
79772982,149.37544523795555
75656583,173.84437278969762
28706133,141.0300435189014
94307664,2021.5753278606778
79181014,130.23506605411742
64940514,1095.316430692688
42076518,337.73132037181625
38290514,223.99948459614163
12647465,926.8263363190417
51615379,730.5409678115802
58583551,129.0959382772864
89324282,281.8576350661136
53391853,67.03855487543437
22488467,2669.32698891051
77912827,808.6621433999686
92699296,1651.848194032576
98391080,199.04144018939897
25085429,215.1449424943233
58232338,773.8269665277286
40856740,932.5422770008487
86463099,533.8319297356355
30661871,223.50247558244715
43294411,390.02981129191176
95379944,117.18605364189418
10473693,127.46497818479186
60542399,836.868245058736
52521598,125.61282821987257
78214020,336.98469637882295
42119756,95.26886380806974
74645008,445.0611531861209
68736704,1763.4810417259926
13851365,132.40248967549488
10956933,1295.1809685165763
76588396,318.02257270370256
48664414,736.9894394373911
75409758,127.97187894135655
60867152,276.27118934380644
49408128,874.7202824934889
32398201,303.57155014371284
33820657,114.41030949886317
99096183,1562.5367719304245
71729207,51.8669330759646
13424233,92.20001205567276
69313487,379.77433198013483
51427900,146.0885485249284
20461232,1440.6766602086025
63893951,182.21520866106303
93871936,195.6056913512228
63699477,107.17445051840787
96362629,455.1272818144615
53928117,275.5662813892854
41164553,183.09186178471745
36908648,201.35113654864818
29666927,154.88566318177317
11938394,539.6008806116788
52496134,99.7049937181705
32481667,100.12074348036145
61487441,671.8202378828028
78992007,1131.1854804225827
52895411,161.52925274007634
58726779,150.03007156221358
20458217,327.3700504180817
60265538,220.17920197288151
48479448,153.25205724036948
72404425,296.16150746302833
91400370,245.3252202213871
56260955,119.02616419904979
65491665,26.156427099966375
11663385,68.79444019909263
18615500,1349.5830032787208
87935522,98.53235108787004
58889457,107.16519641779476
19169471,410.11526729879307
66133962,415.8552306297397
66731452,638.2113820749316
39410896,114.37668749793153
54940054,196.31060623777873
10662394,1236.3532605704806
80972130,171.49243528985525
45235634,1219.7730406387636
32971413,353.4084185457174
79283360,223.52072394691936
67055260,305.2640575397541
56118755,150.67604840218678
29230461,1436.416513633395
37178907,379.9359475763051
80400106,172.6037885018968
67091284,460.9084367538758
54160936,2613.7775492644178
26849200,121.2381149997284
49585462,414.7135513393459
29429374,103.02917378654777
95616903,3557.9091127428032
40605040,134.778034449946
77364221,187.1621399476689
63366619,297.39017616756627
82932107,210.3516470830116
11504000,141.96964158751715
66338948,354.3635501425898
17704772,417.6489088687846
70406271,140.0437316063373
78457345,1811.8937527390528
47160363,151.68834576067854
76792443,343.2164292107694
76133904,155.7828972726663
30534387,136.6548687707765
27949452,295.4370412911886
98920505,244.5161947263329
79101538,-210.80077949012667
41201623,140.5419143038289
16952322,284.81954451990185
97020909,363.8444730865728
76043497,296.5208259888598
34495964,273.28617005460626
68971691,185.47787920037217
68553106,194.17005155558024
90311747,189.6172751443046
89361909,94.11582846658098
20406930,249.2907719897233
38933836,332.35137198575967
38377549,190.78573884507108
23346090,204.51008157001425
12625694,354.96792089625023
57311677,299.42352777047273
53924641,126.69349932449018
36865701,733.6947413535305
22626294,207.6484757003305
94697405,39.20872051959265
89675917,195.33943679208485
28055737,120.69493136008252
17371555,486.5475947670217
31452123,244.4075421984615
39910354,68.11318119470342
16661684,72.26866650531628
11696365,349.15850701670746
13890760,138.13641643391406
23308655,108.43903541144714
58265470,75.73568325753206
23915393,110.23846447489916
47202387,2167.388817223063
63170132,209.25741610525216
85663208,388.87702654581005
11731667,84.43136853581005
96387342,411.8264577638114
56912577,1770.02287289335
96546739,214.93030615602632
56118135,110.56306192885934
65848480,139.0235351518007
29524312,156.70502805526033
61207733,1612.1019204585068
95068416,105.89474059190256
93730714,125.61820638265478
58209441,123.96897670705707
77468100,224.39489880115985
94556768,403.77927191326984
66214153,161.2990998878203
63178801,408.5657759749894
47025809,701.292819382496
17223815,286.61414912758255
26808769,313.2375224759802
25114626,260.2404698940584
33184251,267.99337314609625
38562723,290.92674303592855
19383477,155.81116663450717
81390291,168.10950545958218
20998216,518.9857367623018
95233875,449.5126527725189
36756234,504.8160910839742
80596646,416.56983773539093
92304937,465.5829803516952
37613954,293.1058842080373
58590718,141.50764389619775
53992915,152.60434192807844
54005253,173.93359061015994
68781482,61.98842358747818
70720914,114.41098471169701
29283338,424.5501098887196
71373910,109.99540130037325
82737999,113.63145487389662
38789318,94.68791049397369
50526394,561.0563158490817
24047944,138.279412121046
56710540,96.25588218758062
18038779,349.4406576325855
87817642,514.2832895033049
54364617,2326.551229783665
49277751,141.4462273014302
50647092,135.2615894206401
74938295,606.4001248511764
94151619,416.8420158249959
14146499,474.3621941391431
44114070,229.2519938949332
71013634,93.54697615964471
92727921,120.72057942857134
23408005,259.601110392485
55353418,151.60142221943298
42627732,2132.2363962195636
52380113,1084.2237544885666
76380932,1077.49077006706
85051446,384.55253750560337
13441812,622.3968632256186
75634466,258.12371871527404
77418032,98.98528335423914
26069913,447.1688574994458
56951161,784.3598679766017
65568116,153.80899388105559
61527594,296.00835686203965
17428821,213.15418943361522
23710142,614.9708768095682
95218141,161.98487932584578
64929695,157.89155091413525
16991389,278.44294141699635
28240625,1636.4222783159175
27547150,984.0370672116587
66381811,182.7087928838772
33749942,95.86803957712499
35190059,293.53478465859604
63026525,430.8119766694721
52393671,268.4271632030986
32813270,303.91258129767687
49072955,95.86831462116818
39300176,312.07745776048614
46915044,220.55143235619255
59260240,147.00395161556386
12697027,181.12058408930042
52828733,198.01249341203092
73335938,369.2641902289725
55961268,109.35286941019385
13325471,153.6735867836062
29398613,153.15869421718045
27052291,80.3296506717476
15955952,976.527292267101
23271818,1202.3647998257443
99724134,1943.0233455397688
24071058,180.5652573602475
31560904,181.05006537399467
65419988,143.5805876573518
15085530,258.53990089046266
19942722,1079.5421831001254
13275930,327.4063980785784
22982323,921.3848373146807
36522599,197.16355547841624
82021909,1475.5220123884037
68645790,481.57912280005
54788650,87.18076389451649
42678082,870.5529773631796
60925510,110.34783317512195
88286089,121.29884233289565
58263484,52.704635650223985
65619117,174.4946406215004
38104250,157.12476262707165
13756583,488.3103518846724
60053914,397.38204763365223
64871810,281.60616360262344
58457956,330.7943326384228
46159970,110.20751697224172
68250229,153.43343250950042
47390028,870.682871434813
32969075,382.35351456217126
53581810,258.6100269792748
79530731,1504.7564591127918
24487509,498.75338411064126
69933962,125.23732354758522
65663302,728.8950556445488
12423653,160.83666172085304
58871872,181.6307090172725
58171151,200.1512151585644
30617224,493.2469659801365
69106909,162.88025255361887
13212070,600.1940427677686
68351771,177.77757847219124
87624917,95.33026382263638
11970895,221.0490311164096
44431758,2141.9907213785364
16633955,436.11005825501525
42590404,216.82331000162532
86953915,941.1346381117042
15250738,329.7749213799597
44832140,166.46060450164862
73698594,454.3119861938577
42128660,178.39455047991578
79549553,168.0989806845482
71619272,103.52932329175215
42016649,1504.40775687727
61877206,187.00122491644717
56572912,185.83593158181694
71598751,460.18763876255457
34544077,541.3512460410119
28672236,1490.6863874056778
68689312,173.73433330067743
20267244,53.06799332803811
68781454,1612.8299098870632
27270801,129.83426991494613
37219515,335.3192521180044
12011866,76.48789354138589
98392715,121.60883223881677
87201351,630.9792909876821
14908777,1053.6288702075717
34723195,169.28359936405627
27339925,201.4966801098419
65420496,106.27657528403707
40933008,109.51612351218041
47440503,173.39790532981291
94970875,120.5187847384264
91029594,851.9578441853733
65336637,130.93151326165477
82023374,252.1719338088349
11380763,21.307626634647313
99699540,121.83355950282106
52649545,116.28725652697632
46299510,160.20200373893135
71452565,1094.1768994946358
67641699,209.85852845887527
12714684,343.98091273234127
60016742,158.0713200360475
53641525,832.9410799653807
43542290,121.3651316173741
32126954,796.2817193610985
38213318,275.5742072413178
19971849,392.1858030646916
69256669,529.9092880253829
23756854,113.540585638166
62908704,166.20275222245277
32399173,210.0806931086578
39238887,1058.5176598335674
94428578,274.45304954180716
52458139,190.7133326522379
80574227,129.51127894805617
90487261,62.364701218754824
31852005,242.0584580318484
24086418,468.61173092801465
82209864,171.0623941292262
29014855,67.77215155721467
56782601,126.71918612126318
24702075,166.57277793414497
74660449,172.09393166274054
40117654,132.3672293865107
60385260,1636.6827494280828
35958980,788.6607116753165
69458629,196.99151114624655
92886159,347.7277167826628
97734269,113.05127415560224
19053695,341.5082716084477
22371112,294.2195183656377
49183639,1603.9326090318173
53526975,176.14244274802112
26290335,342.22184604424945
13359830,430.9746797311431
39340686,99.6351581803691
85521089,94.33674377242242
26704193,735.7679050151111
86626423,415.70977892621937
80675333,246.4682223226986
38369741,220.85841454881034
10428306,302.7634875661818
18197840,115.90883695240458
78586780,237.7579261287527
40311310,283.7970783701647
51507375,177.67608711525153
10857110,205.99385902326395
88736789,187.59883446168217
10823128,95.52709407302798
75933085,2116.6504294979904
87766438,151.38406144583604
64406530,145.61519391626888
33833037,613.7395742711632
51715740,227.26539929840106
59611801,84.69343280090457
74340374,1334.9371792100007
55507333,419.6146536016993
10416536,390.0495733431255
43556040,103.37483027144759
63137873,1139.9877687064936
70387789,340.34107126447515
29408506,145.36724371938502
38244388,334.775310482001
26541311,97.16480018321678
21032019,221.66856445937296
95710332,475.0366099586484
80660421,1978.60569169595
81086775,120.30713662375857
14692465,82.11606339081203
35590067,128.79879074183427
37534494,119.18025666595084
46669694,401.4575294836328
68379291,110.93919921922026
28943151,121.29731194111419
85214973,623.0556089833128
49160221,228.49608579134437
57027484,214.2581590064256
79515834,137.3244084584932
48903593,580.4101217401936
49944843,910.57424717644
15919205,581.3998031801616
89043859,713.4403428788928
22557888,457.22528940969494
45588391,1310.8692651945037
67323319,140.44072262411487
67813677,175.84485856341072
94570366,176.44600427052006
99333664,314.03380965410156
62452475,353.3833001172924
27164888,187.93659940581503
13777597,917.1570307791505
58863729,123.24668700851021
75372835,405.0216226800281
46531922,919.0150020411257
22638297,120.2148829473626
43377425,214.22713931817347
45061752,113.18353257969869
87232001,68.85920062801722
99721166,383.4468893330576
63930988,599.8206180156583
67323116,130.80918681346668
90199043,124.15937727708338
16025812,118.63515896006204
90192151,617.1418263381444
85194090,80.47514905892446
82716623,120.43147242767031
70041588,96.8870974149705
10909503,147.76284248664012
38910820,229.0970268792086
67605038,82.73480333648882
22421268,256.5674780024098
12483701,100.56516926165304
99756084,233.96726021313674
72806047,42.401101117434614
82569264,338.7346181446387
85085562,132.91260270017602
51688242,238.29361642051663
67031304,109.36587113537587
67620733,1332.0484982017206
15399183,158.55029290859923
83228475,658.8972546882034
59551778,18.944006983209114
58024179,723.4706412833563
67130514,245.6378742337233
36292117,472.9374702950215
40708056,390.98177464454176
16154757,1248.4417702669298
56077131,317.18144960259133
24589481,1448.701614703033
73507348,295.26802036721216
98283340,167.9556511584282
78682956,243.46445674185952
48031966,313.49161747539574
54069937,120.17081039081907
12509398,531.8787446237387
55254106,358.67652540021794
99797445,170.89167959702428
46298966,440.64575020205484
97439691,1111.375120011248
77392495,125.13837884336272
20307174,327.47416147434825
99295729,121.63410629861195
13479279,93.97498918694578
57906842,555.872685954742
11957267,106.4324446012291
46011088,114.18875686061989
40051988,905.16164625827
76565808,-159.87026560921555
38007540,182.7509787306548
79111798,562.3640064950513
44170417,172.28341891385284
81747003,270.930533391438
10689207,94.81839485961262
68762949,612.2756202372777
41533253,159.09692875342762
72624609,532.5802505907571
95729378,981.2119026124037
63404247,267.5330609995657
66851416,119.66201518634067
52878792,435.50637308467844
69816189,114.9064526596012
93215948,344.796687162626
82196067,134.43516321868054
65951347,108.6299816508174
28150709,1417.8021037682263
26445964,384.4635095604117
59886188,155.9252771165784
47858132,426.76654870862944
10617528,1841.9312025297215
26555436,84.19056970325755
75176293,893.5547095621397
15592659,466.2983068177921
17002563,193.70226675229497
65418918,752.5536361411055
50328250,99.45132196149355
29587649,112.91737265991814
58771361,178.89704797084582
11138502,350.1133499102642
87806628,231.63349908301885
92541302,94.7127097035846
20045193,73.60593555910123
53943287,249.24972393036384
72973012,439.1841741830958
98243897,796.0767400081182
50425980,224.5977043166112
53891279,83.2916539720145
12653293,258.9574682719879
79516817,113.16056512475552
57736550,34.33029313914361
68504332,148.52014176726234
51418176,542.8624867632518
52844688,58.37572618819393
14924228,177.9696034979051
17385055,189.84482846861516
48584675,117.97445079501095
84113591,377.02519806993786
24176804,1008.2128577691194
42578288,56.95205574809568
22976178,264.7284698345979
59427067,115.29367495011518
62214101,143.4948037422839
31095835,385.91705664646275
61084952,352.59081284215904
24538640,168.76944839645907
17397516,435.10553768925007
53588939,102.17284936366066
64801503,107.34307517417254
22306102,519.4349960857164
73464976,255.79502479612194
25265317,1136.221221049575
67321055,267.2649583234358
52652991,1578.5305483488055
77364707,248.34460314298335
28941979,388.89990350499426
74248679,1096.6627535039183
67415672,119.06085733215595
80048641,91.02772185106238
42348096,119.65697213232681
76460518,105.8133198694645
34956566,406.9924782881325
77002192,573.806061419661
88577445,697.2670337736691
38297974,259.59707877069985
97975641,1066.4615259069058
15692698,1359.5506270759313
83507949,270.7667359334776
91740530,583.1442707928766
37895673,96.07931330585407
19139820,147.36881166866533
89742287,216.8559937539429
63175133,494.4360881485101
52867973,313.7857172461395
16690451,119.57755807911379
37055011,94.10207780465363
17248647,301.03483352775424
17328412,124.45620094000805
63923102,2331.757380171337
34421040,520.7361365751266
99940233,126.65704187493249
45814646,287.2760662339952
58613984,200.38265987252882
31285738,200.15812624778272
35071743,258.6561927932042
52223959,364.13584053633747
61904367,119.62685253377464
31525138,178.61773612672556
73171290,160.53521963381536
44582195,161.9642527535201
90109527,134.58239876317816
26952082,100.05703572415251
53620380,223.08964277478177
94287883,788.411320163125
77186365,297.3725076850401
33864808,100.04881441767729
70959138,147.3207908081081
52099246,493.70174180573525
22249291,129.82565444899276
48803280,432.9145269461104
89982531,125.33065364756354
64289923,982.2072547265282
22000557,-17.633274701333175
26219747,123.91623706041729
31130738,239.79771839881485
32445244,195.9128648478208
75236281,126.11276144476871
13587715,544.3234932294612
52514750,127.67276736301727
90786271,130.09279198294982
15005065,112.66853401130753
20097518,101.48064663331782
50625868,398.7426992843076
84412981,64.00709139180792
92773944,117.82363465799271
25312123,136.84357060224968
70396417,150.18659741102763
54865863,444.5843023212447
35803808,189.79871448840157
59597265,547.3231640000015
93311848,73.22469004154549
32340446,263.2098187335487
96794801,128.30951667582346
40380864,177.93425520566933
82007689,106.83107118643314
84851707,174.1480788788142
83174692,296.7517517644508
59083400,130.54816675944147
17580169,75.21486586833848
18219500,130.46210135465583
87811781,86.42236359607274
14088369,131.36714583707533
67659430,245.82492648512957
42456496,294.6772090242304
87353322,380.48222247873684
13917344,117.9488212944802
19886405,67.16023615041009
77800166,654.6337813397497
77068569,182.0715234122398
88362858,64.33167780675107
71241476,1460.66730006894
24814654,184.10529476833145
46691706,442.43734653250743
79162545,293.94187333712307
42908985,98.2293032198005
74936566,248.45422317203438
19620916,111.81166078679924
54347722,247.44306214164325
90271799,907.0777764830866
25414359,484.54179935932484
35809369,249.18367023636276
57731323,213.15009155568993
37887687,1513.4998920773326
76623206,112.5775959240667
69954876,251.87320494540313
78180146,2237.0249956168495
90681578,50.30863130700542
41794614,122.57134454410061
83295852,189.63826892025784
31156145,163.2392705250395
62711916,309.23812097340385
74676618,140.116675011136
43248708,228.51413249962195
69180825,252.83992979889123
75624999,221.929138798395
37667208,675.8015494038508
77810578,317.006005359218
47115768,125.74983158600476
81589304,1091.4253916362331
74472711,124.34258364918786
82711188,365.41598479980445
55272778,173.61068745370792
98229885,164.52383066030683
70058028,169.3044532960275
90729377,151.72296434324025
13401279,445.4551374998667
85519612,785.7691189648165
17006769,378.60837113231304
99888523,180.64459494451557
22354297,568.5972516882408
43508583,1342.9042829134992
96795828,46.08947333161976
96608998,83.52108197432963
67452091,188.2974349870546
40571985,1522.803502439005
15232782,1683.8341614928704
86789043,223.6788476564139
14046478,128.07509780923493
45515801,83.83414882962275
26318506,1943.7304894106323
34584473,128.4222050787691
15369631,162.61495157343927
26479383,90.03866853035511
81346470,195.58973275028023
83197984,85.69907268879486
70331904,633.8815008118618
78907246,1341.7767110277628
42709019,1162.5658429200084
97184353,183.3627851431652
35589537,696.8122063715842
83942112,395.77140060499437
58293013,429.57941527977397
78567689,185.19462032640882
88610012,183.03279790402786
68628621,145.16807957170423
51584806,128.83288377405495
29419986,120.56419722901282
21476578,-57.5203591601807
77370060,143.7476032089468
33607448,1893.0919918889333
47890072,477.3651032230136
11234362,150.1850325588636
70681971,221.59651461877456
45196219,170.07490105727408
58136807,103.0669528613701
21383428,205.77003326594246
38088367,180.40351917907745
57071133,84.83838240706834
83834449,855.7061655186811
72194210,1006.419168435328
14582584,304.12108392283534
16017322,46.07676525437747
18598541,278.4967503458221
82812670,463.3661103358235
53563234,450.345820363539
63779141,331.8293910295748
70854456,327.8566348013768
83535660,129.7205214891364
51099419,120.73078859778437
30503407,1928.9479750774274
90802363,239.4866675885105
84057874,119.00578212900274
93637941,76.48116333088724
33888588,112.02893830682697
78183407,118.15425296572151
88497510,176.7228550163215
88829918,483.45412416712446
72639649,324.168751808491
15627595,217.6975658807335
68832460,359.45311776445845
31734310,123.3641320037306
69212161,117.97830243457432
62980146,136.53288594043403
69972227,574.8895650726589
53162285,146.39922121640961
10963473,166.16395794108809
65276908,329.47459471576866
72611634,351.53468975424204
81292347,456.6901741593448
34705944,721.451402967253
54322977,135.46869680297578
27155431,360.12105414477844
61373056,230.7003974885641
64530093,150.94667638272682
44187538,374.08677975866186
29110806,118.80436811965541
34026881,685.3178501121212
67734035,267.52428880829365
90355788,153.37707550491749
76930932,303.5360022791436
31194080,109.98075530706949
26948420,803.5282292733799
60117998,107.78058893701231
23540580,323.679285776357
29255361,103.73934275633367
47322059,494.9139287600238
50570727,107.3012854280431
71874386,149.64870921996953
27325447,223.66852787895812
92986477,192.12785936172241
27856293,102.83018863252373
55159001,202.25570178453683
88660196,200.83776872531118
82148252,61.82251339606537
15421314,1092.0774899387695
27620141,130.72096948611744
12348320,200.23638724714274
84344897,102.0652011121097
10950855,139.2318143493926
44290434,383.52698302004535
84843689,177.51065288125903
85814690,222.2657301368462
60406086,213.1109762731229
35395832,122.10233878190002
54621645,290.61749331067676
29154162,135.12765184957635
40230589,441.8331944519977
46902130,295.7998395336261
70579622,108.04945831185199
86272378,117.449340601361
12294631,218.8227289928279
29412564,716.9612000326895
88089176,413.8588190695306
91193188,252.25337804755313
36523137,357.1508840205292
54050884,161.78969766083466
19187985,1122.8571663788955
91884750,1519.8883816517948
77985469,336.05231204868403
19362736,1596.5882909238562
37641826,113.89757491080094
17997673,138.22319066335191
12296621,95.70278028907634
94210085,119.97224741151298
84475360,288.5521487666942
44450631,161.87182626421907
96917819,322.0870874539478
76581579,49.76577035583687
16376842,142.1345748093346
20378565,191.88554889614542
67149501,919.6507395338882
74149592,89.62921980985719
55437574,58.812739131271655
86258875,216.59727785894793
25154125,1132.9020635332993
64289878,127.14464027561272
59484061,82.36771070451584
39600891,347.8418739656047
40907835,129.94541710723993
47183606,140.1863318831631
71132260,702.4534893365119
19424487,1446.234843114307
35720925,123.57690983326358
74210516,96.31707687224309
53089641,148.02910315761983
27778699,214.40365396816676
73489375,443.6580355908517
46042524,324.46090717175724
59554727,208.59880690242133
31273971,182.4171806840411
31543147,47.326113339044845
74490349,114.77058363860868
65190591,847.9093070276328
21122660,176.09591784744774
54597323,1124.4681469724503
77569150,122.97762756274771
68093533,536.5064114389097
87099884,100.99449133940996
64825958,676.8779424172557
27545112,511.44500347042737
87791632,249.790347589934
93384265,396.80128847432195
64047299,273.8652377184347
23357980,147.2934073599989
88585802,1404.4924884057164
26754357,144.3247343311822
99964380,122.87812812041217
63611208,680.1607563317045
10618556,1359.515583930798
12155276,141.9180865934809
56528554,519.8924086922125
72203638,412.04966142923575
48174886,218.04624368710583
25749233,268.29094090417203
11912269,34.18218522865807
14181748,1117.8702362289469
77013810,479.882860981282
59885886,166.31034130407951
92982194,244.93052832213183
88065861,634.6657906763926
14857189,98.60528920979787
60358916,597.3595470984751
72265262,1442.1372435272913
20471623,3089.2653816969687
88951362,102.50300490567732
22364003,158.4325552363947
85137999,395.66339889869965
84176549,318.2166584428576
25849299,160.88373677151313
21233903,156.88744336370797
95963515,167.67828341231564
47630408,314.57308738067155
38763223,128.61272444114448
34812513,119.56336349322474
77372953,1265.0142596657636
74724495,239.84217225298747
34162435,126.85405308118727
60046268,395.03622598930565
19475755,171.30736035455868
89620481,2658.292379834906
26981207,189.05232856482166
13918048,253.68994946444786
36590125,279.80835908810315
78119113,116.37365875857377
43245514,102.62113902256061
88082339,76.11743664905379
62738760,116.68228939000907
55254407,114.39652000705894
85112378,86.57093908715503
40490983,133.21387450454947
44048989,385.4725383443808
15551565,216.70550050315057
27681538,243.19558077204493
98232104,57.7428023672502
14018289,135.05365538517583
82522150,306.9644011301646
65483357,119.01445157620593
94158408,301.9898155435419
50266167,173.72224703692925
28805175,907.1471433360388
93929668,1041.1794022582706
15540290,217.88951198216944
98661090,532.4868005814477
50074109,396.86738851535097
85017115,135.26922549203698
99914220,738.867393992118
76334714,184.0126915840715
38140938,281.4449535067721
93933852,315.24725701806085
13190892,965.9902491405444
67747085,402.61219249257135
96389355,448.3293695635817
42380180,428.90024254321145
55522772,239.51220297393505
18839853,60.7143805420678
93030803,327.1152869722544
19574384,153.02641919999996
17501488,157.53431425981466
92757638,302.88045163253787
47546392,85.85908621328122
56569095,136.4558944372978
34392418,1157.5906126034142
49367171,368.52984992287634
37669142,87.6185280858761
33580264,434.9926833154396
52617381,309.0903885193246
13011861,907.8995315607884
97498208,141.9159256623396
53388262,106.6793007925106
63018369,198.48990025047974
59266953,144.9039761989482
33256210,139.32082915503113
26585585,216.70305281093235
43342989,818.3308468754719
81962175,225.9149722640239
54752385,97.27707726655758
12906623,456.45159581636085
12144505,522.6723061809213
47329191,162.87855864318576
35302686,184.32840337432654
29541158,537.6894389341863
80447228,137.23386263283422
56399590,78.58298020491665
44327442,386.4715114082102
65756284,819.2503692347267
13967851,651.5941903272978
33766889,211.9905084679909
70886578,219.60863922390254
85448456,688.2341271968418
24208719,618.6838953777526
72059158,191.66946261337185
30666083,321.2569889340599
45090209,361.3602904178907
79520644,686.2719246369902
41015799,427.8018497585699
22610356,259.96039935988006
46940244,120.11676279196998
21443863,134.62293104173267
63769088,292.7794328147008
32298027,324.4671039655793
26046152,397.31813386921937
60326272,56.26962916779987
24693880,104.22866461367985
18317166,360.0269580528429
64265688,301.4952464748874
27910854,194.59127386809945
56810750,93.6289737800132
97007881,436.70228271530874
90317702,453.75545652403565
81231529,117.59344274943075
85899649,207.3262126520962
92087175,171.77463733647065
24070483,188.65442676271945
87629146,324.0924052428451
11101794,294.504934671097
67889079,1117.7694918871505
25576186,116.84989059170667
67657245,183.49880072608966
74992266,31.16243445783848
83091668,170.2212229381668
41547362,186.84593546973147
75141878,286.57670581399066
11562295,282.4110480579083
23748006,499.24123810817855
89825179,371.0900044360976
46505766,3015.9783937393986
36098274,106.81660394525403
61326956,1607.5397282476604
69020339,121.89691557229891
35844282,447.0578263033174
86014291,147.23783704784546
72500654,567.867653194146
11567986,170.50516719376304
95910506,156.89779378659213
73565600,153.0798128165096
83729347,1410.9337004956587
39689433,1699.3240547965036
26513864,692.2463381790265
20449852,598.4276199842311
10382065,378.3921785311403
61096786,349.42666781056204
40823824,19.135257216630254
95687753,298.9886006614747
88043962,210.61490296383852
43192291,260.23669577690976
18631499,931.7052363916093
27194752,130.8927113733745
48023684,307.475974334546
76180232,125.10231722371414
99345059,494.8125771180041
46554999,387.14847573469206
57537267,69.76637009699222
72087202,81.7382867216591
60008708,378.9744191912757
13534295,240.8289587177797
90971189,137.4348382666279
55662480,139.87558216405515
81189360,409.049233653778
49401774,252.69795881575078
12131946,1494.813670321801
78732926,643.8453168193139
38392538,1363.627502210252
64273801,333.89484151529774
62858255,265.15378387096405
13288053,124.99721694925995
80940080,137.794487680065
73197703,160.4973872597249
88918806,834.7924037205754
45088467,258.9973185505485
42105313,301.49102568904425
51515302,83.68511807645072
85071892,793.3788952862254
23401512,100.6526855141596
70514922,194.05279665015226
53367560,445.08559464139813
30799466,1040.7955707022702
87442307,276.68995043532584
84081332,41.79110910360735
87505658,373.144735567165
10151086,435.6589003312417
19254776,543.7429021362323
38019521,625.4218214512064
40151098,116.37508771546709
75965212,488.41711047641974
38667600,210.5351978825439
55646285,114.4645997288476
35548301,194.7279854067457
18737005,287.3606299508836
76771390,640.9473866685108
23778594,126.16471282500595
63739797,161.37931150890503
40559434,351.05227342480305
15970404,121.66659446349891
41963393,264.91651098762014
36850376,1184.7010353485223
30703622,131.6233025525594
53681130,330.8292730845172
52524172,341.171061717695
78986568,413.8808431103323
60868659,201.4863050243929
55970571,142.78815042666244
69603000,144.24563988311192
24475423,98.90964561414108
30105284,210.1745111201186
42638975,605.2647953451582
54205765,346.15832300875906
77026950,529.1257432754752
55738198,2029.1066581592552
49309757,249.29272394302203
52256145,497.2064183311898
14972722,202.50809535121255
47613103,114.81766966424755
31244414,120.90318998792418
67669646,534.6040796090593
85221335,163.10570568798653
29598209,463.6717748784238
64960038,206.59482010859554
36072721,140.79039505514757
48855526,154.18938116361855
40290168,280.6029776056661
84094689,101.78841114277591
64780070,71.95014961110802
62238032,70.32421563430681
44102009,439.46142216182244
13443938,326.3655825420237
27288438,187.64350699524527
26505769,558.8251515517031
62425735,102.5082427888119
41742405,315.25588579617516
35508108,154.76273408372916
67267851,284.91038372121614
65786198,826.3597810322274
69652252,71.83522656932355
78338794,1035.6329315305702
98205508,271.0453796478531
90079134,152.39119578473296
89240929,109.99789306956636
59365630,635.3096739257522
16423455,283.1578855583191
30410578,248.59279735540255
41943183,205.3212601087742
17181615,14.24917030235289
31537031,101.45463431878268
55634963,262.18458613654434
14790401,346.6223088193053
49470022,47.94269577097111
68137744,209.66477780798627
10800640,87.59213540173191
82878129,134.7438310801852
98099360,127.56059984746493
36414556,145.1917119298704
74858657,116.3215233658768
41406039,96.50828143670184
67297495,286.05594566457336
98019387,157.86384995847914
17133275,873.1362566062242
44434588,723.9638552037094
23385843,270.75828742737997
51805988,262.8031962685236
65443150,190.13153609223673
77624321,1788.4337482839333
80056192,739.615625317581
92008819,129.49123311870937
78973038,125.28390789392753
36356168,146.47881269817924
23051465,264.4602061843137
18225590,290.9408668405901
30705007,457.12593611984556
51916309,219.67513339547023
49014177,155.30681835143272
46939883,69.59609225361945
27552020,112.16745269320565
76064439,627.4967914052074
42732794,963.548332048808
78185687,281.2624775330634
37150067,307.37858836514033
60216204,1296.3891481689907
67861895,161.35483290228862
82668831,82.40421529934258
26865256,867.1479718589871
20296005,562.9307155198012
91164112,347.4582697911389
48751412,200.88538483295474
92672083,113.59903227536502
66451503,121.87390704764613
79223008,220.94494926013348
86295795,108.38626077878362
12188395,1325.588121978904
33148873,155.4919508803117
18236078,280.7673500505578
53763750,166.70343695666676
90278346,216.24706153018934
23921552,1467.8299096789626
60806947,431.6700542082101
87988487,85.34243755704256
33594333,126.20895461620432
51767697,165.13748226210973
76176593,136.95517480845763
20106678,416.44377499116916
89323122,167.2941764775573
15084276,113.576553017291
46737280,382.32498239620014
27725859,155.39611253907168
47502584,532.9348005825996
89375361,827.7293134404104
54279167,446.74179195416207
62834953,187.79561185745632
51358955,150.76638883437752
43105700,347.86347464243676
71610282,196.24085680106396
79952909,412.3617254551216
86913278,445.1142554158119
72344233,167.27402077571625
41143291,351.2492018608689
47312733,285.1950985032641
73376655,289.9911955244287
44219943,106.1204205898311
18665144,587.9160202420647
38016360,162.8073994426405
50277432,142.56178515791527
14668690,285.0329473973151
44041678,347.21045651325943
68597599,406.46947867384876
55600173,86.84712963677478
78109218,120.31542115045673
43432402,96.67429651219524
57793276,717.9736937779238
82143513,385.83609172697817
13373907,138.66254329497977
78336625,516.9330076095412
51821030,112.08990783671314
57620512,392.6369442454668
94840760,795.0792555610428
71866671,1183.292731455206
12967437,450.01966900806997
94620585,380.0735987864704
45148967,396.0456426807149
28096166,162.57029401018934
76948857,1175.1402203285577
44584760,164.52481311289935
36577484,75.09863487226059
63103602,326.701318957879
15647671,453.3580773348209
86020607,79.22831559478313
80235014,131.32865870969246
40496834,106.53955545880785
98549441,190.79171749032895
71915619,369.5061987150976
27813348,370.6610922528408
48090735,362.8192991159654
91818207,446.4187375477412
12597429,137.34535442609806
99318296,83.20239429670016
38085169,206.56919749905782
38823071,339.3024035136828
61630311,116.27314885085184
78195551,607.0919159531323
88131419,300.578819591041
18300026,1182.309835995947
99585455,485.1299637979165
51530595,607.9732260526265
94166971,67.30624706482138
13633057,495.4411443024271
68298368,272.0816111317562
69215865,243.17098388447425
30064972,228.49854678222997
96997224,104.0488111468918
45138943,211.82531445659782
21749235,286.2453721265575
62856234,308.98223887993953
23982292,119.43749736009794
17686144,356.4087917369338
57256437,519.3421370792537
85469927,124.12835010091452
14451732,467.08451341946943
85268432,1468.3196184848646
64602955,127.29669722604469
74101500,126.67068975213922
80083521,379.7789896230776
11433359,1324.2185291004128
99198713,395.0494008030305
12281135,276.61377558880747
60094475,496.27600488223646
18817746,290.4626492590295
80803307,1219.48360577516
50415370,84.94322842761399
65098425,187.66492478851714
52785060,83.96152047627301
76797423,90.61719127539226
57752962,1017.7364043965907
30340212,147.4421666576289
17309152,153.73352192870436
29046975,148.80876350362698
58339630,249.4099758805784
38269849,272.7436604777396
65498444,103.89871596779952
56278811,421.1918899550437
65904109,114.64929087597362
34436387,176.1384512747254
83162633,128.7953723520338
41922575,1712.783333179906
67606284,114.87933452621745
74148614,2883.7165452317668
31898202,1036.316615155182
12816787,467.4042099071447
73390625,198.91140655517253
44602780,646.5331033700112
59497966,357.9159692264423
33304284,367.7112908571564
70931726,397.73807175441476
44381487,206.5839900948054
55483533,100.92448574983946
41096987,229.46879520393134
60844342,145.95819030332504
46382270,505.0339655743492
41975761,641.0219600354488
20086347,155.9541810347053
82572177,457.57611006570164
27871083,383.4092748173965
47060550,86.83064264711973
44062914,253.51654519220114
29352791,91.46437605779501
42368060,115.52585116255248
83186065,175.1576606487766
86750602,390.60689542368897
18043718,139.06000975658446
85319365,583.5404143157879
93521329,153.5642733847402
68774400,2403.3914964272167
27686846,259.7067525707412
73144512,223.51417364476904
47707941,205.31366916157737
91947483,210.60563021886145
54467473,116.87285980001785
25827075,385.13699206297207
99472188,834.5010584740609
29814538,118.74855487392398
98588385,136.83260579876287
15032563,595.1640763074192
73738020,129.9522330113011
11480212,158.2204407846187
75221745,123.74597306646838
19968090,1413.9960673161054
70404205,82.78791348049748
68659791,258.41438700071467
33092757,293.08858173990524
78193594,118.29698850940076
98198145,266.69222202394155
99767011,795.2801578841206
56688046,127.52063873128931
66475382,223.15355559774804
75692782,1425.809165839113
26808729,115.51195071218321
32171695,105.49839662392982
88456703,214.38629114553507
20999557,770.5648811774066
28934979,122.7974380300675
37107836,82.27541602861982
50278467,120.42716555482838
61940174,663.7536751120722
17559774,183.07613772377093
21430086,254.98932291096727
10776426,332.49100719321154
98097088,125.73994565505758
43113087,153.0983903796084
12862019,208.98403387681591
44592366,227.97969298303826
96886172,200.74424750282896
96480201,146.42475535536045
85983502,418.92090402835646
23038927,156.62516065213384
53573032,126.96324513110436
34553934,313.9689251292021
51249487,197.0901323699623
85349173,167.736121345477
40895869,207.5776451270555
99256510,113.15998227343464
76469230,173.5872337723856
18165718,606.9526759739459
96264289,148.72188379926263
20452221,136.51772562538594
15739031,253.55209705277454
75157790,353.1219359063077
28901434,202.86438088738183
98941473,121.63793150875009
84489512,516.1859937899874
11168890,139.65144747489836
45041073,244.5335579755048
85582491,197.83926349095898
14863106,408.7591346558604
53607444,187.54490905888548
39640829,220.56133897928243
83896205,531.7606848309841
66887097,99.26052712885149
54562627,153.97155864169662
60923346,614.383123114902
85626709,278.73962479828475
11687354,196.34765352496456
99055900,313.44994593037035
94176139,222.24762666444897
65142810,1174.9273798364643
21025866,183.23412049500072
86231352,363.9719062700655
94223565,299.3345581371825
53094412,311.4482071739301
16579300,131.63130053763177
68788821,132.8820707791212
22347006,150.16932813908494
89447420,202.05225699062558
92132840,1400.4272126195392
61120099,165.93144678194577
66390529,326.49148138248717
36752526,263.73054860611563
28673093,162.08988243344717
60187719,121.0812342640943
47937195,376.2052420809424
18528428,1387.9944267875244
72855294,1367.3665119522796
77314174,464.9361257400376
74208091,339.7046113534053
25265856,228.84026627966836
43541187,990.9024463463157
22027673,486.18479611879036
39533389,103.7425779432343
28548263,1292.1232004844346
78891989,112.38746129146017
68562696,770.6180515025442
45297826,524.5698334857065
14532340,664.4996778505675
42487332,582.3842509890774
79497837,313.2229476242704
48787566,405.0008493329811
43024895,162.08386967379636
54043001,622.0977563505418
18517095,348.1367785020682
42190640,706.9568522886768
81702926,717.2226125125134
20584669,66.40540922554015
48104361,306.48679444318077
95781341,131.17776340555747
42595500,281.3006866582102
34081689,176.84925284357809
18465181,115.50343718552341
87028165,90.30012670452672
25157413,112.41195428750257
33500861,137.26710098280387
22501784,266.26297021520963
90954690,158.9821560326216
12079890,634.2410496842563
24560931,202.5796880320558
57180097,193.56872191353804
53805689,139.93138958611155
54653374,89.49192093673832
79714919,137.20901047088125
52629831,128.84475035821697
30315883,3113.6859434584007
55900800,128.32512029149555
62528560,188.65709381089712
17439043,103.86349392482263
64302335,274.8538210788511
53498595,91.5583437372354
92248005,163.90435612637455
65132848,1156.0962357433293
54712644,116.72076829078352
26501578,1471.3993939844104
57973578,121.70112441935294
64849387,888.0892847894227
38331875,104.14744929226214
84564845,-3.751329823752859
34335614,518.8153194371587
18851658,536.7467255911762
10997678,229.60118013122494
40768250,173.4112737892472
47646719,170.46988719209713
92937467,914.8415023396128
61661397,154.84280461569423
48317061,130.4681371004653
97216589,271.62960332592996
39977323,336.3887317551637
46445975,1056.3034160191469
94283551,279.92489127190294
49677766,123.228062406738
85991335,111.98781698708746
23059563,167.42776275257452
98641777,755.5927158600615
62115510,154.9778274353005
63322573,770.6801996849782
88463974,301.9936073373057
29063398,272.2815575233749
94756964,30.1510676840935
84286445,1257.9411659044251
86644899,2110.7139130634023
58366829,107.88507867501393
87935193,559.9774139313992
65710078,138.20189189184615
55211028,726.9796807766018
20090342,75.14177364881178
17885846,422.57317955603855
87917108,330.111044481399
35243872,308.6413196718881
78681572,859.3940251140721
36496663,317.67475051926266
88567292,620.0010821367342
90883683,669.0510473498018
77163639,72.16397371109956
70680981,1887.688101326278
72230973,127.50061940185952
13786940,1555.7320897874017
56650323,139.6796584860795
67337097,75.63113680408438
65297160,250.51442442413617
23393351,82.44968821692594
43711949,89.50607059112485
45998905,149.20177038541243
94413146,270.2277787021415
30684529,124.6961514138511
28147355,1714.3604358832633
14737001,256.9883781635646
55758535,182.32055506924357
95914131,67.83965323400818
95400320,179.67473206473124
29157079,121.50706021610769
34838551,125.58996445477399
79573538,90.02817191458767
53853858,626.3579148198274
46958037,363.9631108924108
40355076,1432.863318732718
79162800,158.9427647979374
61449541,112.67414072539144
68870249,276.26099658867696
13256146,94.13286292820936
23687793,77.2939065553815
49330994,99.5566708764771
47955268,312.9091691177278
24572229,355.768667989763
85493065,150.4372187572066
95994562,173.40294445354763
86822089,221.66712094990294
38878729,233.40712647651992
83459912,203.66548743380386
40295244,196.2230059809777
95702507,417.44533950769664
97865744,551.1170136823071
81724417,191.33770042356232
22296895,621.6705740522311
25100739,1073.7964529761007
11994578,286.9604858153222
43823713,185.45840959611527
57595389,317.31195813814816
37162594,912.3330189619822
51432674,727.634311217859
96977947,442.8623627036474
69353041,172.42088599565943
97471377,487.3634435814586
78888703,437.64349246761407
58472902,846.7517992666478
77647159,290.04960238679735
63649430,1504.4209531613978
11295973,1147.8211754064473
11886952,1239.1742875637551
31115337,195.73957459371175
53945582,949.4664255310423
73391100,93.70570964374718
16170017,535.7016886033925
96391937,155.67945030035665
49663888,401.2443495754098
37966282,506.7771319768482
91789209,632.1752248271151
47228126,296.62561126898186
26588476,655.7363621979763
87591569,119.28170459103593
15315145,128.13355644218782
70198893,384.10756274114635
61666968,105.41671220422035
22175686,122.77829552131247
63396595,412.96366355277866
18727617,65.00853489282575
19777468,227.82934303125296
30527873,292.5752473053366
95114158,102.34699957898454
41739701,445.50934462592136
11369670,162.67939983289097
74973026,249.23681926370293
73622781,316.216599250993
52281834,178.20149374970836
16897176,113.53037395192125
63339672,1553.441218353029
94319057,166.77237951304835
89357552,123.4469492911916
24886317,317.1045043893601
59666869,262.3747347262937
72430983,622.1067809900323
85345596,630.2382326680623
24218852,161.16820671825778
82044920,154.7637895084399
28204462,891.8808807903417
25544623,109.53555846004788
98645538,116.59376904071881
35786181,1054.5814662104476
56759514,300.8476461334301
94979414,78.17640285189039
52508190,382.3763031874839
49317061,150.16501133456217
76293520,127.59599769777178
67067662,135.28101207903995
11847526,146.80479771602543
14139283,266.594895910147
35602964,63.63391128162563
61092334,136.77246614655772
69270579,113.12064144547176
47517321,478.65090849555725
10542988,71.28059958486871
66912082,138.66820798879823
42445139,918.5254615874912
73053729,312.25215685186714
96699423,204.93037571916784
18843679,268.349398371049
86433075,119.8394465270827
26883104,1187.8530112590704
19601132,42.87240314793657
37017650,129.65164294354005
83138933,148.23946508508018
73247661,124.3047260375104
59307450,390.6769512552511
31131827,221.68692205684636
69966233,823.1023530973877
40243877,902.7068116076737
41951589,263.83977804819347
36031262,209.46173049844674
42623413,739.0350482203854
67891203,428.8918286589857
51970188,149.2110715576858
24213498,764.3738810330007
96242069,120.02463413484725
41943430,1193.566106804795
89189267,1888.9767187798338
19898345,110.66729371768962
60572858,504.3954639135702
34988552,148.32695815174338
91110384,333.16685685050396
75957507,104.17048275011156
64422949,42.61176957308432
93823627,101.92457546714056
93745711,138.8919509715138
17782008,158.54118410319728
40016743,604.1522067638846
78676337,201.22604548346723
96591242,109.09525507818793
83545822,219.97911808949047
89501773,812.5562129993934
19293886,105.9480063976249
58534753,563.283714449743
56198063,407.4013569821974
60777659,74.29792167779816
65431978,165.29830934581378
94604898,215.72899385493363
76197738,712.9114051566396
81980523,415.9238464582208
41676275,105.6677746807224
36497965,1734.0495226238625
23177824,45.16800888336434
85192608,109.54030587033141
30289672,95.12436606778111
98138275,605.0501672749199
57817320,454.73732260060035
42234307,1531.0968188124561
35893634,127.08258685234546
18195993,157.11766580201996
98403244,372.7237190847135
63004294,131.52751135789424
54567579,550.874792683702
91568379,196.56645064425106
82476880,189.03720061978913
55652262,549.6421119947473
20373341,123.43470212995653
58632297,329.5044577278992
24786934,748.01367802492
43722745,130.56298936511195
87508719,368.0000145286355
80752603,149.08138571360766
16698668,989.8967130789949
78798734,344.5668282326678
18461999,457.1221657075804
81299277,334.5124135383905
91417891,176.04695722248113
25190830,769.6997049981946
73164327,142.7754982306738
92759943,356.0616312387769
18785269,115.47781922628258
67717385,125.55314771186373
68136920,97.2107858657778
77810360,232.67923097589016
62012820,172.4995475366289
55983128,155.21118969724304
28119370,315.7526526193461
34978717,150.5585558286706
52374215,563.125731429961
66651771,728.923149637588
49306420,755.219572331429
57524470,390.2298628567472
50884173,141.22343489087606
41477733,196.91745558779118
14875840,375.1721903234406
11186021,130.13144959278534
36355598,999.7864944329912
54557949,85.22931316271122
69426516,154.69455531137515
92092667,219.36325144282395
52668902,148.11050583218696
63561915,100.13630069659764
11154750,132.36525106143583
48765039,132.92506430803644
91136342,117.81109400488637
41265217,1420.8918020146943
25331950,119.09142038052693
59339185,152.63271936289257
59925803,203.49564759756882
15169957,667.8890306202583
14437249,216.47131717784205
98971521,135.0199637533381
26418410,129.63997860903868
85892267,131.39400642034443
29358885,252.57535216767366
90069301,141.78459983439976
11408026,141.3967331530966
77952900,36.712195767228245
83752708,687.2532671131728
15243872,163.41658390116828
20649757,289.3979941102684
94157069,482.6778900875359
80138291,416.79181176769697
79658232,123.18198366453308
20876663,147.13214610651994
66248879,160.13192328350388
98196787,115.50849305106237
11070217,494.5044158314342
54123194,521.3886743781717
86862821,644.723537624329
40252559,84.82814581861973
60519623,114.35515896360168
11098932,146.78058928344757
77544004,163.96389072386657
43855714,107.46614183899969
57112829,72.20789118105024
69104738,77.53341250466333
51426009,139.98702339110656
96759585,1000.0390806475982
61695552,518.9183198916387
29335973,145.77285518162648
86711404,236.0375716646844
96132003,2109.658060213265
71930157,601.7525524953958
24207989,180.31550181277834
81239737,99.43823214280759
19246532,107.32578098712852
12541440,208.16352343053862
10876544,224.49600875971439
11012723,267.4084907478227
38854043,245.93492256277517
78679072,154.08858544192262
39567200,128.87189050093858
59107952,212.64692984738696
79981461,169.93579919407196
16385065,194.49745906482605
42418677,483.991446705034
26750207,128.8254443138409
92430939,377.6038692064349
22967094,164.3751043003688
40195159,212.17088767697925
72466218,168.62381902262948
34482136,116.37334911006383
13940540,196.74698202348847
22725269,542.649090702743
78995555,846.4163173637327
73638726,170.65722799904623
64722395,169.52275300991423
89563722,604.7207534247715
32568591,152.19655611641738
45801232,119.58536088706096
20301291,1192.928426835792
40244043,144.11058285051695
64129406,897.763613123411
72297320,105.08519297127029
13456518,89.26528849268212
27325248,98.00500625457806
33468754,103.38538885149984
60910395,170.5213486400178
32681832,543.7561209218593
21428869,129.17832832729982
86653666,226.48193369305372
32786522,348.125345622842
64027869,361.0353872164056
34126567,104.74735119993869
42278394,218.49760127919183
95376056,159.47440578655846
99562015,282.85691212005713
15133980,889.621127508918
54026308,155.1705781317331
76441994,99.61291239377252
94110128,109.50058855767149
20201258,541.8284970385529
84604326,151.19519386313155
27309117,564.9114520435359
85307886,166.79355108144605
68918906,1686.552691844021
16328223,312.6767452146835
18599779,153.41831470504894
54032168,112.99670389583886
56206271,245.19503770496422
20991939,172.94331644567686
78007881,132.3087784803832
43136632,382.4531404354633
26961880,1283.0433615532957
59246484,333.1308679115814
97485255,188.63412454257352
21548886,135.6218697010346
41405520,199.72584198071928
17265204,114.51001475612054
57594370,94.55817697544663
86204456,118.37116920886128
47896500,145.9957954614
49072175,140.86721243269992
57819104,559.536853075921
38029807,588.3007721501664
72219430,1263.218719961842
51835434,178.41494428808227
40820294,499.6203623817119
39676991,177.82357401842495
47329975,345.6946757798103
40515929,388.9965883473652
49496398,574.6827844076755
79829278,72.01478980115208
25676253,266.0133575040905
83511561,234.6191034178721
97282391,110.34474741434461
48159381,1092.7889095819362
26133617,217.6092826942268
14830790,147.00792484323208
38458641,162.67829773240788
92902816,291.70334617255503
67366474,1294.5797727094096
12931119,575.4428389601966
29119450,258.7214815316147
69182586,143.68956518938242
95601790,341.1632889278432
37235321,187.94008810986216
18453791,2428.5852771831396
73959998,156.43775715391843
85145437,72.90802244159268
20490331,106.41507285628516
40505076,307.91658871570036
39895736,4355.398043953374
36927127,498.7953974601095
68104733,293.83150896204575
65498526,291.89899969452836
29077796,109.26621017416306
12700500,354.6996716138624
23234787,188.70899494888
32248328,82.35949626532673
47710917,1127.5130943652543
53904169,58.95697243309868
41795394,557.2722908547094
81931808,336.10710063730943
89546300,121.42326033246391
81512800,2338.1853493344324
74490322,119.01434146512695
77716971,475.17899847913145
76509280,109.09228471666408
86774198,192.68299118910667
63795592,152.45980626708186
15728342,603.5926226094375
97525554,448.0897617323832
81201227,568.8350544677015
98995752,182.5562761259979
88336972,701.9652774835221
56577963,105.19368107477001
73375002,113.85721307319912
92846400,287.2604911897105
63160455,218.30144722862778
31277941,184.94840828131439
44244750,111.01695956206594
46198195,895.7058532829527
92939641,888.4046034996165
97399227,78.33453236591727
32829265,119.31505692236131
73813213,211.4810317484364
71142772,71.5690266305313
26186456,1419.9067803044709
86118507,300.8449006779758
91253288,119.18177629169196
16739260,64.4382295234244
97712970,94.77735479749559
33709101,757.3046888745334
97473173,147.91795965053564
84445365,88.11989722321492
33683407,606.5286539440749
55156833,191.17419397214024
39198647,82.20624823053329
84859914,190.85886779599386
42321053,130.47349303817873
26496602,92.45862284764402
87373088,123.19967907449565
18576200,664.4166390218644
30304669,122.02431742864076
97043852,332.59992200029836
65885111,203.86792636766538
67235670,582.8495376414711
70791484,201.22325312200365
80687580,168.70229560162522
15865255,453.9764646850227
50517128,220.44541738846974
72791395,499.3712195353821
43267986,109.94503319864539
93567577,516.8434380201419
15107743,133.13690873224505
50225644,574.2815576168117
50174181,709.2034052557981
41401409,700.1922162499249
80395755,270.13441608085924
58616743,202.14870639453463
62863764,737.6717197700971
54033467,177.54220951897068
36905471,106.12566135224452
68728934,233.80776398008513
11399296,182.9028585049265
42319589,152.77314837215005
71193471,424.8364864736621
67728154,430.9425842477853
99252537,273.79722898202357
69554397,171.31047293423424
57406844,1005.408794791604
17460622,1905.7958032807687
29136908,306.1057932725456
88836387,152.0710769451008
56749521,1301.5879415022798
42038296,1277.4191596384244
27575312,589.5495654583143
27787635,92.79339611610449
22639453,2468.7918769793055
95074248,991.5666295017759
62398547,85.79360570682948
48210895,717.44001321285
87163679,100.46240039080202
84638479,118.75682083924313
74277222,538.5450294475012
47124707,103.90304815688079
29597912,533.3952589620835
73217471,472.23170642258754
54203733,967.9192085980329
86493934,331.7618847697274
50925419,350.5741949937451
36161210,243.9846562691529
18638157,71.98850768485494
95763224,259.38785174811005
92017449,373.1477681850729
30955049,173.6503234020087
88464978,410.31525619157503
81709003,159.4254698468096
94640782,91.01362479371916
28684873,2071.5726179195985
82032258,138.1543629752586
81929396,131.03322784552222
69137949,2306.144281898846
58556748,338.1016727110435
83494716,397.4767933944209
51219421,675.8099772544209
20118968,32.10838531799357
56424305,348.7169590386507
91040440,876.4311562587434
82249910,510.8934095382253
65005094,874.4850264696403
14333847,161.23961948199693
79940622,612.9985327517119
36407377,184.8996543408276
16485177,154.0518646302039
19967320,116.99480822039888
86757224,165.13870754011765
47859734,132.92364067314142
15329881,176.8504412875423
38097629,147.9312126064574
63914375,870.1984532094697
68107359,523.7582435415177
30898448,32.37824143031054
62098958,101.05573230076287
82555231,992.3896756610175
74537472,757.1971912789419
53883476,622.9664885650158
87349008,203.2355789626134
60387770,85.82384833043282
76029782,430.1317855782205
17330605,105.76067778257818
73592240,301.64429237559466
46762043,134.45019316548684
35726404,482.5112894609949
19188826,159.23965082679834
69934099,2257.65010213915
98236292,151.93839144397975
66601351,578.6529049786407
24082367,649.328089252788
86399833,1149.8156093120901
29406161,400.76552321339835
77568118,242.49087732113077
68454220,188.55501802620466
20326815,765.4121144121272
96392075,259.13727315687817
43846930,1572.8851484839981
64059970,227.5105352733115
59660323,141.1925155325738
30664289,76.60036957301304
80504110,90.07475953856945
69214158,307.9825409337989
37153701,368.74277546078486
94463524,175.0560201639393
27069908,75.23574695880073
19881454,777.8377199286838
62073736,602.9951147655363
81301863,150.41284911540902
84692821,377.0343202442795
18061173,1300.197944585432
20396165,150.56994053360904
90290263,122.65025382525418
53205197,82.07867113265395
71639333,793.5722435339504
26581527,1032.5269073173974
88753189,642.1013008587006
12152481,377.867508336014
66369748,464.4618111956598
31086360,295.9511792710085
68141078,139.2022724994454
87072389,104.33522685786764
97229380,119.6442644604995
14239930,126.89071997535028
47067735,1033.2855538187225
23013670,944.6410822621714
91166617,237.25982369323506
46464430,95.71181961441344
48307993,138.93994421648196
65322743,249.3362023415829
50086685,500.43651992716235
65335801,192.51562416699144
83887090,165.309802476503
79333390,393.085631968519
84490520,181.71898248295514
90753494,1990.303945252703
17091898,507.95667047085084
94064213,723.9820443633488
76172003,226.82702225641162
36639874,103.57191130923599
93190659,494.8932959962146
77671761,123.84758140317042
64459243,192.13546966747148
92415904,125.94200978369315
22451687,107.8893992612968
99098676,423.3534950342412
96250656,126.57114273708727
43637666,1353.540438011229
87755511,661.752916428983
39642098,118.58735338193988
29533984,158.36215986202302
57860445,162.97127249088732
33335103,111.03565510285043
40928352,490.12221403559505
66938624,181.68098545040405
97908221,192.74348759147802
32317269,504.226894093808
56374872,827.1420559821694
56164704,524.5180373068566
16557670,120.87771791639973
57350487,60.7484679188222
73640189,106.91854953767879
28886856,188.9647993303184
66838952,56.372427085313156
73125445,823.0482477325969
89817544,795.6012799467677
69175507,135.65398622858538
93099722,130.14964316513527
42498618,282.04933100283984
58133975,757.4877407832959
50823382,97.89648650736427
82720881,231.11022890112145
47566077,251.64611405293266
77236358,317.137124785879
24977235,203.14778799693573
82212369,146.28360017990408
61416619,121.12655035059394
14011629,346.475601078649
47820649,451.7574849482895
87027470,1247.8670412783988
84406467,78.31656034292378
18483336,24.602252822770904
11745857,111.2361243182495
72009137,160.66903835202967
21373342,115.54154624466099
50764118,124.92949421783607
17876513,192.03457864679032
21573530,1254.901779379651
62535056,613.6482470940941
52924658,183.07875289207317
59116751,406.80608088862607
96464552,85.76777148774211
41877592,255.06598401090437
27556664,129.05556230016307
82049392,399.65784007188006
21890177,119.26726981510441
84019657,123.2840074784396
70836939,192.18740473276677
73269246,257.665728771052
65430516,55.20273315194573
15552867,915.5281888741824
16632045,109.19161755683822
58510236,169.10370885256785
94607287,144.53026917292397
16582909,1847.5146945993024
91254889,125.77886945939646
52951693,297.57647043043755
42015762,125.54496693812844
39537878,98.5028638021629
75334066,485.4264807581758
15509168,139.84502614402112
21848464,117.7859504754559
15512926,678.7096665881912
19852776,93.60280937858761
98991290,26.100414257381587
67867067,1044.7365179474398
75069265,277.58079381547503
33163007,96.07780955085329
72461037,107.01862362390023
79368575,50.699184503671596
19283832,187.10324461566788
74686369,253.14224242921208
42431987,195.4098027742162
49107046,158.30296955008882
21631633,310.43024684974813
57757752,1016.0741625865012
64260092,398.6818892004724
23733208,110.66844066009793
81359267,615.8665883360127
78964700,278.47073966932567
33821569,1352.908062340688
52189182,227.2730698345749
67362415,104.14970344570293
32252347,1205.1749345778424
42461075,154.05379396849546
42564953,903.6833941837051
53441096,148.7867123047104
28942045,150.7208570456091
92173510,427.0773893485953
37939234,182.9426609238751
83072941,832.6929488154648
72001493,2057.71262016258
88722560,207.41716153948235
24458695,128.37504662744482
34236973,1544.2621594459638
63527431,169.70049584364565
35020078,103.65844341877762
96240931,464.28449695644116
96449025,938.1741093993968
73324268,123.40069361991597
20943504,2105.161794976481
65163807,169.7768376267467
65735235,596.183106136528
34006121,510.6757447931699
11206259,893.3268365443348
21142225,306.78367769806556
43933688,569.9640993196928
20195114,305.5699023128622
18089453,282.72918885995443
87927482,2786.870591748261
72119177,674.2391432720906
68722653,200.1671010523977
99012228,393.36710589941276
95191404,321.5866656640378
68494900,117.82979719646175
11789848,811.5088508414551
51367435,354.39376372054284
83199690,151.3572709400367
44222449,125.67503608048145
97059152,210.4912302151724
21321783,131.0507881281634
89238156,254.19510512465618
75658495,109.40620981652171
80514422,67.14838031713666
80098101,305.1981057756095
57507250,382.0328386002642
82869937,177.3129459939725
64737683,438.06536906491317
64663030,363.83309016799717
22362250,83.6181608928409
51054867,51.05160731366156
60302181,444.8934192454309
89897892,713.0054194849154
99745406,567.4042204865544
52137793,779.3555034853123
94617943,259.0689479714908
92402481,1294.5095731310935
29177060,103.43848739695757
96789879,123.32199896406438
16733828,44.44684589928239
69997197,1007.8428298425175
80009529,122.92308083180079
70971147,149.83700712374153
89268742,188.83101749921374
81559172,149.565642263015
19799436,1127.8224052572334
96316683,975.7476725217897
16202604,649.2780752597477
99234264,171.91394359794072
89790861,458.93605856550465
80624261,109.18602162883232
98327008,159.5227661681534
43114030,186.4064350021627
38992659,1366.4609405697668
26185292,140.17773648980958
84958392,126.78660071074106
63532044,84.66804644059752
72780852,135.20024378318783
63755363,163.8652391527441
63435369,119.52938533748298
49085103,157.5179981410505
39826465,89.87192227440256
89335030,2366.890892946987
92393797,85.40940060143633
36385689,92.62492237200054
14218024,176.80935367769362
43067447,158.5160020565008
11821155,1866.5786853736033
96671043,265.2369622751806
64977532,131.64603847207002
51923648,221.69103262609266
52082499,169.0124309950667
58693008,137.5477382242679
77432555,77.2519505935255
11692478,474.8986152441867
88536020,58.26194614166259
13996971,225.422082607312
92291100,1249.0113583480386
77799089,97.88514235757229
46970679,122.80811501840182
96819382,124.6007099657346
25751312,433.1682200069545
89990705,333.3619169479403
52038068,473.3973777308933
32344173,503.1963987958749
33993191,171.05707961846366
52279123,139.6839006580256
18496274,163.7183027018818
89490563,171.25350652373186
17329696,109.47276662259078
16967446,49.18236189575698
80888202,775.4346906138867
14661504,125.09763086514828
19604443,165.2344319248493
37821572,645.6679872229826
88831769,79.82527716753854
32405077,546.3274958521433
52763362,654.8593642664583
75573252,931.871517369391
54781465,544.5143547466578
22599480,253.74770889569598
93311234,128.16024673444807
69925053,301.4861499376255
12598333,1156.306339975917
94909106,203.8921088428452
86019408,110.71985471073369
96477826,906.3823712885735
47575439,156.93373321240614
44219472,147.1534733581834
14808414,167.79041647132757
51535602,256.0335825510893
85960705,146.7188201133125
52391461,134.82030423144843
81172596,131.3733295332063
11351493,511.1138395073611
72733290,128.52902932672563
74877854,451.6235661113643
27680792,393.24163440673397
44946524,344.69838419933865
23475779,498.28962910510415
48465422,197.4895057751757
52076835,411.8174300411755
44646564,198.06608457449133
87277346,199.09854204436138
47973044,361.96956294487086
75500097,170.9604672923783
36145678,137.95676869724983
85625020,102.81670770145712
97404967,712.3366606261974
11411712,71.06113996477985
80164594,154.52557611699476
30555374,118.1307454961211
93243676,125.60719714077852
12801610,981.5446228922511
58651288,106.69124153698279
52409464,330.95001551138427
26481577,940.034611670172
99557550,1004.8410736110862
92346786,1203.56905321032
33277389,280.5451143887354
78792921,107.71984878705072
89378277,67.37022420823878
82856305,379.0831379495281
30767488,678.61571236652
36397903,1440.7963536359441
64870928,100.3987953691555
11575457,411.2488437658745
39041845,1027.0543031092084
92898654,504.1831246911476
16929732,146.7424418092413
33334714,447.56474879824844
12221534,286.4182857259034
73945645,110.57361275851292
68971550,142.22258205405885
75565371,486.5002152728521
59677619,126.28812942102864
93539814,173.12586331047928
24106217,111.51002238469837
55020351,462.5054382561214
15672017,578.8258600772401
10841847,169.51899009115527
86946687,216.7718783903071
99799054,250.77629720011964
81128474,165.4052333494725
80366080,122.90357814584361
10218336,416.1017223184707
72351128,194.07257627397613
56132260,112.78758534217958
99301338,465.34774847437484
84453738,476.1873257895046
58188871,102.13109875494193
81971342,298.2648163767145
94124547,113.43268512332902
32266038,232.3577980412927
71760843,408.64661786386426
77203995,152.82518459532025
84611651,61.65700867034456
76627771,346.8907840572007
12653847,417.432013868835
43336328,466.1369592090427
91500607,117.92740143361486
68213549,1161.5746030451023
35549327,384.9206773547177
80808916,156.5461311641682
17110481,1784.7883610768013
99587119,340.3010625691912
92334856,734.6242236993794
53359226,105.29933610205103
80618402,209.2222337837541
41703808,299.07258841474317
19195409,113.17179124004137
76941149,97.92807215593831
97584818,1043.9715493800543
56683377,137.54751455790498
67011320,216.49880498539486
15480221,74.5256981726719
68081328,158.30779430992771
55487684,348.90978408211214
74199206,190.8002116273601
90165063,163.0354526704534
36193583,186.56297157966756
10917950,183.58866316434518
92870312,453.62586354076547
72030717,1133.4340610364268
17113758,1094.6753656957928
89153386,70.10415626632408
45809568,166.42204748366632
30803532,229.17132691204625
41936053,199.9824755536936
14429173,210.37222553137212
86629786,318.7683772970127
60024688,208.63532426441884
75100924,456.19785423393785
19587468,63.636299700577325
88088850,498.6665379421082
14339658,365.2831867714284
93643220,116.50783316332384
61257147,150.17080930927986
47372664,181.3603555623637
72551157,234.69091860378475
70006271,352.9560966658389
66160499,323.57743956097767
14115358,279.7436901973686
24138292,392.9995942192313
81649352,419.5513612756162
86450554,247.77178928662354
43772724,120.60369023591913
76147600,271.6211435122813
37814705,371.8603307654117
79438450,552.3624820544358
30374304,1253.5083481189538
54234194,868.1346391794373
94516994,87.40058659312919
15639119,409.0978900308579
98234744,376.469714185179
84292967,146.19324091333652
14583946,85.54372296815623
74680521,-30.23663417599394
10214287,211.991104127811
43877051,124.20384311976538
28904050,780.5686558614906
62063260,149.4652155596044
50651267,142.79042027580581
76093719,566.5935983971746
42788012,347.7345868528121
64271564,260.4528858250569
36033563,66.82351115506303
32364760,188.82530833316164
82718318,106.12397228266234
42781597,393.0902325499378
63047151,1317.3192646767636
54331908,308.87434855396276
88556646,827.2460567168206
80038856,125.20683296342867
62561061,1030.0659312956693
65834717,149.27093828863715
80358828,35.0889235070562
35099840,304.3323821670997
50872993,120.09001100971636
80223193,81.47392708234054
28448374,259.15069144004246
92231676,341.2630267103825
65717894,205.4408797401828
86298764,114.02305740492478
76299579,124.540659952429
15449921,70.80259520727073
44677435,760.6786294419286
75188492,107.97984318971945
99785392,566.6815904498143
27084775,79.23908553961154
34483861,120.77186848766779
44135541,107.3131815266142
85537076,97.59289601330637
32577802,305.31688875457746
58632323,141.1501849906711
65794441,1431.8820627064795
91626972,230.76419247086392
80568466,227.2253469414791
19317452,125.6885968469728
19462773,327.39222467328375
16861573,198.6568389992096
61543398,840.6821024448548
67189144,255.87639286698874
46184090,342.6523353983188
14969625,385.28519409161055
12339000,202.69599660975666
87651999,467.81150395017835
48444572,147.61511152422383
43026767,11.561206593092859
25666315,233.27399959419023
85141494,58.46010978631225
10196732,282.3553727140842
89772932,118.01373644158804
76197106,193.63374126149805
35668637,401.2166838383754
47789451,110.83888998018713
11772481,751.7333437979764
92352486,104.08672445114044
74959731,382.95566861137024
24006644,364.5040235559323
70184471,264.51919445175776
63616459,4675.618904910667
65420176,21.389970520895123
52778454,348.2298090741741
20334394,345.52972233333213
29566160,445.1292985779412
41218910,1054.5174794593459
57645530,107.68872673301982
32753016,122.86165993900025
53485349,463.0402036889979
99359057,1740.1609322455597
50033107,110.02196112379137
21562381,2193.5541822543073
77828671,112.44765453742134
59082786,122.79344561972388
99756703,491.3748938018631
62477883,163.97350092973736
62194095,2597.0014334838734
77240295,323.9965614570808
78173906,119.97987057227382
51850860,243.338928422115
36247163,118.60159688210118
80372868,252.57251569447615
55810884,296.31897792956164
39425335,322.4522191916722
64769998,152.8284089711212
74184119,376.2168765384519
30910517,223.80769775577258
82036794,270.15573552899895
27288556,201.31827641956164
73750248,676.3671589422432
93836103,1379.8705280954496
21006367,744.0468740487698
93898545,181.895961636407
94582565,180.3163292674191
13137522,199.05077577352492
31604761,669.4228515677044
60718232,553.7627232462877
22356430,904.0268673130026
39386475,186.59694697353027
16350350,165.1225398415878
70755780,237.10819790407035
55920671,205.43473061424058
30409198,192.67602820078153
12366994,1713.1085253625272
99624161,296.47140684276434
27085439,777.280410108401
26222780,373.38091078666355
13513100,247.68417318762192
83619693,119.07761183347192
65230131,165.5040837038877
74197231,577.7991010887786
16535315,715.0448654952966
49313519,320.2525300709001
54192335,404.3872891582542
80736897,269.1526110036145
99406225,169.87718210946707
67818530,207.12003251776764
84284655,1091.853476750915
30897932,752.4509192720291
32254189,110.82450550411095
31849680,186.211018711973
41359333,146.98138952732234
66456629,206.78516300796983
68729486,269.9715172775678
40630348,252.21680643255027
93988333,420.6839502904292
47811524,331.20208057391176
98617237,562.6706254795449
20362387,179.72099633014298
84645660,294.6496313351843
16861971,134.86350399527433
34588999,1393.0697103862672
53427517,1827.3679982104677
42513475,182.4410018901832
57705547,131.65433285781955
49742880,125.72734595625089
66920323,466.7412872477267
12354776,709.0516894513983
25840613,420.8424959362259
45114259,240.91251276016203
49079923,483.1225499709573
63116367,243.56506368753688
63802912,133.72042612945023
48974796,37.54502885460836
30061599,296.76604588570854
68578654,271.0832153147403
54173227,153.30248012434726
96680380,624.8809522370773
23868064,582.387290289122
51824090,2237.4884643087767
34839733,52.26980882150041
80054187,117.04941329381248
12685572,554.7830477558006
41567061,115.5284107915689
94877842,-73.67849634723079
58492968,191.68391986278172
71326484,111.02551943852349
70920278,105.93260319564602
54663137,175.04098905124076
32126460,156.70010479720736
54874790,115.36073079960175
13538436,1341.1362517358898
30100038,107.86345052367385
80017866,155.44490059434762
64347455,295.2868256313039
13683069,2271.5474972851016
48039428,97.7449812391503
99567150,255.10759914483165
85509215,187.0334105471992
60668698,507.8096456308983
12191456,390.7970981286498
77765786,99.57390739322206
12528361,135.0604726411944
58442957,1432.665534188613
54303594,148.53071775091288
27681147,3813.6077741183026
69098569,1213.5160895774954
95221316,577.3556714696279
40109548,100.9172113053312
55576313,82.54911513577267
53153958,1347.889210143368
21200840,144.54632567593606
50894265,249.03771266579423
23626838,178.4367444130816
12418418,357.6862743434882
22706358,143.38563286017052
45395670,155.69325763977153
87327017,171.18544080175047
13017114,160.36883119077555
32271547,554.8676439136909
74538679,114.4069800158414
39506103,320.91674209940214
46816166,104.73308126455561
66503105,166.87321808521145
65579176,130.9371776087303
40074247,259.5408215596141
91310031,95.21490611317735
77444410,321.3031629771515
69955281,612.8250317828839
67331105,194.8045394593777
45643632,170.49643929823225
73282363,268.4751662337362
13642505,181.33000870142587
68901430,285.53014591670876
89906679,304.0942668737956
52711886,107.72028868320109
79575331,966.370453245079
92616283,807.1317719255424
30763055,965.6479392830603
16611953,409.82173237323747
33070179,521.2755708298978
80347205,971.3320612821486
83995335,120.3600743068572
14535805,37.060484455646275
84879838,109.97134364763961
11864901,1299.865516313473
14658965,533.1687795923033
24293507,706.8739032095973
70453525,104.21474270423742
87798104,138.51175374136034
19197193,412.0874668509826
28284548,237.85146316964148
86044842,386.65634671031495
23057275,56.39546239908034
27985337,1239.8195877761011
22587547,410.5648785404608
12855508,218.77777673402088
64337495,205.04458386247913
86712331,278.7699225822841
61189156,873.9523718348022
91594873,217.32728988116892
54835971,967.4167759625959
44370830,243.72461780438155
23684803,135.71593746176936
92481929,2275.8986482021046
35638424,194.92168047044808
25657749,125.86590569488052
39381975,-1.9306200243006657
72999107,203.57807106775434
25818586,113.83072101712303
58036789,151.63569106068815
94320377,129.87472879278297
47110506,279.41234327732093
66399362,70.73002957059383
68909982,117.6602967999402
16073310,115.04842231991049
43288405,543.0536749631195
71579560,494.3945798698934
16507355,1465.5878842588713
48802207,884.4611855259426
89915294,98.16120529927727
97679852,143.59957851130085
29217698,210.90795469935287
27435911,122.04632220451333
78879242,1729.167077392232
27175130,465.328652170481
29020135,620.9185306753993
78626569,774.6833911385264
71067812,-48.38716138423273
96690513,981.4874716614323
95531962,373.5539568455218
98356800,111.18942387079501
86104439,883.2504572231534
55595900,149.5632873437175
75208610,258.33466167881255
15300209,893.526583491724
61949363,162.34446585063887
65881085,207.06809379983684
66803690,124.93319885594428
71508510,174.88783352461573
77429269,323.78906312865536
70868754,237.4492066967996
93223292,1204.52779619526
70378280,175.73244083188428
72142932,488.7175280535689
88911193,165.74908629469004
89761834,146.76930863310747
36836619,345.92584532000654
53134062,113.8244141874858
98828461,154.15320827239086
55370391,627.5186734617354
69978664,223.807029929763
48824111,164.23522100100658
11383415,506.0338953512093
89041808,560.8488965641284
31864759,710.3453540635285
85436725,539.1970266317747
12287678,225.14289144958315
54577919,257.3661362457364
69095778,196.05996584743363
86755087,297.7283621176786
87570494,131.50965430691434
42971075,391.9033220140547
19251821,257.80016129370296
40154766,191.3327698441667
86599495,101.37616771399912
88331508,29.909131733344218
70254717,572.8353953816448
32105523,121.96202153737653
42241465,249.61021295415134
66334048,597.9703697403746
56657286,1137.794047248348
99489082,588.8431072656213
89634976,216.21980519504442
22529712,182.2446095855561
93452559,180.42431618729435
75276107,573.0568414369741
57620607,385.2669676926328
11822194,396.5893747221988
85101585,380.7819420411111
73640715,232.24820731880962
18114714,247.06219198001597
62352450,289.74276685648346
88096618,95.96633060339913
76855836,100.98819272746157
76968795,228.6933812370183
19089688,365.4329831128216
93669020,483.5501870439055
32221954,123.94469586839655
80149491,1038.437532898688
90863370,650.2092564415553
18955449,270.06354620462304
46106075,370.4239061170993
64362412,404.2342489472518
13228942,355.76196234583415
18238798,76.87954550813323
17197174,119.83411212087555
56883307,376.7030244404511
43838074,386.48836669672716
94366977,48.791827513156065
51114116,173.51173573943146
91929625,1410.2233312876087
72617691,163.40405610040176
18081983,138.04911673113088
41430371,141.17734401762817
18768333,433.99876025368116
97670981,185.77670821145938
33138884,783.3550951368748
54769750,250.60408883764393
89191521,163.22274606799263
68771611,347.1860651606
69658524,117.72652215707684
72361657,208.2693612013536
56548670,147.59396515822465
78323750,325.90135074915827
30772189,258.7716298760322
48525110,105.98424818873828
86995869,144.58823241276764
17626486,1980.3417193290009
25200634,185.34163120780983
42675735,193.84127051360676
65493081,233.0702944029192
93613666,1365.3519346595856
70416961,88.4798905936822
29938065,341.93703814699523
49578380,1419.6640894907493
98870679,146.39113074750728
69931311,101.49402880691302
53406287,1975.0838995892723
84279248,329.1113090006968
95721664,525.4177345246025
86560148,1764.3954565305553
54643141,275.57839604835516
87296829,133.99601596767363
44687814,96.40768513425407
17812890,73.8530437644054
55517272,156.59134643313325
83984617,201.5606321308806
50681051,330.5435425653118
74119296,286.1112913333522
67223450,716.9112283934898
77287132,502.9922305557964
36264517,211.17602325644938
42898261,275.6013263959026
62830950,218.69864292635975
34861949,305.5946784433188
73511243,155.3861044905642
21486168,99.15628387861904
99309538,1068.536567953926
42037617,112.47998518167444
54746843,820.8182666997785
47539615,158.4692160318157
84768747,248.16889615556548
72954519,622.3722853751696
86653160,457.36849430862793
24350012,159.91662502823655
44330162,95.68922658067179
40410889,114.84305120730255
14017526,638.1251166043671
18494070,689.693330856895
47916307,451.09637141496444
39725498,389.1191344427884
54156054,172.2425270365257
49589662,717.9959709096639
87793535,137.5859491497789
25123851,418.18528464311555
55319133,1285.932079191246
35955058,438.6253650895385
15784980,162.08833343745218
63967490,1128.0316496650476
84366303,115.2207937239688
32211409,1295.7095122264573
27475512,506.4435575131473
98385904,52.815584059840354
74274926,137.2800905959265
26137274,1387.9266324341163
35706395,382.82637850350864
25432073,113.45630136037335
56493804,236.86662374010962
21783642,266.26501414234986
24274717,339.93328571015735
93363592,295.13195102168845
50359798,1287.4323891881309
76057356,271.1032032927242
34577569,342.5148368958179
13432670,273.0968811365188
36150614,199.0292611921526
95883486,127.37201761009969
17035345,1231.325564144935
48987823,109.50823390812428
18853302,105.10745455251734
70059479,86.70987413336165
35830006,477.4802355165621
83058209,204.11560478139697
52239160,177.53801886327307
24939237,264.304996207642
48271879,191.77553053978116
58898302,121.30887252776942
97505252,254.05579510497137
52580265,117.86363061530908
59859756,117.28910184421702
59531100,344.5125077525347
82820692,46.822105801082415
73015543,1827.5789050461187
50663543,258.4501906405908
61349439,132.0667928544712
82745505,91.33834361946633
91058293,299.40497290951015
17937997,366.5904144212559
48025378,915.7410682201686
21558049,431.85877866034116
51468147,775.79115813718
87943582,122.76178825335055
72989675,121.70587387157346
10828659,79.12440833106552
78868242,189.9378681600302
63610417,708.4359593305026
13037947,242.10449090741307
63051485,91.0797393785513
42637767,191.21226003675284
66029975,126.14199698640006
41368516,181.0954053720393
75570412,65.21076922889333
58832659,945.8425369444642
20746324,107.60674173480758
41047714,1042.3850150188964
41430458,487.8358613414545
69198371,136.4546249996397
46430156,486.25483983465455
42120705,302.93629643944496
67695943,401.87398671827543
10655846,161.13376830271517
56387239,88.6065949820963
73136827,197.29087233304878
66107772,350.8015948633151
41597595,350.93295019135115
27035754,119.10257953726605
94233303,56.30089450672516
72371862,189.71411167758106
47858586,129.3081672247957
50074731,139.76254199739205
15840349,189.70555357070376
27527024,1731.1837282089957
51445447,90.05620891016245
83042677,171.4292810323034
17433657,196.9794733122707
83477453,593.2301979745956
58980418,125.76118419147829
49038207,230.60829118592716
35105997,110.64692927673812
88328473,120.19170116472813
49929992,389.7835456332493
12057690,105.18701363633926
22485986,146.98994382680715
18944255,732.5828871132181
94296460,91.16286699538367
15325948,915.0266105093373
80036637,1269.0163257429847
63707416,151.02677898516328
33357067,1000.5030871157261
76260292,229.00077240226528
88542794,591.405280431102
36624049,457.4725530303168
85370002,323.69217654649697
70947321,507.72366375234986
86215831,1273.1171978136556
71799918,445.85956029480406
70779429,299.7109173506168
28177790,379.4426248155462
33416701,630.7355326216866
32210074,507.09786310771045
91177225,282.0039373637237
62230096,124.46958174372688
27830922,367.54120457471174
20292159,60.65950750352025
72135125,209.69987910480046
41060839,1104.030429077256
14610723,159.647376827576
40291165,53.48787895646023
76063806,55.31106441763433
21250419,127.45521130843885
67512417,203.74930086770055
33443292,240.66191843974966
33660955,94.16456322477998
33504001,190.28888727050148
59014872,84.98249527114643
48423806,265.2451847790557
81227220,381.17150085465886
97904600,114.38424001419267
80141558,104.3081429113171
13290868,142.28720760279006
12913192,1083.5512215793892
94144440,1535.819408019498
53033174,337.77787236725663
93735706,785.6241158183836
59909555,321.35786860346127
99555121,166.3711683715364
13256013,236.97135025286235
93540353,406.2008797256499
97837539,91.5256893508274
35669129,165.28836212590906
50012137,152.40076652605515
68173579,4453.7499924189315
59440623,188.09151512431018
48714672,881.743926558348
86973367,1238.4461711306342
28395212,1603.6043256546145
50017530,250.82580692014847
48045601,201.57517702670066
60427063,134.81478316138956
49061177,79.9968896225782
42896715,856.876751096308
97451418,177.68195224043552
53456411,1066.5220699686522
99184358,1217.0695973238817
91879007,217.2074028596175
76424273,473.0924275062627
19529774,176.13447187616066
60604201,131.8721275876705
96265561,59.69707707041602
84388943,616.9068726576813
22143961,86.96270889312173
14880373,2025.1940075216705
98124884,520.1594549372595
23434755,1034.2215708555334
36626131,529.7993913192513
86172967,249.8757861944076
89507826,1557.699881567946
51984404,108.8228506941798
21328430,158.68724338002633
46133239,130.7759750108559
87118588,104.15129642147242
72466804,34.084947510962905
90243251,274.2293619693981
31491219,189.387364552934
83702289,1655.3581738037954
78369132,900.1799127316908
12074272,127.23598537416258
77297832,117.64937555339863
91732264,1198.1816579609495
51116865,174.9740418497378
81826443,338.3447294297598
26192585,993.0189328002036
72261842,171.3900658385301
40619619,142.30110626700423
89999631,155.74688369851657
10490133,99.03552772647886
90054183,1062.7369682110896
62212383,235.16853160889008
19863611,270.82558636435994
51025893,374.5131732487751
83280839,225.86198088187817
53701664,121.01870468939875
70474564,613.6942635926417
52730115,257.88341663304817
28945671,179.30937978929813
76905104,315.454775937138
60340609,197.47963010986408
14262244,287.35716566716513
86114877,326.5967955642607
24582504,232.15812294844937
77544375,168.55868383045888
18212637,539.7185784731038
31107635,297.2888675798805
73185236,1502.2194780461095
73413665,99.66582933990149
31204532,289.4176192564863
16646519,865.0641642435465
59819313,338.39157148268924
58041963,430.7262063518336
73177607,134.26639951947772
65489959,267.25613266875456
53892134,985.6933386280864
14638825,154.4779066872235
61652212,571.1734750896165
69208062,99.08768970764287
98205776,120.47510213043356
91953270,88.38576301132603
95708788,486.4541785852008
71079776,108.95585563497448
10948901,1898.0201355901897
79084173,656.645495973511
41410746,125.63071842588987
50927968,174.53638664121885
99511873,46.54190844118202
87562260,494.6520668726097
48098997,180.94026937824253
77592143,278.4899586398697
50298301,209.76175487233044
95160336,335.15187359764127
13581567,773.0577467807673
76106706,844.6859209180108
53880590,174.45116604057625
50270200,163.18219242201818
13098948,109.07335895933937
81835258,100.3680678560083
14238786,123.09470908611002
65288499,255.91155696502852
29149871,185.11862309981424
39551396,857.6362772265833
77375335,1190.5397788024827
14384374,89.9807921599587
63368293,664.3937950025154
25141477,179.96580250962555
37822276,123.12854504393654
62473299,120.56919764082701
90467887,1344.6714281455436
62270028,164.25831504947158
62101686,117.07971052686649
51642126,174.72605776362454
50281814,247.11998948980323
34969698,576.9789353909754
46962155,100.73641517600825
17638609,63.68661282385046
59977095,104.9097670631628
75196820,118.03713476685854
65141041,179.2389694719223
65986306,698.8061758972698
99818911,127.73073402239355
38328534,315.4460157498198
31204739,797.1419634126232
53082885,279.9162402865328
76244528,144.3502565840292
46394887,146.69000964827478
65939511,98.0264046639129
96048217,119.07723068590802
60425489,123.56996320201077
69419323,144.24304564613954
15008203,203.15013697610732
70058997,386.11004923713415
44067940,455.08045990369556
47031542,210.85851608594558
28929546,631.1287325853265
34548603,719.087292268804
36515676,833.2117487399771
42765717,140.86709486862827
60296558,85.91920656081552
84332226,300.5970562903428
76539663,585.0446960748422
73504572,205.67456815546387
64646486,178.14255471387025
28262602,133.28047808260197
74447096,259.64837250271665
23247586,121.63051648576294
99044390,1684.7931333098713
66743385,1335.2807033227082
62841747,287.5162770106553
98271312,119.59664144103985
54969068,851.5147944352091
49548078,158.74202440374393
47147429,226.49791981097061
46113098,125.39964117957257
52623517,113.26856806174743
43618531,133.92248665979787
54174309,387.93340805643703
21908078,55.2677170481767
56753065,301.21303080062495
22723502,443.85028296397996
88620530,1076.975522601471
38560702,470.93945712890525
66126723,-32.319442547561266
24731893,210.79950670443162
19472558,509.2038573330755
44766250,117.05023147725841
75919229,2012.6433598037179
27459467,279.96688387606997
85529275,126.60792546726972
88503537,679.4053441818478
66147417,170.40943275215076
53916103,153.4035407925248
65299077,92.15386815695553
82070950,337.16066376569626
69058105,157.07612800620527
89985793,131.10318688623641
38430174,962.5513920636386
24884771,133.87425534660713
37414962,129.01640861475735
35739187,154.7292725723336
52492779,384.8246573484384
70409358,190.084394280961
38452011,130.11138862034682
43879270,119.29047784367243
70351120,308.89178292325505
47671157,146.69607234131675
60667365,694.5827321699383
85223481,112.07805507841262
83739939,606.462741114564
36389934,1006.0597575061681
84194560,192.53126655879535
66937745,275.7670231713505
82520946,421.5033238561412
52339932,234.4939336637879
19641281,592.3184158467557
69795343,98.68039583470481
99135350,117.87366776914632
27549583,93.97258954486736
94476832,271.55091306209795
58221865,113.10582208651506
25319395,194.14418529721445
74970303,320.4426015812412
10305170,440.889642940835
82291258,689.0803941500418
81383048,116.7361833334582
79987158,691.607077422242
13533229,126.76272621704565
40426833,185.1406282954559
79077516,56.80157594521589
49738320,151.22387821209028
51126693,258.83046713389035
52635836,1129.91271631604
46715477,133.46352981300285
82258908,400.9470080184796
56878285,1432.5379390663982
19130210,84.65668107935625
92849186,1359.9782246454924
24338810,496.83628246321945
24758650,711.8263748780764
70913184,84.3723493554928
37987399,365.32880862990174
74913796,311.407771409754
17667485,96.25550214364617
64222955,163.96190600809732
96958008,129.43981507226695
10416049,292.92348227257577
60398901,259.3398480611853
24738469,125.82797039645048
50592747,264.5596559801536
96289055,1748.699267747612
38420705,154.44324166968707
93968498,187.30918467726374
79579077,82.62365738984717
66828068,1847.7106958007155
96166759,183.93977339502803
32805078,177.51560874761725
96021280,130.82039018266948
73914137,830.7323871934736
38819078,514.3036033669213
26837951,659.8277370469077
86644106,579.5274256845639
55183461,692.1755076773214
52422099,891.7943804151877
83190904,456.67054017084905
80939883,416.73288960592413
12388368,104.81711170515933
15537990,287.5070120318546
52619092,171.20791789214402
14251589,393.36641416266366
78390765,371.62849484244066
43497859,331.36661135698876
18381852,345.8918751193997
53390528,1305.3096513539822
32023086,82.80641503093284
55881129,136.67631715823399
56955427,263.3169675290436
78797526,116.34087042476574
81441605,505.28284331766577
49418138,188.29134235316496
16343356,250.1438721346771
50953620,200.2147287170259
80530984,241.01056933208648
92363214,159.53931964754966
11505021,606.0446356779246
10464949,203.3305422676336
40174242,68.24836556472113
46922794,670.9474450865339
31165878,929.3283784852997
92160351,612.7200017295689
97225599,170.2222882202721
57289385,310.6043035230636
10490505,526.8378141745329
40593414,206.77805815521174
69535718,449.5902294063267
29927353,653.651820363116
65834728,356.7091785668022
77297694,201.22970979099688
20453767,154.16218145036453
38742201,272.0033581608273
44178016,2655.7699167341125
26155961,533.9837938307963
85037563,791.6572406891445
13481675,95.33230454537623
32710978,249.52935708646066
42008191,105.21841709154907
13117186,116.81356990886238
32427009,302.97426301429465
77926757,664.8625801742135
11233435,192.75088438677827
16522541,702.3467840196579
63770815,135.2733148891341
77164558,64.55997698520584
74405387,535.5381503287128
74698287,457.4056015883107
90725998,436.68796232769137
24204802,1921.9335322840031
89034765,712.4582806215624
34875172,480.28098079365486
74411316,177.12080497306303
81157871,542.7510668235414
44232316,621.4756217183082
48083558,68.65509028610379
75280463,563.6357653720897
11329117,423.43178844548385
67082756,487.26288906285
11237434,1433.430090302992
69921139,129.92779747226876
68448780,166.57792658103273
77761059,281.31408176917347
29006434,1172.4497688597728
30190038,490.681236492655
28376932,122.57162656961049
39355382,591.4701555724425
42494595,163.77659142837845
16756651,1051.8306525284895
78115658,1083.0589248025117
27261411,461.42803435013843
71919180,-557.2929945916986
99090920,509.96967958219824
64351618,150.2018791199757
88658759,1216.783903833315
14195927,372.10519320633307
63820196,165.88412448939926
23866225,2244.3718726385428
50484100,182.36650972055997
98406048,175.41690952156634
64139858,268.98444760637057
93302980,110.46042443786529
62155483,148.0789956014566
69791340,866.5943948710174
19631546,153.90664819134122
26192431,227.11268731035452
68268852,134.14454888109933
14862183,125.15898769799249
50141937,405.31626242635025
85256282,156.9642829260424
11027564,2677.962418738637
51577553,142.08499195055117
77132573,113.9019398556726
55254268,439.2073924102156
25529214,173.25385950929274
89287048,295.3567125885322
23253967,528.4667010951587
22644692,131.2262310303002
32245140,117.80122512623676
82072504,117.3294484171375
34678460,1517.897865326047
55373081,742.6746931385024
12138481,484.23486101534223
23632970,112.3872529312147
44285474,99.89608880466065
88075177,82.09906126228205
13117787,1333.1735203073592
14797111,163.9114651620642
28697695,162.57421368078684
34748486,1313.5512659710225
30506810,505.25887151934586
57410372,125.8065166528148
28776122,1038.0865550392011
18346451,454.6636903344336
29932007,1540.1931778365433
82654800,333.96153030851343
67038086,1809.7584576804575
95282943,93.05438553415722
90723621,1536.7811532431529
37760202,96.35742881131017
97077656,1313.6986990697167
67823833,568.0593989829567
25222231,79.21193303023499
63451552,705.1516924101833
66552053,147.9248036457644
83488554,358.2888279591388
24886655,23.616389281147832
83798512,314.41011765891835
46152763,319.5963148100128
96015866,288.721823717751
51731151,119.36696634312652
34899750,745.8160957804603
55529926,115.33313904877014
95405536,1095.6597545236561
29288544,118.6289453046641
50076589,326.192891591637
37886285,177.50525995071283
69818934,212.12953754368021
13957412,319.7385605238468
27493225,294.18509990892227
81186892,506.9421637572423
72734336,161.9458668423465
20148129,1363.5367773660982
23391747,110.38259102711459
45833590,454.85680533745824
85777842,118.45719795560292
92975129,807.8870869121301
33382289,860.2269392728756
95953281,141.8896254388754
60074802,262.8726409230418
23912733,66.03086246507289
31346779,289.74617255981417
25605125,140.32428084223938
96288207,172.2691599032122
44535745,347.6711885656928
16008313,1561.0375524735252
91365542,817.9231408781355
67385764,369.0097913959298
31465116,200.94836723299386
99474816,123.88759976220265
26141909,196.85529347825985
72548314,151.9361929676031
39043955,699.07509466362
55963655,98.10185903612289
54632315,314.8128055405689
48726285,138.28812459600692
76251227,187.66584959856297
83562410,852.8180150678578
93775374,115.94296195256369
21446329,507.5150815161815
37345001,83.95841644467691
49628614,270.1240405148566
35767914,1663.8968832265498
10876536,378.58766438860596
47339936,201.6911855024364
89347542,2164.65599037389
22457603,349.74682067246323
77199929,147.29780765662562
46378399,365.2787394111787
70602262,121.95380811198206
54666534,1869.1628257532186
56421405,555.5307902488394
97652177,165.67638655807622
15442637,125.86024403560272
92360497,111.82176351535172
16847908,868.7072929926218
14220385,450.32586663845535
25905603,168.29949629976736
58331647,93.6342841314345
22292196,749.990994917092
37237832,314.37026982370895
33009500,1688.00038814377
12533428,1812.002578646462
46939545,149.89659552139594
41868505,-27.98418749582519
75616535,687.0135334604839
73878512,409.3123664908229
67270933,124.14780118146682
98281662,155.3472038411551
66553316,385.756172655589
34303551,698.9424436425896
82645628,613.088847181894
57257821,201.81674874766773
21288888,508.24253372408214
85963653,126.69225460234162
47876249,2787.350904583722
21439489,181.32738916663286
52566254,41.22875115217633
57084214,197.73179300456292
16925768,214.40119336060994
32782035,114.53806146360971
31791186,122.77743217210985
62797819,1522.0020544701956
35384978,147.70025104505217
21945105,1318.2311391249477
81557774,207.25807170827758
85407739,126.94425962555793
86085126,131.33231440822473
95296354,513.4646056694406
90881439,134.63775141560174
30757344,397.39829418421357
48457713,162.41975399649948
89571542,323.1331745568456
94067050,32.070456835104814
48271561,973.2120712976579
69357732,103.17462487047575
86325273,179.8452076207978
18152649,363.6864225712394
33899410,141.4586427207989
22781669,95.30137456154466
17283281,364.87634403267964
51785872,1155.7074085958318
33104833,798.230480167732
91682435,68.46068193657582
70713314,183.0572472088553
13110268,395.4429878170796
34642793,1833.4866794976895
41694899,139.32878563014043
86278349,134.68709136499822
11717089,154.79707761082904
59185456,289.6692833819276
59344396,120.1847361029691
89922228,662.3380421435908
62027210,228.6461282489435
98523447,114.10772117240944
77330146,2007.9415458457902
78386939,1194.121991904214
66831282,193.7554125742933
17596778,686.0239124187754
72290481,215.80951768203116
31606355,485.5574376766822
72940683,142.39775841272268
24736121,1302.9337471969927
47814214,167.22997302296778
39410982,624.089356994254
44151940,304.25906674155755
65594908,528.362526891176
79125454,267.30118171838745
50322107,482.2905197591465
76200003,107.53598263088566
85059302,272.6575098658186
95450721,118.5984033237642
93253826,175.79090953316157
19723778,612.6832250722314
35980406,112.69621172499158
67285479,261.9174086278422
68864075,209.26162828946187
37422791,89.16365203226474
73798025,1258.2400046653052
97232135,135.96940385866336
50064513,1837.8991787398256
75638682,160.58886923000262
41937405,393.655503253556
18443662,172.30210263797915
68899727,364.22236136095637
18388313,226.46109497957977
69521945,118.05014970971064
31596715,202.7878625579427
78472605,178.45984752102584
12713963,149.06884402016
46768823,294.5246718213299
27538097,445.9127954022573
89955366,275.9342078216272
94081889,261.1632803617682
65214899,121.08668722211843
95205973,1743.391147901682
83140994,135.2445791202149
69014391,120.30139649479707
66919280,250.64570334372232
86299194,322.0420077588395
14394397,598.3598691189824
88465251,121.74408754526922
82447513,267.01546859334604
90676745,125.84921948462441
61229086,567.1502645653204
30557316,520.3908820288349
48578361,111.1119534696031
29085329,68.7804017850445
99539415,720.281941901244
33750162,416.66455705149775
51880900,152.84850770459872
81942693,920.512113145925
44828087,221.2121026553118
80752087,266.8386628555517
99218652,482.38436183120376
37433425,927.6175312409564
39115683,116.99078912571892
26601986,91.50569119674053
50469308,131.8194878478807
69872975,637.8663045687953
18483245,391.1916426744548
12588982,266.4276059274408
79454705,132.94037472879612
76523232,187.41790919390982
96131595,2064.18600701876
99680250,153.4110928440964
82622915,397.8165581971591
11290284,402.9563473689342
80057162,501.0889839117714
72165316,616.7046245425158
79751433,180.66366202624837
33215554,156.54883072760546
42852506,153.7688813607166
56093872,389.2270782800866
64167041,265.51863123911886
83380458,2777.9351187097336
32651438,67.2646611618721
38364846,25.61275008118761
74621857,104.07994048360847
62748794,127.9402732374461
71435421,102.11500005375787
76163868,1067.5907301828297
14677956,229.63416852966967
48283664,134.81617272359262
93787027,330.3728173363067
75353617,1316.4190252549527
44130726,306.808060226994
75634285,1635.2716683840697
27969925,113.74533295580065
34662422,254.7168850205851
46428766,222.6198251722829
40279741,205.71670645416768
58991338,1662.1949190387795
52295288,144.19786857653392
25429358,670.6922988639056
91223525,172.251943153234
80429592,336.1778515880409
36010937,267.0582448419931
61652867,946.0638550191493
34655678,316.3717391923349
32281319,457.1673472963486
74717544,825.3207643502943
81780208,249.7180943246837
74117270,686.6887530632814
94663011,124.9462781811445
18715534,205.19597359875132
89926226,240.97279439791964
31441075,65.02100635934897
85656066,514.8760805416346
63154501,104.14673562397108
56954947,553.0525644903026
35193891,227.0739131382583
68045567,40.339720542077615
75523548,165.3605800395187
80044768,170.06431883742877
80565568,196.34741186882587
58680458,665.238238614211
93434632,222.46335936219316
38164915,255.3761934138153
39561694,292.9645486320353
23940974,1015.0136902455539
66689621,99.38133567127281
91586014,193.75768398939582
68610549,144.16226803219007
44648566,137.88601488078893
68443861,191.50898002932982
95300751,167.86346409017318
74650313,125.08764224003399
78190939,587.93135754626
79583687,122.10977938750315
78744133,375.6956545080186
19424377,76.78076929163228
74426958,91.42950156011435
30714675,155.43048604723526
20297631,178.2375690323138
62326689,2094.94185473326
72851226,127.13709890355024
94924877,100.38435589388551
39912297,360.7109894778756
50554145,93.79733089776605
51964385,70.72958395387124
91524053,432.5099545514723
67059408,158.75425337298978
13707505,103.09740533912334
96336923,571.3094451792003
18937921,183.0373864397896
23247466,245.7386265363117
20718626,495.89570579558153
62001591,423.1368806441993
32183930,2798.641033908252
29520078,161.0993769750965
20246948,840.9003755713806
12865925,223.65770138886296
75414040,775.1227417719491
29805887,800.9947771420037
91828173,312.2148440183402
92911827,513.0553973995465
21259879,1061.3079328498102
27730704,277.60561931317335
10805384,946.2673382318989
28772124,385.8340889468787
67895243,506.7590558328407
70282510,904.7061832359828
76926492,1051.5229981021996
56029416,206.04828825491677
42166025,873.6247557230456
88855559,702.3056993915743
71679738,218.05732139549482
95011645,358.69193379656116
23391388,141.89054592745856
97276431,1004.935632333896
78499453,2084.6140283300106
50845143,118.78168688756857
63593365,32.075437722382745
44645094,369.2882906897094
92805008,176.3193089787583
95966284,81.42636377773756
86968525,62.20524395610621
35459557,145.3219677871618
16959595,130.21894178563443
66852864,1200.4872938392389
64976874,195.5291247411099
90803282,140.11985128925338
32597480,330.7240932388139
22525205,443.7020352800033
18357388,614.5861190542665
55224009,95.34504435420304
12066751,188.14964700060898
51600054,366.84256582694
33097870,1028.7330114296853
44165189,128.58899071280766
92174554,143.73577756457217
75685484,168.47414909071614
79648156,152.71017108141086
34473914,595.6652669079303
42069298,125.38032202324436
24749467,118.79435692659891
37024144,827.3247656822836
53463208,855.3326922538741
61035399,625.7319493895328
92975059,355.7905374015356
16258293,148.27308719079895
80353068,123.19073059316807
69637564,72.25579084683952
60889557,178.0118364709999
45682120,1531.2586284201896
62566155,207.56317559086906
86829598,63.86182602491389
77516810,1151.793919786052
32602883,1452.7880269896864
99658649,162.2702816838713
98115366,1589.3347890268371
40551984,187.65276890641044
89171680,138.37086744824788
78104461,321.7262850133076
80805720,141.93846446776357
44701781,101.92389439682817
32357693,640.3973561727931
16257080,635.6562126783012
63758432,1030.4773045998202
86560064,85.22051389089958
76704426,347.2074959296162
29021087,155.3354388463772
30903210,467.44920168206477
59650055,261.9780550521693
16537007,345.2353523520142
44043751,38.763002846858214
93550246,204.79784064231566
74795536,128.29128100738822
36252893,450.65194315163296
60712266,145.3406295413169
54795015,213.3389713567792
59038432,80.16390819251887
53101267,551.4985315803169
96137757,268.5853667791869
61894184,810.5201570065557
56980533,68.32130443075002
40911725,112.69839495732239
78253728,2017.9321264155699
46517280,1220.363153190305
98578100,251.13538119637835
92998542,139.0441565242178
85778453,870.2943522969473
67897199,134.10758998591822
37385434,206.50295102855267
29978687,333.06028073836615
63462293,216.72533348145816
82610119,388.20527823578516
11195863,352.9350880496468
22813157,226.23385776839922
16061850,141.5373452163202
25000757,81.59442073181769
23839386,121.18806399879774
62901003,149.0887637571451
85332734,116.68314317708287
41185457,120.81602297582802
32349244,587.4127349046112
75213525,1857.9560794662202
24267861,70.4141048433591
80759464,109.82315680367591
38052934,744.5638297942407
36983078,247.83904851199088
48438532,131.67591531631942
98811621,220.87953662917175
41602835,1594.7039225485705
79191702,-241.3410801587831
91526426,824.1197369096694
12436955,515.013305888392
35460655,133.55693294893572
24893618,255.2549126584782
12318894,113.70064234826114
75385870,191.6429530872534
24016887,496.7076485706674
93798376,245.38140279411869
10041197,416.4259131889406
44196192,273.3324960861271
34259961,1278.8846620837346
79360399,1181.9259771571967
90648365,224.68935977882097
32784142,131.73094565273308
88014206,2533.008330412231
47541115,198.98558520861286
81087277,383.0438708125184
99414879,519.3769399559544
96312378,50.74272762696024
45292998,413.41596669425144
62464969,273.76202857181875
89056154,113.91018005801655
43815757,153.87392969727566
36326737,54.838550128171576
66733240,127.56938414337053
82154113,734.9569496226375
75774127,107.79285685440755
99633023,308.32165093377466
54243966,195.72497818904063
21507777,370.25343152327326
89526022,162.61966091933277
35342783,194.2729447587217
75576574,144.16201645405357
86207238,283.4032790969998
11999604,147.09146440499254
64241630,980.9553666859812
49681885,225.9275081400727
20476163,788.47351387725
82534020,133.08027202816407
80449403,237.379508084721
91978419,781.5131874473182
13134274,73.3578639676852
30921031,225.44140855978588
35948510,248.4246232859479
37862013,1072.7406267836163
74364264,128.1810163798223
73089121,227.84443371099897
71120219,179.4421735910855
81357330,929.1095307766091
86696339,520.0283344032929
32694372,559.0054373316482
86397240,118.39803567936605
75410743,271.52487868956
54107967,76.20684264713815
53182244,121.7671724104923
84949062,131.5533004335804
17578514,95.86066926304701
66553240,186.8145392099873
78244783,337.1520117232935
85750494,246.2783800696095
26835204,134.65984067346042
25568634,176.40129734577297
62833472,293.8642494688624
89441409,89.24788432038278
30957350,126.12878067783214
83492659,569.0263651898262
14123667,183.30243121207127
81332426,102.46865760863736
75963486,1406.4321963722432
97473965,251.3451564444715
52550411,213.60254655653517
38852859,83.00733712716203
86945814,88.58603296117347
99213841,174.75795890207206
93296884,821.3519824580935
74681265,422.94189872933543
67628381,40.19397449473771
53194004,145.08917012664335
79129949,1083.1659345846049
21417992,88.24712011175849
65584374,187.72885169708195
83994457,155.491594714903
79552394,747.8284363789434
14169455,284.7941166187656
11006346,196.83150060022987
55920445,182.89231201822093
42183979,107.01506963280654
27236753,22.671741898756213
38623845,179.61342513456057
56539617,364.4745085608411
89514584,168.00600002174534
55800655,921.0596805292355
95341263,149.27016540849044
90170967,467.950681392575
25603899,851.7031621050121
80752063,286.4434585897365
74272993,207.19741273266536
83204984,376.3355956950804
56041749,171.22808201375216
99929710,197.39293769693415
24093076,1205.6825224077072
76171771,167.08704735400428
87313105,192.6729669948301
13150529,3109.287714381934
85314779,291.74685009207354
23218937,104.55542761575583
15797769,133.15555286237927
18451890,867.6680763724898
23712138,187.6973038974029
40201741,674.4920999452395
74044702,381.9308477519503
91758728,1063.195739829776
41605529,57.116130867340296
30345669,355.43778647460584
72490311,518.1648836785414
11341429,100.20414472742951
86562367,37.06406128638339
65741146,118.10308665107382
28059650,861.8132006118636
36854120,127.74865437348166
70514815,82.69316740221471
28991223,347.2532490227233
34210782,626.0603975249975
97420540,1008.5126376789408
53582966,169.9303065489544
25471995,168.8768040282971
40521306,213.9227674971927
18442744,114.04990673945163
86475933,151.14090283981966
35156621,286.76831760045934
92398280,173.7350736148328
64419847,114.99534064253916
27879667,138.19127910669823
33454324,138.4367415757659
78234554,120.29820164195787
37295459,102.72517020370523
76464828,211.28580248216772
89898019,606.8455013293443
94459827,128.41337683388315
30672049,135.2309632098566
93226295,95.06775879362003
66733496,182.13342330016653
24799537,503.74060554125487
30909458,158.08442733991282
20815913,1233.8156739293029
77231006,230.7733706006986
63770561,152.0350379443089
61281100,91.80891512057056
25443496,1213.391151807577
90941407,114.24806631359057
85217471,1315.4016060783995
11330523,170.7953592249666
60135515,162.9335069717183
96537329,721.7798962737363
89713236,295.1055935756352
87856838,535.0362673147526
68427758,115.83635617764027
35697471,142.39775893749226
30758105,190.91047684961242
66828597,456.0934827291192
64179941,118.96578604613563
57531913,139.65712613736667
82276369,277.5373730506619
33117908,229.15897577438562
23807930,366.73898187282526
58313771,73.86822923931122
86361973,493.37817360723466
54136725,607.0805823023427
80609057,90.1059555571062
23386046,60.49185628437328
88923790,421.4565320832875
50739054,1787.0130544477086
85701835,125.29218192556154
11164690,173.77676832000807
60686704,330.4429140775357
56500955,283.34231373396887
92377094,200.56668037108062
27377686,380.2227800713995
14820376,101.67646418942256
24454653,233.14722749109634
49068691,88.68467852691013
68870887,87.89158496978955
40404763,6.620149312416028
53993271,326.0185768358766
76624283,99.47887322481745
84681113,698.7690963343885
39182711,260.2789360369279
99418549,86.82053146611736
54009403,788.6047768231782
15732665,99.28483062939459
21105712,98.51582683691016
76841454,88.4304939790937
77456803,503.4416957065708
94681649,142.85777743568556
42127705,235.19509825375283
86327920,134.2223648711049
49706768,185.90893096403838
47210863,107.66208983034548
98862874,208.54866813958705
80625113,168.3658623716267
13147967,120.78964786868879
79644262,190.3022757956647
40821766,113.60496634306759
38964351,584.5971241587521
80037468,294.6246572542197
10709528,169.99042740503089
14006566,128.08006409848235
84355937,165.11208510981726
68139676,235.63943491080215
51613745,249.77175809343055
77042505,149.889058760427
35307179,161.8244831433718
43137990,763.0828977361103
60366178,479.7755553734855
28449137,487.2120864255296
54714633,685.629421615694
86469326,154.71290858907645
81392986,90.76394584760551
94816275,118.12109092568761
20992851,116.66138901607614
33220037,126.77947127757457
52922027,205.1346731230418
70522751,966.4641490423717
35179027,216.53876939483123
11006610,82.0416229080952
97027045,121.50931462160393
60842426,250.6572824149914
37962781,122.32323549624134
57446778,122.7873775606389
46803142,2257.3090563407463
96412152,349.9203299576322
41948607,220.5575353399659
30401183,324.9474425410812
82446721,602.7140688970186
98640166,120.92094693992809
16426411,165.10883771720773
40919986,421.0982971750365
34959842,19.620588462567806
76545890,527.2397119651223
38671669,401.66061038103203
74577885,616.8734944001689
77894868,117.8528944381719
44132106,472.8829271552408
13303745,227.8292104204569
82202428,166.0902310836164
69359286,75.49808579882023
49249118,651.9078932557492
65186472,216.65781500389917
86728284,653.7945577447598
89113200,364.30258989519746
64085288,168.41103650116492
83095293,168.9525873262868
55834975,451.0954649753756
12408851,183.18343586431752
45102161,195.01514359593256
21425066,266.44333314889474
49253416,123.22000935484216
91720337,778.014555791424
38125202,212.36080030836376
76716879,339.79400094206807
75093314,878.0061924499441
94720863,143.5487565439213
69306868,108.52424384994546
78783123,178.60051245473625
31503266,495.08462024678266
51221256,136.83891500559494
36978860,216.0369490026482
77102844,77.87899764745399
85218856,291.9070040472198
64674000,245.5140426356034
71928536,163.80086877361893
71632516,675.4579744450691
44645677,209.50385784635478
27089889,178.54976845004225
85001254,446.0368706027293
80789294,554.7891730216047
94921905,834.8190916341983
87557595,330.0892317003916
27812172,623.2736938339539
70326518,743.4249680377119
76820242,88.81761651505748
37798149,356.2878516037464
95689974,864.2205885550824
86698149,49.39972686420399
82332389,386.98797854341524
38769988,118.60170384064952
62104171,305.5567659003608
20008764,192.3221654680497
88250848,1132.586897138365
99989436,116.5461109558235
20654244,122.71403882450458
63645129,286.2789063480223
66237213,492.82111888540584
89366030,544.2577843872627
43885604,365.03798668327806
20777495,165.70788853537726
17630232,389.134916204097
41034819,887.5614308012028
30863558,297.48896844302
30990096,285.5332807710833
14528263,667.41857423593
38046616,1084.2020723380647
21720690,128.37499324864578
41971276,113.69853593491312
81966182,304.9819763692821
81876034,357.6365895787964
23233042,180.25780408068584
59959368,218.740089379361
25429816,417.92732286424285
40884180,260.4452006839239
88955672,972.9562921471646
43077536,169.07794595594262
22541133,741.9201277526862
98515757,130.6883908978761
96170890,170.876964039321
33994765,130.57281918669932
91089578,166.6598653344538
38840418,125.57265749891059
92439017,217.0892412724309
30192634,297.70262794416345
30769461,103.29411579216065
80205723,358.473403501824
55131937,229.12603932845605
29185681,746.040816646081
80773149,529.9092783802045
84757256,339.2930509537324
81505232,148.17314002319344
57555020,116.73710444215327
70106520,56.28102289771975
43240131,524.4049977025559
57158414,130.65035230809386
63966023,263.3230100447931
46075950,287.4962057214292
47516649,98.33182244472671
57203804,79.90736773853932
99285503,401.6404837359297
23511969,128.89472827503766
78376646,645.9491427086757
48884000,393.9187201097365
98727752,1352.84243661247
82907215,551.6954356890068
72719170,567.0744818676085
39149918,109.00310973134007
85435767,360.9001979426321
54111802,291.4413541743752
92599919,605.1886770388328
24226064,267.6406357208978
96829833,1726.914484253009
27301621,86.84335445074214
15887246,369.97070467875216
51726302,358.32187637901416
51260265,1567.631838299642
45934883,69.29142481784051
97289930,597.5590904579421
42847093,425.32398329224264
13695159,319.7403007196139
21664737,290.55431574449113
72162540,446.5203326071777
45972276,445.8021353076747
71222059,314.74574611798255
18901787,123.10764805650207
64794868,235.32875983834626
96040179,187.54055366987834
43891507,248.001618402266
94649367,308.915556845348
85490151,106.7494246327331
51948440,372.9517435530249
44237958,182.78982964469125
97658202,194.53877059092022
77699657,1138.9822200018855
23252427,741.5361851098781
10697423,325.25982080428
99095154,466.81575450677565
86344123,136.76516568324786
32740825,137.001833346668
39699187,328.6379739794444
79334316,447.6486004839305
13862142,212.01536308502463
95022546,120.44307328403542
85671131,123.67779260700335
13946093,218.7610259866304
71911642,456.68687359520885
74557358,1420.6642418942497
76424216,151.21701396128648
60569056,401.2007958083192
21429356,294.2155728497095
37147011,261.33737721248804
22363795,158.9339147458104
22711721,239.52833889753916
32781826,180.1269062065467
79919377,82.4530220341716
95950869,459.9721409555488
67975454,379.3835574202718
61846310,760.3969767343161
47190136,232.66895093330385
72140487,531.0027241705154
33356353,355.49741818514366
57558815,185.3619686108995
85765913,238.18120540438588
67405346,-23.587941607145087
47178751,255.1467112124939
92743619,393.5147295571859
67809997,836.5337325972251
95649734,133.27604640550902
35761786,60.84872713217931
20333506,321.2296366025219
39856656,567.8015922225023
80659941,110.44233816317153
72539676,319.06703291790143
34808508,204.2667172795619
18684795,1483.5214353963133
60926773,397.7328185760773
25343604,220.33019362276158
85280076,71.53218668589287
51516725,934.5044533962069
54359603,641.4635023678283
65763192,183.0724039432604
53926540,122.35943185057383
77237054,107.76872193374251
75498756,135.18193253004176
99166662,156.06763003317934
72410551,543.7412730742212
82923327,303.90813605359125
46066488,282.5194559268074
33059137,249.20071392692805
51480279,106.88167555626582
19373977,1002.1632826238301
90715980,164.9573516014046
56492794,126.80815007412838
46037369,190.01318985027186
22743995,510.59545263355216
42553042,473.09184618815345
36975311,793.4012521031169
75351486,94.75442137398126
30981897,929.2387878562027
35580501,52.26519053245415
40483549,409.570897331642
64819235,115.86369837838714
26688957,265.65546311090503
94904538,156.64548637199863
46754012,157.78188689673277
36796857,136.20946685884627
28461943,94.70314467530186
14026453,281.1645603111913
69053024,123.52410752796416
32733126,387.5477570964001
40931025,116.06110984234621
19427950,102.90694057250387
84597120,714.2571740096391
18811334,77.75268222190347
78324699,1798.1678534348061
77953974,92.7762286894386
27862041,198.02483107483124
37247191,249.50014622208067
25562317,58.30546371915307
73172608,285.65917180133005
33104896,219.70328293399135
82319650,174.6512879825589
21799452,144.76559379939272
64888946,87.66074271003441
97264595,244.67362881429364
10429454,77.67340272398773
61575325,450.80239130738886
56897257,124.1875716576964
37059519,421.7674676948629
52110520,462.69664726219236
81197632,200.9640993289643
78041929,227.5503671598865
62481600,83.74065768199178
79068390,218.8231496705934
35652591,122.89799496556537
39694436,373.02552542446165
95898355,527.9083736650198
80006639,88.75925436460811
53958546,3108.482409154075
58986255,262.5736554014008
35034634,238.75356343013377
21845497,252.87012120952105
40578913,255.66989436784814
52684708,229.83602882086367
89834641,79.82120385388308
65511611,964.6925513740439
65731676,268.32307301162916
83770991,870.5494595955879
56280602,505.98822719511173
44140498,193.8748662973228
52748496,112.00802647544502
76136540,121.34479967483911
35483441,120.94129407676493
25193108,263.76970221101215
27434478,91.27422866245223
84357441,811.2996266042419
70840263,98.0667334993206
45633382,127.42145286310061
68317032,129.05346940251474
73465107,240.07082310826377
24929921,552.2113528102428
87300428,233.73148611901925
69871020,133.25036727088815
23755175,315.95905016813253
91971062,252.0383868237808
74483617,139.38309824568995
89642342,141.72990666048815
33276861,177.58581080610074
18861332,159.51131676598257
77211245,235.72445584763332
52041127,203.7715100348726
95864050,385.8261416192622
82528777,151.54478838953494
62702832,240.11255624659134
24146181,188.73462815432958
90263367,124.40167100077223
47033948,137.95844664182707
97856612,170.80841619880778
73014333,2220.7285205905864
46731094,319.75279541752485
15781171,433.73405549943544
51156245,179.24835330697698
85958922,157.19854893794934
52550761,106.57822819281346
15567593,214.07503545097546
50279318,3447.1224490138543
88796422,123.87557537927665
66724358,145.9952826541803
51443999,210.97862149525184
32661637,121.53829121743081
12999579,325.46502742030935
32460111,128.45350771593013
70354263,83.61372951239916
99768418,98.08579187294171
93597400,141.2959439587358
42968448,169.95135658990293
11447851,765.6732985250817
76146411,303.3195959828568
86917958,2122.844335626705
57526187,81.65411333190927
71062405,233.65901016557717
72847399,570.3268233235395
54891075,112.42952112877508
89841901,146.0758063463004
90056417,846.4802814342355
77892346,267.8414048609569
31627402,72.92881105225985
78864638,182.95640805110096
16022883,189.89341347647908
21980955,175.30183267496588
98291218,124.37595245355314
37406677,162.2280304906617
73253470,163.44842216517742
80239984,2189.584287200916
60323265,27.636573746671953
93655248,158.56077240566054
58796215,70.52662870424184
94203496,90.978212410927
89472702,154.3747363636548
29142290,127.02617450742044
71021568,288.4356276987788
69197364,382.73905006696117
67499939,360.5313475597038
51780875,139.94309280587817
46941857,312.6796256812307
57911836,2153.7735712834397
38559875,133.88111368377983
81398050,97.18189884507744
75334315,107.69058358344952
59308610,198.79443951267763
16247087,429.0327129058747
43247285,1021.8502153779373
45215633,1524.8631783285064
40481058,444.51627028664217
40365284,545.4638117393063
92836079,1268.2338937475772
70303716,388.916137738725
81749724,75.86774800792668
41853820,778.3083429751246
81440480,126.01165706410474
84996580,224.70790593003073
35919442,869.125476418518
19046260,60.27759946061791
90423631,334.7441420508158
92961031,115.02429708417108
89855372,119.9707098214987
77816576,126.33560014233065
12194715,167.38176721368444
20115124,635.7191540004538
73703358,246.03159679663688
89792966,92.34975568407165
43706254,97.67723528440023
70266281,94.94817362002728
78529732,178.43376396851443
31638825,114.20234821121103
58167471,162.95419744856503
93767960,104.45289327841402
55879589,373.3209425727266
67388602,449.8167718071273
86008328,322.7474942623082
53844650,153.06575627632773
86660948,231.0288942764503
39941650,118.03944434737937
44395757,260.9942160562334
81989533,252.967664686207
46504700,118.43021904475046
39402032,113.12030833351577
85919943,220.39877841919827
80733130,271.44320922620494
25189661,258.10913922628527
14623666,268.23155937293734
70848155,214.98734699149222
68571484,1052.5295444675241
51228995,1433.633260769115
49683485,672.0213731089215
56036763,1685.867631893849
32459332,80.39111703616659
10860915,186.76846979650637
43696664,128.19262347917427
87941364,211.56853377146078
76183083,143.84766873800982
20966309,308.3303362914586
37699108,203.91203414670696
55952526,146.5457972777668
15616438,114.6688266443966
86514240,612.7921205747523
92945955,187.27014660195113
63145934,358.8732254799157
58853662,816.2916135617342
79304271,309.4491046808749
24276255,592.962049675785
43245413,564.1181884015667
59024690,715.1644261147677
13551336,110.2342013245546
44848614,81.58900299000538
61087377,86.72808428974123
11885900,305.32513976048614
92535927,163.07648082062755
21708152,94.70886559652291
45352808,260.46907315271113
75624156,527.1384111671935
32001265,205.0908242041248
20413825,454.81114517037076
40305802,170.33921205414714
61861688,2718.3971042196713
33441351,131.57090584946067
30365812,120.3575642870406
43625038,109.51932059422289
40659534,92.71579118718785
72885406,103.0575119646021
55817366,205.9499618656704
78604997,204.7688461262162
14364198,145.393813978049
70814486,76.26287925389961
71030650,41.85311388514606
93257457,170.8816138768302
65515227,100.63171791180163
23048185,1109.9266749705641
64021401,188.76259475563262
81601136,148.5187326459939
60464050,37.26954192820627
62126832,236.6281692952099
76122802,138.44779817020296
68619547,422.95256636363746
69931017,211.30200958122518
52039321,727.47056488019
96748453,2046.1771064707673
40650345,1227.0189257617726
94190496,370.65833750301937
40034795,161.06256951126971
16725203,199.2713623268654
37869032,760.5791224435577
87784983,745.2279186176002
67445694,129.75110316706002
44138052,115.87064972341581
56359862,150.69314604639155
27113776,166.9564670386758
73853459,-35.72168499412266
76284169,270.2915073444886
42581373,1223.3510516696083
74617250,336.3109429805003
29606632,150.36931154597875
22328059,363.58220256222376
94596005,1068.6989495873258
73640300,227.40039907212977
52511016,1102.156890511726
63643579,131.98260564848908
73979691,571.6927315887166
76806109,203.51565122257304
67084872,621.948341108393
94616960,106.50278764957767
44018639,333.18069270457187
10369424,260.7706886516663
19417264,156.07309098437838
77137301,152.16623368942365
33598935,69.98593095800129
81379316,521.2093032061146
67627945,237.76762831643725
74067952,845.4444989019166
54161507,160.5119521134818
55930611,116.69428664800287
64919315,556.6628795260845
92109871,176.64157238952063
88653847,289.63618107506727
50331596,656.9366103333572
68139580,1453.2380005968023
80241693,159.19480875967483
74034028,7.37826472296415
22712040,494.29497454324013
18212521,446.8960242247183
60434302,88.84693758558821
45427525,181.28329031209003
95853311,148.49551355269097
70857259,181.4210897107239
81477083,100.11025431725285
27723524,173.53640432001262
25206032,2353.107024301807
12102381,247.85085059433965
72428170,364.5922333697798
27672042,494.83461652170524
77000429,251.31816323113225
95589605,73.76364580194759
44647376,107.7038651889995
21338536,144.14715578291376
13820529,125.33674052545915
24568041,424.3936792628154
90117191,817.2031359396273
45800664,84.26579867111926
13557339,491.57707153948604
19087413,677.6855035478352
11616417,1382.5685656774326
22015830,484.3205661299209
42617304,185.92083248992557
72598754,253.32607140228455
34839793,348.4708079048163
77660297,157.69231711757524
13706769,139.2260916821969
71694094,263.7439142673293
26712974,127.2597004942688
11161484,206.937856765203
92404281,448.89030385939145
29267516,106.86640905810667
44574998,101.00699509462014
66291057,292.1908445518669
13701175,104.2259397610856
24177160,169.39355773376278
81405301,634.6178204221919
11589439,161.08734814780124
17537269,200.9389042548886
98168887,497.37679237736984
57508409,169.52056989332476
83408387,612.8024010472978
43301435,503.10090669757705
49258344,288.99788898787386
98631322,150.58487340498584
69659096,167.00587214221923
99106028,185.73385265526326
37856658,114.35748923265443
42881579,119.95733410248376
77859891,193.85072725081622
81041727,183.69245171195524
47217829,389.6837182133015
53083229,300.8744554516444
79619006,296.1469684106318
87897995,64.80557125424623
17964917,661.7890017209133
80568888,241.8690830084392
43042929,151.4747976730969
62796073,164.6755469539049
61083401,151.4372210374634
14141477,142.8290102740165
68306110,104.63017580924806
43708354,147.85803943953147
73883907,175.85729992273863
75966104,154.43595921361236
55672599,109.85833113909239
14917596,281.44210496436233
65294870,109.65420235150994
14049454,81.5425628563494
93295381,549.9266484155215
27730907,1498.7692674948844
52543486,229.9142952399101
79427440,99.58677586564333
46627987,85.7102203660295
63096372,613.7603588904689
21047227,102.10780817738893
94588817,253.5941423912832
82925355,364.4907048063101
20239710,160.25815502857046
66560522,124.61598920368331
34394729,203.64885581803793
74199492,173.98863068267116
59577067,26.390009733347945
69919638,1117.8090022529843
46718033,824.3348664689678
84917912,142.4529048455271
31599665,168.70262485881247
39056365,177.38300905183903
48895978,106.63642105474712
47094246,966.4219855381216
19549587,493.1592980760878
18563899,97.42619236084454
81642903,140.11409903766332
12095543,572.003521703525
67140026,149.63363615076253
11054636,460.7330945019537
21698635,158.93295882534818
23623849,381.0037441241578
71392936,106.20236396763687
83425325,673.339891958194
14553390,101.50216773429496
70274030,507.4650173962174
19402442,142.58101768980424
11041677,63.658904822624244
77513563,127.91529218269444
87335721,440.2587593791543
17466406,94.58493301042739
11267365,154.49972124134064
89144675,172.48285678763537
89338457,193.54688409010348
87803439,353.6025911974516
20104582,220.5575251700783
95781089,118.14487839561934
66358482,114.05835694017739
62863016,282.636968001235
92557337,900.0965155151785
10876766,474.5076566014682
70473205,262.59001879586407
87569671,1571.7766779977242
61139578,103.14967034665247
53121878,161.33762577070715
15430462,199.09429068680708
67332796,530.8665012150302
75641163,278.8067706282028
23552924,1487.5007270249546
56332291,157.99320603899855
83472051,178.50654546820536
73213649,287.0902165415819
47802315,518.1753881864294
42459098,198.35665678925255
59654537,489.2654558286151
49312825,447.74394763408776
80983900,126.76379592393273
58178507,1162.8834547948036
50382416,147.74650979218802
66073034,207.70940817793715
43848284,224.4539406969257
85092410,103.68622526298715
22321014,355.61618710627243
31162245,194.5162224703295
26802981,478.42514210854074
89737386,94.09739304132916
22704344,144.58900260603133
56000373,101.13028985818072
96310766,151.17294755003593
70324095,99.94953808949731
86441629,164.14327869682455
12514793,1256.744700712083
89583392,209.39643622363744
36498032,745.878346178009
22072881,119.17286853813013
23992589,138.1652457219172
25380807,169.8471573545472
30026993,128.857305104496
65742850,104.10704593420088
33236806,204.7771855918217
64518820,268.18698457723775
42371713,114.46018080623674
47924596,226.2012442459515
55469978,262.9454504908494
29356220,421.47565208637747
98913649,640.1583436043095
22201860,138.94519396204805
17005574,358.05701461024245
61767605,1085.8600168635678
63003964,4140.991604381337
52904792,84.49869356538495
87014699,668.5361258737922
60476269,817.5082948524963
23374773,297.4652831524922
12887652,82.55835728253037
11366466,106.90941761017284
62053080,27.635445293320334
21354279,261.5391457616749
58635346,341.43230775288004
57475663,316.35573869650756
44627129,246.34096556304308
29419543,893.291798375737
47538164,319.76959049366184
19854086,121.99192956670221
63381374,74.24756998442898
55348437,135.30971412087482
80254443,867.805276412927
23105559,209.06276969385502
25129271,50.77003654658241
40257293,250.15807222582896
63509506,847.5384571068605
45432136,427.86086053286874
19785631,105.87879508238565
22859019,366.399064459676
36147504,153.11672740592138
54449509,303.6993468782672
81205631,430.87431044834506
98103632,155.97339736320492
32691265,149.23871859068655
72768344,2000.4613231114947
51890279,154.3893617295197
48043615,132.1878221972969
25374441,141.6911224533159
59962384,1132.2289351373101
28910995,566.9078757688818
13141234,125.9633415748627
50747063,193.0920755446199
55252279,96.87304830877706
52007426,614.3396524649792
30847276,131.09024555238145
62106368,148.47935567986778
60214573,471.3131247629274
40002314,1714.170632922239
32428356,210.2460360127656
53658343,591.8491482642814
29161839,141.72401288634117
46396012,139.4799371553459
62360708,234.76108412585566
43297939,98.61644030837373
12562149,159.35556110058147
36028116,264.29008409437574
87330286,447.2497520501712
88119407,239.0854614239654
26750897,384.1951365359825
49969361,107.30650476750122
97204974,89.2113909275511
99702598,185.6761222991057
52763802,-27.380454776903388
68901809,173.35156041094123
39208673,389.00054928328035
54033485,115.23913680500682
54497531,192.9354663161835
53990991,850.2415851970768
84489537,217.295734295683
35670801,557.0522592992678
78791350,259.8605407532262
20845184,1118.4959022230146
13555027,217.69406543097483
37646059,144.9320239047311
76127874,153.182573958298
92134461,454.0836718099959
35770374,150.34449021224646
71020209,499.66276669103485
34171582,378.62261667208503
50654248,466.33578587694075
42458567,256.75030913742694
19190057,2288.511318878786
54080489,174.43634642104928
68542535,44.81920143535707
45210646,174.22724675974126
59714270,143.83565442585012
88185676,302.3297177429679
71490260,113.05304715969075
30639393,167.76263496818308
82576353,203.60794847060833
24335906,774.571541885756
21049647,259.87453911838173
13781432,107.30137414471675
86079138,66.09018754524854
40000990,1152.4407086598255
73775201,219.96009584588563
35148701,1203.6605873840597
81596880,85.51175906590093
94320273,215.09654556847923
36438421,156.3568531169441
53057217,375.1038820377986
25248077,533.3312717858975
73038169,255.4548970545473
73258090,289.9139350269076
87336796,1564.6709574295464
78963426,79.51422556907627
12232405,254.88045018818775
86811261,111.76300606433057
43165541,228.50445725737774
83018865,573.5456842058297
37762842,229.31333370602906
65591705,161.0327549983199
67890361,131.35920715909657
94753186,130.04936168825998
93051402,440.79067896539794
18623638,575.6861544774482
35256497,104.98705710898514
79246585,294.4997409198358
23762226,169.53258130140273
67287814,136.56104635248866
78864148,869.3143190408172
30658878,110.54740668801843
97960066,135.35199735833072
19914732,245.08934650404117
23619037,142.472200093673
27095793,157.92961423981578
83667300,600.6735008484644
76686009,319.13744491026347
79911388,220.99778199379188
36038618,142.0594583857778
91489166,236.04978167897326
64088644,230.12483958430832
10087238,111.30803864362593
68403788,248.61895208138725
95817054,190.7047292862666
57182933,1593.2572991452844
83941537,67.21275722008795
86909159,711.6648596817749
45478492,583.7608316161278
84142111,391.85983808387016
45223652,1218.8495437193208
15651868,366.0701454604523
48952352,568.3034776952925
53380245,152.1497133290304
56211427,361.52087610423115
66961588,374.24890020232885
38567012,469.0032409595855
74938615,117.95379670120406
81147200,767.5411965383308
74772897,229.48601324029795
80316029,179.7830507373194
76791795,195.95906419557346
95549661,155.74565664253893
91524955,262.75428438449666
93849275,115.48425395620788
61885188,105.4397926956762
17120455,831.471876469201
71403569,664.5919750382536
57944962,166.06348503328852
72483844,210.6719510661225
45141218,553.5046403303218
47525065,505.02831422833873
24379765,501.01378257270306
91215387,135.7693887585229
39945150,317.435847842274
25481926,322.30073055970746
72167432,315.96434492206777
15652519,368.2945968529065
58079379,118.18759508756877
81779274,129.22447411660022
11313638,1444.4322311266803
82915596,391.92077855619266
12551058,480.5298060378953
69374139,388.66307294706746
27490970,35.680943957125706
28663701,352.04368941366295
51901697,128.282596489522
19964529,891.6332934312002
14203976,413.9487870503491
86724526,177.17697661388146
46513661,218.31651142545874
42464585,331.267766668448
14360059,1100.4589826839986
72181637,419.07594249967025
78956787,629.5945590799992
30264496,274.7300439332305
77227528,642.8427867936263
50534372,80.58343316292653
12187853,283.31056451886553
97814800,79.62124108267717
49704538,502.01878880547076
31844965,1283.8313205799082
89449307,159.5759222470204
72286626,795.7881213649799
90641879,126.01968742124996
39977212,246.25244636854964
56406335,146.7628911379206
46671061,316.20657051028246
21883230,224.6687306377708
57754484,224.08288477380017
96138639,117.39017126234735
48581654,174.19921091152383
15477564,125.52101496339995
18367532,455.40175432814374
57040971,124.0125949156898
24677280,92.30821980449255
38279741,147.97101162949988
39630161,384.1193964530023
94354941,133.66980252343185
73739305,637.7788379958081
36839896,99.49331813041027
60950133,2893.86510387013
34560824,144.55834204927723
89848060,637.1546085321943
21727334,453.41777450563956
96402755,208.96956923896488
99203156,547.4905367612107
69252455,1775.0755820228658
86645439,89.00879206506771
83677892,215.71423291007642
22897635,212.94253031967676
45288708,1237.3310701284688
59969436,69.8312594334283
94774349,117.19153169981585
16886474,1623.3840086105893
44198009,378.5859645462803
64700341,823.5342333889722
64505698,800.9138483631583
77323444,408.658373348943
27706778,4117.318787113484
59628829,430.10526673300586
55365465,256.7774446651386
69970571,1430.9518398438054
94271260,265.50217677629036
52700573,1448.1134684398946
45014443,171.820162933005
71021280,126.45769962922185
51886091,281.15689448988076
91170937,111.1574802175627
92081846,114.24951028586348
95719079,20.727344588632757
12428005,189.134641804248
38292857,1225.043175173336
75786036,1141.4693981524185
76868352,209.28582616902497
61787836,496.1153551758052
92993294,178.92642883660423
23885591,343.5231154895519
40800066,151.45476271996108
56146741,65.4935650930084
49447892,120.87892592821683
52965378,99.97323627517078
93685952,115.32118450924486
89649731,159.63255874600253
47102704,196.2884208107519
52908918,122.59204527072883
77943419,1415.255033528487
92500699,657.0254470253099
51420779,1592.9877508552822
72830394,122.85508723222426
72781023,163.49517916557514
16161212,311.51799840221116
73724856,920.7324979352794
76991618,792.0408305932852
95797758,290.29054848656983
82786703,268.1443724394297
77183119,151.3914242061796
56026782,231.87794869773535
16589083,119.10634400782126
47749953,276.73291149924427
27187508,666.6598509103399
51723171,141.96906859590908
56627258,131.3900861406751
75635227,704.5989224065104
57547046,161.5425832815393
36631973,169.89440394838294
17463415,84.96537541026869
26674861,157.4522291479247
56995341,61.94978131082491
26126144,198.86678412946736
58450363,122.51807924500564
89312269,74.2814285094352
16817991,153.90962955521755
84965319,611.8905968599628
43319013,1034.8896123345792
44400321,224.33957769409355
80024230,582.0905259833061
74521218,1451.4843897612113
44832141,118.99475820900632
70162625,92.83684527848746
43589357,253.95977397174823
14100726,118.95631567783708
36520084,286.2219445679759
98999098,109.26507545313015
14148442,106.26794289160236
90033275,180.65560479626515
19819492,200.5566763423301
94929441,1355.7169997428612
64769677,311.24101497913347
80605119,258.0074501863476
61896581,117.92026793412847
25053770,164.40093329401228
74893395,107.94587320623287
53560531,1502.4867672210403
89710260,179.7539492045801
93875018,465.40072540226106
64766158,1128.353077335154
54305179,204.29767123088166
30403292,218.99298661248287
60767564,116.59492211162714
35303188,498.3107874588743
21177257,305.1432750268791
15350431,74.98269331969118
19112314,275.873792823138
10078818,109.59983422953594
23150338,359.8923398188632
47635759,379.7714228795816
30605686,210.22388666450448
29709781,261.36177545058774
13735642,346.5921729085391
99020214,98.01510866837009
28873624,688.8576137871589
70890497,1638.9675842785384
99675492,184.67954969931074
62216584,181.27748182051045
84668724,987.2540873990303
88738488,394.8090539446715
35683009,1839.8798241647135
72816721,197.55627788921126
19163259,193.35539517232704
51202613,646.637353072367
56056704,112.53557915868988
49879334,104.61291066764812
16786843,240.48867924509872
47533115,108.76708856107982
22109413,1163.7332536144927
85518746,137.63875782134846
93362991,108.45443117629848
16124077,106.75551937743434
76182432,107.1718933314387
26790843,301.3043779481682
89672220,81.05565612450117
12756298,1595.2233975559034
16926806,212.6090793031394
14000956,97.75027846334253
36806959,117.96124143340491
87017954,56.88812649580401
43944283,491.3977903272162
44101724,129.0452934692498
67316534,640.9818954839338
88490548,333.41615782669953
88665651,302.45630796500507
83830852,244.78698124187446
35512699,191.66639819725165
49228670,117.5354996330789
47172196,400.05960367045805
86195285,257.26688589965056
61100752,86.43683318960511
23609539,475.4706865277629
95881788,428.2319051302266
44925764,393.79428310341285
83971268,116.55124958842674
17370699,393.7717904552705
76384877,325.15218939066034
93972349,122.70430716013354
64752973,103.43791290946409
22747583,1174.1467962216323
38304968,65.4928181468296
10235307,141.00033835802756
25779125,115.26406383096044
12843653,1446.1914477312573
78094768,131.2093398787805
10635284,120.17420333229867
13687234,115.87991261600946
53936042,145.66401773518012
82732686,223.51260497612944
96543781,105.52027265140639
82228529,269.680836391989
12775154,143.49108364427332
55255907,156.93676050416573
32916130,133.16291938140947
18504284,1103.0360677151102
65825890,139.82589727482423
33391713,539.9429289887692
93331533,1067.7899925360166
89345152,485.9638185275068
46576484,304.2218945052638
33320733,36.28514766277108
10724817,959.7750344547472
41244276,119.64084185197717
39841607,278.1452668434254
59463885,620.9463060587498
61317492,1618.4352743429229
33725830,328.38737309058627
15316450,189.28897458292028
53318939,114.76827940082441
82300735,52.77733916210215
44927585,297.60600022870284
80951510,171.4949393706652
51421456,260.40212795836453
67936055,975.9578172266355
48065777,29.341806419005994
56103730,258.36241623097203
40566531,543.2251931311624
61129612,265.8804309276589
72015593,294.6192411970544
73826407,116.09988258062006
88021730,113.96095086619037
85653819,135.5370449130976
45194339,110.8787582080795
91086895,196.2633381181594
51919540,185.46809665701934
23157322,1763.5439380837204
51628095,475.1901165026788
96537190,89.28061504121352
53402735,574.8457375565991
36360155,131.95363728862998
37694507,155.29969651731022
83593533,293.8003108968088
24284452,521.597491233728
21000889,134.2562407600952
18518898,128.86749838691722
11533995,151.07008974829824
91728492,475.5473818304597
32889326,197.7975124308835
16392740,812.8463488172054
93954664,753.8336029787602
40527969,357.7152253367151
13359501,102.90801219699796
54613106,1502.0790052252396
89494294,70.76681360865533
43243456,109.47578643015673
49320975,1953.4393127851458
66824387,158.08649590746492
13395531,595.3308812544121
84702746,156.01133768630086
46376987,204.6571738801337
16949551,553.2879244352458
76113598,667.2804499740238
88051686,247.6471553437505
21575972,1786.708080680192
25797068,1033.1322303433892
46519671,344.74276266936226
62958708,126.46943197907335
41163598,1313.0343758932538
90108134,411.9766077656807
40305514,156.6150449858973
28323820,227.0692196647565
36148206,77.8582023820204
41903222,460.14984447687266
34111269,134.55227917364743
22460898,1215.0160414415843
87095926,317.16409277733936
99063606,832.7349221786152
41090287,628.8546588466891
76553835,487.0661393796366
40520930,867.2827505951735
72499276,106.42406855712164
40722377,140.16626728074803
23596828,120.49037876119603
94118199,905.3078956892688
54177823,214.8972879857352
32744353,1985.2382874350933
83540534,897.3324641704569
60135160,944.6060305446758
32215997,772.2526952805956
60591783,214.64240638902407
75534413,202.70324493442567
74381587,229.2586977360156
83928867,222.45792991228598
31779925,107.53435548786476
71389415,450.1495169995256
36657020,85.77488016272204
52833217,188.59967110215874
43206206,321.45968270919354
21701449,323.179151295819
38073031,382.64522905815943
34369333,166.27062579004294
92620587,129.94145474905028
11512547,3355.7947067861332
81501365,187.73190613554286
91014044,273.6861022802003
90225400,380.8217294060504
77353219,787.4595783033392
55291546,498.9583834929287
22923482,64.59454256287201
14288303,703.6993595211034
55909136,863.4222558194898
41957261,153.46232731810176
17675131,143.86775740216794
13490253,94.91862962694331
79023756,268.06591325334193
98393510,1061.2840282509023
36169986,130.59643056367
98879925,196.68613808979194
64713126,325.99137139111895
54807445,301.71960515787225
76751871,196.28836744084802
98441518,316.07299893289377
54149693,407.2186495239456
42794612,115.64019410796739
76036112,408.3338059352528
14657728,459.5789746456863
73292737,1574.3496900707848
37897222,788.9586529199305
24707301,617.863957611215
54570938,1685.7492023049592
47969890,130.85003577358478
86391847,-40.167968555557835
43251995,316.0729922009501
61789630,183.3373689604485
12601759,281.6691018409148
86045386,128.22558357934176
67870680,480.5687033950944
92603070,140.76878100326098
45118743,374.33838769217596
40352166,446.1068016722603
96817260,731.0789363450274
70031890,1369.2851151544116
18280163,781.7744775874231
84418154,1504.546542918227
50657043,86.526878965185
24196657,202.95237492017174
30339428,116.99194526605761
97021401,426.1318666773748
35926246,224.44211797295335
78296017,122.0101327826551
91378970,200.89238472429645
80348783,386.52370855187786
90424864,193.15945620501955
65449342,151.85343228649967
50552285,472.6962438056782
96371635,387.87237338584464
72833770,322.44648930784524
94834332,1125.1907493856372
34291304,1358.6637295644127
61020465,146.68900098232137
58556746,429.01417493355615
39138083,395.9114579812353
25334186,110.6608951261127
34764813,125.76500655191343
37404139,183.49551861023824
44171473,403.22188004688496
32137098,124.05058720551084
72644851,1033.83409011713
57301182,121.24544292427022
68777856,184.3826043859511
46687209,83.58009693041507
69167315,465.9390541019717
82057134,465.72825778810784
28611499,180.4189558665104
73817431,294.95900936132153
66885663,1377.5460448519937
81244724,1214.1909995992223
17815149,239.06848749538844
76792976,175.12410261075166
32232188,819.8900143836536
32884692,186.7937376659575
51904668,106.99615746349936
54177086,1704.172228019265
79785130,69.00517851867612
24791309,68.51360532207204
79748184,118.3148988718546
71076766,652.5469593017959
91713473,123.47555756189718
21889636,135.19518344171343
88684450,131.04973667653633
13868166,397.35446346152094
72609306,117.72635432238825
40230821,652.6979790597622
65326864,115.17908529202472
47873334,124.0064230545285
38502225,22.896529533526916
78086792,432.1630110755554
19000370,614.7842386982805
18794356,807.5566143376903
15695931,292.2433287793113
69820899,254.64366394918724
42730808,167.94770639026243
55693372,258.7240006361919
39793167,517.304549412158
42174587,412.77888732551406
17562701,126.19535191781841
75887228,2560.996518553483
86381737,251.56627762037812
50478816,179.7792071837829
59640073,-14.06529970127461
76678970,661.5788182662635
23159711,119.51942272887511
74146213,157.1995172588185
73679527,1334.7687740393628
83678670,216.81322204335106
82153168,900.0260703905311
81585077,65.686550683833
51172809,494.1901231788836
93348209,155.80395832921297
40526730,156.09750961302126
35477741,186.61617831518157
26904107,216.17547142808283
98083773,122.89902330698224
62394914,382.2299509080334
38403298,273.4776567878859
19395977,109.62828358345725
28561023,1874.215164451485
45885910,176.28387845505048
95086890,234.55636454346842
19776574,98.40288921087948
60586201,72.57419827135962
89147481,703.2885773957173
47209892,291.3987552577114
47476854,215.82590014807266
60953282,257.18583869996496
72001460,336.52658653466096
22546493,134.77940821656668
48912589,487.1012686320275
37241017,112.21909433835984
40152795,247.8870732173462
45771924,306.4556769494809
70307319,276.8965512069598
42825484,102.0705893323345
32535623,454.1428560964396
54789245,102.39961003223104
72682970,289.0314190394364
51218700,656.6989747330132
16039328,128.00037899501396
44678506,612.9255411368702
59530373,254.8316698681162
81467001,145.87919354806127
50258434,1038.7492195824652
27681355,96.10312057271395
69431073,584.95846140373
93968709,528.7417679351848
56478207,83.78817689443652
19466001,711.5458186701442
45204787,247.91827397992284
44120969,281.02202104443455
11347094,100.57466387993546
33817003,527.4852433724707
84812841,183.46502243981243
82947487,125.18302187080825
22317982,207.86840571738043
95086863,74.92540187120656
73084974,293.67616189959017
96665202,865.9674304618716
52954565,416.0295689089068
22781049,157.7970623807305
39742164,78.61798227775036
20712973,129.2315136005152
76124953,131.7947671475909
53726970,91.13944041375717
30895251,232.13489558349508
87940348,327.7094315718735
95321478,353.8082532692148
41613207,127.52920138520791
64780104,988.3526466763456
72574405,193.19161005229364
87909513,100.73143712283716
80918662,108.00131874124666
50842195,121.32274432873015
37167999,368.5108997922695
56430683,247.8394577551962
62519911,724.6025675231209
29251792,83.2616056163609
85925973,114.49676812604953
34644536,209.8353786051935
39276706,29.76008189836677
81892516,101.61458644322879
30222761,976.6418593114323
10422044,595.7485226912648
28074362,959.504743582958
64967123,121.94167040253626
38282963,169.0154561401812
76769818,153.45617540075432
81835353,569.1104133762996
34737343,1534.4420334033089
51032996,121.0115298965587
32565254,504.5927120472134
51764743,217.8921611573109
92831396,34.203608002672944
84077215,114.75392561652325
77480283,809.8387502715757
52724196,59.789788574996216
78039908,251.71746069304837
46605850,1815.7478680260897
61041851,94.41280139417405
10551671,255.62035616218313
84956232,287.91652484070863
93609795,687.7490823922175
63261476,257.6223165186827
78773692,383.770312429651
41527728,1846.9074437107304
86838609,104.55770233334812
46835475,116.65873611693128
23285553,517.3253494047691
83082562,254.18793934778083
33889237,444.14075273081147
46836989,191.7000891301672
42683388,1911.7831284583215
15212938,73.3602429740665
63857629,117.14449786795183
71736760,365.3973381856086
41166882,234.15348442009386
88287708,285.7807167231542
68218612,1124.7951222141521
34505104,297.3400514671992
50756606,270.18773690709514
40004505,118.60892000093045
89798576,285.9641473809507
43860123,487.8221162271826
93655218,326.29774292080083
71051446,599.5974523177197
93380848,607.3010767488232
27980449,206.35248114990713
57084880,245.74403214383221
46438239,136.09744198970867
30942515,195.71405487816298
19590564,248.27003272546787
83623165,131.8761435104022
76716085,70.33797113543172
60666996,96.8684276717057
78361983,288.98538532106176
72701952,355.36300673140784
74922910,98.70549482256783
63759907,161.26494684371573
68856134,145.34469611791968
79795778,168.9183550791332
97178936,872.552469575103
56185778,184.06632648477355
48290079,518.5590511018776
29392023,885.8662811082373
54780943,75.22867935804028
97751068,50.04971102613223
69746506,211.30118548916568
55371174,347.75314479043084
67781652,116.58864952017471
78245291,130.4401460346606
64158812,325.68982216591746
60974365,220.23087873022837
12800790,238.9141770550851
96154030,970.3484954507512
98482327,221.28321168483416
17464700,363.76335593379304
56270967,613.2376065371532
46584495,142.0043728194396
72785702,177.10686463301786
41281460,179.22579579950678
80424496,1559.6248947115987
18835766,180.5972479640508
87502261,120.80669570717767
96135205,100.72485595218922
26258289,122.97445787387691
75302604,670.0074861668179
98645752,152.553869991694
58643859,815.1409202714834
90141148,402.4351257114253
52181895,128.4090214162522
16710404,108.78971216296388
26056734,1408.628893890612
39602380,769.9765570830485
66983144,759.8803751129859
52507579,830.8398892763927
97432890,192.92428592868123
85547503,299.27574809396197
63906202,382.65232019477986
84599750,120.25553372983548
84325254,112.06681471530335
39975048,448.20884677153157
81574706,405.6912509424892
30468791,457.26212910434293
97533812,107.77265129890867
18711694,105.03083422797378
51787778,1531.804433483459
61409887,119.51811774699854
22014620,156.4455594665059
38836545,83.54487091701576
87391833,3.7027994682623224
69117778,91.0964723931555
68122788,318.21257277068383
51241051,258.10184065165265
87186215,151.5462195929045
84468326,709.9861814625929
86410473,2026.2379777982462
56236242,167.13718530267448
59626902,642.6599921784991
66112801,51.773590926522616
84626603,53.951610230393385
68630773,672.8928233891664
33563434,1495.457856455849
52975992,540.1057566313021
26817104,258.198493760112
19501484,502.6318978014236
62595745,583.622830080133
41563117,172.83667696251024
52796320,155.58922464159016
21489695,260.33025340515394
56658010,264.5296159454686
91048109,440.20288922949464
68814610,2.839008513815277
47089966,1368.666879242278
79261064,119.76161354658173
43267298,125.31927226234531
35491922,148.80865768953913
91103900,164.94206978983723
81885878,282.86206570387554
10004659,133.58347162377135
49810234,60.2170984817714
65062190,131.1069132973222
57566037,991.4058881208699
55754004,812.931930700927
99179360,317.0396395665038
67491962,142.21702887688124
55660033,255.72321513774898
96584547,139.59734705596043
36088377,109.97893510215142
97242422,90.39112370427517
12109366,166.56094186114026
57248099,751.3004589394978
46843789,729.3246801451832
15574311,180.05239073075933
39119987,796.3550490874475
95964371,191.93991442794737
93965777,453.1390021274145
32720737,206.71802613896614
38011636,53.27759496193491
28738450,121.24459444166051
82845868,171.4961905630618
92357814,898.9261157487924
94273774,219.85320092719883
86770972,468.9431079028421
95965665,534.6181670386247
80658412,213.02145203295478
11188732,100.57723731238814
78466957,115.03753034986191
77853776,86.06027342786173
81589793,883.336642176578
49765777,129.46234875497177
88579415,453.8406820224396
65011154,84.64232141516155
32352609,279.28976063221575
25644810,263.47109376968365
36867135,159.74138912913705
88848522,301.99002048297586
54293859,360.55840060489163
33019527,216.10734855425662
46924492,187.89083184348394
19488750,164.94806708548086
94594464,115.61575241345832
73247876,104.02046732833321
71373451,653.4991632599148
27655514,134.9166414121211
94112335,122.08429765926539
79135715,272.3525915855556
69231521,229.72919274969615
11994136,435.69028464604145
27288623,555.2797532194888
88123955,163.23248411696906
10000265,316.25547079777084
79772833,159.7002009886805
93882232,1090.1001791630658
32109681,113.39559452032492
65404136,139.55630758560503
33831079,557.6237721266423
71847266,396.15076559945135
81003839,678.1306931779712
19285579,120.73272619422777
51911514,-22.24957841986512
55539434,2497.193519883342
44536751,182.0330682966774
70028057,112.09266572957374
86860126,524.4196615071507
64254454,208.9435341800998
98284782,174.80191168640357
34610652,197.2251122565865
75568847,485.697036791029
65674652,106.26847839926415
55019276,533.9222843228457
55592552,548.7384187492261
94267636,88.49375651132388
69222634,130.5876276727848
85591369,633.6152251195136
43835656,132.9836493416259
87803052,741.2473857942778
26232040,220.58233610367526
91061668,168.79414151125243
30001734,320.6486736183352
64074995,761.5155735718164
98892450,190.32003922923712
30473837,174.02662529874453
95158643,120.81313493343454
42377220,189.06436064236513
64814717,257.1355676642566
30148862,1118.6450294076412
62010302,172.57911034286744
99477712,285.8638438279201
70875105,832.3791544811689
20465640,556.0950691706673
27850961,181.6341683327244
44835254,833.9936574388915
37634561,163.70328794831423
46702648,265.8577208567926
86839823,336.73344101833374
67985741,1487.8716885754495
27791703,108.82702798054483
27289673,1138.6668689746048
47043760,113.71979813968824
54808934,85.3137091858874
98155995,338.7940124995333
69341643,205.01399422871793
19401682,243.14721240097472
97496254,148.7475972598527
26009392,133.96976883012437
76357312,577.5926765477049
60644292,164.65457351912224
92095667,110.9610772256029
16021125,249.67902399129065
52662306,99.63026626582422
22527415,388.6943211656405
11178457,293.95507618487807
19452873,561.5683969679171
89463603,135.1984193460517
55778959,125.8952447607844
45079947,116.54614355018906
71913651,412.4034432723478
26030335,229.6342219246132
18887144,467.1782346508637
67192573,325.11470780076706
93955593,841.4037490930239
51025425,103.2016270726126
59882564,225.76370595266894
39586553,488.6591247401572
10235871,144.3244049564037
44636319,52.916161017254744
37290007,563.8085772124703
14108687,361.87485731243635
34932666,118.2809247467336
80941617,581.0793803100084
54682782,73.33316288625133
89652985,98.12968421363469
13137515,84.80775799171442
69623259,138.72359094058902
58672181,160.03758816114438
19145583,145.43472028888988
15756823,103.24819631401917
48404289,229.21595146670134
81082424,811.5712696014954
73224913,298.8436012102599
75845341,114.37941174828214
98474913,130.54394526580026
41962691,175.87712623679843
48961741,179.76018586680814
87593653,145.91334044920106
84917993,124.59106196481292
24081947,421.3199565697674
54462462,292.43135122122254
51963469,1143.8204328840498
94467679,191.89459895023566
31642363,691.194669591428
66097711,147.92407615291543
12884742,114.49506174359495
94999391,99.78777917813494
44605879,656.5447875857623
35787017,354.4507268613979
45450960,444.93052288237357
95291199,209.60740645447078
96016558,1624.2598231741185
84566828,135.67161545346679
47412693,163.1820499504749
49029700,29.730898604487386
60010012,-5.220608777913903
75883768,110.65358112599677
26202342,382.4976540469881
42317663,157.4307729491913
81534336,505.69032359110207
89007837,141.50839333459302
55830410,299.0125179027647
42889086,314.12812638493364
81610198,295.0921670864009
17452253,119.43833459403295
71203731,123.0833510937399
80449971,1332.5383502593108
69429731,200.06831182848032
54605956,214.66200000451877
34299688,452.40346187160986
87819668,715.1517890579779
35995429,160.54913818218247
79395935,155.3917501404168
77309412,313.8775298078047
43863935,439.5135424289309
25184246,288.70460533979644
36615071,320.6189420469799
38474717,276.5734176501922
93825316,255.639282747626
33683398,80.71802925751139
69346242,310.8675049095907
59095929,340.2434391985479
87118088,811.8191613401301
45924958,351.07914726828255
78591323,143.56596155047802
37759814,1224.9767391635824
79378632,89.82936018206406
74799649,179.31471497164458
53222755,130.20752355036618
36749663,263.44745664992917
48476133,104.5281661212695
49028666,940.0929892708685
74177764,144.80400477481922
14771208,88.55928370166836
53613430,291.207151027537
58749152,158.53327196991046
32751897,104.83400206425041
26470651,108.96383940511814
35002941,207.47606564256424
18541890,211.38720696921598
57596711,900.0547520365773
24072464,144.83508223658228
31435093,2093.0600942430347
30602585,139.6089488051071
75360000,249.7593517999098
46273615,214.32935006315867
95181699,127.59323873757504
91310621,211.65012432866652
82017783,95.89873745729854
70908643,2707.2314677131326
15861638,131.12384000403353
50835625,126.61984801250195
28964861,852.0062911579597
29864397,1275.031997610305
12057084,366.33129402518495
28334945,188.8640544992837
60084019,273.789129463812
63996133,108.08598175164015
24215888,368.39730564808895
73974645,472.1206107668793
75072747,117.79199005173969
45633768,422.10244509698083
35646913,594.8791131519692
53661067,209.37039318230953
78907585,239.72822420050443
76922109,357.9581705198168
62248680,183.1677467201129
73320273,256.5368933414189
22179940,141.82474131709532
26991418,181.31270461225398
21855522,202.5394663113803
55265808,427.04736752620056
58224140,273.18246794926506
19913819,120.86681491452448
90275479,128.37268063698394
97988475,139.71946775779242
83636674,432.84487588472837
19875524,701.0921903326168
90421480,139.8305469292785
81793670,286.64031204255133
85521270,1583.5654777202217
97359529,69.34575203887653
91814930,699.8020412808203
39016297,167.9242000448413
94156929,170.31375634168072
45023538,148.42042665077176
58269517,97.16176538201654
35694304,1144.6362914565098
64951262,383.0465026343854
95920942,121.77753015378937
41847450,1065.8463794267502
15255858,110.19006292205114
95924527,74.11330018615239
12518283,526.7889406365153
99811369,94.89654149027193
59569343,73.3689228433501
47206769,110.78981732797648
51079651,86.30761810833528
23194465,555.8860783644069
83356805,378.81103726196176
26586384,52.19579379007929
55548495,123.33747659652029
86324071,-4.355700390115853
75101749,81.04999830267771
16463144,118.41365609212717
19396787,145.79253178316137
33279246,298.7261944193059
49233593,178.32125421498705
48210075,180.22027604379377
55054820,308.5127087294833
96257897,454.2566236198218
51430742,732.9201742113783
83437485,134.47390726979324
50578351,324.78798795658975
97275251,316.878927756116
16222585,200.77164819098343
39525336,293.8327140010589
78481250,289.0658280767082
90967247,197.69635290317044
84855982,99.99321079767903
57782649,108.20863097775465
77997002,1163.8382244078903
36215630,245.15320039506
95580912,93.81006847242234
59034107,179.54665278860585
74775777,107.13421055836598
39971311,1122.0521735727286
89020638,247.40757080734926
51169286,162.5752500292013
99644215,156.15874413924232
90744203,115.09620005444387
96320211,786.5448042627152
36465697,227.10642418651074
86214609,383.8604407394161
81033519,222.32519727375006
61860616,-183.592084055479
11758072,868.6251170645705
72796099,231.42593486524498
12154166,438.6316078685466
48588483,273.98289572325234
75800458,168.3695084151394
27360889,100.53448371895773
84455620,624.6586612999629
94594944,752.2798822593288
73063439,254.6742721016085
81513909,426.5811349284342
76078349,98.08974402372583
18738053,159.93845440241267
29574045,303.5015467016858
80540560,90.34006745433166
25751173,134.29194219798444
26008933,1749.0660429834466
99638568,579.181184722689
16106243,524.6829192962144
46712863,182.07201191535287
62434322,92.73478706299336
41483187,764.2511002659576
56776930,277.3377295448519
79612305,128.6697051922048
64780825,147.3205863383077
45536007,67.95807339203763
46661025,2321.139459740976
77061678,249.89172507178841
60393588,849.1689017588325
63346660,345.46430036625804
27845955,234.6257108072958
55504400,461.2161340961129
29005367,232.92518094343825
22069246,145.8006056112416
84008491,461.4517691421295
17133631,432.50062093110256
84832150,77.57319182835754
45723864,445.4483120970185
43493787,784.8873504071486
66097518,753.5005742305555
70168465,167.97566586058102
94063743,197.10005739818934
14576418,641.7721243836329
67277120,224.64108488121093
94345958,119.49719314654017
30685847,131.51166926562917
85948230,185.9924594691311
89817663,92.77150344402807
32957921,759.5612857919672
46701128,340.0208243301808
70035645,168.6917140907024
60395047,876.422673211529
88839252,1068.0121198682225
84131490,175.397182386969
75586325,130.32882296977243
80103534,260.8831378198309
43032685,237.45277176693955
15972126,104.75322805641979
41404247,337.1333646148917
38893753,349.62230092410664
73633779,1210.7401955635012
35904393,38.65347141246447
24714022,519.183302905962
19048345,1772.299070806946
47004008,117.73885801426388
94742593,624.2271912868505
75269823,830.2003983921433
25552669,127.91662955527534
51828771,213.70164557208946
70179002,2665.5229480777907
38115411,105.29828920160776
40317565,227.5417582786323
21110207,364.2082121567095
84762082,239.11224403997826
48690899,739.9026011523831
76594160,174.32728662336305
54192522,281.9833612310119
72813893,104.02327159730268
21004583,193.69811919286136
64817154,199.88498419318046
42706195,143.0337840052464
48103074,475.41184845309454
21878260,1253.4539177731647
36272220,97.5413229408346
13817497,979.1409760284619
41737305,955.261719841274
45517239,326.772928519818
89500514,815.3933606002133
35952974,277.0547732197671
79180368,387.4989350717961
49972479,436.31822854910564
16468436,92.8032441747548
66415757,117.34988897662808
60737619,512.9955129019802
61065232,129.79793310447795
40172654,64.05776764402249
89609665,115.98300617522784
23952725,104.83903425303764
72896307,132.5057747542346
43835334,156.12246925042984
15170417,245.58716413024626
67479665,430.3366898343875
33361674,100.33248282915329
44130617,331.5179627039216
51579953,159.92361362565515
75908580,234.01495131231857
55554604,48.59536363921223
78855633,114.78182523519177
16657542,701.9953284291596
54732615,524.7396044082424
61746292,369.17140136098425
57869356,281.6576733461965
29926611,279.9260730912198
75275045,198.6865308376161
47886535,181.28477427935482
44918482,307.5392616104914
78968246,369.5494435086228
54136456,412.68554346106947
90807736,269.1892326745015
60276696,283.76219475491393
82048962,149.20035112789515
92669446,151.46665869238717
48680297,97.9338937988518
20902349,166.97315458246823
56991657,196.48089786355837
47839152,105.56452055753363
78844128,192.9634966412884
13384224,620.2683739473877
46213331,122.99626644075917
34116626,187.31426944029084
13884884,120.634077746749
86060261,443.7874542227214
33698474,110.44386716447299
65729973,122.9909571674503
10671871,796.1356318582497
35704807,119.22608634081637
55231783,114.70373757516728
62208192,1255.0156295010295
67563103,322.5286078125073
72548470,318.62687622901495
35725437,812.4123474009947
91119982,301.95926048364475
58303560,384.3032669201348
48430844,129.10065861715339
17825416,430.6987096065963
97821966,101.31558700954078
76538437,1030.7270450349465
46855429,230.53899268533544
70135617,298.84228502220185
68330883,446.8731810183989
82205109,1558.2181372039936
47743752,60.48947401844721
55059767,652.2138025963153
88243398,878.854290166643
44699350,399.37253393848124
35330178,365.37233486982757
25203468,121.53026222840641
40479165,54.88843403359661
10947997,140.8119740961527
76351104,537.6323385394937
11445786,240.1612778251577
49470754,167.12935220158627
25466549,113.12856144203758
68081302,164.9124819648945
66965573,106.5601953964867
91230160,189.91630631502377
44322697,194.78028407776648
17542284,185.09249708165828
43035885,110.23167556554
73926094,296.60796456001077
64948505,397.51437224996096
78950808,387.6146638081096
38422125,352.97860120466675
70854487,244.15547772278768
96303461,704.0461115556491
46698218,110.14305637156656
42918073,121.15240637221552
60976113,204.3450089950712
80414616,111.90283174610339
11919826,573.959265560973
78548658,665.5621587453718
21857739,115.77990865736695
29877271,1085.2663084948617
12698388,462.06958527044753
11871707,788.6129972684749
80819542,138.1989705956174
95941128,115.09117939617234
15401105,162.81216770644144
32754426,248.33142294164918
69235267,140.41435003831913
71590075,627.8757700055415
93562904,236.7676896668335
48418506,210.2301272683309
91190923,552.9457313042848
33120061,1307.2949678084183
79992717,232.3744011432902
57263719,265.6712663953683
97902872,865.9269467541012
11659952,101.28833262029514
19463140,119.28902623477336
32523829,2165.2380170149063
91862885,523.7197814369509
72799092,511.10787345082036
53477503,199.23441445113133
66993460,145.69401798916738
13665562,380.5264517378802
80709687,698.6701739957545
40330962,272.9739264206518
42684844,219.42164390940775
27675885,123.6691832931952
38250322,476.30057404808025
63478776,101.56465590337464
62285686,161.87675969937578
97553472,696.6054087573483
64732641,39.76034518745736
10341748,65.93653907022725
34930451,251.3182243599613
53726168,674.8052656006712
69426758,119.26652660588192
90029637,303.807867728826
94611401,1189.841969897427
31394855,114.47770958759203
36645175,125.00572926570835
56281801,513.5715023739111
12148162,209.22073277278074
18771087,130.5567967895519
15509457,420.5770758784805
58811830,170.03485067763188
73003066,89.4015595530244
34190353,222.82554528620832
70731913,365.75239228764207
55320872,993.8621961182805
41886703,166.4329987838604
16884593,120.50920173471243
90415325,1021.9350087822422
28408198,88.85469672102329
65914001,369.0523056347462
75122895,133.28534501016196
80177938,1337.7592083934953
37984269,341.1136182447013
81491790,226.93457025960424
37294085,143.97908569070464
23335477,107.56371198693616
74996570,161.76099590291005
11602841,1263.7637414688616
70152712,2752.038734941797
37504288,100.50832044556516
76619689,132.2576052119572
95075447,512.344294857347
62779399,817.3691921143645
66278648,305.65959221325744
18002070,95.0411523929744
94135062,471.9384031113726
74396322,339.8913442507503
97169764,2724.992040423852
84630384,189.27242186136095
46052909,1255.1779130600623
60213474,266.40088641643837
33797784,95.46574446082208
59759309,400.87042285223356
47001738,168.5551567408091
76899861,101.6166493063279
54444766,1927.442937997325
26850612,808.6702180090564
22468145,241.01048266449385
39243645,201.78905669021447
35759583,130.68713039491078
92468992,90.39087291705721
68717112,450.986926221269
47344834,305.6185994220244
52115284,259.9701432432801
21042322,86.60065112896824
79258805,1589.5011047840162
51304748,411.95573489927847
23253686,131.4654758384304
43275074,194.17630727356212
81602713,105.4493458250538
60924053,957.9596534439268
50363853,97.52328437173378
28412591,129.2204595381756
65145713,123.99440357277648
47077663,1086.4113495937147
58136966,131.98006210683775
67034290,125.71532338411426
72057747,225.17913933219154
78034116,124.1425103993932
99365155,527.5056849143957
56151729,284.511055139456
68997667,207.10829564265148
46532370,209.3674482131717
43276809,246.34087095826874
70460118,269.2508648257736
66150334,623.1669767880577
92614050,401.702847711629
69313526,174.19770841234595
70949373,953.7317120241457
98595102,151.28594997872702
57731071,125.25440893075643
58855043,143.61175169494453
45456441,65.2340020316461
39733268,160.15061053618652
71064725,125.66695772668857
29668017,221.23277469183512
94555207,482.423582130501
60811404,1148.432751613405
53154973,122.08030341209269
79534885,151.85011444461992
82049293,704.3673318856651
19578533,99.9177761350202
66374977,67.08289190731196
16850211,62.72447072548578
98217866,84.57969786630494
33773989,1525.1610847546126
14998381,444.3610291214426
92421507,140.13246663735617
66591282,141.59466159531198
27243576,103.59977203016818
58962954,52.47240384707488
62891715,138.930642207411
40256776,94.35656355186697
92014626,1997.6036255499696
68868046,159.2308877402113
47811896,587.8506707398609
86438296,292.48434323134984
10421272,293.5970889086671
56519274,127.52937267812452
84854339,123.99962881029366
95049673,234.1610195604824
65578696,206.3654385966003
85747970,142.93115590495694
69874974,889.6224354448653
34594425,126.21955754618025
14874183,382.36967443938005
91643227,121.79110252070605
94998930,671.0494610622469
25184219,13.86011260193053
78637662,1341.5543543116282
40102355,733.9557430033902
33004293,150.0173300705813
85498300,1479.1799126838246
37721019,162.67281766393924
78482421,314.2982778684406
81912650,183.14769502854057
86410146,195.2684653036415
69095320,205.61977240395177
56569332,97.03842270794985
97340317,71.23468823262706
37533494,130.51090672380954
55430447,95.05728990525758
45610406,98.1151831721926
64085140,977.7102048502665
81416250,2675.094683787267
70034683,249.12940498306972
40315264,112.73865559844809
73160601,562.3737528315165
54677638,257.2628611707059
90571590,374.6670851820873
84772888,99.2947686104168
90285847,335.12025908582666
80203339,95.11526866775989
73536003,141.30352409923913
56021479,270.03813229301227
10526589,788.6622507596351
23648848,153.95251317919477
27805990,122.43755273702298
46740683,111.62149759718766
66243364,249.95761618183607
88626421,101.89676792801015
81009655,22.87991869536193
47576712,206.67196341054233
73803450,625.4172000689036
47427075,144.08254054312044
72540520,162.347773487189
55407503,117.83355695823805
49275948,1117.1825214028233
74312584,70.36373706959239
84174297,250.4101212739889
96261162,88.300615684298
22879870,891.7928758659759
13933179,207.0428554440915
20116066,105.7950560498028
38689361,113.0870794204131
63156536,296.93687845328617
95340838,370.20317182949185
75352375,163.71742269908617
48265534,439.71104176612846
74912030,189.21428662094542
70071430,1691.2956294444398
87025516,94.06084608608987
52784904,367.16874310684324
96281041,210.30169872101376
60302206,1402.6030265028976
88862209,180.8859085063469
66359731,1463.310782187471
56582999,136.49691301565136
78391067,66.32407125416663
84566381,353.7176145290406
15548328,208.99274865685527
49432086,181.09723131889302
49054075,116.50191136198015
71689174,72.68478506936374
64196832,190.39136749139962
85965917,314.20046544531743
30935690,851.1878655026213
55460540,111.40479057884478
89457485,71.49918738100268
10188743,126.57201401357497
58823191,309.0240634908508
20643935,247.34006103859036
40325735,120.94050417530059
91136520,145.6142147296327
32259671,122.53406549265813
26400774,550.1145192435255
28057887,2179.13713215886
82844555,93.09061744002732
51111773,262.6962290202537
42987529,189.37622530990683
62978911,123.47444839864707
11881525,554.7866864452178
86857890,253.72493756626233
79797628,113.88202758139661
80357222,260.548488521759
35431033,170.97880683034083
99201502,137.9315829334422
90452446,505.1845236742339
18670977,341.6833245339484
66979442,134.9690406639378
93738605,179.00064262551348
29213200,256.26792273932404
31107212,127.41946707085857
91594833,152.81659944918275
82943336,118.85592254946683
68443662,137.79175857210177
93641230,374.1133804691543
50244475,673.1685642122857
87626955,1504.9041757052366
51387553,534.0314342829665
71504785,295.30253962723515
58768482,189.61565118113944
47301702,55.230437554538284
46285200,363.1780455511596
27113638,174.77735875856573
63361835,136.06607228735916
42709073,129.23196753746254
87920715,1164.436653161708
59996173,88.42406037403667
97865712,118.0718703282666
76462362,1613.8034748288228
38643308,152.8834313888659
62694540,102.35071164231316
62141335,97.29474098772081
34503041,66.88359422938186
11311229,433.54750305012465
51623206,198.9743757486589
28560163,173.4991821944463
94388349,1216.9173515068737
86256710,101.11050306515521
61215694,90.119405501613
80946911,123.28646946353128
35537651,562.1344331969638
66755381,230.18197094010608
73455092,396.6016281383348
34041393,259.4025123179348
30484078,1986.15507820071
62329986,208.2490006720777
62897188,708.2873509938545
51881772,563.228832758313
94211751,95.47548230107584
61613645,113.39830167668552
71479652,327.12061740848003
85310501,416.3017390314417
23110318,87.34156983163496
82884759,246.84044391103248
51095836,121.40286566607399
52772048,190.50824701954284
17245854,3.888073921176809
96708865,366.7857001942049
67276218,515.9817319634293
89528454,114.14159463573486
73044839,327.81745675270366
92820854,116.8749569478267
81415527,54.291615552994614
54704500,102.88135685782638
62696690,320.2505302872079
43848311,265.6759585316196
30447397,116.24847672780861
96343937,138.43727342379975
19151468,876.1411982565885
75047192,137.21105673316333
29891460,77.93452637415214
47625277,265.5196903977903
57930980,203.40096239845997
48354539,86.69410518569589
27628114,220.24303230478546
32690361,95.37218240244452
93744019,98.98408640444592
99861438,161.65934481036558
30181088,286.2568014457337
31181640,220.21029259050394
44766788,132.51911115835136
65594080,383.2205623714102
22508377,135.00913643586406
97181173,318.6896783080598
17420303,152.86136876236912
67800143,513.2730442037144
33454469,313.1432824968561
30418520,414.6767115963217
89752463,195.85675559756496
55142148,131.6438132075089
20848293,76.57699989597656
12617495,376.76574380579643
20378275,267.13329888763843
37172337,326.05708379151685
21839038,986.1441920575044
66993155,103.56268910362398
41249770,106.55762683623804
80181790,749.5512892151385
36248478,623.5647794916351
99097401,143.27285894867924
16998435,210.99969564697324
28345246,460.86770454739946
97230601,332.07822382319915
67442292,106.46224124424491
54477624,-31.682444846591345
22866548,173.59412144454993
86504569,158.4234446419078
81257074,527.6854110067956
53101206,153.94308640051946
77626907,144.05087663781566
15402267,114.34181790502295
66190974,152.36565046183645
85276459,209.3953316175525
61882567,89.22555819033744
67503548,348.3252469544038
80801220,141.02946366921856
45827465,128.974563131846
13145303,366.7911570152675
92842662,365.7015691028652
73150077,386.12331389140263
10904048,93.56991261583771
89655386,1800.3117629736107
91827598,106.47839301093471
36736446,239.70753944261457
73791907,310.95035291975495
93237533,994.2831568083728
29020722,573.7860465911407
31344857,120.48232058164626
67961594,102.90876830740655
82896045,1335.9179258514894
79782925,87.57323257539522
65627534,86.51118148943496
51055429,740.2032882350509
24073352,236.81155320439308
63468697,484.74790553751757
69815836,105.78764957991791
94658489,244.80291162548318
89803063,3162.8813206447203
41826065,147.73166998770057
95957321,2442.5740017211733
72164672,116.73611471864376
88171071,436.64713303558045
47273090,124.11717918809755
19574799,96.63681502738451
74042503,1348.8546402286718
73199665,122.6287423709362
32553552,120.83810977912246
99007181,747.23367335834
86459252,206.4910100746551
33160158,3140.4132567090574
89403244,127.64591928256827
83607429,1177.328781013269
54979491,123.20484563968299
34711897,163.16071845714262
76049090,125.61963526329782
38209438,437.1438725985817
43607471,151.77138982276753
37603490,860.7590667499927
28133465,1103.3127629904009
66543688,124.8137634133962
13310180,1375.005639649808
70639698,161.69625395760886
31227382,207.95266416097496
27953042,74.34154911810059
62042217,165.56748067442135
91860613,243.1694582305325
55497701,335.0516664627205
20529003,570.4194254418481
95270433,494.7052250549057
99713042,279.6047065599401
78850782,405.3822429391191
57339822,569.0597785999872
89910926,188.98537232255586
22738331,827.1202405273409
29399410,87.23901730510441
48960030,103.00115318843793
23209349,380.3750058962962
40869262,3669.355068947708
13469481,1101.440252843567
37901584,124.29834292637332
15827667,281.45303867096646
36279211,3491.8087816576967
60254169,117.6785573243856
15666676,437.0677315680515
83527323,166.25013819678043
38323312,359.44287875348334
16145827,191.94555346838058
25816799,145.70281872247693
31540608,516.2103628521913
78332853,114.2552389299867
50241601,255.74379591669722
59793938,480.1312958488273
99765396,327.675978323331
22142241,147.96281034275398
28238312,120.68254834798985
56677251,195.31101742255447
79286536,1126.5637032848076
20049898,791.6314183250169
79883465,893.1992995036378
64419086,134.42514516796845
35428504,327.1851757034865
83636473,123.34076732211123
91911110,271.54182145913506
94747885,570.5703657603804
77052407,271.2611007288764
89274668,105.98874604797194
65429257,179.8138070704407
18949424,131.58683929438658
78354959,192.82610451048413
38613499,142.71781681252423
99410878,961.3022934285111
17066881,201.65458810487263
84559340,54.53422602721304
45796615,1050.8506935922403
18650747,189.37091673846822
87098836,447.23138800690487
18956602,156.8780086644626
49896714,2098.284315724009
51066559,238.00328671402642
72393934,384.9040517433937
63389143,464.2138331902254
35204339,223.2489043672909
51345357,114.97451037936345
46322354,150.29673936167623
33951394,463.77500321797174
41031096,160.6869304314001
42228451,125.59634922779003
41161057,115.84681479851592
98892524,89.34596612822665
19811103,129.23344699034817
65448488,165.00955580549643
32428376,483.91197639893323
85323274,517.0005514449546
92258087,104.8118828883096
79217297,212.69028570690477
11989719,89.4594969674335
28471365,149.4014342196069
34542074,144.9986211524253
29164293,263.2413993149532
84304086,827.5537045216398
31817572,147.42932208020852
77771839,2824.640959535308
14239440,454.4000561692004
46882099,129.32699424398027
38983396,434.7888324483138
31683463,596.7457172451014
78092716,504.13094930657303
42013895,226.5497800289168
65197071,110.07148914670931
64495960,365.0566715757652
68745703,147.173662219728
51390927,162.72979991142503
94850983,112.45063635900847
24328415,307.4900329188424
85572847,1418.1023277744296
42303463,631.6608317056315
48215084,768.555420955111
35427122,474.689354936526
62307341,155.51592668247838
63212299,134.4476549015645
97856687,645.8571767668385
35540248,115.84226288024713
41303810,209.8819035099632
72749855,221.15314535341136
21620577,132.53806008691865
33846878,307.5168413935855
72596574,150.27765354862396
85230815,218.0269458926821
72103187,143.65842941549312
39368813,133.63352623179608
77055150,180.3158360522054
61280124,73.4055337264939
88442406,643.051548941091
34283144,340.3491544825073
20283328,213.10538667034686
15081148,92.49867830949027
30803223,64.07231585496868
95977285,230.26415057576776
73578397,140.9328748935946
23548274,257.25896314339104
70020229,196.82737181286478
13657037,433.13245898698807
62209540,155.23564028529879
69122837,224.43600252703305
56882140,1158.028209424708
31090970,291.4216374612453
18895583,284.76443083165736
56220075,523.1643109383675
81883128,359.67955700808716
85178304,524.8248821333553
44572294,386.1758756434693
69139777,231.2240228561267
77682175,251.1749919032849
98697835,114.59499438495347
82862062,1351.252603132316
63154444,452.1631267683052
36052607,224.49840891756145
80221636,82.50026159493437
14612606,682.3143666190891
22793087,1115.032690005019
27221763,190.09852703189773
85356281,1655.4193980264363
72870330,85.69148753323002
21631750,189.76302946506723
65662420,146.72928618847334
94704718,111.82021970319458
68031612,165.91147868328434
23780065,1251.9692581764184
76854946,54.48910439761942
65320814,307.0298755685002
98544588,567.8184911282734
66236365,122.03156756980252
33614608,264.74987608433753
41538321,177.5536191179511
52604597,129.63567614442232
51929168,198.15324581154263
34989178,111.6040301821033
17968995,200.06219723674883
17104507,376.20612728224256
31799006,229.49080677961567
80534303,115.0696931311234
39486975,81.68525057664522
70473933,2498.9646868230348
39315812,137.89478384699623
32664756,216.677506083923
40582877,254.29760755996372
14853484,281.3135821059064
72018275,64.10723496688483
85501233,289.55642517898167
62857702,58.01644161819255
37589957,886.1478770775769
75861106,371.436813506157
82048801,300.43899161325436
41226392,164.23710157055538
43191623,2189.375983738681
98896014,138.45472000240537
39009427,144.96656560076886
67635937,234.77614444476853
93989030,2925.262647800944
58213050,119.82579321165483
39089500,95.78399466150566
48099206,192.84249315259706
65115683,198.79818979423294
19072238,144.39149683110884
50691779,161.61002452469063
74240054,406.20391646847094
57606331,451.7355158999816
50124096,116.89393351924856
50596395,211.63182166675074
96230340,83.37309076960301
73626141,90.43065674037841
12420303,125.89483938757934
64008469,1440.1983006115972
44066450,110.71858996000239
27734466,891.838572670989
30219489,197.4569065569816
43296487,515.1194800024404
22060633,1208.867892494335
23197881,283.84620247347664
65499520,114.84381630164546
42012431,439.36973739863606
42076492,112.30529043173296
92931745,421.63901962349274
47924563,145.24578960324894
17036042,458.908647021195
79903869,92.40397396450875
27876581,144.80693876723083
10911722,64.37434737034242
21207465,156.92962500067543
90406241,184.42196000898775
92048586,115.75628248621892
72112785,172.79649383270302
10881048,258.80564841575705
71511312,342.0276205893431
42854203,427.60415620522093
23271785,844.5484804211927
92261360,662.1024066688615
14679655,24.732493455632245
90532154,122.64258533739759
32402071,266.62761172990474
90864060,476.442368826298
27274358,65.92025882455528
26334631,122.79143951143162
39224642,131.11584007075828
19272671,337.0524457492447
77841869,589.8529461731704
27204546,1403.517215742081
12405459,243.9611077201823
23265034,525.7663833301509
97633242,1351.723818384909
15746059,339.40970304316045
91462754,246.51083361515725
71359730,117.00947431495078
61463575,1434.264410926281
66429439,170.36187679363144
63351764,252.56041976831258
96265907,147.94148799143323
87085441,616.5657490946079
53920662,231.61288197743625
67679919,217.27676893510355
96779897,119.43992036978335
27837717,115.47964442428702
37035368,404.13132538432535
26123523,302.00182765550045
79652243,220.37127610440982
91451403,415.2427748196027
29758902,153.28836740541664
47019965,245.3665048610671
14375753,953.3667203697025
85119076,1199.7248216917026
58032446,240.52378317659338
58129049,594.4363425617137
89574518,336.98759984488555
61206117,87.7514928869266
30554474,278.90402674029025
65452020,202.28128998847785
97089415,514.1038742294163
75395475,81.86780375273986
58881030,1234.7407064787396
49402947,128.4803203982953
68947111,155.60179898953626
48259609,1603.8417021302143
46561397,38.25895448181036
99687364,143.067821528874
91051315,239.17721465889818
88446486,318.486764965439
57583992,115.32983970401487
50054814,150.50325712293628
42048168,2405.3122326334706
49480319,250.24161369926358
72653841,127.09423827172483
93923592,134.95788529988596
60863343,533.6621248774446
64544903,1041.624837051084
13683649,224.2475440295347
35441685,214.10291571044954
52702103,252.9811103658082
33316809,751.9885531277657
99319395,1445.9423823885395
42958811,351.9795466225539
79034999,146.33212879439964
76692806,393.1419993400468
12247918,72.26101830057331
82872484,168.4997741054111
74712172,486.58484402760735
40198101,149.6023684941295
21709825,431.4082240729653
56134477,1085.0609467334468
64741940,405.94268595384517
20094279,149.81797994045496
86415472,117.76782022580345
71923505,156.12125617339817
86463105,134.48541939414665
27182144,115.48792018107477
78605487,216.76044314816167
61339703,126.17657722055768
19457777,119.90330598662835
14282521,185.97834801933527
53055745,123.2360929970103
64045100,163.4599365346791
67336212,191.3245838964203
30110453,120.5286598892221
84766140,118.69307074374022
37132913,187.71529305926984
37337576,2014.2708666476894
81785280,802.6572614063309
33749639,154.39285038623728
65293655,229.4421396638731
99472212,761.2885573089852
78611736,82.817809404543
34109955,499.24403778189924
85732620,372.34687495346276
22271257,137.35088639858967
17111467,97.28542359590068
87529909,141.39740821219982
80109140,836.8132843058379
74139761,79.22065772888861
46468468,1219.664245506819
11871024,394.61419383346436
38948416,2287.3237863423055
79710564,792.9344140388577
76775271,119.7117039597359
39022631,489.81893385616183
90991831,701.3441463646716
89162323,237.4123129950759
23588134,521.2888999293926
97925196,917.9340067436301
73394555,596.1305370212497
81939394,154.53236852006572
34503849,630.6869563141508
97624284,1993.948765121261
83688015,185.61280696790817
26753007,121.64417349673877
87953339,25.24152392836743
63187534,709.3266242444455
67816850,487.05306836291766
58193423,489.14712689103493
63256520,108.05433478511966
14482256,227.72591170590454
70047018,148.64375262187156
25694473,175.7856643117129
18876734,137.6217452760037
24815106,855.7224828160319
32093953,101.81311839238784
21672606,311.4887431348693
51265019,114.8536695836636
46633682,616.8790870030559
99505720,268.1904898998418
72684116,312.2827861574481
73603518,154.13957180433368
42812113,1169.5442957280939
91497924,168.42086263573606
94645725,115.97412416278848
83011406,750.2070218683839
40459671,270.6988375868165
28128683,508.38257893880206
89799485,194.69129330156522
78077056,531.1100693126937
60018274,208.92672845633015
63035070,303.77802560948595
50452662,105.85623153493928
90748238,167.3329281146291
19626211,119.11484179112149
76831160,60.907674265101804
64430456,145.36590996547844
21788725,143.59767040715772
62692428,542.4000240380262
44601450,108.9615143396973
84918858,2596.4627425985964
60654538,130.47189121387072
33549671,43.130214110631385
96482407,162.50218001672766
38139452,224.49698610901865
25148521,108.3430149617018
39090111,836.6809945924003
37364225,90.39516028505861
79808740,121.22965720159984
54570288,120.92365135731178
81519320,187.18843930782467
61290981,114.62847053929981
82595740,582.5278213458624
99018938,169.7109630157101
84429722,269.2552429651858
70463415,137.9755154255932
13251670,151.58545041179994
63915791,84.40301916427602
37156544,178.82309680236955
19087720,149.5494890253023
15777066,321.4766328215761
88419707,183.44640156879979
48515636,143.33039092573856
88810042,110.83904070909026
55078871,22.15435778368428
82278966,173.2818637788433
33265741,622.6514053952177
64678931,1019.7574355427425
26504939,57.90540922147367
64056925,516.7399588220972
46046461,140.90485367750819
47352478,542.7730448145861
91442238,143.212977123269
89293921,113.80980304491828
12378808,379.74098504902577
10153799,113.33253510888457
21954731,438.9178710474368
76938502,140.9354976078522
51632874,152.41626671442546
56510091,1616.2421295533773
54773302,180.91357492981444
29181400,214.86438402947667
36937513,775.6371427544268
75732466,206.16387514201313
53117846,325.9278711753709
38538746,207.21309819508727
27988038,117.80626009784037
48886162,106.89248237172326
24085686,123.55278208769677
57820012,1262.3650156395613
46878225,1888.1908892719287
20632751,93.11278954266731
47775231,140.24938497624913
46789610,1557.767440207412
72806360,418.9324609284927
21856002,1066.012725426502
42319053,399.5927533333082
99630613,93.46245113443496
61255494,144.02362031198965
76945971,155.19291383745616
40393163,131.63156813655885
81941837,378.78360260342544
45930551,803.4952918981019
24573538,80.18600269733889
52994547,113.61741807866896
28445231,665.6917635121798
45643109,639.4599354016493
75887247,216.1663512417689
46367713,92.7830170919241
12575157,90.85732343488081
85076068,469.2781791950104
84603623,1329.2491491124945
45514815,146.75239812990873
52278951,1511.647968321067
50360032,637.7578275322019
52896193,159.0250415452843
91847198,414.15601366725633
25179521,246.35166549675253
92545328,111.06590804595328
75231573,98.94775495639163
37926120,590.9878945095289
51096687,198.50695562373662
62646217,160.2974089580146
62619222,1101.9768103065428
39457866,31.021038701722862
47130686,111.47720033125377
78763249,491.4567339128656
69618147,357.9394659742547
64127746,324.3817351278974
56593004,253.03754827302274
97403924,430.3944928855819
73948550,631.9547342690261
11236514,388.66044019930837
54389520,151.95090121105375
76068841,408.0788301084143
59631248,578.3123653504006
34575405,125.5190533866256
91359645,63.0957246084987
14542871,89.9473483408626
37836409,280.4260254432885
99958710,182.23465281001745
50329848,704.1252344000226
55825298,199.30928841204695
43158591,568.148811319383
95022900,363.5510457065027
11903900,228.32769413431063
59905554,112.49564638540389
33394781,215.39305403735986
85262305,187.8695521648306
18156267,406.15794303295473
77719072,221.35058026885838
72353806,1341.6355011830622
61973490,220.90073631946115
80257850,712.5155468616622
27763246,157.82305609097077
28152447,215.22052852700574
40447839,245.95745435182738
88401173,185.50875851980825
77151749,111.90557401698824
76938434,196.43233879769983
14595997,111.30844283303156
22245783,145.86305804534916
45164346,213.83799493186592
44320199,114.92179615701689
35470526,116.53477940978377
83276172,41.0890217037369
65081928,136.91343227672812
34774976,1500.0686475959865
10096416,702.0207159679405
76574726,2908.752711768624
88509347,74.53656396610062
11304650,576.9095539226018
26418453,105.13667956393378
69643263,107.32802019422637
30241547,155.5707997729832
89725513,567.2661467169708
32289745,276.60126521922996
33888699,210.1740010456605
67508421,145.6508013629477
86446610,880.6053831889022
71641515,3024.859078918155
46243423,109.8261936094174
86921194,546.4263594417245
15222892,105.20963478441625
29435694,157.45614797507298
35795322,760.0250399639903
39026338,114.78811517234128
27051431,566.6889847031241
91107111,100.44908800910584
76674186,109.24108918772907
17932616,673.0888848709741
86326117,1808.908019404055
64151997,882.2679598009473
