customer_id,monthly_spend
20451981,962.7129931270529
23251656,459.11998896604973
64082260,323.06809480900483
82505923,89.26096293473393
89981994,678.3635340540905
64973937,301.7281114784155
27610278,301.9638076578408
35883083,550.7157827727019
20490020,1177.2825866250182
54517670,480.56737890375916
94359232,-32.870374003246525
17326886,475.4849069249649
86594167,1787.6619452129216
94873255,51.310998416001894
62944765,828.7089681374837
95482882,341.3149286119433
76963069,1317.0828391665973
25112257,2119.971315644463
69916855,983.3684630173029
71088357,271.94454905125804
50168897,-147.9252048198182
67403679,213.07684668574348
55474643,897.9650141208836
54852556,788.4222073206142
63667529,36.53053769342114
48025998,516.8883358338644
93351324,500.86525805580186
18887996,257.67657183947085
49568688,651.0931355120883
92911099,420.1926266816786
11717924,208.59976686542814
62085471,489.9999591762921
78336143,-29.51036506171249
13087851,564.5271826520557
33506258,597.7190302420727
61356554,-264.3707299584257
11967368,206.94012052442986
98374877,118.17806853629145
76845536,667.0038512232195
59313599,290.0840389501659
41041059,1002.6519726078468
22292838,301.2174156938149
99892065,181.65363230220328
78345355,1099.886725442279
85986903,130.64598189377148
27715035,158.00371259245412
66099730,703.5696907613878
75346786,379.7244212223286
22860710,9.45746372051326
65958654,135.41826630904234
82607442,384.680197444683
43471475,120.18828919773341
36465070,799.3912146963603
21931749,179.89065255851847
66815930,859.352386503906
44485157,257.2762913518104
78728059,424.7695744235689
89264710,84.52992192521378
81874643,378.3001563310063
48603927,201.9974234872634
20257622,432.00362667245327
88360790,-39.113303589448606
79411556,327.4866109308341
24819092,334.5547787246396
74678656,174.37297405767322
22548045,120.29489447313108
95827783,689.0987219789158
60019526,384.72813410822664
82548254,581.3027312540166
90453319,150.55768831602654
15312091,533.0122471002105
34786964,403.7949781644538
46684232,303.5429800502411
84597099,209.21493882385766
98134524,888.9448339714436
18531043,784.847006487536
14953383,454.93426519980267
80944054,253.28043517311153
34873753,373.72080074506084
95577033,84.29858463430855
50215436,278.1696052859238
95347203,401.45272050045696
58614046,585.5971303015212
40368791,327.59700546076056
23316775,555.0194304003717
23331513,630.3759658335798
40038060,260.9637062683878
22096579,240.52316716113455
24978810,503.85768301590633
65890694,280.99314280040835
47906818,953.8112835863508
38478694,379.64776527609456
54797755,274.3459103740115
44533278,473.5973804066157
58182080,326.0121200489252
67491014,546.4494359475352
45798475,347.60953163445765
41586132,427.988019235248
22956540,287.1492864966831
25367334,633.3561961732407
70503250,26.06211751633782
58307796,363.3026945030324
59859757,438.87728300312256
47787665,253.55667062405882
69610612,278.1501018982922
66658967,457.34010008054065
37962749,566.0934377000931
87675902,862.7197273189322
61682179,382.5562404895745
78073125,553.9982260495326
73229345,225.89464764362538
43171437,688.8034902722425
69766997,178.54355703731017
14939250,2245.9650087134924
12328281,183.25916089840666
76560997,500.3034291818949
57569914,410.27420148490273
20883894,418.70185769291675
22766188,299.39883341329005
62905121,-60.94063114414621
36295477,1081.731581363706
55610529,157.7997959838881
40366302,348.14764329808304
18624954,339.19202933416864
72668820,340.0604885994817
23817472,190.30622654634317
99830054,276.63688488886874
63410560,394.9717370519543
11811963,220.92812252688236
68778133,112.10793878818413
61211015,293.8432616553587
85223112,415.1317286417816
17785980,-11.812336323204818
51523712,434.4231056823919
88242319,372.68962055811016
66674532,234.87144732033676
76442132,533.9146846444205
84193848,140.597982387947
80878809,130.24556656858567
92088473,644.3242902384641
18574912,250.92154156011338
82956926,550.1989582000169
57265640,161.71071061602925
27961225,406.96270319974974
65404075,348.0347823418192
98698597,427.2721615010596
63221757,338.47794946165686
45396691,413.69218474986974
95724535,148.67912386183707
98157590,397.7837602059026
60909030,471.46177325439976
20932142,-68.124835998251
85604729,198.60664376827208
25410553,455.21851135409315
76477501,352.2442110662473
29459273,185.20838518011988
71879657,201.92969120423732
67115179,-74.3581203715903
82348794,364.2830853432074
32880748,386.9154841299446
36203607,418.79840398684973
20891850,437.50534153320405
94570583,731.4873919981719
47560755,-20.571363753961577
39752876,685.6566787983006
68980243,269.3047100188096
71143374,442.4655931249831
89917748,377.4571956420514
30461949,683.3552538809022
67458886,135.24196634591772
44166816,501.7888674059832
48218923,316.784880017306
83104523,306.8781640214788
23739634,381.3856832369165
45544123,520.9696350989284
72316980,337.4553666004522
24805396,506.2104919368521
85045576,672.4375560628409
21314164,717.8570009937553
52842656,303.0103532072794
12382139,165.76796002060928
88152347,330.5448118651516
49270171,312.8505362909291
20221404,718.067184891001
25851974,276.68404685801806
95701680,705.647831431389
83739665,321.52176272357565
61996348,209.28644624113122
12797236,247.25634381791315
25554853,779.7548555910626
72618187,391.22296533498593
77583489,340.1580530790852
79450582,-272.1973562202047
84595636,313.55807969566695
89981949,727.0032747002697
69424476,39.341594580682795
55064308,830.5342511668036
82956266,279.03749141614253
60185159,505.44190985743717
80612747,313.37882729187095
41303090,455.15502255818046
13517787,-28.126232450885254
34078093,774.695392584882
69030112,387.7219359085593
61791328,383.8469584269337
51789245,445.9513310358302
88068699,138.38255757579418
33399367,272.7883257912563
79597553,274.0527390047682
70695101,767.5204136798634
98169962,947.3928524654439
89251190,-133.69525487893452
53044281,316.30805355468556
73528670,363.0215581712864
14751149,530.2375055817911
61490053,424.43372886856605
51385275,567.4594253379341
41764194,508.54058527258985
96598282,453.4580514144691
96823449,51.66365247268095
30931247,291.831162798273
60872668,437.93345137568167
97835669,712.5857631417912
36785828,375.30180612469303
25812131,532.6445224242102
38410800,414.72483652601477
33023072,11.823864676438461
48250594,128.68559638417946
94891015,438.9248085497752
65307671,325.87537457534427
99621779,417.059605192494
83959755,633.8068314184106
64535310,555.0755527119518
30594968,912.2409005547902
10263960,296.44491180494697
60876075,-136.47927400571325
12217583,361.6096376416458
29989580,518.1377598362665
31184452,583.4663181755395
16182148,930.1978338962731
74700470,458.03795358780417
53084609,486.4829674119824
36052930,460.43310255144706
86583512,-67.03290175568054
10930793,336.14322470045863
74179918,-199.1910986167045
89853445,540.9439816253207
75258370,-237.96646909659967
93197004,550.2232861338507
16551408,37.24720866621283
36115326,399.2115506421651
47243451,586.381118936049
90773939,260.62418354475085
30735291,361.0780512957185
66891211,-335.2873206111367
77142249,164.5640245605441
24530798,327.01421486640857
78204046,19.868004273697807
60230110,423.5758711090484
13017302,503.60787465873454
21044447,611.6115166204268
28976655,447.36906621444405
52214813,5.552590939230413
61575366,151.08930974204077
23125986,268.52055472563325
11614855,205.21564323654366
68090330,-40.46838623864505
31241329,463.3093555323153
21561157,181.25141312845517
61917300,227.71485626931235
82147824,77.8999597890438
91513421,128.86270281133056
30753790,589.5044797786659
33700064,320.7875945452888
86773406,2054.579772861626
41719197,159.36849168483377
67399596,449.94214382360633
37696535,-3.3942243344868075
15791208,620.5629100983924
24348676,287.56479457517617
24480974,580.1388041921487
49440078,328.43602644657585
48242779,574.8146859596882
13405947,931.6631951553109
34531671,138.5549790294972
63652222,510.0683749141208
97745210,194.99277851062425
48557187,694.1301802659668
79801016,487.5208756522543
93409518,206.29619582812757
48891463,-119.35577746061927
41134793,106.74885749690611
76776302,587.0943171820431
89505130,174.14765867637698
46129267,485.3872443384994
57862630,151.48112960236813
32227094,466.53850908497725
72887559,330.97653936523557
97826236,190.0093403663759
40250768,415.2336926076914
56765848,88.60483477112439
11244823,293.50245747139206
40189321,349.641401403444
68120430,765.6532260259537
64917610,273.6103621068878
79290200,958.4018752593975
13110537,291.2947230171094
56816135,521.849667942176
27525357,591.2188212009692
71914367,594.3975970691527
23989491,1211.3159073048419
86436168,699.9774001138308
63499286,326.83379586454066
18619374,474.1691185165496
52222614,386.96208669558973
75467866,208.0024055442318
28926111,242.83299407415052
98661834,283.78776541965726
73087852,748.3501825627663
48887326,638.5246193580365
87383314,-265.6870206655103
88682579,856.8646429572887
12617324,205.719529524672
49224165,889.7737573193476
69951588,310.68644680569014
11713703,631.849994554811
59435002,1141.2448550778035
61153563,309.7546727838435
57206499,1197.881109702772
89140242,89.554153099627
95100771,491.41091194023056
32638417,562.1982135555004
61625712,364.79130009056917
61250133,231.00527705719242
17952873,1538.807016864298
14513813,844.1564814750641
57500282,-93.08540947681058
51340284,281.79652836484956
35897956,440.05130020048273
21856280,387.62354297010233
36786275,324.7131667446761
99178725,773.8908256743653
48955886,306.14020646903145
51811678,823.482774444376
81930210,251.96755817141138
49161318,613.5324965239856
24723720,641.5969720988664
14950936,342.6121380396921
54638593,289.1995142985879
98115682,597.0715509912434
10533857,744.1086623131723
87478097,284.06049345341717
60429975,194.9044850442392
38969729,13.584927621681345
64656132,10.986697330294191
86963086,439.38323896526117
17268859,627.8730191540776
72142121,713.0853001408691
91574809,263.6771209146723
54272037,-207.11950980785696
16058661,898.0060584973589
74133244,556.0938647507937
14281752,-335.49408253556066
46666867,-188.48191710331503
75686584,969.8113906625281
25546684,241.44832224114953
80619174,455.2745873540989
61749604,185.1397131112085
38248391,573.1222342318974
16877088,97.44557036515107
99140321,714.0258701456119
15975231,383.3061168180311
40531945,530.6068219311715
71708672,34.04970094179407
85030779,531.5945681304675
61117487,303.74056253406025
42638536,294.0181649092624
82326061,105.2346546662834
17028661,815.6625442341019
26048783,211.9781911241521
34262255,249.4875644350882
14326462,251.53713172029074
93816989,398.3921421554701
23690395,361.23012485362597
94999262,632.2588914475223
81971277,90.72948573839494
90562416,-103.17135494536615
95799765,-44.35244184161684
89244724,84.75075847296375
83879641,227.40693021168454
96424387,644.6584810190479
51051501,267.29734379214915
29249441,838.3040964325214
62893412,351.40358512910143
61417835,392.15836996971257
62755928,272.932848518697
66501572,780.9194412498609
76084740,281.89371898291665
27624326,287.91774931767713
86757966,1109.6620370152732
92455037,425.11953732140364
67852942,320.1060625738146
30696098,549.080940221625
44792329,90.1580238409224
10390388,645.6704336628013
17826936,356.22287559664437
71880941,640.3040389464204
98184673,89.91493059516915
60002125,-99.55279173113331
34664804,86.34829547391291
37594595,353.2715601904383
42980815,356.2567478909732
25819880,255.42740662603
16484408,581.0756224111719
91766904,156.54001641137938
82866803,104.62742008091163
82424284,529.7828171062174
72903422,184.93170246305226
11480750,98.22074372311772
96983867,12.9646435638806
41426492,193.20543802630982
24002286,326.7953220689087
18056145,345.9007468702439
72362977,273.4657452996157
15977163,492.14818212510545
51036186,76.36689277927098
34918337,559.9690756170421
20599813,-207.29685260524866
19900890,849.3466044482198
27971378,357.9305646713656
50965403,146.7664584248305
49026734,1184.8208633771033
14192253,597.3284349104179
76817070,443.28923177015304
41164681,326.0442976422587
94312885,161.80377535797106
38527851,99.39247071823775
88279496,652.9887338501867
15498361,436.01530885864986
17691622,0.3991208906118118
43719564,909.1595202043495
27861137,-1.9250865514231918
20308452,-52.075236323899844
97996598,250.66072537321452
93656677,494.46124546271767
20464937,321.87620522503175
25195757,125.4631126190925
95231592,391.6553827479934
96604510,1039.6500668584122
12888073,425.693789946567
99408984,41.59132839504855
65238591,301.9722941503701
24114707,619.4974445310172
70796256,-52.72020201105215
64703869,568.2032302822099
35203752,340.3101727237972
47453323,78.86550122803055
12385313,433.3757022591699
54441418,420.2331113896016
83549825,752.5684621273022
20370209,673.6082806761665
68357218,690.5058439264326
62743829,-24.34007560768123
20331898,379.76727328371544
43934228,279.17326308044176
47620709,321.00148991082506
75355275,18.124855536567793
63446649,45.55811127900279
89051919,1126.3941110492633
92954904,641.1979097375297
64731800,557.2909092795494
27945685,230.32362730474597
98412215,256.88492521154376
19535502,718.7404527589624
66516822,348.97118714073986
45373292,120.60062579812711
34711249,239.20982177574297
48370651,997.0413860067792
71354510,411.850557749548
56728847,198.77329025735526
40004525,634.3305356373867
94648945,196.7275480232961
62756732,222.26418851015342
80428237,377.9614566020696
64878556,118.5921479070621
30597278,66.87177323953756
40357660,361.21246380521825
98010210,462.23780514288273
43275959,292.4668197230385
67938712,381.32266343700485
50506973,526.2920011347055
27421159,338.41211611756125
51123211,-89.6799367786366
51887530,-58.90583484707622
68372581,368.14988658973016
31184062,307.87770293716176
55543655,995.711401960868
71805162,134.6520697602773
98612541,583.7900244724387
67235486,594.5881452558519
35490134,-52.29868958668931
74647441,462.53311374908753
73962817,290.9771869658657
95192638,864.2935043332491
96803902,522.4993018029559
97635826,-37.39967008613303
34428942,839.1819960408243
86699979,255.77508065991333
79766437,170.30612819827547
55732878,177.26967413391822
20035702,518.693634487262
54997853,445.7617476744472
91776457,156.97458215573397
13967606,846.4208388486927
88365927,-42.89149260874001
92907413,278.1431463328063
89771364,456.74741524780075
75648081,847.1671421476085
97365061,66.10013695376938
29587137,130.37327629306446
22019813,268.832319460872
29469529,458.9745484815703
66670735,-47.17420868646195
84380411,477.0375507269532
17040729,588.6476655606866
25307807,884.1305794397967
33962361,462.9786037902609
67969299,-33.82117958567733
38562471,595.7642149469239
33114742,757.0893531030633
54307298,642.6675261027071
20058700,355.620307337384
33779532,114.23689881884502
88110162,114.56600666740997
36112292,920.2565157861268
38475061,482.46560767717256
92644264,212.48860719518825
92355731,886.9617285866561
75478249,-89.62364431346032
23875741,381.26695547756844
88793850,481.81257496528724
14142195,580.098107461456
67422773,827.8047054858389
36705498,226.81287701540896
62072834,413.590022340265
33337577,411.79920611662874
14298054,812.217310465257
96998725,274.1813065328324
70579244,389.15439741855835
26844678,251.2219813408965
97441250,140.61712346616514
49239286,487.3886540752151
19469855,323.6652748781203
82552850,162.1270774455602
60170958,287.8345397328221
28237826,448.9126036751868
84208342,736.0577996195743
28295140,234.48629967248553
38477827,516.0752149388677
54941872,461.12473436302025
15450767,533.4088012250227
93656934,635.9608573827645
54273142,180.6117507756635
63648675,179.12258383608196
31875954,560.0929171077801
60881802,62.71414150177134
17233443,715.3839215352277
28953932,270.0013793488488
64958348,657.6106839066247
27038940,494.7137257963468
25667330,264.4862456574747
89200812,260.36872209281364
63109620,539.4847713955323
34692595,405.0844439862158
45554823,408.8234667234565
50487516,322.0300541756196
37970303,625.9075987478109
20944145,127.09480635399177
54232510,-272.92481318406817
58289637,291.0491825976037
70295882,687.7913202117661
11855847,461.70071910240085
26640485,437.22383412873523
92806514,654.9451467426629
43703605,391.4238195295502
75507937,410.5517805991967
21361381,-147.79580004172794
73615273,830.9306354184964
92437179,158.71131964773576
57813173,230.08392104143695
99373127,605.2719139928245
95805212,822.1619852636209
61946147,504.08560482820894
24903202,-61.75154524925847
88268253,540.9225773863814
45270713,726.1095177682732
67013519,642.7398330021292
64480094,530.6422277547222
18481385,533.9037444427872
69314375,498.8281091225481
58464172,265.55533466726183
57844179,251.79375752989154
65371057,285.92608883705043
22749627,107.63979620605323
64747851,1755.741959289695
35545690,659.3403470664935
91575937,245.55436880690422
11663787,626.671510682218
59570536,-42.622461976536215
53724418,649.0083695338653
78572661,581.3998557451491
38544041,336.69591347271444
27091356,963.9828781810907
20013110,363.44446376348924
11862841,43.66497820633231
54926458,546.0634990828594
72702715,380.63935461821075
65477001,412.34821492517904
99407693,202.2750391703048
15192014,356.544005123807
87232785,134.43465758948378
76412402,85.30114123704652
49393943,217.36455103622802
53853124,284.68834770554895
17486636,790.0416201400753
64895733,751.6837177712014
64938150,527.9450911999802
62321885,53.36855513240562
14616504,167.87004667910605
53996148,764.0734829582839
17209399,388.69427658990617
25102335,174.52032323718004
54515012,355.0289024164231
80596244,339.3016335565594
54217244,485.766214157823
29133774,120.2356552582637
60727794,310.0130551223324
55160698,206.7392368634455
18231141,457.05198098106257
91091163,1029.4138352033842
52747750,-9.814023340425138
97932301,248.35472302368362
77391969,1135.810569124426
64274314,54.74502113183917
82861922,95.56913685174777
95155142,243.81815889728523
57522876,342.25004608227755
46054634,43.02370665465696
32006732,396.12482855641156
62808198,170.56542104811706
60875435,196.10954247851078
15688688,384.68062182001313
13559129,236.33618931008505
25489744,302.8718622177844
55669591,575.4500596077992
10763911,219.51809319759104
15579269,-173.46275140225134
18433265,684.6563803250037
72131946,339.9510766874796
50106249,276.5011462220141
21363716,355.2397750482123
80090384,335.88782239162356
37971475,679.9261432648996
31314120,199.55829512695664
73683678,-44.63595523963113
29703095,1184.4852447352096
87144591,240.05811608208796
44689207,550.7080662289991
42450190,146.19429398896864
92653218,852.940292613293
67727493,812.4422672094665
55742747,712.6840354144779
96941026,561.3149713096636
89824134,780.8438906461356
19822449,821.0702603879927
18676315,1701.0758232739163
17316044,189.08701711696813
81559769,499.9264984051533
98912158,559.9950197851831
67772871,239.06265555463233
65921862,575.5643373803177
12636566,311.17886936876494
88608909,336.29539851177833
43902318,627.9393688830887
59512038,924.702670534853
77976362,612.3971835551788
57092914,168.71518260382481
47412567,357.3684135745466
17145991,368.5617882101251
56270450,380.99145241896986
47467383,859.4764444330881
10449714,892.5565988391782
43156511,245.6758265949984
71377851,69.4487987275088
54093810,44.70991149481233
78096026,209.46844984273503
57320154,192.06326202339915
45383520,151.70719727698452
38351707,469.47402747366004
70796190,140.48676221160713
29977177,92.44826321789424
97584339,232.443850266744
47886559,1022.3291647762799
45622137,577.4424965024059
21500277,421.6062786430289
47647928,784.5994744369914
54496344,192.37063043532862
44268785,287.609685930719
75946241,49.416125753421966
30459191,515.1238123985117
15840319,794.7971327636178
72588739,391.84905217935693
73017157,160.42727897458508
25420365,299.21447965189327
55377863,379.29955494295336
51370964,201.93918918421468
48905468,433.36390078563
83191846,73.94264763009232
59334183,416.6036935078273
94009638,475.6167124983299
41721760,554.1398105937865
35401283,638.1531751751772
69685525,40.237396957610144
84271975,591.9702097866066
95753616,639.0275809434279
32526219,55.55109307347948
64532934,663.9907821251368
76031822,464.92167855305524
52468855,-199.40717814628078
21028902,381.65986321974697
34108713,128.0481012688615
84943048,662.3180314224178
84439701,53.39907046021517
16539498,-18.66373760863962
24537949,196.83820568462397
19537971,507.551540737888
72069403,523.7162557358924
84333546,158.9543104286313
11868598,531.4285546247938
72165230,718.7714780003939
86606477,471.24900571601574
85432562,105.75842895150754
53853013,277.20071962427664
87319378,368.0718080216875
32466967,482.14443333129475
80519195,-181.1798946032659
12289146,345.8712030505603
17893529,616.7747230213513
76217556,981.4938460356743
27323024,514.3831769497588
86557861,474.9656185282229
37601873,400.6396612959552
43146250,461.6340593015393
51498335,1670.4447070074075
46939189,589.4292309514744
36620181,98.39017314766215
59890806,302.485908334776
19160668,170.60227674855378
94555827,169.79233629281362
73451577,705.0297395247053
83828090,-164.69470469951966
92021594,-141.7720994384531
15822386,159.1578098705727
57405310,363.87083874621203
22671359,867.1443414087234
68101436,-153.19239837591022
66910009,177.3395846022504
55778706,202.88523901656117
75120697,64.95937508466068
12885545,56.23632731582347
28604372,282.0222853861478
97297156,1060.5972473086003
18964928,1364.5573421789159
61244754,815.0124958283868
45178470,450.15993266837677
65250669,163.7280148780419
75566313,503.73599812395287
25053248,104.560137809543
71082761,502.7158148929125
25210276,578.6644876394298
39718089,520.084835344308
51364178,-65.06593034401976
31211994,188.4640945781698
71509945,450.4778531630195
98330029,103.20466129065744
22456435,355.58651409532513
56912862,507.7945247978564
41548833,678.8494710560758
34760776,-325.0165704922715
54015943,1506.4772377615072
75943554,322.8810851420303
61847706,431.1559883299328
79766441,72.09524940347637
29099073,-186.93694789354095
92971983,164.28860974959525
77042656,734.3284005044388
41355522,374.22100976147385
37905258,237.4539170640669
62845536,218.603331156492
70252689,-185.63724628473392
69012389,-243.73106928210973
55230723,110.99774579788846
36148733,525.7752163187315
11166306,304.5589005634856
86661349,309.5032934285382
39933083,186.45762917572438
91301497,249.68927263306614
84697954,394.7395137550352
16890490,120.07319769895275
46638869,-56.128864330490615
44149767,492.771428103415
18897403,835.5123541689409
77411533,240.57304201900843
62885631,291.41896212201755
34219564,487.0516135497269
69042251,484.25960259882504
24137005,300.26361925444917
66305720,227.57545643450385
17619455,239.32543182145082
63065642,183.06777134702952
43970026,413.558547195611
78870428,318.5144262921658
72114631,133.5004482263671
84664219,277.9765074070838
25739422,505.9108611861966
54038039,538.9869277665566
55081531,610.0239074564079
45672847,196.93450998014032
29734641,486.8456741199316
63805244,701.8366166931614
82782411,109.8024736338757
64705797,362.96661640993807
59326862,152.23559549450692
48549098,1100.3107330046355
39570097,79.80698027077688
98000370,315.52859532213097
63674921,339.20473523724604
16674336,339.28869282759115
77063987,-104.44050286568836
67143015,105.02970728070159
10570033,621.853603295388
47185088,502.3441399834014
63757190,-52.69145243617686
43453041,640.8669897027667
17890447,416.1516341994784
34735493,225.06261207315538
40580820,482.0108162234146
84776860,355.55523743236563
34883247,411.7266624046406
75437035,128.71285875671856
63198281,647.5059186867979
33289878,528.3807452839228
42222441,3.2162841174917958
53518898,252.31974259911567
77756377,9.744920739427926
66266331,564.7216689901493
75207542,340.08026902533993
65741993,462.0406322316044
30452290,160.1726334819241
30341625,152.3038721647922
10196118,567.0383164001983
39997400,423.28372517229946
42764498,365.4204147153796
93568775,40.69669050373159
60138513,457.9345940395624
95863174,301.4161690221217
92194956,434.3001568061791
34979379,487.5602461441799
71517927,183.3063361052291
80092401,-159.69753826430406
29853468,774.8075071851454
95595164,189.9726427468704
47277321,477.715137351699
95111852,185.86811156727344
49309773,394.27721621522824
52060622,357.3463826649222
18920892,442.2716184890405
95549548,372.52976555943496
28343921,231.86976356623154
24575136,600.9513709756861
51405326,533.2964894584288
88024456,689.650674034815
61475538,1542.516673696754
86032798,109.74976226673016
99829874,465.6376243039672
96251785,733.7504619555457
11235918,231.53391417703733
41084979,72.81843914825822
31949326,-17.45898496148584
88425482,298.31538833243167
41724063,688.1100956077257
24244868,611.4918346919221
96443454,671.3357404648996
83159015,249.51839377406213
24632345,609.5095546545817
44153806,445.3270511689975
93580629,531.4462561123187
53277959,368.5907923901741
99759183,740.1023826796427
55252816,65.13136278112052
41285175,180.70737855585458
73261084,356.01405960929424
99347555,833.3817533583556
70567494,123.13096205743113
76764787,767.947265698293
14328685,309.9510411816932
66866287,268.1749413972084
49679159,664.7128092680036
58671247,285.9309150916097
20236719,876.0576161785125
34585357,401.8661741654673
45051453,468.68429813389093
51786574,397.56380789094646
79731887,969.0032045356629
54354970,538.6934215676456
77833826,500.0117824477202
80242735,52.34526895853651
79336488,431.7917548085111
51121070,465.74668452253945
15930057,674.7950788875041
84864986,627.2710544993738
97820091,766.6912434159335
76206876,487.0896367213927
34508398,436.2876097046401
15581330,407.88585060271043
24272114,648.6897710979401
45684128,292.62974183594815
53910689,239.25223720969916
89611963,1021.643593326758
19439294,204.42407178641952
44476677,536.0665437620332
72816714,841.7880647354777
74817899,73.83623429705585
24462605,307.4556006397306
62629343,436.7766603210266
60387272,143.21377012274115
60976677,354.0304484999515
25938630,303.98915255145357
89171283,468.8212819128976
23407854,341.66993342860724
84390020,339.46260295066804
10131944,381.1557544836155
61185673,542.1849653765698
76507951,485.8249984763065
92456997,420.2224793989317
27091498,219.8844119195578
22015405,400.3818401229769
64048811,294.5527502918926
59963315,284.53008878977244
99392827,469.9484372835823
52435285,674.0476307410618
68018936,237.23390526676576
92985874,27.16676409845695
19827012,365.0896234322295
32076309,-73.93559955587398
74459345,316.32771769653027
59329650,335.796443896706
70105673,337.07474288522053
47359337,676.592067150782
27991858,321.72758934059357
36755663,756.8129332885283
94560591,446.2483814495449
47944050,409.2007166518788
49561372,566.0709584336373
96160989,201.93184325138327
67474261,233.4346368378242
71965824,630.0923830600218
13777105,114.35165382191872
64739771,532.6061300314527
57691432,69.4929445539533
21801740,287.4243090225709
74352185,518.1653299815421
91521650,549.104172504186
64797772,268.9295877713521
48820263,92.54298805924918
14791909,308.265560609706
82868024,199.95885599321946
97971853,496.46641497007204
75654232,257.2372953183176
30725718,275.46727236160814
83442812,488.43369869072785
62376431,204.50431433717085
45295601,133.49181019861498
44038407,-9.886584019256588
74138589,62.61322569923641
78812422,343.0663848927343
57253455,549.21005129577
10109432,260.161551633013
70492234,259.7853569261979
16499768,535.1364236206828
29721809,67.26979538429987
99970795,-81.85944829506252
38494075,534.1120459596409
13300921,296.6654240359312
18255583,441.01956191417594
76957329,470.9924842495125
83103502,294.9726258026021
24570014,498.38529682720764
19318542,276.1741814674551
70614169,226.34569122942457
68374888,552.3280676421246
10546051,241.1159108379088
82817153,470.2728560161686
26190736,214.91488213793627
26227414,652.5869522894418
55825692,262.67463024082554
65550483,511.90981037832853
14872097,833.6187329847849
32405281,235.92779759868108
37055817,337.6758066949428
42617798,17.251158093551567
30684771,-158.99012202655194
21842298,172.1998013014154
44215525,749.818890046553
54734331,125.11978557104794
77244965,298.55721154829007
31618537,93.18419330866755
10912371,-6.112746349988356
25284273,223.8170326548411
63793006,1304.0877571761157
40346903,404.30898310704106
14281423,475.7966538830078
10329833,481.05246086311035
58147868,515.7892391260862
62215262,539.289176500341
11535494,246.0867491687709
55289261,288.8182010384603
93054393,265.52314564349444
15613905,311.18024954936845
52346993,330.1572338887031
31426410,700.1649971372053
11924915,-446.30178095827705
83461539,648.6111079344473
68351051,558.3987332637143
23144760,1113.4719293128642
97049626,1065.426315038675
94895031,232.52011636823
14702382,471.85966652176194
22232789,245.19627773389539
14653500,369.75878006307494
45931554,64.0030835413213
39099976,68.03152174743445
65803003,377.0045811798077
56391701,760.9893796619131
92222330,816.4980273219535
93455198,777.8081153509156
52410336,978.8313680578563
82423675,347.25989806186135
25925356,485.12211937072834
88622240,134.22323715780294
37830382,-158.77092618852703
97198420,476.69122464630436
21477504,172.35840925275352
84142976,497.0164764113051
96401209,109.81073878782172
18047299,516.0493378605279
25908320,673.8309805548238
69709013,495.27002274832876
63707451,174.50022035954134
68674616,202.00354308202532
41246291,-63.045000197240824
93099265,36.96798970823602
44969882,135.7155224801768
94840571,204.41850537009032
24428966,700.2990063910038
73406276,473.620090067875
74093567,19.812001729766052
55445678,122.099384446959
56770356,323.9082350998442
20116401,864.3978823682864
23989432,208.39815585878796
77573883,989.0144504315099
30955534,201.16870461943245
46007298,390.24694040004624
60038151,-99.42199891330665
16169663,542.7111725183745
40454664,104.87359670037131
62049127,1455.9607209502074
19821119,200.351293578487
56611586,762.6550695198084
55267084,300.23342349578115
55813034,889.084170754662
23867957,22.146025519732575
90096160,234.86800087835445
32751852,1164.8845762767282
21394047,630.8518851551453
80032862,596.5325780444987
22418983,124.58236908049457
52802197,6.0161176635674565
48673505,118.87469944380928
14195685,232.48749564409218
22205138,148.46001623118445
96628154,889.2669053816426
44734813,-41.486318716772985
55802873,318.2975003491624
41368275,150.66191495294242
67686446,492.79163707074486
97989934,-94.45108369832633
65686117,105.95352988146533
45591525,-166.70567973898142
14884094,700.4343327089396
60291749,535.1493464827463
46418453,7.195289121145834
30133967,482.29529769741157
30307611,380.89613444978204
76539721,406.7696482426595
93325285,168.30114625368515
69825909,156.00511634843315
10220197,244.15834466764818
34178403,-61.27039743712703
67327944,875.9865833111189
58361366,268.2267910389096
35080838,502.71224138486787
24415695,162.89462748396818
30354080,575.5526966971688
24117628,299.77053038782697
62628994,426.8431961608708
51012198,701.470572935078
68125143,1322.2115327317597
94485707,-139.59785242475482
40172711,256.9376643387932
17647583,192.26777288463154
94790367,-74.95657498935725
18254706,622.4085715147589
65733568,185.47813033776583
58357649,41.40839467188971
42289495,174.74270328174953
15020288,60.535736034020374
31419590,452.9517747965765
37233713,658.1330507902894
26330225,811.1415113205449
73976501,422.31510517413426
90642644,415.18098792335604
63791881,515.4574348431165
40102213,814.4507442448453
60203926,491.06818329763746
36257216,671.9066697024564
24119768,633.1156903895621
30403208,576.7422103118424
39737862,529.9590679453277
41150683,279.79088929748104
99351268,61.4054156257871
62692262,313.37429513209145
72711178,203.55760145604108
10083097,380.1368106397281
65370298,405.3680402624941
84388395,-17.102488408317186
52114454,-28.895783573247627
74646950,393.26604186914983
72720701,357.6723575393207
45732529,105.60061153247534
10509116,106.40024996911279
36154567,531.2546510948168
46124383,641.2516240658961
27866730,95.24424584762983
62320931,236.2150212886636
78979954,538.8551884954481
52531638,620.8683981074496
70662494,2.2953765462361844
88174413,440.3044915131172
21513664,779.3183904500397
26546743,641.6812468139401
89094189,281.97067406528504
34006202,417.72372206871887
44458405,-271.3732592506053
46102741,532.9509127369706
80947937,839.984911641162
73456376,436.6775944879796
27640503,593.678010579194
66469621,608.2191260456684
35504694,365.35412119728153
24815317,249.99099545880517
58171289,-260.95129287940244
18612790,382.18635376605016
63428669,396.7167057601173
57949817,796.4566091912029
72876573,445.41004179277934
96193736,300.26438297820323
57932688,464.1731088386532
61617398,818.5461372238547
57513357,431.96309028972564
46336493,121.81482556090805
56173102,334.21298786378657
22210971,562.0865228521811
27397907,360.37034466953264
94750459,227.32429272270292
23197778,125.11979260441512
62692781,73.93112175351052
94164438,394.7353600270394
19395402,1474.2674372963984
94219712,423.42899393602556
33491568,218.54880561647406
67632603,425.2487476653291
19852962,441.1075719398832
73405784,790.7673030382334
88192699,354.9935024652277
29867417,313.0306904663944
84909546,376.9592923018622
52598919,466.2044628082904
86077350,470.7375097996405
43929538,680.3578643471201
89992133,339.0187923345511
33643157,565.6947694733908
40190924,56.41537473227481
97098808,395.5531058307506
87635513,791.3704639809448
16478169,1304.1461866742484
79498204,633.7133678880336
62568791,747.0003788127897
36457296,-118.03811754152912
29599077,377.3009663291955
22644116,424.8891247178226
69419691,677.0618178740215
21970018,-31.452616530738396
31666748,494.14931577514653
84691804,303.41573811255785
19277545,520.8366375635042
78443496,234.87236045553755
92759112,-54.36811187865669
49629913,949.5488952712876
14874574,113.35595869744111
61108399,285.73823924881026
53618559,277.975131302911
46977752,191.09533878087586
87695599,351.9486719394522
68430793,267.19326310255747
11606038,428.27281294719023
52469720,704.3153175087996
91726930,184.0587627280761
14558288,19.485646841014386
98640275,102.53260509497704
82918511,572.4537051409197
32992592,301.8759614575756
36930879,91.91973327435335
73360172,514.2433356141069
22281491,389.4200557473605
33813436,59.962418929719206
49300946,1094.4693662644445
56371129,410.5493458033334
83899433,202.84745546580325
25827679,689.8860714656444
16631062,16.820733945643497
86793673,671.3730519060928
99689707,189.34371496623862
69776211,327.4417546553782
55892015,285.55324545316626
19716865,712.6455023160388
46860460,247.5388959855768
66143638,647.4419005661102
46241046,250.2264826775363
47497471,349.396422183469
38256243,73.20263934378136
90078699,-13.178742708199934
66607961,241.33579699510483
15632043,378.5809581557769
81498334,633.3254017349182
82443801,318.8207544019092
88411591,285.84160257771146
18221799,606.455831709336
30242976,209.4573319715364
66494245,7.103038387882407
49287510,231.9214818025498
83370642,149.28934049755753
92348451,-8.607399289674959
55790147,327.2337877464379
49423398,76.18387099199663
39715763,288.808937426636
46440335,532.7848944857301
78128236,480.74725449870493
63409672,1156.2315487434926
98873842,460.67302271586686
34782044,176.11664835229067
70391546,240.56839835481878
76956234,505.67493816170145
41544516,216.78008151063477
42550648,307.3262473228874
98465226,-34.82342780336967
30886863,882.105507752261
84535276,173.7866264344607
54301788,704.084089558251
78637034,407.31979757062936
61387156,-147.38981758162754
71715096,280.4130045104107
47859897,200.0288302491972
59800013,239.7338315714228
95293248,918.0056043854615
11553772,317.82606202519673
91107127,663.6537842007624
66825939,222.72811005163294
33598864,408.1226153444977
18818037,372.48628905627857
86800656,435.7400598959971
45209421,88.42687018983088
99712718,317.6459387367554
80320840,593.0711159237308
24591401,612.095474319829
90294177,215.32665445009934
14404076,78.1915914915603
60829113,269.6656336564238
22529505,103.73499123519787
59566170,544.9813861132247
40149323,730.1197804080907
40382936,577.5802409792709
99300537,-66.04131005886211
44631793,-52.82006402409252
49450050,-148.4392946676221
62395628,127.33796885360016
30879014,88.25120344104198
85524688,-151.37525255505943
87381496,377.2404754564677
66258576,395.24842154224007
71415255,522.5984237418947
45179604,484.28711112050905
82676573,130.01878139412065
14654038,53.537721883286395
57261303,190.25786712611716
69037727,503.6028218797419
78583522,503.2559880342137
49703078,1068.2692096275819
78525136,81.7735043648272
86407509,498.66859642513464
33024193,748.3410340606756
38535158,674.4657062888909
84179400,32.24075333340306
24680896,590.8284772197235
42024082,158.2802722529873
31137878,470.398932590987
92689780,47.52533084189645
93487228,722.6390904182904
27421195,383.3337880765048
27611928,145.4551849289919
25261420,714.263732172732
46864780,66.0226430729449
51909487,233.14521665740403
37913958,445.3184792146335
74334619,430.6427266091332
24422548,104.57612045464566
58508595,519.3679535674041
25087154,-160.09160224622383
76806766,289.2005538821886
27262464,409.7053128436123
73422693,350.2068159684354
58175270,235.65112859779083
76648743,553.1812631004723
36026120,381.2962262323754
87485989,610.6746637296205
88798255,273.09361837635925
85293030,926.9353592070188
87029422,257.87342934774915
72679949,99.27130269681629
25871017,297.93161112439884
61396744,-38.484099489174696
63197784,780.8442019138201
49632353,173.95970512427857
65625596,269.43379858560456
86795596,369.08278316111137
81433856,225.33551105339438
87476873,942.7107343634802
98147948,887.233946745132
99212421,603.1907344130577
78236394,479.00869030137164
60511137,-359.2976706283821
37030090,1143.012748866061
47227545,572.9967835174111
38980163,273.7872181672624
33290320,281.7064241195153
57735630,289.71566033309364
37888473,238.28397016895497
54251453,297.8933899452245
85556127,-6.141169183196325
26903779,354.44831508708603
91692809,219.37149928580993
32446203,632.3403808362536
34350235,534.8998568689503
28532174,972.8432842256043
59869496,64.87816851894468
37887202,100.95978275904417
54799254,285.36349402794394
44298051,616.9663024540159
89901990,291.19781683866404
73292166,483.5421956324617
21775362,667.2854159613926
36884233,149.32066680814978
66353025,127.08505850105257
19481125,724.5355334789133
95336492,518.0348444064593
32400462,618.4047993094423
28975228,193.89360737651168
11320585,575.0268825249909
32162156,370.65243429930433
88724326,370.43343365430655
67650053,360.6744560518173
21038175,245.9112767170459
64836379,183.15353743058085
60827779,111.59994420308294
88997264,656.716488831632
44622902,474.11043007392163
85670106,188.00987061591832
38945693,-69.54580524881612
69337730,336.8380658610895
22890345,251.9176420661256
93106331,363.29092719410437
56257607,85.77821945212327
42845025,596.5483091979922
10678470,524.4201430576045
35975743,2063.0032434308123
44298756,536.3581111377557
66670226,-104.38527797104462
37883517,606.1636147381191
62831558,167.30697553540813
25294874,-172.56437938072168
34601413,635.9508826219508
61300626,401.5413390021936
63694211,525.983355312253
70308634,603.4224255789172
92846964,349.41352950803866
32093061,573.1962993241896
68496425,252.4390433863773
36724576,546.5454520053163
18988842,300.6978939166502
44304522,-367.51384492028274
91192236,49.80123515818832
27105876,300.4876151312792
89869414,-89.10598668886905
45877010,205.69015065732128
24146001,397.16988368482635
23395701,231.31046031735195
38974456,366.7403433490704
57842607,585.4248450307464
51687346,415.9980025110417
99288080,408.59429197388954
58963406,394.67621083098356
29443260,590.3309581837748
62626422,610.5757493101078
57515098,442.8138144133509
61739694,507.56019137239764
27459512,285.1581361048984
84889146,-47.87203240666895
58681841,151.10297085349657
63593417,992.5219018468933
33073018,386.0673224970719
18775917,133.12009321592632
38962045,62.15783256775467
67933426,1087.2647137509493
54603681,480.34455952240023
83399485,611.3552405442065
64199110,183.89433208919627
82415208,418.73319843827085
87961803,320.10701741416506
44853010,318.8261928006232
59952980,210.82726184459761
88562279,212.44939180978736
55858413,284.1300838114016
61198975,162.27078159613438
37448315,690.402623606527
19525923,372.51513176353046
35026025,141.81260846124178
37029910,270.73188044438984
65651564,629.196738182542
76546746,87.94121704598365
78805012,364.9032922880215
73332787,588.2207003543376
45937289,379.1056268989446
99048249,592.8117887680764
29475704,434.3019187589425
93694996,613.5372955081566
18159173,322.1909039412385
50435273,-153.45694245253617
56812269,468.35252305649374
10385151,331.12690689889314
74541267,804.3418805409706
16719195,-60.59725566075076
48754743,208.27235479325873
18188655,105.9805438780013
32063627,290.968430928272
95749552,24.609817649879915
95191424,428.27905301481314
79363744,401.4031196362057
47169927,271.4240599681857
77108983,121.33386770446305
44823862,363.89544994538574
81122519,184.57760959405414
18168723,178.7514178162819
59737458,131.06575768106222
12477444,68.4593107567789
89609832,712.371331631568
50913652,262.3493386368182
42856249,14.9107486030166
62711409,347.17451252265664
67374114,157.44026345929797
26708384,295.5334839787356
57463109,358.15049682359813
64273952,88.20780057133788
56304545,-32.23191179763626
82795140,140.9180438868393
14007213,353.8104175202634
54415843,188.69689032357655
54590957,-97.72747040917784
67350145,488.7506266339701
74993313,153.39041338398147
62432527,246.10319885927674
33713363,47.95494657938025
80390114,92.68783274671296
12723951,295.0286001955956
71416124,373.37376363391695
72440899,566.7100702770776
60115717,241.9232550249876
26317947,73.20206038782135
35504199,307.05589504497084
30187539,553.7296766212339
55346293,471.97571525587273
90516502,357.126433088109
72045347,396.5911304447468
79850408,203.25184330298225
20443404,993.4137704446289
84501791,102.92347262956491
73999320,-237.37698399587725
98913461,53.023304571131575
37225199,14.36043644649044
16193655,577.8545563811108
72620298,564.6081904709117
64188152,399.06393715493414
67784083,298.82750677286094
90552658,465.02060174307644
80748000,688.3141595576112
38083778,851.4427141683359
65525497,246.92612172632744
19381953,46.359675621791666
65723090,522.8948313243354
76151738,457.5130759870235
48225827,352.966926135362
27357384,427.0710195264983
72090603,429.1693416151393
13739096,227.08094591099643
42442381,463.26044217479466
57561155,563.4294335428563
35942827,28.869991535343615
89196128,254.312398565271
90585757,-162.56567958320284
28123361,-51.09532842262843
54892166,119.71603248959036
34399967,263.97013872174057
36429013,492.1979875405327
87308981,397.835037154834
99529719,445.7541291324346
22093311,487.71186741208294
81263538,119.1060245856952
71338939,538.1987585913826
26758105,445.8063423516396
97028969,1452.158827471887
64463656,287.41157282730774
56099433,14.690299333912208
85325718,580.2213374028784
44166454,424.1743106951567
36489810,15.363907574208042
33207901,220.02033633568044
27978007,-115.04835219950428
81479630,408.69094760817916
51537650,454.74453186831306
45619520,205.6730594036312
38111175,428.2933758214522
52128949,799.2008611593396
25404819,-94.64816602472274
76230938,172.30794778789004
35633669,211.75049154639692
17486296,255.64531348064247
26823352,449.72271843525186
24234066,287.16684804848364
69609466,642.4406418873309
44500625,393.0710721157061
25810885,538.3682502746351
47095933,218.363082050274
29996746,379.89477742395366
26824387,1053.2904634797237
22560248,531.1655059261734
67043419,44.29646723328506
56128877,1046.912065190409
78532613,228.09725890415075
63334626,440.832223570349
41942475,1052.6429645929861
71572581,704.6570709905527
31224917,274.67951335587077
52061385,849.1161167491514
85648776,542.838042725692
89601046,348.101574957353
16315474,371.70676283386
90885644,359.2351967407267
69988016,480.9832041069817
55363982,169.83836247269846
15084841,458.9447591096373
85269120,241.82119288000877
31531393,358.10287914771243
65511292,400.67662380466754
76207920,490.99752103895526
25765261,773.4035802777116
99628783,142.67310764008562
29123949,943.0188981296374
84071477,406.19161596449294
55408575,-248.54064029399115
18563235,906.3904479732632
32862824,1266.4462518512719
87247913,683.4592536727478
70811397,600.772672594796
79135010,299.69834227252113
95532555,35.70353496069538
91619153,268.18320320872135
85185899,531.4180519444126
45503458,377.013083792649
40572975,279.69693682779643
89004010,494.0297179415061
34562042,415.8229894744568
63463440,442.8105205653246
64460362,-197.7708804831359
67250925,181.94586150805162
14939721,93.43708606129712
35310686,685.0387156926622
71187848,9.874269009578711
61524357,1136.5585383095995
36782194,719.5460904794659
89842273,432.54882330156306
20614858,235.91349492404152
68048266,-8.644984758611372
62462117,514.0848616043313
72115510,368.3084754957831
14057421,23.983637322574396
99878320,237.79300349222376
68934495,286.71650789909427
63897425,550.6203182592935
30823846,-97.21669997347271
45856506,338.364535854897
36318458,518.664245634945
54709816,47.498880805841054
58956301,573.6382583347017
61193977,372.64647614114256
94916864,623.5058621737426
95563649,998.4343518424839
11808364,165.77663043440134
53108582,124.15919127910092
37502181,702.9773801448405
37996385,674.5326203423115
53563779,70.72483759251145
62612706,559.943166221622
33233317,18.92505924916668
39285196,-269.6531941259814
12469660,717.6871373995637
10086272,424.8326009062903
61556619,418.28083407991517
44239580,652.9760202291768
37303458,386.58316584161093
69742763,301.9139294750039
79252407,830.7533514991587
55035288,198.18109747327117
22573833,592.606464937387
73616028,368.1535916958478
72379751,255.18358061990102
63515051,-110.38270140121858
43605274,150.29109197455773
94526159,276.41006811385205
87017405,800.8901462804024
27785122,299.34082526664724
88986010,189.60794910607456
83705830,221.57675326982826
19294754,465.04715911740186
10016581,273.1771095584745
98337631,98.88369588486376
96284977,413.99138506208874
85120493,890.0026304335811
76912038,138.5663303882984
38273802,883.7281534311714
31373003,802.6673388572945
16311364,660.6081371877744
81773825,82.42673416670459
85451822,169.48955013493878
83837897,231.23716851426207
79840167,437.5457709302773
10053165,305.79039936432764
66085962,295.3223333612659
74446354,1088.1632546869487
71248291,406.24755162468546
13527988,700.5236663537808
59655162,542.3586615778713
81270080,449.7344575624152
25459024,152.73093159422888
57124820,506.9885786582872
38744724,315.5580644732395
14672828,413.64283567835173
86208199,399.0593803980487
60804234,141.95463522492446
26637959,415.8217131679994
84505191,204.22204542449163
34949195,579.0544484927573
18236230,415.27829690182216
83633670,370.89384586827873
38795738,224.6647826408298
57060441,627.4892619903753
63193750,606.8374617261657
16584196,351.32185166760974
97470867,216.46668754759548
57117308,143.19613743133368
28539736,240.63731347678095
42854708,-17.423913208639078
74612987,370.03246307634436
18574187,902.7894396301799
82554201,200.9705442055033
63502035,359.9553639291403
91862663,845.635471124373
92211122,1215.0878140234245
31056808,456.0302608845236
16943964,844.2942089696735
32863651,620.7180699891014
68176876,824.8040784387904
49131404,285.72136671191174
70277995,259.21566972740493
35494136,437.6069615102451
81234980,434.23934400960707
38613978,256.83793478576945
58078556,706.2813240951436
44540392,254.1940267531627
54581831,207.95319610525712
27711464,-230.5394872255065
34639609,420.763955308782
61465981,560.5501349528627
97434739,792.5761075055839
11115465,-141.00030841418766
73204702,551.7677193949239
43122014,387.3804146845391
82465915,63.6890021820268
70336402,95.6977223858753
66860305,592.663340596921
41500458,300.9458973116407
92919391,426.2234368475438
99618084,1056.9938709790958
86909460,308.035993534902
17337355,-7.795634889553185
42353664,275.49316253642155
21765685,774.2228473740583
89088918,40.21694733015238
35899962,224.47236442500162
68684318,428.0065080787099
18484780,-363.96390623557363
87388388,509.3445101106954
90094211,444.19491815302763
16804039,245.53823940412485
91010086,189.5346791545544
99469868,181.2067804370472
37545302,288.2163172259134
71878464,214.3005094041041
21183040,280.6131263126267
35304073,452.9977774144768
50348670,698.7787117277653
34230931,274.45132841216764
48867425,601.2429314014935
35018884,194.35382849259622
82792644,24.29176530752966
55638604,267.53375592707243
45618589,-74.91367408647329
94996859,619.3137456984241
59711138,897.9245549367547
20008628,86.30683783190625
74210201,670.9134890034975
71592370,394.76645914200435
91112168,516.3197420059387
86979588,357.19245313722513
77491019,18.9390089663857
82906889,517.1589570640476
47215201,479.6256622267806
74482354,308.46559590676725
85248466,-198.53127459588814
48081067,250.52996699830146
15387364,627.1752917292438
49479914,381.77578321765805
67144063,1252.4061506681483
21546784,267.08630079330715
33690767,510.50951198662415
33115846,420.2171309808091
61562965,187.6063897652225
39809818,65.8991709196498
68123009,350.7109215930591
51851996,1233.5228732494443
14592737,33.489717713365735
53703850,648.8290216966393
32305458,-26.437521993853807
15802272,476.6714267443749
36113397,126.51845153167687
10490484,458.6021611878623
60733954,157.74887826893973
99162691,453.97209430231214
93098807,215.3851574022492
40838545,243.60479233784508
11051825,344.37447986169354
82908690,784.7307812829895
71787511,819.315443748816
72823966,505.88621848233606
12980060,138.67309943970622
96086415,338.96154984684745
23697274,547.1775707155803
51614059,1194.3288645314879
78779574,563.263728774843
95241308,125.58140434380721
17643222,492.02150953981527
93263316,450.22471148692284
37302631,-157.00599557355645
87271886,100.91219049061783
55736876,477.2931629801151
51594702,519.0902798320735
83945766,134.9213420154756
79078313,97.33690058412412
31277810,357.3229485941929
74965419,269.3426797940433
12557472,-127.27537958577432
61610958,475.77730604422595
87565891,223.22068392721758
69835471,391.0848365692932
50409416,968.6010086722235
77449547,987.057753238571
97554546,438.06085552755485
15981479,329.6978763414809
19522006,670.6974961863771
27996044,18.274215807802193
41161764,525.2156573398456
20740770,723.0870654679957
70042803,235.48935206846227
52210690,273.6082865965991
81657059,86.95790106750337
67733763,286.986937732323
19453777,510.3848050259603
76648543,248.08632671523583
38569009,380.40389908144425
24713941,128.49471242035816
89660454,-125.31316626143007
85740410,371.3628782318847
86257801,866.759092279648
86873805,385.6223570999523
33399735,552.3748531661658
37535534,477.462145735436
27667456,1930.7065806712144
61581329,389.0282053659794
51263630,390.2154739630969
52033053,-166.57244783540364
90888218,273.88697409061115
12546179,406.77396957675774
83093814,614.8444239454834
46297699,310.990977388768
97044400,806.8842669147634
31763919,-136.4068845196989
16008849,555.5423030984198
51084945,269.1820110001463
59957604,655.681343747538
18780994,449.95915643537137
87997537,513.5521882725175
45685391,180.17198247080069
44441149,778.2845893973213
14178311,311.6116576709601
43522500,-40.17361551426848
91025767,385.5856769050274
92328854,-97.57975025077258
53582398,190.2918180108809
79088536,542.5400666771993
46193764,29.562734119557717
84800487,385.15790080150737
58906346,309.2055940502446
16384425,248.410563107087
31314423,314.8455683634852
78713693,352.7729283951735
59579059,197.8923924379974
51309878,354.6530674167416
18367921,667.1326782257711
17963218,733.1976572117137
63773516,1166.8035728735285
43820904,119.05132081949296
61844633,375.471982254659
97433520,560.7694535823739
67890378,345.6641691860914
84770654,356.34289293630127
56388014,464.3677106030177
48498606,514.8414782722298
96139568,65.28273923816596
23184000,472.2736046413429
82435682,774.8421423620512
84725417,495.2977775222398
80398008,49.37558101568993
21408816,335.6452785644087
40561414,280.6348954445516
47526789,611.0980168745605
34202671,598.2487703497231
47410501,-291.809331007476
18437030,99.59158755714498
89947527,639.4082973158293
48179652,1085.8459389504983
43574355,698.0694179697789
93441626,73.64069534579039
49833156,382.69119918441675
27436801,783.1168635629733
43212239,59.592805392760965
57781002,-1.6239368607780307
80452756,65.36091486044461
69547198,165.3845796700425
92282402,25.347178311304106
60080700,423.1753523159623
77220496,346.4870780566066
54095090,-137.72554817018727
28159066,-44.530987769750936
76298460,237.161337783436
57334293,678.1313378501804
51349452,391.9584702287625
57825954,278.33482253934835
75566691,18.770482146669565
21994482,319.4169115531422
15472109,309.5674551036286
74524636,1037.813037334452
50954892,1708.3850495783527
72834699,142.43997644530646
62999750,482.9195207871585
33123268,849.2113104339928
66540114,222.8027772020905
54002928,621.5248469650328
55085304,298.01985068718204
22151066,372.16725928185497
65334729,540.8030797699739
30865724,335.15080225494603
90388666,281.46869625872796
55605064,454.5494716516755
69408128,566.4042836050517
99473168,1114.5036119583933
75818797,-11.333139472069433
62565025,815.5302659048425
75143116,205.29290860625997
47696923,298.5215410642991
19416750,883.8263895393329
22855194,553.61198528249
67192782,383.39931061065363
87517475,296.0106191769596
56350089,427.29121197898303
34134972,-147.20441038129366
60576347,236.52799344247433
26319072,-32.396591712581085
88893111,424.22121616422464
68033382,104.44116235669935
94035885,322.27615074386495
81187160,808.5328821177845
28315736,480.95123275366996
22692256,686.3639432316836
37267592,-8.023007633873931
91150814,-77.93656820197202
26431305,505.3757857951168
87910232,354.8311031870744
41955248,733.5597313404428
69743430,342.1482091977409
46703259,635.6087036741574
31441294,257.8444175374366
52540774,330.3359382637391
86506186,290.60751876848417
59584539,420.7203389596275
97314977,495.23465949176943
96666615,313.80155197009935
79683457,197.8875695084016
82209443,413.5313732747263
28258830,501.107824544938
42067661,193.3775070566844
66297804,229.39587136711543
16941404,111.0251018668173
75005309,13.553481015504985
24570745,163.92943213302442
86113362,362.52000135734806
17047985,265.416559727862
65773050,-102.59462079530476
58445540,799.919087003695
48523637,602.349788571626
95993557,355.55769471709027
88761628,555.0045045345823
35281082,132.96755095369053
63427827,518.3648727555424
38736916,-170.28086297430036
86580197,406.0814089271321
23112535,560.1272534422815
70370352,406.4247153855408
27855625,186.0682709239104
60833031,179.701649504756
23047956,868.1743098697452
87351286,128.89983027237577
75886001,-115.09581765150233
66301086,286.8816148132182
60935733,451.94160748815057
98414359,320.06827886848487
93169508,1126.966263667954
77985316,233.34405976024118
22647726,196.12753907517254
39865459,256.8702314281654
81994206,579.6178970290175
62822262,142.4262040068188
85331429,39.23080071485765
75110630,-4.88870361521731
51138756,57.00516287352184
83491442,335.32005739057877
67891583,630.0026865222426
65475315,345.7018072431647
37180335,1022.1608643933296
53617145,82.30550800122683
66644091,248.72833507083442
85685863,604.9481528045758
67756317,383.7545168761417
47286828,520.5907932931218
30798257,-64.02453364007897
55429056,984.6057657295478
48423935,271.11429285813256
70215654,772.0689120770044
84995114,340.4240458715858
34191374,-52.34985587238816
94424055,372.94769976430734
35266032,297.16022127029373
10282778,280.19337606989575
74509894,235.63905293464222
62379565,236.74690209739765
69295266,396.8610315346832
19487319,181.72230215557101
80523155,1300.1527348218497
76258438,566.4072159673728
15381648,950.8647536770072
76313330,403.15080084965257
67909709,365.37679479698
94172578,106.58651984234439
73730320,360.23050734750814
93164433,430.85281128808947
47160388,192.38093427914055
39990609,410.2427011142672
64566990,826.1689172918318
91126842,778.9949194862015
52824809,128.65103445728528
57254599,474.80547270824127
38718331,342.93946222102613
86095545,557.0094073412906
47117496,-2.0247456494048492
38398092,41.18488651980897
35904079,375.39115398156764
90919237,228.06112795038553
56102015,1094.7581921921987
71540566,699.7014676519184
10011577,659.2281831824089
84723499,639.7210288784718
12437858,256.39951547130477
55600884,316.9799090911288
14903844,174.8210172725794
79656066,328.9766142606568
22833793,551.6331687054649
52725368,60.98265108582655
69338616,-220.14827665159328
69512258,422.8976468429778
96249786,350.8683984109898
93289839,446.1316558835706
89525161,505.4016607094027
25602400,456.7775282498933
82687645,392.10950513930993
86466057,486.4330931510053
31039064,163.6310747144198
38126410,472.5643015859573
98941268,171.02223988925152
98887377,974.3935850960152
19069593,373.22099113884406
48991500,671.3010142011772
81340729,245.8979710950921
17755803,-1.539349259372102
28332754,464.95012911438835
48710415,302.60688946052824
13552122,-90.50569580440197
67175252,194.32292450046043
81401006,963.1055551358254
87569420,498.8802855059166
68775804,226.52106212562785
51303767,375.6830481442912
36907350,166.96944913268726
11852044,640.0085340718897
57122012,707.6436578252096
42764646,399.02395562087804
23299341,227.84748485688897
99527596,169.4076173998901
97393585,141.33388412172008
43578412,0.922136107938968
98294611,640.2647795011671
30924809,241.43661050811943
88121507,531.6397061402849
81094653,-20.377286965600888
83948197,552.9187390076686
53707208,-44.38234495097413
72598207,-51.50622810561072
96325015,176.26004731369903
32527392,118.67610774287186
13367283,97.2207309575324
70926441,659.1736708646513
14507496,134.5820203934004
84516945,565.5668573277694
17478153,413.0408823830812
83347951,362.591295117792
42507501,333.3913799122479
54322410,-135.17330537327416
51129418,357.5376563322907
92284337,1227.0407404368166
56191305,409.94947158555533
69717201,137.70487076373593
77803958,523.941420933626
30868541,261.9358155559876
21948362,407.0441332526889
64597726,156.09312984451935
24753315,295.70463062909676
83137150,452.00621119202015
87115344,393.82136460774564
99984175,416.21967996573267
78503238,576.92877366015
56241324,425.3833435972201
44979606,520.5058959837947
73782771,-44.21485082065146
83259646,128.39953028764057
83615385,744.5294718652563
84238097,527.8186455968612
90104229,553.7658722946849
47165230,289.4612390616544
90052115,99.66176409100717
29318397,893.5138305592377
66821977,416.2949118106685
74914365,143.02972666410506
21821045,-113.09602869787386
78077361,142.3378086168841
11290483,38.63192757880597
18150280,245.23950808790687
97190006,463.7329753396807
23716973,-66.89065289455311
22402268,106.45539071740177
22495547,716.7130497434628
62732805,225.09213683214102
35149813,561.2016965652697
45074208,124.63526711444001
16930048,-167.0521755195873
37034316,457.1201361794415
41257506,607.1948288225772
37119194,168.41094617833141
67834562,99.82426471122699
34524417,300.0449753670446
65917034,924.4943892642927
89187031,808.0959578802008
38918236,229.37043695052807
15343670,960.8821063382798
14075655,287.48970280510684
38174910,889.4681045125299
58723158,106.04865239267929
60249533,712.7872913557785
97281245,539.8815401092147
72949298,308.8570017829784
15101045,110.23346121432814
28123842,173.87427165485224
79777819,869.0102905601311
49207880,134.5723611540816
80546483,453.8792658449993
64032695,260.86733078383213
13192282,403.9827428856979
77309020,16.689150183107813
61977302,125.47384602408465
97344057,-83.73376495683851
30586194,613.3731950028105
56677229,353.75994747768345
22130117,635.4849784354542
40261245,-14.878721554001004
30166032,193.31249580516942
77089984,37.37106263905798
26878900,646.0960954355628
61371436,107.97054365822032
42742062,282.7639920705442
95339974,495.66235434698683
56107946,128.90180394678373
75011328,777.9188864651092
72662754,539.1587268095413
72203106,-127.11596235797015
70496852,465.92155481507507
13201993,241.8252700919138
78164844,1582.160895603277
59342403,236.32330319414768
94540895,838.1653371257744
46539631,743.7327683117069
72239923,199.2556525388959
87927143,-361.1950533863169
58112642,288.36332811162947
46348606,532.5362890458437
41028863,493.70021207252375
24368370,317.55522744134987
29933781,588.5579639247248
82791847,243.43279484706773
96015529,105.16575326049815
54561874,-266.64218008976786
53184693,158.1820460803592
76671373,741.1494813560239
63611357,400.52210064400833
80706420,600.9951675377001
55017743,594.4067591100415
80689892,-270.27925704034124
84469446,1153.1622409941256
23226721,447.73443396643006
85084580,-189.13900159387777
80669002,235.84564110014844
65745002,594.6745731241949
89007400,538.3043171106533
29824422,364.5358231646487
35775431,308.36450477609924
14074630,914.4983913519759
72325201,829.9241880189611
23874500,679.1912500482676
37300173,234.82077548958796
33493494,705.1585806114613
30229764,478.22316106807557
43966954,816.5040890737832
27845488,427.6909080082942
37461765,1332.2639083691256
54994083,450.26294638023273
73747516,328.4144260433095
41276058,201.83662942128876
55912598,313.3346340631406
60686267,159.09512755409924
32726148,436.10005395950293
99279088,710.569538725118
28728541,728.8373584260903
13858737,1004.5748849076772
21895570,733.5108990177696
76323759,453.84683380845854
79038940,318.3418833047099
29272847,289.1145081448767
98713132,122.33667356785372
92394953,751.5664574523767
96580365,217.50292533136235
44481344,441.4635173527845
16420037,194.86165895113027
93921984,445.74926933502456
26481610,-243.36453938800378
36292815,1242.2810517543212
77806189,705.4201933917147
75958945,-314.2961709244696
65456150,208.32112139310266
80743824,432.099118402617
49966934,162.77124718158848
86026791,550.6227134263922
85816309,683.0031983264989
15568874,719.1735754218762
99556884,417.38980567053477
27514144,243.70157702691358
33950340,428.87122549178
90674412,208.06970543083025
31688776,-32.95090813416709
58380703,655.4479252150868
59666638,-101.78483805246879
28858647,386.7358295932231
96281488,1413.987340133881
81757957,144.14563836151956
15387606,-37.0856879048506
95978588,560.1081232130136
38876766,284.69271991941014
97177476,97.18403704643106
56304916,243.51178424709906
94447504,-128.67113918638006
12858830,55.00879914747884
29325031,257.32806018753354
45137864,321.96618745305295
40574206,776.3974571012754
14671172,470.5296327724104
79393183,415.0200911749689
73490914,731.2636812475703
74160460,487.03214750306006
44164617,-59.237339340187646
82646950,414.90166004248204
13359174,236.8381656939805
75134927,230.83616245416488
36042465,433.9187120489014
83839627,-18.03949473960938
23668396,354.6206501127913
75299261,453.70826030872695
41480775,-61.6501122380846
33690039,32.61571808141298
22503085,750.0505668818691
37466667,321.1873156140314
14321282,224.75368516267008
71351933,194.001413795977
87081502,-91.32544534583758
65472553,1313.7548914538274
99213360,220.26671455061887
10832464,341.1409877792207
51819797,829.3088298154075
75955259,334.2970331717879
88647663,119.17923837983426
48629803,447.5140046137103
83286245,315.9939238971415
88766577,620.6815017181052
92941012,340.2389069008359
77129657,121.95289915695002
98212477,43.50298552837012
47578988,405.4150793524882
50209960,856.486969890801
34219777,710.1059646499857
79439231,123.06880018279253
73635146,430.10029274742465
64910994,462.0285822408614
53834693,740.2775741712817
11363592,315.502977947147
10873772,342.9887755856389
87767702,390.70444806339265
23454749,504.45953045035503
58196808,350.6295987907206
68491285,293.802032385302
92242279,39.44032715121921
33507598,685.637564761601
31155680,228.97784352063945
69782815,735.6628007900435
99510246,116.59474156526494
76945883,458.941041537963
17094345,241.52944488937965
46337525,82.30184294543278
28488983,411.92121193348294
16761031,222.24294348818967
79032271,-36.12274932556738
62295468,700.754000071156
34239247,0.9889125628833426
13382072,619.9517095272249
22594211,147.83387620383792
57247913,381.07876949250203
91685716,455.25821841808147
17466502,645.6658560018
33964749,441.4687342737575
51427608,242.4430771889074
24310192,364.32587766459574
31116680,454.629730273306
11417356,91.44728931998407
62762079,945.599301452065
42671255,1072.4163942969426
96926020,-91.39931501623323
50275050,497.27383062654917
39760605,-45.469517748381804
74898826,388.94613536850284
72916922,331.78829915689175
15943032,195.68094536902254
74582816,477.64864176507353
59875250,126.88316075363628
80790659,694.4438690598413
19888418,282.61679799756257
31588130,791.6160820392147
66158465,399.6591819298287
18800645,105.86748166150483
64505218,669.2329295763534
56056799,238.42560893540622
10374837,556.1396663548012
41300143,-117.40079482021565
78621253,35.413876474849076
11141195,1014.6804626927542
33865847,413.3342214656068
90610974,363.2704783924114
98930552,1265.5515003657874
12727530,450.5403039424882
52930535,364.4550315861934
93753865,382.5616663887117
70595210,475.5064675385197
86025280,132.35092328629707
78663509,133.9273199900599
21322626,394.5500015826924
38172344,422.2888845110301
12467923,726.351300264656
59832255,618.7970353354099
60019461,783.2473646635299
36274445,605.1897993386006
35417851,618.101385948848
24997453,521.6465948241212
83094532,300.73946072163517
90174488,868.8329477647799
71319002,376.84740636727975
29621396,399.0869658038514
10011880,591.7250597572547
17190126,933.9786774334207
70424510,433.7041940891113
11417531,175.0923629101917
27554957,462.16490594139213
13689480,1151.6567514455132
69613512,411.1667673475072
74318773,510.84225932895197
45221034,608.82799550243
12200305,329.2795988663238
29052499,159.81472338063713
91168920,65.4692730664051
99587330,556.2802287915247
85493546,512.1228240617593
36510260,331.39206572605326
40370308,517.1927981146396
89123563,550.8622897771793
68894033,753.7258583670427
73938236,739.7824636485398
25242707,389.6090128575761
87339346,621.6790491667721
34182148,659.5342160189921
55488547,383.93047356898205
58799207,433.30037678804274
99415472,293.28168210900685
50374353,528.2764805111028
44632960,246.03483375274936
46918499,614.1784674394944
61219752,174.9087254548508
57928854,405.38647400320815
22536598,1220.9459425167452
69936903,456.74943919171983
69696012,-35.106111474440695
75807455,702.3358782860314
31557332,634.4945132615203
98503124,453.61648416346134
45347570,594.290674388667
91321804,424.40684118332865
56392111,405.3989769397376
86308272,237.7751563739116
64596791,607.6322567125317
80652734,460.1113807222159
15067372,457.37301896047666
19485124,336.4881876550148
14453004,226.61992448699766
26285533,478.9894215261743
92838656,-64.45031653419028
37408293,139.96918059797736
44619550,542.3676829469973
12229798,251.21653198695458
19471907,473.402671759678
79387412,1101.6222919278266
62896852,-49.44616401452504
45934349,292.74005293810615
16860511,-144.54821202976564
43506983,303.78559668514345
70740306,77.08023290952997
92814410,564.830592458818
42104710,400.49013611266537
23656647,1455.4631620598193
16622582,433.7159193094494
91730318,83.73122913150655
71502047,514.126090203195
62198081,158.616981977847
35586426,-229.05851948611507
73159054,322.7689631537437
72932579,177.90815434559272
15860553,848.3869148508579
76499202,1154.7224752079533
49147306,723.059909589354
66173222,776.5999937066163
36048465,-145.31289074796086
58226162,467.57892642166007
75348253,303.614137060782
29406516,77.79266947003634
30120831,214.438283261778
88886135,302.4078718399105
90716300,295.79035729324096
12118186,-16.892167956016237
39388114,75.94038987070053
43348151,524.3299753236934
70648988,416.26188369345664
89828759,988.4527908380423
25774436,490.1105989707148
56166234,167.4682435430518
46207048,487.03479550417114
24260337,921.4890887526426
43372122,435.0567343238158
99211792,291.1506226421443
72425048,252.69744645160335
58848576,789.5434603358817
69451066,251.25107138902877
46571746,754.3039517935931
35037281,-72.3722890706672
85573733,637.1436881494665
85004009,449.3783872857407
98713147,356.011624584562
99574842,702.6963173145023
56403873,427.71014270860496
79242881,306.27402246293013
58458582,381.08068560433685
68482067,284.1948469631734
16690135,508.3125263598263
15173091,990.118688796847
61448444,620.8480604421402
69237042,301.97075759515064
85145895,729.8766618271343
22701271,212.58161162902024
39148372,-124.7498196641327
94500108,266.0815701485967
68415143,472.67993126769125
40595467,339.8399064280361
53076141,282.0354376078917
73641861,699.7707478803213
48605668,-62.96151352266952
69923530,139.70873038356194
49319680,388.7759093444474
45928049,272.5156260630065
73814109,358.8241535910115
61386764,751.4118164745655
67209776,603.2866648470372
10596331,433.678715612672
14387887,336.2152577608308
66568548,214.1423331078022
59240082,266.82206466679645
35040177,449.39522342912824
99480365,338.7977235672879
68333386,632.0296475471828
95572882,258.211800211242
38132096,523.0391299182238
76955826,358.90321025822277
17729676,371.7057215439427
42211142,731.0709805787951
20158681,310.8189521378872
79393152,566.1611468788728
39911125,164.40666222143045
88836366,571.0876270801618
20409154,447.5110234954027
15026679,410.87602173867344
42131515,629.9894364761867
54650905,176.89699535180898
26838390,182.23772172167628
65068346,663.5787566378558
92979933,-124.90985496743406
95452518,66.43988606268204
38822689,247.51466267698015
46355252,582.6800901308652
12444224,417.47135663136714
42979270,298.19241526115957
77573762,562.4804961823156
14826829,138.51863357657248
28709839,601.370672316179
18829646,121.24298975040847
96568537,204.99724881585325
56829547,84.1302456751855
93979772,371.82196768662516
17626588,512.5753662957422
34011504,511.2991541922611
52636134,380.649079402981
91687348,148.61209299236725
36508418,96.93306415215875
82621948,522.304940346105
89318730,139.02633320710902
98717167,418.55629912839686
26278873,119.73832906679581
56823412,1426.5889350220186
75609163,798.6748535004499
90104725,886.3572888744679
75874553,223.11058607564155
48469293,357.73296072681205
70313722,931.7742910473044
48269879,496.43974645936396
30338233,365.94563048416376
32779513,14.802593675925891
75548478,334.02701814844113
38561257,140.39847577858927
10945373,702.2893403163262
15756944,1061.7479695760167
46940446,581.976450316216
24659465,236.49477162509493
88948806,606.6454585490874
34164402,273.06045758567507
79477391,240.03085986236465
15537006,540.7906963701666
88911942,177.6758127397652
96378293,210.38421887409504
76422231,193.56044204383397
12309843,243.9457508179844
96239148,526.3929483407851
86466781,66.6304716821137
49050128,19.41435232170761
14724818,613.0642600446017
56683970,747.8556121734737
98393974,178.28962800527734
84824034,893.7367370078255
92573067,-377.154920133577
73226546,36.90186059296502
61358064,318.48195618868067
59398688,919.0743075982655
14969480,438.82002778697324
80588045,425.61931447138204
95597071,174.36823275982078
54836005,379.5793729888901
23220441,225.3079875000517
59018993,467.95641679469736
68425900,257.70404939777654
96400633,-116.80721629960726
32664783,690.7190196280671
37951383,569.9744865887069
42701020,448.8686745314676
23132709,589.7133474561319
36039638,818.3133244085234
14728562,489.83418469668686
62765095,251.1309862027656
90518206,444.82016417606974
99330676,328.4270477321106
54002963,399.35456002377214
80024301,86.70210191867227
83450392,8.912957814679885
80827964,337.56515571642467
22623823,498.2577235548033
85154401,557.779356255201
92409200,552.1904440731523
37461274,713.5107849514375
39412052,-6.068593243837768
99188219,138.0476637754573
10533163,459.9907985128443
16576946,564.0662938787223
10571061,1540.380462953235
11502784,130.2092876447441
10627022,861.7977767701518
66112731,352.49342146234994
12271580,906.8960258694879
19300863,400.10196452987975
42301466,434.22865719654783
93227392,415.6798760455231
13989390,699.4882784475631
83189444,-95.67828719934687
88982820,1010.9438493975676
86309809,631.4469124431171
93812427,410.0558141378565
79351177,499.56753805279095
73882065,929.3853577811069
85331771,-143.78499911597692
33746879,343.49292593720975
90357052,237.71301649409952
42998447,243.0658152249589
42297649,149.46354603089503
74232297,56.917813292260234
68234963,346.9144141562424
79955240,274.99320300953013
33685499,200.2487717534218
74031111,149.12416027061772
81527691,720.6889549365615
25578339,147.20629457835685
36826714,503.1766564546092
66720469,-309.9105608664622
58271754,378.4413517531966
79175453,240.66573298502544
91006186,562.4581073902664
75399510,92.03680372516055
65438642,211.28251884680003
72193555,676.0359334294035
52661224,603.8626464749104
40274658,310.3830182701804
63582038,-105.76538975621634
95316180,367.7020817317393
31722576,130.3930477503709
51439680,350.77106984388956
92864642,438.3027226300874
24588628,189.5846087471482
62383426,-153.791273534815
91245064,566.4505612022481
61715372,453.0604752203458
65148106,376.27118787535073
91441992,147.6203533615494
49274969,210.7561171944758
33917232,497.97905976193306
83235081,-47.136829432683044
40753215,174.0593642625381
70796627,259.0755800311631
73931614,340.87761098317424
56857736,724.7117047244446
54064504,413.9081393280039
20389019,601.1352239673506
57574601,499.40655146297104
16478279,255.29201592559457
68356151,503.15482940749735
99711808,213.56712237620923
98284968,792.2293333330499
30598390,90.00379637088326
55132880,971.0297302104182
34163532,1111.3197959519944
40857770,133.0011150021328
79839486,627.4938113458661
78134573,653.4997544237999
96251286,628.0500697042057
46606815,299.5780359362666
53204628,132.99486013161913
39264189,1015.0402038254401
66917873,600.0882655947057
75228206,176.2821416429406
57466748,93.02148268853261
75500440,185.8079926437049
88152254,1076.189384237302
88711927,-107.35604341994076
71935730,588.0067698572238
11714210,609.0357236079299
99304127,435.80116358407395
79629484,102.45118147850826
64599027,504.7343015743436
71633685,511.2544982956838
14342958,584.0600506778401
27958253,-125.31802628770947
61174518,313.2146983398143
74916891,298.6638039178638
72753968,235.4166501209711
36262662,-13.275758211590073
60917615,-197.93890579706476
99306721,453.8840472314114
53075886,255.4770492643911
73928511,241.96411255728435
19965325,319.26001372735027
54826574,970.7319262909996
64209168,408.978230567051
34147586,613.9446259214915
98269123,241.44996168278522
97467622,506.19766144830237
85814087,9.475774124334748
72333580,579.4819458002448
30873738,478.29739955331615
10331403,528.0832436668156
35344119,196.61389521514639
35769080,370.95651946377757
21575135,326.4663971941527
75304823,617.9777134353831
23401574,172.71118455247006
83090193,329.4021930633867
86996430,248.97530945081598
99751646,410.794254943688
23591049,256.2121463775552
81709576,567.6007715767628
82444468,554.6235894855208
38288153,2114.2448372271474
87446209,288.42322103870083
12079734,667.6327162039379
25058080,465.48881865663407
89691662,276.1624715076441
13150938,134.748850666645
36020495,633.3831072070061
54923182,301.28212346248074
28841079,177.38301451347388
41392965,733.2549926183374
17119564,262.49261200961155
57430704,681.839092405472
36272284,711.6705898218361
91925114,165.3798162382045
74412922,518.8153875867356
65743046,341.483161676224
48653211,321.78631461905707
36332370,552.5314753609796
85424579,-18.717751284539645
95090269,482.4286284109744
95971802,67.79458546227261
86256336,417.9704188650676
31156844,575.1181551590857
37688219,304.4892341874247
82437324,-49.05219261957518
21950676,524.5662137666009
54094553,-225.44431133030957
74374536,448.6607115083102
61738687,334.70827381774325
19277250,-128.23303506145976
84311990,194.6463219205566
94274494,293.5250159633988
89122239,1039.5408283393585
97119289,1019.0223479592714
29959537,-183.3272721625617
22777840,1001.9176517541928
39391011,241.11089443701485
15127918,512.6451712712801
47251761,666.656064104498
20023773,77.45292036112414
96682736,-192.1470347983991
12309412,355.0659032899089
11517944,223.6708597934262
59425514,918.0886740234114
28854961,329.1945974024911
63750719,868.7811055760653
69531684,257.26628907107624
73516640,358.90879721063993
92500346,561.8148618115688
66124065,-251.0324690333341
28886163,482.1443479168511
19680706,299.59837838742123
83673598,920.8802288613301
85519237,152.80778869977212
37110854,551.3148331720718
96010780,513.3893348165657
51391268,359.1990330142876
17655078,526.936621607234
26863121,642.099883399334
30839269,-124.03496274252439
22418770,661.3640900368146
88029081,408.38939858163576
27689636,37.1195483245383
58431423,548.2790855152671
43802347,368.93881352443395
83961382,302.6883161885039
27938336,191.58001514103626
35978100,89.70553231352415
89319775,832.8188491424521
30362974,230.30581914810364
93105032,1135.147339680053
20314268,17.505621788725875
34550012,398.3622363923432
28077484,503.4322695335368
64656384,351.2179615666787
48022436,233.2730677763302
40507726,654.5441785422104
10314144,508.28615858643116
81012787,454.95356147221446
45672873,507.71017550187617
25759428,201.85077676053425
13512722,545.6147419908971
96070498,179.2456290076684
21352279,457.4171350916322
54205490,419.32524944117176
44645119,450.2804164565405
37332321,234.19136626281033
54601842,633.76110299022
60801709,143.2510797318305
28903523,251.71441433126165
79159760,449.642749214323
20416757,211.02046259444114
38432201,542.9929030595094
60739859,286.54797752554623
89931987,230.9320900757043
60999736,-103.39154933303644
43182602,414.2147165858664
89739478,344.29166591974626
50450523,432.2585674897641
73950928,469.55235020417285
12330781,-159.19122133104065
50236542,252.9130445010146
34912503,478.6251587146494
25536468,321.5467745566589
63776599,697.7053944626073
56389530,755.4758419832392
60881312,441.9040444925772
94656046,667.1826546391662
84143693,530.0797958731546
60768240,822.6248302867816
60458308,388.7709833818826
53948557,385.51237407775125
11612817,296.1770242491093
71889062,-82.62102695306658
77172079,717.459579378221
34222625,608.1355693201435
69965828,170.0104838303614
94714430,432.98961615632743
71961534,-50.32273146227271
32936108,232.78565948421783
18431618,263.9998349272764
13548537,695.9302690605432
86674079,626.3242798194328
21748194,121.70556550476522
40124541,472.55605000698824
33347811,355.34710721152805
92929218,-195.9241778130313
72190892,82.89303762219697
66963455,928.2003852586877
96157867,380.2492237998781
15254705,885.6533174271672
89064766,68.16312875131825
85305349,198.65960395374532
58781934,258.61766977715297
42553797,584.8884103477653
18721533,537.4470534779125
58244383,650.0324504310461
13696896,536.2986764586572
65894339,180.82721469492117
61098619,153.20673373377485
26018756,443.2082138920341
59479424,345.73497554242294
81738781,-138.98483172058832
91106215,776.2005185581497
71223563,287.60092668985044
95945745,772.2991555105204
91424061,392.85121498670424
67135880,240.96335488230397
15528553,1226.9617096688216
33657705,179.68815721600276
62553289,63.108628469242376
60993054,155.15778370440648
42800613,720.0866604648613
17769800,486.7763172877685
21401202,690.7838909592865
52155473,662.1287270344469
93304650,552.4241917247814
51407728,642.8480215484101
89543732,446.5942727636502
43419947,552.553463705653
41488699,213.87060782180743
60974422,21.22423630664798
65352047,526.8748488546589
37012905,426.30392732065957
14787203,231.57469720272502
29417973,216.52901386533858
19835446,435.1752978494169
43255500,746.2943125511256
28812691,67.83876374495594
18722953,34.841863614488375
93227004,590.3886755091112
35371569,1118.9206341796635
12076594,-62.79046538322564
17330331,207.66510061925283
70946197,303.5926193307564
44132847,-32.127890148065035
77445263,39.40656880571305
56880921,1201.8953223430162
11480304,502.5732238007222
44407005,602.8030819740961
57603851,210.8819239438708
36951093,389.2741431861982
18651476,421.07372643040526
28758403,716.9984381637673
29842235,642.6785012947016
80915194,-5.141382345148486
87361082,191.3953393855968
67711479,532.196598889283
96493355,-0.27375905657436306
60783295,1057.3006652208082
56178874,89.7901277586493
36921713,489.5564675839105
48581624,441.82995511765876
75576141,328.2110145481288
20755403,533.1758769186517
52097748,185.5814966564858
30927924,257.9699492867694
52924618,381.1145556831225
23083091,253.59784767400652
10593933,285.5822600244296
14984647,6.093587304100765
50764768,546.9015623684932
42909851,192.15969700981123
47962891,118.11011895617366
24155862,396.00077179019627
96222874,995.9935184207925
76243625,208.78943022243675
83785580,480.43413151078585
68046684,659.7318675277975
35026518,651.8074441245776
21144795,397.31028603853156
42304823,442.9269576646943
32449171,-100.05149102244695
67804951,556.9310003252644
80988109,246.7069158136269
31562948,551.1364244361657
80571715,442.45291092304797
91879270,253.6731700739033
80331872,294.33089524409297
39788137,735.1549097471388
78186126,191.24099272939338
34300076,-196.93605592531185
70710711,601.0955961649911
19520201,104.20205927638835
75968232,545.5415901194174
62441830,617.5957034939106
87704160,326.0696759529542
38039509,452.0204565329559
87299257,266.0325164873402
34604480,494.21578390279274
93559487,429.59847073399897
35225951,341.4828809295932
80500038,-78.46019247475488
88587318,565.9685109090178
72460444,476.35610135748357
28502361,498.9945412362167
91781888,818.1656204086662
83528344,1051.9299167614813
15266445,399.4515841451562
83532377,510.60256593324766
74780110,162.1655851274868
88664511,176.83137594080245
81767501,463.6336000121678
41015579,70.77502296660214
19338404,350.1361628237214
14667759,818.1033339485562
66260119,973.9614062173018
20542479,764.6162407666902
54097170,392.1404167771225
35669653,308.02772305390454
94127563,-68.3469732186386
81488029,-109.23577598047586
93329952,580.4575522683895
57217043,427.93884855188116
65522547,560.2777627766327
73695068,263.68111276566515
13539769,342.9688472257808
44056017,774.8912372861323
46617581,207.93464977351914
68464888,20.884195617567002
45303083,406.1753588647348
86984156,341.6378806496141
56630529,265.4975780596201
78254395,241.1780024194718
30913049,205.85693004874565
82688614,178.0108308028798
88893045,250.1267731172511
94639808,528.5006641641526
52742143,611.0290890756423
64260968,275.3124293305814
76546956,66.88148863623837
83523035,626.0784743561485
11013053,522.2295238572224
44130994,212.07929960510364
53796074,339.01073749705756
35498168,362.5559742147684
63562445,-5.095679656265929
42365113,64.85073176572632
54613679,510.7420825098079
69835682,180.5115742730568
40747675,152.880392307467
37071709,532.1220320437278
11644754,1107.151978611184
29456046,988.7494527967879
63575365,552.6548420368922
62030210,207.3883521278658
84640048,110.50910999138296
61377846,549.6642713361621
72441550,1093.2806460327374
11270022,540.0933849677153
70261792,132.42021538130348
52404988,351.5881408178252
84003906,397.98663338330516
31204633,606.8341266112152
75242666,375.0638730859123
49434528,-182.86553024559953
42863318,275.6369522405985
47571305,411.1480997686331
66490879,302.6993338939592
82396141,187.21270615027015
96803616,329.917877976437
10584088,909.0576428632421
41994657,303.89000176169975
87186973,167.65773770933038
71213873,232.86384495230322
49764305,94.73523464401524
43725149,794.2596000539111
83812129,352.10020053271546
63290164,112.56827814297912
79318573,544.814971776751
10844028,71.50722803281633
19798231,932.1910430790972
97056407,129.8257484277583
32215003,591.245526509294
94765090,388.94063273981874
47235057,617.2870270378703
94429036,218.2019390858386
19267342,78.89850059740684
79884507,1401.1361097877043
68548734,261.75248936833077
64679483,241.8622761491938
99761027,470.74717450516937
77538039,354.70012746234124
28035639,455.7933501954112
66579510,365.7022488615162
50333547,93.49654367857738
30957545,287.47031602006837
87343589,154.18493571171848
45470859,288.53595213393237
57383256,505.1393828193941
62753404,32.793947780781764
65906932,854.9589775136474
54060112,896.4274501303007
88317327,419.00433385119686
46875481,791.9647530557031
86614127,649.3777022706622
91675434,834.0135571553355
83895227,377.1427835789523
86365373,176.4022092675218
19948626,352.7623059491857
79630167,249.26792755395763
89106944,242.884290357983
46083057,286.24487631728607
96150610,251.47666579522638
35015883,-93.24259671871732
69747407,126.66891738560298
55538576,1060.6136395396147
97411049,-102.34148458541813
11519556,357.6953090752504
81677533,-163.2277308289663
60065328,452.8488195453142
91824420,215.23553461931715
72549395,243.95560050680433
75208950,447.3144720020546
54258616,496.20039861968553
28371507,463.4037869140061
33800661,506.2780042162876
94718676,437.7053603726499
98426094,-140.82503729289328
41019343,539.0583422823797
55953203,414.014116136691
97258831,108.20171441216598
12406914,94.21617982048656
54260975,56.04314669582027
17839314,276.9016994580138
59228162,-87.54854669973702
53104947,735.4509383678032
13405871,771.8287901398289
30540873,160.48355292856832
10681459,410.9015507289055
88488173,118.24117378056872
11138134,968.600202787623
55965946,574.1081663285204
21024415,304.0856807878322
98633407,473.7994429177734
17665044,454.10863997439947
52365929,216.52042272858716
45919010,-13.61268930495362
29159751,557.8846875634313
25938815,138.2293232665029
31864619,297.7011360146339
84907440,1076.2881176336032
55408023,271.2122631790662
97513676,278.8991787960895
71808636,267.88308000726056
37329985,704.5777607573887
66719590,997.8162076413942
19832352,802.6015296679798
63673893,638.9626880008227
54185196,242.7871506217366
66171184,524.1007037147392
15702584,263.2398437042548
26362681,791.6463790698681
15300602,587.1786115734199
54091216,415.2051325822554
41649165,169.14833001625811
17221791,232.09299500072166
60925601,219.93987615474998
98579259,119.07221089316045
84327985,482.59123963964066
42373455,-20.221116784532114
51759034,773.7430681904079
57369993,417.60287804342806
86174456,158.70042399567046
40095064,374.01398412416484
36904267,681.5956321026802
95653857,92.74821858438372
91047161,7.573557423830607
24858933,-52.12211526067631
43668504,196.75354451666908
64688863,148.18796502928762
19394328,726.641296601968
90928544,77.50460118012325
54501975,426.76973034246885
55816692,224.08588950326157
54235055,323.4440760363691
54802075,475.4583403378065
44582261,-78.98151416740893
30580440,722.6386464543102
53586985,266.55444508884966
45293131,130.7671782052903
61623792,-203.3322573133796
12664255,287.11492665908236
99282552,170.2435879474424
57422029,358.6493827817121
95049365,-59.06450969756679
44630924,82.47452808209937
59932513,569.9237211873551
79864196,294.78884886929063
38025450,403.84265549266865
43187524,258.19716353269905
85710350,286.9861432740586
39439329,260.1912976965614
11767243,567.9951270470842
40729807,426.20520764053526
95837440,-22.344917946509668
62785546,121.87303503798148
18032525,488.91382181175777
78515248,375.36844706174725
64000264,484.32057969934294
70932637,793.8036488849762
56631286,837.6792738279028
82611641,694.5054485999076
14610215,188.0183215386437
65282606,225.59041566998485
31080502,601.5286179373188
66137109,427.37428924298
55286917,262.952079793155
19462876,216.92065920788582
37235871,462.6247260152618
53584009,373.4379421366916
99377565,553.8165726598131
82994298,149.5430687960561
64250472,-15.433115652586821
61269314,591.1033823326661
26299312,907.4684038384485
97300018,699.7380269543628
74523665,469.3829820351925
19970243,623.7945781642429
14406104,465.18406777009614
87865772,1109.013253363892
12224440,92.58840045352326
62628011,-64.16960706752025
30735313,414.0299013732224
12214322,287.29076017370016
80943078,458.6218591014267
89421265,881.3733015591565
72762674,46.07634840086166
55920835,654.247227764246
95456446,748.7051151664809
96630600,311.87900752234873
20077759,195.88582409764513
77066065,231.7655766477901
47856776,1174.9296962113876
31685937,383.83004865009434
41522098,778.550509748105
30032101,60.27906752948138
91606427,173.17432380956916
22900349,234.1635384008532
43552678,240.0689843246064
38881909,250.09897206794403
77508029,854.3146307277575
95128506,208.9266441374566
64627729,289.6626516205024
56744301,-111.65994853542315
59338251,395.32492106442623
19662574,335.4053087119605
92971829,479.26598570546366
18409584,737.0183772972937
71760159,919.8208353266073
43660858,387.0237835114999
77997629,39.83154717098205
33928732,304.2862772657154
68629875,690.1476007686956
48480450,339.0940644794455
54283664,268.40172110546337
65942293,555.5984084431566
95573502,792.8934120559002
45086632,-147.7039050268354
23012000,497.01587638926367
45395839,446.5483939208689
15432712,753.4105265777002
72298046,385.9450818543273
84408769,-36.319795664699996
25246226,96.72230153191958
20056705,488.9730457660985
67856036,275.012977302084
56138985,104.79370426058131
89984541,353.4992191919755
34860961,806.0793083521426
55067089,264.31118801563116
63717753,378.7530736563958
89165138,202.78642458541344
22336894,19.518505325171645
23089519,238.3434733770664
74572156,206.755427521789
96120368,854.3850330674686
70734227,604.5540356035017
43842124,450.54720029057444
98567604,511.22777380497337
54538757,242.3528170968939
40105171,412.17899075292553
12135438,296.2501542628638
73738446,721.4114904794233
62385208,383.95801081569425
56062641,432.28657308398897
60234485,214.53020536967915
37490148,285.4712660559858
73644773,684.9631235229299
25147876,431.0733779701386
98738159,-256.48601926278207
36202424,343.69242491630393
90053455,889.8734688302302
34861961,64.95266906018651
40235987,146.21209681855953
25289802,376.93509374851646
72831408,715.0179728961957
62725172,566.3394079096479
20547868,353.85780587468844
43821417,374.55029429187334
39911650,558.2251117309879
76282034,151.8579060065822
93532589,478.6439125142215
71389546,869.6205054380457
26491098,117.03885522190649
63364173,512.1322685236164
74256814,695.133266243015
35509595,-148.5507069254818
18139863,652.7537738932019
68577776,938.4842461055459
29522715,420.2446735948497
77706518,682.8420581230139
14006179,298.52197085434864
92579248,369.41564634922815
59229974,423.1984809532446
62295609,872.2779247511439
84259414,19.530687078010942
47815936,713.8642934177774
81563963,759.5847133441766
13005852,262.67268930301543
62738558,-223.5053837003702
57070759,434.67015657846423
99600292,318.81375810153486
94306787,557.1597331203493
95225104,376.3987172095917
55330216,359.70461476227456
36532262,210.88918043731746
46565446,1027.9465159861616
49087723,281.96712911648365
59534453,674.1625426981764
48055811,92.62032936563037
88400730,213.7367498464987
99040799,974.6113434197314
54783545,-29.03812781221677
51521420,235.06179535292767
62125112,359.27383921990213
41533842,310.7567959583271
37548888,169.35566560577035
15800993,683.4132410316615
72777210,612.554315804814
27213732,578.9991031633713
86541928,234.09520457424242
24899277,304.91566523576194
87153365,472.3016838691219
29377093,857.263998971081
17126249,653.723945493658
83735200,-14.757276265483597
75294081,1099.0435757276218
50305812,53.350690818381736
80598326,307.44485508571825
73085224,404.6246477733971
36011967,70.00397876944635
27344122,257.6322614112514
65167661,1013.5831856262175
22697886,787.3035605074842
79772982,330.03021420303594
75656583,279.44787828755307
28706133,212.6459576162083
94307664,1128.6480187729558
79181014,51.758695264529706
64940514,577.3853029592806
42076518,365.8092313923744
38290514,223.6579793725682
12647465,850.3875623245985
51615379,1051.829048078816
58583551,247.20760773286565
89324282,505.5403996212617
53391853,1.9360579588342262
22488467,1229.5182416755442
77912827,456.1311974137948
92699296,985.7881634689056
98391080,277.7576490524975
25085429,34.122821511789425
58232338,436.4859997586095
40856740,518.3143465401677
86463099,582.2268939217902
30661871,261.6617288272223
43294411,725.4955144461819
95379944,134.88520990080133
10473693,124.40262083197013
60542399,806.2949432353485
52521598,-37.67432889535803
78214020,326.4201845609241
42119756,306.98768351603167
74645008,377.724244944719
68736704,970.3275062853354
13851365,11.666331701126182
10956933,882.9553568238939
76588396,457.52713605093777
48664414,658.2456934875158
75409758,31.202373719620482
60867152,558.4366316210399
49408128,403.53075653960786
32398201,340.3595141650512
33820657,-228.99630548313507
99096183,927.4532963844481
71729207,173.86670896909663
13424233,-15.376889554528589
69313487,618.7301955979492
51427900,203.2453922002196
20461232,551.1580537220921
63893951,338.3476163580376
93871936,231.05716114180768
63699477,599.8631540913339
96362629,436.6697648594386
53928117,472.70483024686246
41164553,209.2014739446504
36908648,332.68435731531554
29666927,476.4998877212838
11938394,702.5498913294596
52496134,271.73252213648084
32481667,-356.04340090869437
61487441,647.8359588529511
78992007,557.0579920219589
52895411,202.75805062988093
58726779,120.25558361812182
20458217,668.5790371813891
60265538,331.9265995577266
48479448,233.94914889690426
72404425,311.6320378156943
91400370,212.51339422762385
56260955,16.72441353897102
65491665,727.0236757129405
11663385,-7.239814003016363
18615500,738.2039623929231
87935522,-70.84837863557323
58889457,-19.537752847578304
19169471,923.5233084504962
66133962,605.2366138908355
66731452,641.9967360150613
39410896,597.1966224635944
54940054,158.9060712658711
10662394,515.6549959444178
80972130,180.53352205807823
45235634,558.9824066093147
32971413,475.2189907403226
79283360,478.9724087752502
67055260,467.3836236117668
56118755,124.39711983940333
29230461,530.7559463372936
37178907,318.36883025883617
80400106,393.70659844544116
67091284,461.03183976336004
54160936,1014.3240685076184
26849200,170.1289120287197
49585462,491.79061248166227
29429374,299.844946151798
95616903,1186.4138544318976
40605040,116.5333252197247
77364221,417.73825253588257
63366619,474.90702696245216
82932107,249.82554320211102
11504000,120.71053757979871
66338948,600.2595816646649
17704772,379.79313225290934
70406271,156.25560048283387
78457345,1484.5546588542566
47160363,218.18494389865373
76792443,513.8491860083855
76133904,44.46360017902725
30534387,211.4974385869009
27949452,457.5979481023478
98920505,396.04607868961875
79101538,1665.2761258313903
41201623,171.01751037239137
16952322,386.07943631153785
97020909,297.6137759906687
76043497,464.3675882878756
34495964,448.5061457290676
68971691,250.60812438564744
68553106,363.4069244266916
90311747,245.3498438614679
89361909,149.27427432803188
20406930,194.07056898117116
38933836,598.3443422528917
38377549,325.6951552718883
23346090,204.56372302312684
12625694,322.9017511315774
57311677,516.9537603509107
53924641,216.44359001285056
36865701,727.6988877087329
22626294,459.1496852230762
94697405,321.3019279379009
89675917,314.83151058531394
28055737,-29.65438698540129
17371555,739.6042852712585
31452123,351.8482602316126
39910354,362.69010467962653
16661684,163.6988172266938
11696365,538.8697215307702
13890760,412.07076288104645
23308655,68.16048810626762
58265470,133.03486677200954
23915393,247.97777056855148
47202387,757.9614014513263
63170132,485.4052827279793
85663208,532.6322299412354
11731667,0.1557576914888159
96387342,422.98510228506166
56912577,1714.9471582050082
96546739,390.19413526960807
56118135,755.4222086382297
65848480,97.37435849524036
29524312,276.5875615907803
61207733,863.1020954954438
95068416,-100.28015655035142
93730714,126.72571950345173
58209441,77.13878249389063
77468100,210.70678093907281
94556768,754.9526963079829
66214153,474.70675940570345
63178801,487.44072563698273
47025809,618.7724012454455
17223815,1072.2966102882588
26808769,421.5159921404129
25114626,531.7747411223495
33184251,391.0931989660671
38562723,413.95698239244894
19383477,256.96215032157943
81390291,243.8658330965227
20998216,461.5711145382297
95233875,318.4746773684569
36756234,447.3135760625655
80596646,474.3510409616174
92304937,395.9409211651714
37613954,291.7665200812439
58590718,507.5010499685709
53992915,229.39055169682797
54005253,0.45949336266312457
68781482,384.83010669213127
70720914,-106.85083310858909
29283338,662.9860468760589
71373910,-192.91499396702284
82737999,-178.6934075992358
38789318,-153.5861037755285
50526394,463.8011599168108
24047944,252.3812388031797
56710540,20.919167485028538
18038779,446.2536447335815
87817642,577.0716268805982
54364617,1239.6216619680326
49277751,265.9533513055371
50647092,597.8896688986856
74938295,478.3896522732548
94151619,628.3089485545183
14146499,562.6264409500823
44114070,383.2356755166502
71013634,337.9090039403013
92727921,43.80563006702823
23408005,199.612562368809
55353418,110.80370930948584
42627732,718.3103098856209
52380113,887.8539111461232
76380932,784.2485029343466
85051446,413.6772824078439
13441812,568.413197180193
75634466,886.9735959221848
77418032,211.87937669300436
26069913,716.3347380500782
56951161,655.7350733364319
65568116,351.79910536539137
61527594,433.6924739154656
17428821,478.9601408893823
23710142,358.3917592976636
95218141,358.3963295418571
64929695,209.03669222784447
16991389,263.29974190894427
28240625,812.4215641418427
27547150,592.0827369678364
66381811,451.36101564005776
33749942,-4.164902599436573
35190059,384.10839419340255
63026525,422.02071562707806
52393671,305.37007310386434
32813270,557.0173178655191
49072955,252.55585148005866
39300176,434.36021247003873
46915044,469.3856131147945
59260240,410.3662711587758
12697027,540.1406033231156
52828733,248.4709352285813
73335938,204.2277898381367
55961268,167.61345609369027
13325471,432.60073325137455
29398613,216.47905879838345
27052291,108.07691067968199
15955952,664.9837688950588
23271818,939.4119265663066
99724134,787.9506647698868
24071058,296.90327843278783
31560904,217.6467721403742
65419988,138.35212037862402
15085530,124.36540394695248
19942722,635.2890248989761
13275930,481.76329279292213
22982323,643.995295880984
36522599,283.1342953256785
82021909,671.259725471582
68645790,622.7962558820232
54788650,259.98857212120765
42678082,357.7309379952926
60925510,593.4575726487574
88286089,1.786239260190996
58263484,685.599375649872
65619117,452.49439691996486
38104250,74.68464209448666
13756583,195.21575732661586
60053914,468.9705578089088
64871810,562.2217017072262
58457956,541.0030719587353
46159970,-38.21384913480779
68250229,111.59129320054626
47390028,727.4748790157882
32969075,404.7777384839105
53581810,476.39316362569207
79530731,565.5119068001127
24487509,689.7236303565542
69933962,650.641967639885
65663302,438.7736818987887
12423653,414.5690911397942
58871872,239.52988557784784
58171151,455.89138077296457
30617224,373.9818644460197
69106909,308.48190710703284
13212070,678.6863915334279
68351771,274.57935770578797
87624917,127.3247036499979
11970895,200.53674439634733
44431758,1008.3443783498974
16633955,684.6043381594577
42590404,313.7829669932298
86953915,703.6543283199676
15250738,622.189107889475
44832140,410.1991252042294
73698594,604.3921478348107
42128660,222.46233037261254
79549553,252.97503451164266
71619272,15.096099645968934
42016649,810.4262265440716
61877206,25.018999226494998
56572912,308.4175117823743
71598751,672.2221040122445
34544077,315.90167316387806
28672236,1108.802123259703
68689312,298.450737770042
20267244,231.67522217687974
68781454,995.542304957657
27270801,27.900454907029598
37219515,408.2650434195407
12011866,-190.2054825942887
98392715,105.57524179949769
87201351,632.9180999589421
14908777,902.4484391129408
34723195,182.39220520208073
27339925,143.8746268154796
65420496,-38.65603319230604
40933008,16.240750124997703
47440503,120.0104259585064
94970875,-15.71673613513758
91029594,677.9294580170608
65336637,312.0156937270408
82023374,419.310093481703
11380763,914.4818640339017
99699540,116.52186154616038
52649545,357.273525399507
46299510,387.9609781756317
71452565,656.7634427741687
67641699,208.45864864389387
12714684,580.8634584412675
60016742,150.35537892172533
53641525,611.6495498667682
43542290,229.3340718936579
32126954,372.7694542744175
38213318,496.2164352066261
19971849,814.9897534305296
69256669,628.2085772094415
23756854,-200.7820097682411
62908704,154.13282067158252
32399173,443.98384225562177
39238887,751.5366002163673
94428578,371.98543506734586
52458139,359.6143033842509
80574227,102.9928471666667
90487261,1041.486827761954
31852005,585.3303576690528
24086418,424.1365493011908
82209864,285.16832677416187
29014855,113.06450738516332
56782601,35.599853820458065
24702075,335.06920515991806
74660449,284.6659056387566
40117654,123.65074313590412
60385260,823.9954017230275
35958980,792.7616522487033
69458629,200.87352946097553
92886159,348.38205035699366
97734269,153.22952695990534
19053695,502.80972736170634
22371112,349.80362208738507
49183639,632.6089079170092
53526975,-23.347768047131467
26290335,443.3550898525559
13359830,454.42626252670016
39340686,-75.65665825364931
85521089,189.93540379682736
26704193,391.8712428039735
86626423,101.89034877673657
80675333,521.8670885593247
38369741,250.561880649881
10428306,321.98320301641706
18197840,11.127892660717407
78586780,178.2058832974867
40311310,218.39005840062146
51507375,67.98433688749492
10857110,198.61058357449292
88736789,300.32530776890235
10823128,233.34299693323464
75933085,842.6925868976869
87766438,257.2702547785707
64406530,346.74929008668414
33833037,466.99588822558053
51715740,415.2727524803199
59611801,282.5788460664271
74340374,1092.0400227835617
55507333,1198.9753433450037
10416536,564.3188919056552
43556040,48.26330812213655
63137873,639.2909776043693
70387789,445.1655336946392
29408506,259.38012542112847
38244388,261.1895368541782
26541311,-115.64046363220405
21032019,443.94943898908605
95710332,460.45410159744324
80660421,1473.5518851863053
81086775,-57.36116671272066
14692465,243.8514814370269
35590067,301.32687790615364
37534494,218.76302656276857
46669694,406.9725851159401
68379291,287.84710749621763
28943151,62.57298017193716
85214973,492.70418709487103
49160221,320.5133448508659
57027484,408.7324602312451
79515834,423.08616855367654
48903593,583.4191483987479
49944843,352.42412657031673
15919205,679.5267021913196
89043859,536.8593115384019
22557888,486.3843265511614
45588391,1303.1060526348856
67323319,321.629298341099
67813677,161.86884172764712
94570366,235.24648574207595
99333664,548.3668199822523
62452475,305.0737593723852
27164888,276.39578846916083
13777597,648.5366767841615
58863729,37.59160250845753
75372835,811.0065892326697
46531922,1400.9230832840603
22638297,89.55964827132811
43377425,487.7289168214643
45061752,-117.67106124546171
87232001,726.2017589743082
99721166,262.0925312337349
63930988,574.6318180108497
67323116,151.01482174980856
90199043,-276.6975696542954
16025812,201.83498389373972
90192151,472.2044478889916
85194090,492.943111596383
82716623,41.02129416607795
70041588,-6.701029480877878
10909503,311.0683646901857
38910820,290.73254902950066
67605038,-156.77605526813204
22421268,403.05255872783346
12483701,45.182549027661025
99756084,408.4495145536057
72806047,61.24836458837808
82569264,287.21272778928596
85085562,305.38188676044365
51688242,62.127053871360204
67031304,339.85484778322143
67620733,689.844513709485
15399183,53.916418586242344
83228475,657.327654892983
59551778,-157.1173407549868
58024179,396.2393536029076
67130514,255.34316473522267
36292117,486.0823723316744
40708056,741.2558545510678
16154757,602.4674818455551
56077131,450.83809982961156
24589481,1083.6952776365765
73507348,587.382804041833
98283340,267.9893228814776
78682956,260.84895342936807
48031966,337.2472045387617
54069937,-167.95254274140143
12509398,339.4824256785728
55254106,423.42046338364435
99797445,213.82864232931024
46298966,484.2616134616833
97439691,897.6565632418237
77392495,-13.714017671904912
20307174,178.64080891094136
99295729,-27.9996485307056
13479279,-49.21350048485283
57906842,533.1129377855596
11957267,-36.953510158795325
46011088,-115.42661598343284
40051988,869.1527451807196
76565808,896.7168228207665
38007540,179.53454553571828
79111798,450.9177562156983
44170417,327.9180181544043
81747003,765.8850319294197
10689207,-66.17014704637904
68762949,535.7916348663903
41533253,254.64114698706135
72624609,321.5104078449622
95729378,547.0057140336676
63404247,467.02902573463916
66851416,525.2094877405189
52878792,713.934049255929
69816189,369.31070105155413
93215948,522.7790571366472
82196067,128.3217826119935
65951347,101.61302560590502
28150709,722.510416993327
26445964,193.7284888134409
59886188,131.05600882917952
47858132,478.3293629464547
10617528,676.8630072789133
26555436,432.350355254056
75176293,600.6662866713059
15592659,556.2943437642416
17002563,530.0135161589019
65418918,1117.6799366432965
50328250,203.90760226091243
29587649,-14.701960999414041
58771361,432.7376412328754
11138502,205.586818430957
87806628,261.06976937207037
92541302,110.0314735337115
20045193,-9.953205138807334
53943287,588.4966062437834
72973012,675.9011675026877
98243897,639.8907754277452
50425980,140.39023902192048
53891279,328.4958852110922
12653293,467.5895142855752
79516817,476.2566756553365
57736550,481.17737682268853
68504332,205.14551253575246
51418176,643.1545590745441
52844688,912.4117352301955
14924228,614.0441611259616
17385055,465.6365612480922
48584675,386.5598384574687
84113591,395.5790320825372
24176804,614.8400344441429
42578288,200.64977104304035
22976178,262.4020777640676
59427067,139.9321599452087
62214101,166.25110475055362
31095835,522.5578326431555
61084952,249.074071646442
24538640,313.771297104508
17397516,508.9793669005667
53588939,416.5588764054396
64801503,345.4758502986838
22306102,489.5962477875355
73464976,301.3156456666143
25265317,1571.4259926140467
67321055,487.76116899570343
52652991,705.6312094233349
77364707,253.36208782862468
28941979,401.59015330339025
74248679,450.4456724066886
67415672,50.110672134707784
80048641,-49.875062528420585
42348096,-42.062347165448045
76460518,231.96904504278245
34956566,708.7898029079697
77002192,409.761713017127
88577445,676.8968283388235
38297974,233.72998335106467
97975641,1593.1815861733885
15692698,881.8835999904354
83507949,361.0038039636147
91740530,369.27934887986385
37895673,16.46920980371533
19139820,321.7957067536254
89742287,226.32168055947886
63175133,359.2848419813681
52867973,307.71592626867505
16690451,492.3046864874559
37055011,263.2432069473366
17248647,410.53890699824933
17328412,281.3056800813997
63923102,912.5964558558394
34421040,347.30827689334274
99940233,34.940239994406966
45814646,226.69804671284464
58613984,144.2181617849974
31285738,412.00692244113634
35071743,338.5880396314792
52223959,281.19391976029647
61904367,62.63998834126505
31525138,49.41506814628656
73171290,385.98445234625297
44582195,478.3946971570381
90109527,15.579870678569932
26952082,213.81819350104024
53620380,338.20674755582604
94287883,880.0826704238611
77186365,338.224058146011
33864808,-79.79363347555
70959138,93.55979438252052
52099246,313.4966653368019
22249291,195.3415727052179
48803280,637.2797859585371
89982531,168.29633593084736
64289923,574.1390479545062
22000557,63.53412948767391
26219747,290.5919931838189
31130738,568.13948251898
32445244,277.10157644937317
75236281,80.07561022469463
13587715,520.5753835542441
52514750,167.65863428599368
90786271,-34.396916225314726
15005065,249.9307802170556
20097518,-202.5764757468669
50625868,431.24994904548566
84412981,267.57687278999765
92773944,-80.65723271458364
25312123,89.50320936501248
70396417,97.30127758802973
54865863,446.1680474881455
35803808,299.8237240609028
59597265,470.7803629342684
93311848,51.05499934193131
32340446,275.1957975300588
96794801,455.22345456385983
40380864,316.33208245956394
82007689,326.30566244855663
84851707,669.496513209318
83174692,301.36552661040105
59083400,-89.44221980287693
17580169,521.7561981484905
18219500,104.58156592700425
87811781,670.2928083686902
14088369,142.21996939563041
67659430,265.86117293763573
42456496,450.6421701201648
87353322,105.75569932071039
13917344,-211.36211108115413
19886405,378.60230237106407
77800166,569.3570214939077
77068569,321.0477338600472
88362858,75.3061255900393
71241476,818.7964723376444
24814654,341.24980241266167
46691706,527.8107042504539
79162545,650.1261696037768
42908985,125.34864539601676
74936566,340.95950259250003
19620916,223.33707325627392
54347722,474.553512816447
90271799,600.424065663899
25414359,660.3683765248898
35809369,231.03673500203604
57731323,-10.955823616812722
37887687,863.6952764533726
76623206,83.81557688313615
69954876,322.1531055722785
78180146,723.2339461608308
90681578,370.30977905923737
41794614,-65.76106000733216
83295852,359.9289561054211
31156145,318.59925716007774
62711916,512.0231691814083
74676618,380.4347248511731
43248708,543.926493780154
69180825,290.9233669901332
75624999,220.96483264596418
37667208,724.0141744793141
77810578,484.4665329953941
47115768,456.2878814095784
81589304,1140.3384568769056
74472711,121.0568306073128
82711188,411.56385007441213
55272778,391.81951228153366
98229885,152.12074131342115
70058028,295.34526283217065
90729377,12.862064618567274
13401279,416.6080916271626
85519612,481.34531118576433
17006769,482.21192159100974
99888523,241.82581178842156
22354297,763.6485943850148
43508583,1693.7625440041238
96795828,363.86904966426073
96608998,25.781937338366333
67452091,279.28254796256033
40571985,787.6000027617074
15232782,696.0802202265977
86789043,348.5212816681674
14046478,220.9541680370894
45515801,458.6055226885501
26318506,1068.7939875029024
34584473,240.76600040446465
15369631,475.676021426847
26479383,359.4376605383809
81346470,-81.78119896913267
83197984,-17.45101625702182
70331904,851.3956208561449
78907246,627.5846429883463
42709019,975.6317720410543
97184353,224.45751113803044
35589537,618.0085354967086
83942112,301.146777809628
58293013,822.4453398580199
78567689,185.37118224982123
88610012,263.14739844505857
68628621,342.9918288250269
51584806,-81.16797440245409
29419986,201.33225867858891
21476578,433.3372256303319
77370060,-0.010066543047742016
33607448,880.9677895570917
47890072,334.97780201640444
11234362,70.49351556213333
70681971,321.3033878358292
45196219,832.347710762916
58136807,-35.24543855305228
21383428,141.0499413244911
38088367,398.53478154590994
57071133,675.1663689112925
83834449,632.3409695329997
72194210,635.9490941709164
14582584,430.84348582380517
16017322,136.4088048298131
18598541,240.20804036119443
82812670,636.8148059293712
53563234,605.1300735279151
63779141,1212.1740995776076
70854456,553.6839401565321
83535660,262.04365092934904
51099419,-219.39310183732277
30503407,1054.0971462903317
90802363,285.6634665901447
84057874,184.620209299831
93637941,101.4757819843835
33888588,106.29272802748892
78183407,547.4312506240622
88497510,1529.980936046646
88829918,747.6656832045746
72639649,458.482342524866
15627595,215.13575423802013
68832460,443.9375671884495
31734310,-31.718867758505894
69212161,259.764265344721
62980146,-172.64752852036509
69972227,380.4951751950739
53162285,175.42877469270843
10963473,245.92470150975032
65276908,316.7638588145164
72611634,562.085740455268
81292347,375.77587769231513
34705944,540.2487118871418
54322977,140.8427074450724
27155431,850.1073969494169
61373056,274.8719062519094
64530093,93.5664781471205
44187538,321.9452352278581
29110806,59.447774635393216
34026881,605.8874543980714
67734035,559.7801321847833
90355788,199.0423108817854
76930932,336.5900420671119
31194080,390.0737970607411
26948420,430.17216942186724
60117998,215.220811542697
23540580,260.08548584020673
29255361,127.3553989103084
47322059,490.6747243637019
50570727,-14.651706422958796
71874386,411.9312216156118
27325447,225.80277529065415
92986477,355.7937464931979
27856293,-67.25744831504016
55159001,247.52896399791825
88660196,193.03379327949824
82148252,230.68452814127932
15421314,854.4045401480912
27620141,104.67853052576629
12348320,164.29711235833747
84344897,251.75400737837026
10950855,138.18702213398456
44290434,409.51407152530237
84843689,389.6857996297663
85814690,282.5250432864059
60406086,103.77436121789606
35395832,-22.55219080301049
54621645,250.94686488975003
29154162,170.57223831195415
40230589,591.7358190274435
46902130,254.8757671059052
70579622,257.74771225119594
86272378,-3.65816477037788
12294631,287.739565384476
29412564,655.1303009564699
88089176,540.163405447599
91193188,349.64336743217564
36523137,649.3079860993935
54050884,413.8203815279039
19187985,835.159974105884
91884750,854.8134589841397
77985469,138.1456505735173
19362736,857.2813044630834
37641826,-133.2612894503518
17997673,202.84567201202753
12296621,188.71927171423113
94210085,35.75312040245353
84475360,458.8617810082401
44450631,178.82405537923205
96917819,405.339763590066
76581579,420.92616621381876
16376842,57.328003473684475
20378565,851.3689811447621
67149501,824.6782343846089
74149592,80.60056995113473
55437574,701.3610652008524
86258875,307.47162595490636
25154125,588.3591782070816
64289878,185.80190050997953
59484061,160.97596253842676
39600891,608.6717005070213
40907835,90.65030425684381
47183606,276.1932667563192
71132260,531.5850023740827
19424487,723.5259252802616
35720925,359.52823146314813
74210516,223.66187448586152
53089641,245.95261775645895
27778699,394.223563952778
73489375,369.9178511225441
46042524,112.64458890121387
59554727,152.22376265554067
31273971,497.56323234316733
31543147,497.17397942218213
74490349,-90.36366295480593
65190591,441.25295873215964
21122660,331.77199320226555
54597323,631.4730502753487
77569150,82.90030726780651
68093533,503.03764525214865
87099884,90.04123807401902
64825958,339.4242106609918
27545112,473.83641674974024
87791632,273.7809661793867
93384265,574.6600610507157
64047299,360.6233344228672
23357980,316.75426104421786
88585802,767.252199645247
26754357,179.38342552726408
99964380,59.57821113795217
63611208,518.7319265751175
10618556,654.9686152563058
12155276,371.0655010765022
56528554,627.8655394383536
72203638,376.9906205073621
48174886,221.31424781616442
25749233,385.3244555654628
11912269,162.6587260862725
14181748,624.8979379041957
77013810,700.3234201795494
59885886,254.18598738965284
92982194,301.03104664257035
88065861,510.11576386544175
14857189,307.6305062009451
60358916,573.1888535936419
72265262,782.5971889268058
20471623,1562.7500967263113
88951362,346.4643908129874
22364003,316.30174757348277
85137999,637.3835433859958
84176549,477.08674815606764
25849299,102.67413348184982
21233903,198.9225821478908
95963515,275.4636017498947
47630408,435.304345961682
38763223,265.13990693495225
34812513,-53.435817908789886
77372953,868.0572346351346
74724495,370.4944125126308
34162435,148.2950860906626
60046268,1004.7500247606904
19475755,433.45767231977106
89620481,1388.8801365788977
26981207,301.525953619338
13918048,379.7619182570802
36590125,239.4097795730804
78119113,37.09460356378577
43245514,-37.11631269470627
88082339,-184.114387124524
62738760,-22.963955094075118
55254407,-0.7295510425528846
85112378,276.22857412054464
40490983,6.4175683319163
44048989,599.950428775152
15551565,511.11388422033497
27681538,513.1570908598128
98232104,-254.25813266564592
14018289,278.89412167777664
82522150,428.74102999990646
65483357,-198.77408354117915
94158408,589.7608152113426
50266167,111.46200286099565
28805175,221.49325004587354
93929668,508.9179569172006
15540290,481.9719335439063
98661090,589.0538110782118
50074109,355.781242517447
85017115,95.78928302883696
99914220,439.7990274223571
76334714,34.60624074787938
38140938,313.25664667687715
93933852,301.09574736039895
13190892,623.3080823402365
67747085,443.0832528374817
96389355,717.7657444305391
42380180,974.8529958262134
55522772,333.16327811595556
18839853,56.96202823749945
93030803,237.06827385184624
19574384,362.1812616790103
17501488,174.61886491998848
92757638,465.17637063764914
47546392,532.9274586261113
56569095,89.57163763948074
34392418,1029.8960922932552
49367171,383.9176483177739
37669142,572.9022549062483
33580264,592.2583131163301
52617381,398.6981996406503
13011861,1067.6597554702475
97498208,307.83313389629757
53388262,-14.623676633674222
63018369,193.9787655140276
59266953,159.72190190520178
33256210,379.70087107694235
26585585,326.83717222690257
43342989,531.8421834767369
81962175,340.45513770684465
54752385,-206.5318029081559
12906623,332.65687014007153
12144505,603.5178850415355
47329191,415.59920924113067
35302686,260.52353226339574
29541158,851.6666403850631
80447228,47.53234567627078
56399590,89.04590164231831
44327442,685.3906210418318
65756284,839.1879495564813
13967851,611.8441840204682
33766889,268.5301859759793
70886578,344.08592926585015
85448456,587.9825894171222
24208719,433.9569891565884
72059158,299.1888179881885
30666083,345.2467445380262
45090209,566.7974854192025
79520644,498.38127519120053
41015799,455.6825612143125
22610356,521.2391624872366
46940244,8.620131721104826
21443863,-300.7642096964032
63769088,556.2535166632892
32298027,415.59491603516426
26046152,514.5825547157365
60326272,399.41829289448606
24693880,-67.7207603836041
18317166,970.7881650660142
64265688,518.4085543336114
27910854,199.66896588475765
56810750,-17.162565878411897
97007881,469.4759359552313
90317702,504.89741144270783
81231529,11.299373314981494
85899649,364.4590383276436
92087175,234.86113436881442
24070483,237.4464811278358
87629146,827.6939639070251
11101794,504.5893547344617
67889079,922.8617666759278
25576186,198.83610971456665
67657245,379.7441708982642
74992266,454.749404409582
83091668,348.7937588969248
41547362,171.56458663019976
75141878,494.26319614695103
11562295,1102.5931822198659
23748006,356.9462078092156
89825179,524.107266373403
46505766,1141.027079177094
36098274,86.8604032581834
61326956,760.1595268811175
69020339,312.63839339831884
35844282,347.1430964375345
86014291,278.7996957602386
72500654,418.23384603165005
11567986,344.3000547250658
95910506,192.7965878472205
73565600,269.782323637181
83729347,661.3682131540463
39689433,658.7058256888549
26513864,501.0814924310562
20449852,741.4349570403456
10382065,283.2063791647902
61096786,340.8158657319136
40823824,233.1593579488549
95687753,1932.7807075829478
88043962,431.9433416334996
43192291,295.28108756259235
18631499,791.4860743431905
27194752,514.8491813896676
48023684,261.52817126858963
76180232,74.60901556951012
99345059,585.2645583255457
46554999,435.92419720353746
57537267,281.0547879262026
72087202,372.96075377090574
60008708,215.8401780342101
13534295,252.77419661682598
90971189,60.98524988656891
55662480,51.81821449202971
81189360,403.6357018372819
49401774,446.8009875682051
12131946,837.8770675756291
78732926,511.68578946206753
38392538,666.9485832697092
64273801,558.1975241250539
62858255,262.5831081915062
13288053,54.909074883286394
80940080,118.63822640387934
73197703,215.9555315798366
88918806,517.2394840698335
45088467,356.6275890145812
42105313,240.78960113384255
51515302,51.34340873807514
85071892,585.2717635866143
23401512,89.06977887992934
70514922,388.84912527983306
53367560,428.49399712531067
30799466,931.9861340582888
87442307,344.0668672872939
84081332,613.7050681716073
87505658,490.45389955666633
10151086,590.5035093829779
19254776,244.3276490489843
38019521,619.9193190359251
40151098,-129.21483736009804
75965212,505.42081135306944
38667600,407.18027137713125
55646285,-132.44324037724664
35548301,325.9867395741762
18737005,296.9834769751774
76771390,475.89477428658165
23778594,183.39426165479108
63739797,230.89814230244792
40559434,652.11861624121
15970404,250.04537515252287
41963393,246.2350339319446
36850376,598.8245480789051
30703622,200.61805371137825
53681130,488.7037532036811
52524172,456.8665420987654
78986568,487.6530852576525
60868659,163.12616826935846
55970571,127.52090776261002
69603000,427.315791175557
24475423,-181.5635193223643
30105284,29.824330359880605
42638975,366.4195865740244
54205765,417.26725308891173
77026950,427.22220196889566
55738198,956.3916103029769
49309757,370.734001102147
52256145,475.62473371867463
14972722,426.31167632060124
47613103,847.5913544498335
31244414,-200.75619371659604
67669646,518.2218962342795
85221335,424.66461386536776
29598209,471.4408048171258
64960038,183.99044948904339
36072721,349.0285916466469
48855526,200.271304593688
40290168,449.6369664359049
84094689,-551.021391801909
64780070,41.36221301745263
62238032,457.66478528706284
44102009,501.2063122344189
13443938,373.37326547056364
27288438,377.9904437235082
26505769,577.4722525737275
62425735,-199.61483307606522
41742405,606.2356756864397
35508108,202.44613894837403
67267851,352.4473649902807
65786198,667.3898959353924
69652252,89.37082249629657
78338794,977.540268327572
98205508,539.3235405763389
90079134,182.68444180932374
89240929,-103.47552583662173
59365630,753.0255661266433
16423455,639.0326695210933
30410578,289.52859275093124
41943183,429.09273758789004
17181615,380.5072189091534
31537031,504.65634553284144
55634963,523.5917450229067
14790401,458.3733784758806
49470022,563.4893575878777
68137744,223.92254241812498
10800640,453.1556794849921
82878129,-103.5602927437094
98099360,107.04896137887818
36414556,-86.47626771812793
74858657,107.04608436358649
41406039,-39.70328891039753
67297495,462.08410263343467
98019387,251.31994619561965
17133275,561.4191781672966
44434588,530.3766018440401
23385843,413.7708053865458
51805988,168.45768393411709
65443150,633.9470634566551
77624321,788.8623042280324
80056192,292.8648328992481
92008819,74.80328665493425
78973038,132.10013127197954
36356168,411.74707528597264
23051465,490.90360549483376
18225590,615.2079106233873
30705007,463.4635862684336
51916309,188.55677515297293
49014177,262.5794389334942
46939883,-109.01540331513115
27552020,10.565573132031204
76064439,719.6150014506993
42732794,481.08127422563075
78185687,499.5818153353848
37150067,527.9289174270684
60216204,520.3576019717102
67861895,101.51577373227383
82668831,183.20334442437843
26865256,519.9974409289193
20296005,552.444736821848
91164112,583.962507102352
48751412,271.39865394477783
92672083,318.20437145360484
66451503,-217.36934126718552
79223008,244.4037027102413
86295795,223.34025494820753
12188395,772.5856862637406
33148873,273.2813218420397
18236078,630.836522008201
53763750,179.0413619180722
90278346,409.79817357978527
23921552,1158.876956178945
60806947,471.9005825889494
87988487,-13.152308565645399
33594333,86.47935029830796
51767697,376.29271381712306
76176593,489.4525758643322
20106678,310.26775126588745
89323122,171.47569033343188
15084276,8.83209829785028
46737280,353.8863396843708
27725859,142.2173208914478
47502584,687.2905577518732
89375361,798.9557688163068
54279167,383.3162517207479
62834953,213.65095997003755
51358955,38.23202923133249
43105700,465.89327159693994
71610282,392.3291933064511
79952909,429.7776582253173
86913278,325.97012195693196
72344233,189.70544885057961
41143291,480.307024107462
47312733,171.40482940434595
73376655,408.49275130790875
44219943,-52.45891612498008
18665144,442.11045931662466
38016360,260.50699568099844
50277432,270.4569731159045
14668690,382.6311405461506
44041678,569.8101737822899
68597599,574.5689095379698
55600173,-22.370406268755687
78109218,390.26898250917884
43432402,95.62726190210833
57793276,783.2705226455437
82143513,413.6352746989123
13373907,-13.54857232688937
78336625,428.44005780144744
51821030,363.14313561779045
57620512,329.9058500146416
94840760,604.1539919417792
71866671,995.3059440036218
12967437,331.3501334083794
94620585,396.8223792994104
45148967,371.52326627915136
28096166,174.04681464230816
76948857,665.1616645905247
44584760,193.87502023558864
36577484,-4.842980918182548
63103602,371.0838228704811
15647671,551.8796599537509
86020607,199.93183586337864
80235014,-23.19813652451603
40496834,417.07039580950186
98549441,298.9414788697936
71915619,458.60888442335954
27813348,368.2127691974133
48090735,448.8262846420721
91818207,508.8679813141571
12597429,329.1528572560478
99318296,341.55854166861536
38085169,134.4553104825577
38823071,394.654706588266
61630311,114.79118997213072
78195551,601.5511648772022
88131419,338.65920071845085
18300026,823.4259815774953
99585455,531.8883039653206
51530595,494.1708798682366
94166971,241.65727876110395
13633057,393.7618025730703
68298368,223.88485537619636
69215865,345.86427816809464
30064972,530.6994338490158
96997224,-203.13264092134023
45138943,280.25150117174644
21749235,334.6478712308858
62856234,363.3934773915821
23982292,75.54083961133483
17686144,499.3169176736151
57256437,503.46030695308446
85469927,18.27516234669565
14451732,518.507810335801
85268432,804.541842731277
64602955,140.96232374251485
74101500,7.029737915308033
80083521,360.9900618173119
11433359,537.3027414710132
99198713,534.3964760064109
12281135,448.60003007178693
60094475,179.84343249680296
18817746,563.0972262309965
80803307,748.5660097429895
50415370,237.8632271634251
65098425,243.55770488269854
52785060,204.4503170981202
76797423,93.53185424607727
57752962,1005.3721153611004
30340212,416.128027775022
17309152,451.92523055384163
29046975,191.26997104424618
58339630,403.41641539896136
38269849,596.9738156353601
65498444,75.15157331557475
56278811,429.97543447620683
65904109,-67.8589300976414
34436387,304.36872615271204
83162633,117.38656176351833
41922575,902.3791844331963
67606284,-301.1550772309911
74148614,1897.5872326053877
31898202,597.2556814273826
12816787,325.14841458104183
73390625,175.66623611584055
44602780,663.9077834515742
59497966,608.346237016196
33304284,517.7205107452032
70931726,825.8339689785298
44381487,362.74086724982953
55483533,296.8179257693396
41096987,404.2117312334103
60844342,326.4514098439304
46382270,436.21966410412915
41975761,893.2853922249187
20086347,436.9549115059949
82572177,451.3474397141772
27871083,348.8835142973462
47060550,258.5029159906794
44062914,312.1934683011568
29352791,176.60154933991953
42368060,-25.959856788347224
83186065,52.410007410221624
86750602,526.291922933065
18043718,313.36249279876665
85319365,767.5567526654763
93521329,352.11566597123647
68774400,1268.8283557561026
27686846,273.09709312385166
73144512,542.838042725692
47707941,200.00973733006913
91947483,208.76866556000596
54467473,354.6069081953574
25827075,540.1102208976467
99472188,613.3337706052253
29814538,-41.840015998553554
98588385,184.48548579890712
15032563,425.77844620493124
73738020,205.4116539808374
11480212,301.4815696091564
75221745,138.75249047884836
19968090,942.4010993814927
70404205,-183.89743941556253
68659791,469.5978574865726
33092757,205.68565872730187
78193594,46.07382399243397
98198145,581.1060061903422
99767011,686.0229731479308
56688046,-28.581388339890054
66475382,394.5076691187678
75692782,1338.8060198037456
26808729,-53.632277854388576
32171695,-24.18326215711295
88456703,376.66613343219615
20999557,475.4674562445002
28934979,-91.56715114875078
37107836,410.8117134832851
50278467,25.20078293498409
61940174,678.6146269448795
17559774,207.6082300579019
21430086,323.5195806142324
10776426,300.99564083433097
98097088,61.3013669346974
43113087,386.3622135170326
12862019,499.39131149424975
44592366,544.8839909863168
96886172,168.56997701213913
96480201,124.64031321062339
85983502,271.5504908561843
23038927,387.0265469842161
53573032,173.79787780489733
34553934,370.750485006698
51249487,458.2908889054861
85349173,101.2718411467381
40895869,221.24056222899753
99256510,-52.86113542667408
76469230,63.5305935382662
18165718,715.2505979065227
96264289,99.2992514512539
20452221,263.20120885534334
15739031,220.95268194417304
75157790,511.9244875628915
28901434,365.1347145356335
98941473,-120.76713429266783
84489512,364.6307167070172
11168890,9.049302684272334
45041073,432.22433599752867
85582491,54.46438181498843
14863106,601.0315724007141
53607444,255.67426015380852
39640829,364.7657743510026
83896205,501.0957033290779
66887097,-199.18619746470176
54562627,316.1926687694199
60923346,434.2983797299903
85626709,407.217150915812
11687354,46.468785986129205
99055900,484.5962440172834
94176139,233.77074016099823
65142810,759.2095698245762
21025866,225.86636776792284
86231352,264.42756816268
94223565,647.8900104513
53094412,606.6154835341622
16579300,159.6178050591193
68788821,185.1431098497501
22347006,60.74342667071005
89447420,352.99832896204543
92132840,668.8203315508745
61120099,239.19631288817345
66390529,400.214011391854
36752526,264.84401365694293
28673093,174.46753558281262
60187719,-75.65575528079307
47937195,289.11016734177565
18528428,778.9919717890562
72855294,625.2052174602645
77314174,533.0103309883752
74208091,390.3078826153255
25265856,673.5003067207977
43541187,606.1634783562426
22027673,543.8963487641477
39533389,808.5813255966955
28548263,697.3749858878732
78891989,7.061684833478466
68562696,563.9067964056571
45297826,498.20693950105806
14532340,462.66628795093357
42487332,682.0459844372681
79497837,563.842380304829
48787566,536.3604109166572
43024895,370.52204473923575
54043001,400.4433633170702
18517095,292.40991264648665
42190640,1002.3968276136457
81702926,470.17298760283575
20584669,407.668808813919
48104361,689.6131595239922
95781341,327.197703577398
42595500,890.3110022644687
34081689,145.0855662061822
18465181,93.38300805450444
87028165,230.76385191324107
25157413,582.333249885045
33500861,61.89400979734182
22501784,392.7507954825369
90954690,35.20091736417271
12079890,354.89330889269604
24560931,460.6362908669039
57180097,378.8031731263254
53805689,136.43838647102257
54653374,111.95180957087359
79714919,296.5437410388845
52629831,151.71339586842805
30315883,1253.6232204851099
55900800,58.40236162455358
62528560,176.1493256761346
17439043,333.2241006150771
64302335,624.9082007327602
53498595,-236.34766407991674
92248005,132.76003632764196
65132848,538.2068732946609
54712644,58.92563758035976
26501578,784.4884329291608
57973578,-309.84371529682176
64849387,426.56455444577887
38331875,247.53457248742507
84564845,259.2198030090226
34335614,573.8727933194605
18851658,531.1447014421865
10997678,276.09084625790774
40768250,657.0555322216869
47646719,172.2265792039707
92937467,744.0235658354268
61661397,438.1082130618579
48317061,408.69711685489165
97216589,521.2428066904044
39977323,422.6384969506421
46445975,544.6475563780632
94283551,293.20293493626195
49677766,-33.29995981657294
85991335,-118.92838467566571
23059563,318.14027280729715
98641777,492.1033857494549
62115510,237.01609723960837
63322573,610.6311146322332
88463974,446.5400628555012
29063398,407.8309929939742
94756964,1254.0231216429656
84286445,767.2706752302697
86644899,1093.8515798921308
58366829,69.61022184167814
87935193,770.352347740305
65710078,178.3939720397252
55211028,628.7279658234174
20090342,396.5309031611573
17885846,264.0672821509779
87917108,625.5497278216494
35243872,220.64593220463712
78681572,1057.8737539531594
36496663,385.4846122189824
88567292,429.6755807683212
90883683,399.8961366787921
77163639,527.21742886008
70680981,1495.66148851871
72230973,-88.1236946829058
13786940,842.7191348839424
56650323,245.69741380774758
67337097,452.3416032558307
65297160,410.5379173315446
23393351,132.90674705547235
43711949,14.119874276561859
45998905,348.2790929437192
94413146,462.65186786334834
30684529,-24.954849686893795
28147355,819.9303212444383
14737001,493.5095644789435
55758535,353.72883939416624
95914131,127.35883916339708
95400320,247.018549280584
29157079,15.309140779223071
34838551,439.77862357647973
79573538,180.58019099493913
53853858,695.4871325381464
46958037,422.8892093353047
40355076,749.6334498827941
79162800,252.97027465110705
61449541,48.70106104744218
68870249,394.9045149454382
13256146,87.29870227706397
23687793,490.02858787410014
49330994,360.4806985676523
47955268,434.50800891566587
24572229,526.6219451849211
85493065,155.8048163200324
95994562,291.0472091520651
86822089,865.6066812124768
38878729,425.78120553101735
83459912,371.2776195091078
40295244,212.62359734312577
95702507,288.56564536506266
97865744,733.7789526374172
81724417,301.9612687228837
22296895,627.7176717367838
25100739,606.2560077617936
11994578,323.5953930874243
43823713,295.39595250291904
57595389,650.5544044894632
37162594,1171.3279788090713
51432674,688.5877770254292
96977947,562.9366638030506
69353041,219.34483176283265
97471377,641.9633644904643
78888703,618.6603872820351
58472902,586.2215572578789
77647159,311.31754458064734
63649430,819.8493851238495
11295973,612.5873888550341
11886952,502.946332531551
31115337,483.55930431073193
53945582,590.0255541458523
73391100,-20.50451719658986
16170017,653.1240531327139
96391937,193.44587861715172
49663888,629.6616765808558
37966282,592.013483920111
91789209,458.00323975356105
47228126,362.9887346691917
26588476,623.5048778340893
87591569,139.30508448876662
15315145,73.30441059315717
70198893,241.06949606389708
61666968,-241.37184992638822
22175686,63.20071430166354
63396595,576.2223908685955
18727617,748.9024648780883
19777468,431.5181469061413
30527873,260.1091022724363
95114158,138.1541683056853
41739701,728.2473260554702
11369670,142.8323502429289
74973026,352.0969198019279
73622781,279.496629398001
52281834,185.1965141898363
16897176,273.0665000159597
63339672,935.1182395121641
94319057,332.32285329578417
89357552,101.01843864245302
24886317,541.5642802250641
59666869,755.8905250101584
72430983,439.63190973714245
85345596,787.8706438588424
24218852,210.76363172114088
82044920,304.1106102880576
28204462,581.7464281655921
25544623,599.4200963882404
98645538,193.86205684469815
35786181,869.8275147436275
56759514,601.4670051460739
94979414,60.43059228855418
52508190,688.4373086548353
49317061,329.46485190758585
76293520,299.9923408881159
67067662,246.51460390094508
11847526,298.12494094444946
14139283,201.8664342083198
35602964,406.4870572956597
61092334,133.78025101177673
69270579,164.48289451091932
47517321,444.6729064587007
10542988,474.1511592246743
66912082,142.10427912542764
42445139,975.501073089602
73053729,284.15575521373285
96699423,547.6939924325543
18843679,351.34398784116047
86433075,194.74046854814605
26883104,530.1786813541835
19601132,517.210008996818
37017650,440.45390392810623
83138933,120.00648024375096
73247661,-13.86926274193138
59307450,433.5180566604831
31131827,380.86793522548624
69966233,781.6953976057362
40243877,613.9197881463942
41951589,417.5670805295531
36031262,364.32901781128885
42623413,957.7391879166594
67891203,323.9286275306995
51970188,143.70301791883048
24213498,615.1615501953179
96242069,51.58520603724719
41943430,708.2122302036132
89189267,870.9463649769455
19898345,-282.92698713218306
60572858,613.6663976519699
34988552,-63.554375788711695
91110384,410.3154674134166
75957507,744.4804243053263
64422949,-89.43763920364881
93823627,-40.548210408212526
93745711,148.18874489411974
17782008,198.2138297378965
40016743,559.9359548974471
78676337,364.7871119196593
96591242,277.2869860044093
83545822,254.63533679909642
89501773,503.69940108765104
19293886,48.43218812814257
58534753,400.8738385241777
56198063,423.92986578776527
60777659,-0.4277290388013171
65431978,112.32913358638689
94604898,736.3966054402595
76197738,438.2753743131102
81980523,374.8635012890454
41676275,322.2470027805448
36497965,831.4241304409284
23177824,379.63301888916703
85192608,39.18565092404833
30289672,161.08617681521673
98138275,800.1432759992085
57817320,657.2214095722961
42234307,1054.1100896008138
35893634,196.02734269020084
18195993,402.11135077860035
98403244,378.7281249737839
63004294,26.00355863567529
54567579,477.8715937684151
91568379,270.8449088850675
82476880,477.02336365801966
55652262,655.937660455566
20373341,143.50662116398007
58632297,514.2290481999944
24786934,729.0862539491864
43722745,61.37716034719142
87508719,358.6355850749237
80752603,83.41958411242604
16698668,727.117679908919
78798734,441.9481850588736
18461999,533.8713322370195
81299277,395.52558538891526
91417891,319.5972753625524
25190830,715.3043422621281
73164327,32.22002427479583
92759943,407.6364792978238
18785269,-119.33728661506984
67717385,57.3293734919439
68136920,100.97620148617125
77810360,217.95774115335735
62012820,574.1888325132095
55983128,215.84495043459992
28119370,370.7826761583401
34978717,182.03317881045268
52374215,471.7560973282607
66651771,580.162111232994
49306420,772.1975091250351
57524470,357.70624657162443
50884173,20.61418059421976
41477733,240.08331833065222
14875840,614.2165449076538
11186021,35.23704947884744
36355598,884.0139625470847
54557949,-58.43989783631332
69426516,174.64502332438542
92092667,136.49575688457298
52668902,181.25490999246267
63561915,-56.21242005285603
11154750,128.49856559963337
48765039,185.28483365851935
91136342,331.82541782676344
41265217,709.166650011507
25331950,16.875139677736115
59339185,265.13374079974756
59925803,417.75052678392467
15169957,404.89025194896294
14437249,959.5549896546454
98971521,194.60262430768626
26418410,58.457447479452185
85892267,-64.06267793309325
29358885,123.47728597402647
90069301,583.6126946860104
11408026,138.87240506919034
77952900,503.23962110028333
83752708,744.6077734781975
15243872,197.28254045097992
20649757,450.8963161111833
94157069,362.2138990534536
80138291,606.2458659876756
79658232,-61.737329374742785
20876663,369.0919587562116
66248879,40.82097970291488
98196787,254.8651823534965
11070217,541.5053976760219
54123194,535.264873949257
86862821,663.123238439438
40252559,-157.50122143285898
60519623,10.845584067782966
11098932,204.0172180354266
77544004,88.5086896111734
43855714,218.19213412806403
57112829,-193.93779716376775
69104738,-184.13320357859357
51426009,244.10828609457303
96759585,579.5825145024028
61695552,484.42571085346526
29335973,318.15699953603007
86711404,436.28121957708254
96132003,749.3800453918343
71930157,293.665991223329
24207989,245.9973694031055
81239737,105.2636607815175
19246532,35.89481256533645
12541440,259.39166849342246
10876544,393.8697588235
11012723,259.9190535719663
38854043,830.537668353882
78679072,274.048439506827
39567200,380.17055936829547
59107952,380.4646232129053
79981461,152.19492165460497
16385065,250.0702758895004
42418677,630.5470598443139
26750207,395.07827741487426
92430939,524.9456069776215
22967094,1.3753026022145605
40195159,257.69746695982985
72466218,178.3892548089866
34482136,513.330591623805
13940540,345.0035180219038
22725269,572.8441148964857
78995555,672.4615459471652
73638726,232.2223997788119
64722395,164.5298085577042
89563722,688.381634139369
32568591,250.82899279273988
45801232,408.0784780957706
20301291,551.6966941444216
40244043,231.64878406097523
64129406,656.5073497956055
72297320,309.33524165251674
13456518,87.57750939956577
27325248,-69.4799370194819
33468754,286.1030785224498
60910395,211.3834831764525
32681832,311.9780987782674
21428869,145.06773063999344
86653666,228.3111220269043
32786522,505.0878730540535
64027869,424.89926338043324
34126567,182.6378521495035
42278394,287.2307031138039
95376056,70.49228606106544
99562015,693.15735045468
15133980,553.4144450853041
54026308,132.46636932712636
76441994,-124.90826693555528
94110128,170.24733034099336
20201258,602.5003743189868
84604326,372.9030017583741
27309117,866.9778422567438
85307886,389.71062091446674
68918906,718.0703219756192
16328223,401.25516504274447
18599779,220.07245466675977
54032168,-172.24970295840876
56206271,443.6919335148791
20991939,191.5535561364286
78007881,39.838167973702184
43136632,210.3067065294681
26961880,527.1989577784007
59246484,423.76721642319444
97485255,456.2678740015481
21548886,40.87746167013938
41405520,323.2709448821606
17265204,580.8216873314454
57594370,293.41239294453317
86204456,146.6222512415893
47896500,271.45910473100366
49072175,229.0313785990129
57819104,878.4931460121102
38029807,499.035892575077
72219430,965.4866301133161
51835434,383.71015932805267
40820294,620.8248237799821
39676991,194.94809422086792
47329975,395.4139209208611
40515929,356.43258694199994
49496398,597.2911837598649
79829278,277.36741662715303
25676253,355.68058144177485
83511561,575.8794686990141
97282391,126.49960171709017
48159381,804.9097155547324
26133617,158.01261285564397
14830790,78.81516538785945
38458641,336.0453960864111
92902816,334.4052428490113
67366474,664.0954368972762
12931119,765.773778841145
29119450,385.4960195062963
69182586,357.7577931728006
95601790,586.801898828905
37235321,314.26198561818046
18453791,1399.8921260563966
73959998,235.04630850106287
85145437,438.06532666063913
20490331,89.10234795002862
40505076,350.1147789434908
39895736,2003.9381468000229
36927127,600.5066604828075
68104733,387.5057051025501
65498526,397.3397326153872
29077796,25.279885965259837
12700500,859.3701588124432
23234787,408.13434508359205
32248328,239.04880290706296
47710917,615.8318640783596
53904169,187.54279918695966
41795394,598.3535079145158
81931808,473.20206832272515
89546300,-88.74751352716339
81512800,805.7218904387719
74490322,-42.353770257827364
77716971,435.9019330372371
76509280,327.03802907523686
86774198,210.7516075595172
63795592,414.8435505537732
15728342,734.3382704776709
97525554,390.7191722307234
81201227,596.6138103857011
98995752,248.6502277549571
88336972,488.82724252988055
56577963,79.87607762845164
73375002,-156.40239089369243
92846400,556.3552747800127
63160455,1048.344710305235
31277941,192.81103474745578
44244750,101.09637808308207
46198195,639.1615660043108
92939641,437.8704730520508
97399227,-98.69741029524994
32829265,-220.01328826146164
73813213,232.149685349214
71142772,202.87760161074084
26186456,704.3499315320564
86118507,353.4047535900836
91253288,16.612978161451792
16739260,360.89385404603854
97712970,490.35682694844127
33709101,420.56318260680246
97473173,219.8365746628956
84445365,-5.818835308691632
33683407,306.0530160058652
55156833,430.9762129883993
39198647,300.72929651446475
84859914,372.10465253401844
42321053,104.31137074228764
26496602,50.798272906792135
87373088,98.40859380937309
18576200,412.04763293949554
30304669,31.230272999486715
97043852,584.5664375361525
65885111,456.1704947660837
67235670,394.8594075958331
70791484,273.3170329063478
80687580,456.99254941972913
15865255,782.4042466122291
50517128,351.40332001102524
72791395,356.75225191333493
43267986,201.03366394228942
93567577,504.14920620383054
15107743,118.10945388249547
50225644,628.1729677006556
50174181,492.6927244090384
41401409,1128.169014319878
80395755,638.3664246876424
58616743,158.27448184430568
62863764,452.3067679837004
54033467,451.9769543460802
36905471,76.27203561500164
68728934,341.1034171110168
11399296,576.2617289557729
42319589,28.54602098015266
71193471,558.6988253646946
67728154,432.8190246236827
99252537,338.3638694657375
69554397,333.57136646619847
57406844,767.602373881286
17460622,842.6998861870961
29136908,323.6704552324036
88836387,292.66301305770094
56749521,561.2356107915757
42038296,833.8875690167588
27575312,400.9625032900967
27787635,237.2139163379502
22639453,1313.7053062771156
95074248,789.3936600607635
62398547,319.21834119864434
48210895,725.2394112176048
87163679,-165.42640228327127
84638479,342.2868910409434
74277222,534.707826879222
47124707,100.3900952798922
29597912,461.00084073984135
73217471,503.46752940986516
54203733,612.2032987968482
86493934,380.4056977803334
50925419,397.3020760945128
36161210,90.17652729107022
18638157,210.57445142892493
95763224,782.7487526475484
92017449,340.7868670180742
30955049,281.44315007278374
88464978,297.546466096298
81709003,223.44020889983221
94640782,362.0633617093631
28684873,914.3193823157108
82032258,582.0201074858705
81929396,560.0796267463538
69137949,1032.814490489764
58556748,244.14775680373305
83494716,628.3218670752044
51219421,520.148811391819
20118968,277.2806547075147
56424305,200.50090851769892
91040440,747.7816196239223
82249910,438.24703191785284
65005094,849.7983389500864
14333847,375.9909665716559
79940622,427.61763213282666
36407377,513.6562323551416
16485177,29.412732956333002
19967320,104.16720329499185
86757224,177.8881723604345
47859734,-192.93594232184796
15329881,166.7700343174174
38097629,276.77092190071426
63914375,635.3030647072624
68107359,527.8273828943934
30898448,227.2822317946161
62098958,-59.68936095495701
82555231,589.5745226761896
74537472,560.0377347801286
53883476,538.4407571507868
87349008,138.3933585067566
60387770,566.6959018605376
76029782,404.802002719809
17330605,108.49410983843654
73592240,763.5085314499329
46762043,661.4686110468274
35726404,412.2925672738529
19188826,314.6204832150265
69934099,704.948155153907
98236292,213.7604915981974
66601351,548.4333322191833
24082367,565.4150844689543
86399833,511.45162485931087
29406161,711.5319722447821
77568118,224.92216894428475
68454220,104.23798337782227
20326815,540.8836872137103
96392075,421.4345654124372
43846930,684.1779868778776
64059970,511.7244302195136
59660323,125.81318578932542
30664289,-32.82154808302403
80504110,231.73062361215761
69214158,173.95558037298633
37153701,482.6410703840129
94463524,77.43804848866239
27069908,164.27102869681312
19881454,659.5139530583347
62073736,577.2263194762686
81301863,332.10187771238816
84692821,452.318582237177
18061173,803.3083429876806
20396165,231.90910183078722
90290263,159.72174811415744
53205197,195.77664818785706
71639333,461.63531443893453
26581527,589.8392073369109
88753189,454.8621315675405
12152481,441.0962915815303
66369748,388.9129796245111
31086360,458.3044060202151
68141078,342.12915555682
87072389,112.34210460754093
97229380,323.6612947204512
14239930,-15.978467581013774
47067735,731.3732473186437
23013670,588.8217195588018
91166617,537.7887169408541
46464430,110.79137890406219
48307993,343.00644989248576
65322743,840.3028198609982
50086685,1047.871876769007
65335801,281.77706453578367
83887090,272.9287651199561
79333390,448.4002802474124
84490520,304.91180365194805
90753494,812.3029304623251
17091898,660.9695680315908
94064213,657.0654286415993
76172003,354.44755512322536
36639874,-19.92060748074846
93190659,381.9464089684466
77671761,-3.8451515465617376
64459243,475.11425196302844
92415904,187.34266465219935
22451687,358.31638087242936
99098676,530.2812964487266
96250656,154.38794856194045
43637666,956.8185595302139
87755511,619.3910885316845
39642098,1073.2938739818696
29533984,343.05697971318295
57860445,420.8160602742423
33335103,-11.928234377779518
40928352,509.4822031623912
66938624,446.1456936690038
97908221,176.78402883379022
32317269,420.95660961449266
56374872,482.30353269627403
56164704,471.9281337807074
16557670,162.45139309904062
57350487,290.5761260164768
73640189,71.9035884420482
28886856,582.6383362167549
66838952,142.90662909503044
73125445,608.2509914866678
89817544,837.16888961621
69175507,330.89115373632103
93099722,54.36019178503966
42498618,315.809231613086
58133975,464.94196357873807
50823382,268.8275351918214
82720881,306.1754182605664
47566077,547.1872537931431
77236358,526.148034279744
24977235,181.4327830260072
82212369,290.5304318384083
61416619,70.3307492269414
14011629,559.4420340696297
47820649,382.03281837298755
87027470,509.1979128739508
84406467,91.23462486070639
18483336,747.876655456701
11745857,-57.76841157245235
72009137,151.65396998675988
21373342,-52.10584414691266
50764118,11.67540648209615
17876513,151.82567865831834
21573530,823.3980570521367
62535056,789.438123332573
52924658,310.07067182212995
59116751,517.2670757450842
96464552,115.73520568280037
41877592,195.2261209693097
27556664,206.1351671651305
82049392,248.03172952844034
21890177,37.420151708151934
84019657,25.900435141137223
70836939,431.17590580886144
73269246,600.9668262672753
65430516,189.8230936551381
15552867,460.5381168358708
16632045,7.830484013078149
58510236,321.3988961802211
94607287,1.4362171088801006
16582909,751.3426988458496
91254889,119.06996492815051
52951693,178.44156038629217
42015762,120.60489108202455
39537878,128.81228030813736
75334066,616.6875908414004
15509168,403.6627924375771
21848464,274.2383396764012
15512926,666.7744585785276
19852776,43.27858757010472
98991290,588.60466220426
67867067,837.2753227131166
75069265,238.33689441865454
33163007,159.30062689030092
72461037,77.99753452275945
79368575,166.32566280493575
19283832,248.8462672470855
74686369,514.701095350546
42431987,524.897121881213
49107046,288.1231901035744
21631633,318.24161217686697
57757752,565.6738454506249
64260092,680.3325929838593
23733208,-34.480107880459855
81359267,578.4652651170786
78964700,394.8991763216327
33821569,866.8758416323763
52189182,441.4024318078732
67362415,-101.38838206644732
32252347,604.9693114758538
42461075,179.99070850059525
42564953,829.0706566597614
53441096,548.5724184964665
28942045,98.8210726084103
92173510,524.7867920007739
37939234,121.07525650430762
83072941,481.74573472269776
72001493,1265.634219852483
88722560,245.10897059383888
24458695,99.86177899318045
34236973,1438.4065139690465
63527431,399.64665633137747
35020078,-446.8327627160147
96240931,304.09677073696093
96449025,656.3687061285846
73324268,154.34573798944075
20943504,912.535123265819
65163807,239.0303807184714
65735235,531.7256761378385
34006121,511.7454994153295
11206259,635.6772725555279
21142225,326.8455346236765
43933688,385.63001372637973
20195114,440.40498745907826
18089453,487.62211724900226
87927482,1213.6048811686342
72119177,454.8646969131005
68722653,412.2734048018033
99012228,454.9943402254853
95191404,749.2698285447432
68494900,12.495501229001093
11789848,527.7815430132819
51367435,311.14998467600435
83199690,291.0669410508058
44222449,-195.608075428534
97059152,239.9926377851698
21321783,158.7306892370625
89238156,273.85887527634077
75658495,57.46159331117724
80514422,130.79142155248564
80098101,234.2907674040298
57507250,308.98875373104283
82869937,226.4180895394952
64737683,599.2301179808464
64663030,510.02595948016506
22362250,7.2494785829167085
51054867,577.4170925553826
60302181,503.94491993184783
89897892,628.6256254123987
99745406,516.4233419339498
52137793,448.25383486652663
94617943,413.4615948829701
92402481,633.1606212119041
29177060,250.38298879769263
96789879,217.83304201360625
16733828,239.48140450627943
69997197,460.45369833968516
80009529,102.39967406786991
70971147,-44.670225235798625
89268742,448.68746845525993
81559172,522.0860941767169
19799436,706.4844395152445
96316683,471.40356697650213
16202604,626.2748401476201
99234264,327.8348950191162
89790861,1539.2233251641737
80624261,27.125085346735887
98327008,226.1878624418041
43114030,586.953915811971
38992659,641.0860159840913
26185292,155.59464571410854
84958392,138.85995060828918
63532044,-57.06510689775132
72780852,198.29813424002623
63755363,190.88396353593726
63435369,17.577305131028425
49085103,334.0289272671862
39826465,509.67629327609393
89335030,1015.159000609774
92393797,274.53077696239234
36385689,403.35685056725924
14218024,142.36032515740226
43067447,306.64593138798045
11821155,869.0080054199957
96671043,204.67373220959234
64977532,32.90332778195125
51923648,-56.89643843601107
52082499,474.76495812559324
58693008,707.7791807567928
77432555,235.55020968169083
11692478,390.16501782734167
88536020,375.53036449170713
13996971,433.89964497216306
92291100,713.4377670215199
77799089,-22.30118729591686
46970679,499.29918715789654
96819382,331.6825001701827
25751312,491.3089995747255
89990705,403.6326614654977
52038068,261.17937707399597
32344173,421.68256240002165
33993191,334.1955217093391
52279123,257.7871752786018
18496274,149.14111596819657
89490563,361.9734969665433
17329696,125.65684420198386
16967446,681.0511238575568
80888202,587.7724737747876
14661504,-189.14859223398526
19604443,119.55190570158766
37821572,538.5398051397365
88831769,440.48047679182673
32405077,653.2899276006842
52763362,820.2672639816924
75573252,667.6117984216567
54781465,757.6552963009726
22599480,455.3488191968072
93311234,276.3972081031925
69925053,509.8993217955258
12598333,835.4230900047819
94909106,176.18226303108486
86019408,206.19011614843703
96477826,816.1897228686203
47575439,71.33102793636726
44219472,298.0920006150932
14808414,110.57239490937081
51535602,300.5007340864322
85960705,247.68944716423675
52391461,220.3795094334955
81172596,-3.068572493351894
11351493,565.8348321281137
72733290,10.309630108161855
74877854,708.4592350377461
27680792,322.74690891100454
44946524,833.8168765041273
23475779,349.45997673828924
48465422,861.6525272577719
52076835,393.1589310444165
44646564,518.7688084015981
87277346,243.96348344410808
47973044,521.3784777694432
75500097,33.93403410153087
36145678,144.89551070121388
85625020,54.335081175991036
97404967,598.5405212384039
11411712,346.2795363890391
80164594,138.01034284311345
30555374,-87.69393101142259
93243676,96.93312224472493
12801610,586.0243816733191
58651288,193.94793840601005
52409464,35.14767792492876
26481577,646.4171944416717
99557550,776.9591700550973
92346786,727.2455271936542
33277389,869.1515652573048
78792921,56.977970212574746
89378277,31.212314663379857
82856305,353.5033294869372
30767488,754.0695574805977
36397903,820.0706763391149
64870928,101.98143008817397
11575457,502.43994978778846
39041845,721.2753251360837
92898654,671.3599405812029
16929732,103.26362879640646
33334714,356.63336141719856
12221534,161.18169133319088
73945645,118.85760530748075
68971550,258.21111071783616
75565371,792.0998293748899
59677619,93.54823228980604
93539814,573.7449014469366
24106217,-84.49706448216011
55020351,326.52501615405663
15672017,507.5771950001981
10841847,76.92521970220105
86946687,194.3099148856645
99799054,150.8018489229553
81128474,195.76351966725542
80366080,100.58921211879988
10218336,414.46526247180554
72351128,732.3842876509034
56132260,254.66487863210523
99301338,256.77588744143804
84453738,441.9563318349501
58188871,-132.45172523365818
81971342,276.2938583492678
94124547,-118.70278921483396
32266038,336.5569595906022
71760843,471.8877897939801
77203995,238.52028511254093
84611651,120.27026928152054
76627771,477.1056794632391
12653847,691.5068348426762
43336328,483.4594623058438
91500607,230.16551894681743
68213549,648.4432356867201
35549327,495.7773795663188
80808916,269.40609599572554
17110481,851.5800537017913
99587119,711.4934389709038
92334856,623.2440923002882
53359226,190.44688661672944
80618402,485.2168474153573
41703808,367.2283889144801
19195409,-28.903777155177067
76941149,242.50509645659758
97584818,688.7359317215091
56683377,96.44985076525518
67011320,347.1488371427754
15480221,347.7159154856613
68081328,165.21150386286354
55487684,467.57250362440755
74199206,498.37221127574685
90165063,305.2207526943621
36193583,640.8545240917897
10917950,337.59940399812467
92870312,447.4257111473253
72030717,658.3488573086374
17113758,612.2941577973843
89153386,634.820137254882
45809568,136.69827903973965
30803532,488.38775428708277
41936053,229.5462740148796
14429173,580.0363308787887
86629786,47.72662977675736
60024688,240.34666556851198
75100924,446.97241973152995
19587468,-26.558075035873117
88088850,445.1746718952272
14339658,427.427941963168
93643220,127.62585676868821
61257147,187.35208463863864
47372664,309.1382011704286
72551157,101.29512800205293
70006271,370.89392270090684
66160499,321.04285776288907
14115358,548.9410160077091
24138292,210.51988548586723
81649352,623.7513617324703
86450554,68.15586147582371
43772724,347.0483337954197
76147600,338.2834055764033
37814705,513.7625821294018
79438450,377.02316262565273
30374304,557.0404779600963
54234194,663.9955965987037
94516994,297.1877957033994
15639119,322.3750634055714
98234744,810.4955618906356
84292967,192.54573169469995
14583946,37.74850413441982
74680521,1066.4933154396426
10214287,181.5517842522795
43877051,-8.428348530790117
28904050,439.8738074824173
62063260,-44.72301289016559
50651267,584.4436874582893
76093719,403.14259749667644
42788012,320.25734531905755
64271564,441.77529555046704
36033563,54.368917759317355
32364760,338.4273314850775
82718318,187.40291433686252
42781597,638.3646204328334
63047151,662.7583555254632
54331908,433.47617621030395
88556646,753.608530199554
80038856,458.32910010175146
62561061,628.6903628763534
65834717,132.90738075952413
80358828,60.81510296217539
35099840,357.5273201394207
50872993,267.576679761024
80223193,-185.35820129913145
28448374,154.3849969254661
92231676,151.65597981039764
65717894,600.4781662316905
86298764,398.79407038622276
76299579,83.4070725466895
15449921,16.421540172666937
44677435,721.097938507708
75188492,63.46832770397032
99785392,501.2865815978207
27084775,443.9395917446782
34483861,82.9825506736438
44135541,72.78841131632817
85537076,1094.2865709995467
32577802,620.1404312146533
58632323,-127.160776209691
65794441,678.6636876909929
91626972,248.72878685571095
80568466,194.1928859111381
19317452,216.71054365731788
19462773,171.556528732689
16861573,444.8037401733818
61543398,677.5497672317256
67189144,688.8705224612918
46184090,495.99700823570174
14969625,468.4129773222544
12339000,158.06557214515306
87651999,427.16714536696054
48444572,335.2130478182012
43026767,384.7696017351991
25666315,392.51033488354324
85141494,264.86998377999043
10196732,304.67317503384766
89772932,-226.9686907459909
76197106,928.7689688365995
35668637,384.84570464215903
47789451,64.51759523237388
11772481,470.06005656695197
92352486,-7.105499454929486
74959731,298.22886327275046
24006644,359.1099776891342
70184471,71.88471529434628
63616459,1802.4443624997084
65420176,234.63027744865394
52778454,409.5933866452501
20334394,356.0628671059926
29566160,496.44025025089286
41218910,742.5333524902758
57645530,243.6590656656108
32753016,228.79905165681566
53485349,517.5787353834203
99359057,1252.2053150611318
50033107,-38.353598602073816
21562381,681.2635735846052
77828671,266.21216555785213
59082786,-441.6461453640204
99756703,504.1085685131584
62477883,113.34143978240081
62194095,1310.7124173315242
77240295,654.40881818545
78173906,98.69085053275558
51850860,462.9565361324694
36247163,-37.848445992454344
80372868,573.7329520909893
55810884,194.27808383608863
39425335,274.2203043241316
64769998,705.9687254348423
74184119,458.2389414909635
30910517,322.7608856543293
82036794,301.34045775389404
27288556,371.98646738871093
73750248,769.4866655019191
93836103,545.3781096422231
21006367,604.0611647712649
93898545,276.6859896907363
94582565,500.4516508286165
13137522,517.9899825730258
31604761,427.51878267717984
60718232,549.9143011710762
22356430,888.1805167904445
39386475,234.40333265096524
16350350,104.55157719384533
70755780,276.6642313005823
55920671,481.3557166727669
30409198,375.48760800506807
12366994,713.7259045807009
99624161,408.7844339284243
27085439,471.77039486853937
26222780,321.1666548772382
13513100,612.2714621306195
83619693,-172.71943643444638
65230131,178.8085297945663
74197231,667.494377667198
16535315,579.5663009532691
49313519,344.83761326174863
54192335,320.38685270730366
80736897,463.6083630918206
99406225,326.84121165346096
67818530,833.2080648903993
84284655,502.50588384303455
30897932,516.7981052123696
32254189,211.77770361859893
31849680,309.41162145854423
41359333,244.83296151275408
66456629,566.7378036168798
68729486,576.8208785755742
40630348,183.22004374356447
93988333,316.3661440744636
47811524,221.5958103387934
98617237,239.15027324378843
20362387,263.0802630684684
84645660,334.04217708231545
16861971,6.927610754871239
34588999,534.9319393586447
53427517,1723.0069858496208
42513475,200.68688215490465
57705547,-120.03827928129522
49742880,438.49815793607377
66920323,791.9380739631329
12354776,362.63397234486047
25840613,509.7099208833124
45114259,281.5963508650466
49079923,365.99882459956416
63116367,337.91300129368256
63802912,130.7647349688109
48974796,443.0664365476746
30061599,318.2831644079315
68578654,404.05556711544796
54173227,171.1243803235402
96680380,636.9455521552645
23868064,685.0103231362264
51824090,1169.6334780825173
34839733,110.87075410119405
80054187,199.49228880942974
12685572,340.6216147763298
41567061,62.220994192025046
94877842,500.55555759526624
58492968,106.34690466904658
71326484,210.69234997055764
70920278,47.24497162738817
54663137,189.27318506665006
32126460,200.80816736040242
54874790,-265.0553281440725
13538436,872.6557266568116
30100038,-148.9157556175537
80017866,367.0262914511809
64347455,718.5474415070685
13683069,962.299757017925
48039428,-82.69310709918636
99567150,256.1131079540546
85509215,365.97501548891796
60668698,397.57314898378536
12191456,506.4414482638931
77765786,-85.08551940276357
12528361,182.2039729931089
58442957,960.701899132353
54303594,108.78341585657745
27681147,1435.4381612828493
69098569,1115.5033201162964
95221316,389.61674466180557
40109548,-199.1331037954037
55576313,591.5958588911094
53153958,626.7598104634012
21200840,119.10595673908938
50894265,453.76606355363674
23626838,584.3213894303503
12418418,358.1437136521172
22706358,400.94979729525176
45395670,337.8408994330948
87327017,565.3264142925154
13017114,445.5951510145924
32271547,490.91586940735215
74538679,245.82413690683052
39506103,538.9480175857343
46816166,539.5757209448734
66503105,250.1605868097863
65579176,148.59079319158764
40074247,303.1094554184251
91310031,-207.9135779063049
77444410,438.3924334252497
69955281,479.49034579071304
67331105,241.24802221274877
45643632,3.9072630426267096
73282363,438.12847899692133
13642505,165.20195011633905
68901430,347.082260083077
89906679,486.1844679318365
52711886,236.4120076000445
79575331,532.2003067409373
92616283,577.5012938658729
30763055,761.6338123004739
16611953,428.9904179036089
33070179,775.1861537289647
80347205,567.1967475305432
83995335,-274.28404504250466
14535805,-43.56804539029736
84879838,627.2284845919676
11864901,988.2337913199344
14658965,685.1441515080137
24293507,499.0277296653162
70453525,252.4922911445483
87798104,8.165459774147621
19197193,321.7870563479846
28284548,364.98709454297205
86044842,630.9450668677077
23057275,238.54211826097935
27985337,1014.640012811185
22587547,665.740438862565
12855508,431.80978683581725
64337495,196.82605837469873
86712331,461.5718615787955
61189156,495.6064510038741
91594873,246.4770121151696
54835971,708.3219400064677
44370830,323.8390984773332
23684803,106.86425118052512
92481929,948.4871788183914
35638424,145.0819914703252
25657749,-38.76137941050638
39381975,596.5535017507273
72999107,188.26060172522966
25818586,76.59415560380876
58036789,270.375865728201
94320377,-70.40631945931773
47110506,323.10289310613916
66399362,222.19020088140542
68909982,119.88064789830605
16073310,55.66102616131411
43288405,625.2757010101595
71579560,347.3482030803698
16507355,831.6635721181965
48802207,463.794286724461
89915294,192.06531451710998
97679852,265.80229448783166
29217698,248.3843559467041
27435911,-334.6013608478456
78879242,970.1376773542333
27175130,455.5290970102901
29020135,602.1319506028417
78626569,431.39006029422944
71067812,257.13038939326043
96690513,795.6599874612839
95531962,402.3774116465761
98356800,-60.231362582203474
86104439,728.5816666155283
55595900,21.990530168439363
75208610,549.0452950936028
15300209,663.9288016799578
61949363,419.24689207699475
65881085,344.540183520287
66803690,189.80701073505452
71508510,220.66026517556065
77429269,376.9963572433521
70868754,259.30148556588665
93223292,824.726830985428
70378280,170.01605430565178
72142932,586.5632896943162
88911193,143.47324318544224
89761834,331.13023199065674
36836619,352.9034804672606
53134062,8.799633683381671
98828461,236.01949543387127
55370391,669.2885852259706
69978664,259.855776284242
48824111,407.30792576999374
11383415,283.40039276240213
89041808,507.1088411232813
31864759,644.3489119505398
85436725,572.2804681413018
12287678,470.8719536405465
54577919,392.3730221473256
69095778,111.85923024842623
86755087,432.9777467846916
87570494,113.73942067975122
42971075,580.1135649170992
19251821,341.9416412900214
40154766,272.70405858065897
86599495,107.62383423619758
88331508,591.0194091291792
70254717,596.5472097640186
32105523,-74.65233754950714
42241465,117.15457875870015
66334048,658.6791273241879
56657286,814.350338582642
99489082,517.1999209871597
89634976,514.5797604416075
22529712,494.16690711196225
93452559,327.7310526349502
75276107,555.8356500246646
57620607,596.4194935341084
11822194,656.4364458284185
85101585,315.2400765856296
73640715,404.2954049656173
18114714,379.1246059074688
62352450,632.1830864829049
88096618,119.57622614635739
76855836,-111.37410940564223
76968795,441.88857015570284
19089688,501.7972814413829
93669020,559.6908093868515
32221954,-29.62731774901613
80149491,813.0962632857863
90863370,665.8820212921983
18955449,493.99088153329467
46106075,448.8619659193241
64362412,836.6709653204148
13228942,483.07247602717234
18238798,313.4875046113939
17197174,357.0059028853907
56883307,212.18063148560987
43838074,441.33493308264815
94366977,312.9602936826027
51114116,335.6818319429053
91929625,718.5791614048312
72617691,364.3575002814132
18081983,88.02030421883592
41430371,180.26347363103878
18768333,711.5511591045815
97670981,150.33384705600565
33138884,692.2686476553777
54769750,466.2533550844182
89191521,209.94393928454065
68771611,388.4150287964253
69658524,44.677907242937636
72361657,280.4056093833656
56548670,57.372782882492174
78323750,611.2202422567784
30772189,383.7535901867295
48525110,-138.59863249878663
86995869,294.5201207724831
17626486,878.6634928771555
25200634,401.10783785806416
42675735,192.68771313453863
65493081,214.01896191313335
93613666,599.7567186736433
70416961,160.37105924279876
29938065,258.08928682015767
49578380,1144.77919052367
98870679,19.338882119855953
69931311,728.5126867738804
53406287,1104.1878086090392
84279248,428.2161409727896
95721664,353.61453048089015
86560148,865.4311455545899
54643141,418.6033158730065
87296829,-13.45138563068167
44687814,76.1932751838167
17812890,445.03262461086933
55517272,294.45551863577066
83984617,84.8135798250837
50681051,450.9979604016762
74119296,294.703761552787
67223450,624.7943935366698
77287132,728.0959160514749
36264517,392.2416908661867
42898261,523.9212952146295
62830950,156.26939138512353
34861949,300.6067554849651
73511243,213.31287905469435
21486168,140.78936214500663
99309538,471.2369406213579
42037617,218.43934250817165
54746843,795.6260117144675
47539615,172.60931582729972
84768747,177.17532297672187
72954519,411.4801329307397
86653160,572.3884192058804
24350012,323.8246627611934
44330162,567.3095531551908
40410889,9.3639943671119
14017526,667.5919101483009
18494070,377.29241867286964
47916307,227.70144109354578
39725498,583.7099941238926
54156054,59.961846477132895
49589662,492.6472747407015
87793535,521.9014596686893
25123851,399.86727361283147
55319133,799.7195710216806
35955058,608.8023527922433
15784980,118.89141900001641
63967490,566.7390196172678
84366303,-124.9210972106489
32211409,598.1638141889671
27475512,1101.474355193876
98385904,178.26673085135099
74274926,50.6215693868412
26137274,855.5084153059934
35706395,399.4978934243163
25432073,112.39734652051766
56493804,516.8160862681457
21783642,421.09118888982084
24274717,315.0047543192313
93363592,575.6291619650324
50359798,910.9966041257421
76057356,441.8268145132279
34577569,341.4695506590433
13432670,181.10928262772677
36150614,284.3320922889543
95883486,203.89754463314875
17035345,1144.0593292110284
48987823,298.38560265164097
18853302,269.0251997610226
70059479,198.82883598513172
35830006,796.3438870283444
83058209,487.46173876718376
52239160,345.6278343852273
24939237,228.6908975554902
48271879,655.6250850540819
58898302,-48.65596762935229
97505252,129.90115965978885
52580265,-158.462624633245
59859756,256.46790626564916
59531100,574.4604013235485
82820692,495.6776083978548
73015543,671.8887692753815
50663543,109.27387503337604
61349439,210.16901154258767
82745505,59.60695102569025
91058293,301.21851572468495
17937997,571.7980905785698
48025378,888.2798055292319
21558049,444.25703913081134
51468147,496.0703087082761
87943582,97.19271272037167
72989675,132.8950924272781
10828659,328.1821625042976
78868242,72.37887678229208
63610417,729.571621034765
13037947,491.51303011670234
63051485,-60.531465424954604
42637767,341.6482919234627
66029975,169.3238011184826
41368516,247.73954054825344
75570412,-116.28217147935902
58832659,520.63578356163
20746324,-2.5454669045980154
41047714,703.2809184589341
41430458,411.99609428511985
69198371,118.16662715662096
46430156,688.8775739292587
42120705,1139.4915715144125
67695943,460.6228756911373
10655846,96.81866011983129
56387239,358.5402166662402
73136827,290.3468666267413
66107772,351.8735281627296
41597595,473.20957126108806
27035754,116.58991215180731
94233303,439.84540147689313
72371862,323.96393280516804
47858586,295.60226547977163
50074731,143.45835605245338
15840349,164.27902227874256
27527024,1396.364981699844
51445447,241.6263057759602
83042677,181.23115229157384
17433657,253.8818746021766
83477453,516.9652069658646
58980418,334.40304419452013
49038207,125.89007842233741
35105997,52.26226170725613
88328473,56.90178645020433
49929992,431.50011475714655
12057690,-57.05021976476337
22485986,485.1141776562931
18944255,393.4137498785358
94296460,-168.1052800192856
15325948,614.4438088570237
80036637,775.9983198424948
63707416,388.88117923514847
33357067,553.7205127328284
76260292,305.1522204714488
88542794,793.2026776261464
36624049,635.0357799972207
85370002,886.476192173348
70947321,410.7520682497093
86215831,437.39201149121345
71799918,264.59717792587116
70779429,934.0638569099829
28177790,406.13089694868404
33416701,623.7915589100312
32210074,528.8155077028514
91177225,470.4846154262045
62230096,56.981254355994224
27830922,710.4348844419719
20292159,216.78636424843262
72135125,448.21630138677347
41060839,1041.603904105883
14610723,107.41758237780778
40291165,380.7471769311769
76063806,416.6655765710202
21250419,128.58186184751094
67512417,385.40355624103586
33443292,1202.6817279335255
33660955,299.57486270036134
33504001,248.59880331435033
59014872,341.6906490339261
48423806,192.3909010262496
81227220,387.6899872171698
97904600,38.716739614888866
80141558,-56.53432042480881
13290868,308.5782695466055
12913192,668.2351495019261
94144440,817.5962760203629
53033174,282.28330309206876
93735706,304.3516919523677
59909555,549.6179644096474
99555121,247.9354718763475
13256013,310.32993186517524
93540353,500.02692314666183
97837539,105.4720496480004
35669129,31.402445008044197
50012137,373.1888555517853
68173579,1682.428338372447
59440623,445.60783769716454
48714672,823.9369404532204
86973367,730.2982593855827
28395212,635.3072023643795
50017530,366.07571916776124
48045601,399.0161659014607
60427063,276.50712153969016
49061177,426.0530306775322
42896715,604.6519604079017
97451418,337.55605151642567
53456411,634.6210461399714
99184358,896.5022918882487
91879007,185.95543938667515
76424273,290.87043926089837
19529774,213.62551305387342
60604201,123.63269955647502
96265561,84.90981080778374
84388943,525.0273460465228
22143961,240.53072481561094
14880373,923.7361950338441
98124884,637.9276128592478
23434755,626.3663792019006
36626131,210.05249033498194
86172967,455.34478924393034
89507826,1001.2931833958514
51984404,-32.41045772577036
21328430,460.3800495501346
46133239,-85.26246381171131
87118588,20.113769879348638
72466804,470.23290386302233
90243251,276.10712906089657
31491219,340.7890935244368
83702289,1131.7973937427828
78369132,550.2853720718249
12074272,136.7375772177934
77297832,183.60455529444107
91732264,1037.1114998901335
51116865,372.0157891512267
81826443,342.1488721950336
26192585,605.9467020535549
72261842,353.645070405807
40619619,317.2535749983963
89999631,162.3419221470176
10490133,131.8476585686135
90054183,664.619265400599
62212383,323.6767451942169
19863611,339.3203445643694
51025893,551.6400687104651
83280839,396.2104647635174
53701664,35.9927737116559
70474564,617.1666257640418
52730115,696.5501794167167
28945671,252.68196723000256
76905104,356.48962787040364
60340609,252.59309693553223
14262244,386.77079189523647
86114877,427.85299223606216
24582504,98.5618100507545
77544375,230.6699685088206
18212637,550.9737849174016
31107635,437.2751650864079
73185236,805.5206413393962
73413665,-72.81480595574658
31204532,502.149144364761
16646519,590.2272608355574
59819313,685.5795783809162
58041963,408.0784780957706
73177607,277.06848341968407
65489959,248.97898597106405
53892134,996.5817622012355
14638825,155.67676703367215
61652212,570.8578623317399
69208062,89.59310705584403
98205776,-216.63095111224857
91953270,245.9559252484064
95708788,463.0174768548886
71079776,-29.14369571955649
10948901,730.2448001521066
79084173,793.8057756792341
41410746,134.31401371830134
50927968,212.26755293164751
99511873,-14.087944771498314
87562260,462.58061594721266
48098997,545.5569566756976
77592143,431.8435710465196
50298301,236.87152137862495
95160336,337.4289755188056
13581567,617.8261119467634
76106706,511.7737792910316
53880590,469.9233675311111
50270200,185.16386385602118
13098948,-85.32087715129683
81835258,127.26585995964524
14238786,-1.3102172829608207
65288499,199.4944754540602
29149871,278.065795043517
39551396,761.3029640516465
77375335,694.8300301972281
14384374,386.75240279800073
63368293,657.4424098960562
25141477,294.4366435013935
37822276,46.81046646740333
62473299,181.38359597269346
90467887,883.248476716477
62270028,215.68024859173056
62101686,58.23065191377418
51642126,413.94702901095843
50281814,1053.4493516859347
34969698,329.2177338989054
46962155,24.473368641194156
17638609,791.8684264508643
59977095,294.68576628701976
75196820,-20.49165203625853
65141041,158.38211736878247
65986306,652.7909956475332
99818911,-137.49702686787805
38328534,525.2969816865348
31204739,741.8560120300881
53082885,521.2161414685829
76244528,393.9792972715709
46394887,70.48033327707253
65939511,377.92127134260227
96048217,268.5438926916372
60425489,-43.302126731321096
69419323,824.003660209577
15008203,203.9206364728152
70058997,288.76912079342173
44067940,618.1168575401848
47031542,241.89617205495597
28929546,792.6204036435374
34548603,372.63535607720723
36515676,758.9779677321321
42765717,399.32717048219
60296558,156.05009844137248
84332226,397.4208607298274
76539663,608.5735395592083
73504572,415.5457657105062
64646486,198.40161534784374
28262602,59.22935280515594
74447096,364.5956313484694
23247586,-40.96710782385253
99044390,757.6107863516181
66743385,673.9486662500804
62841747,267.92290129633193
98271312,96.75690354531616
54969068,505.14617859763166
49548078,344.9255281189721
47147429,383.81589976649866
46113098,391.4194910549045
52623517,33.48045755950761
43618531,-131.52980666467056
54174309,329.3759319096757
21908078,187.9993215745135
56753065,576.551529222802
22723502,360.3593767912639
88620530,714.123488250516
38560702,407.0394084319637
66126723,806.5992213431687
24731893,342.1136763352192
19472558,469.2403031036565
44766250,-25.38936441232636
75919229,1382.5959655550123
27459467,527.2098146079547
85529275,-213.3062694874011
88503537,590.1262264416973
66147417,181.63346048724725
53916103,296.43022614154825
65299077,254.14443079850207
82070950,381.2555964885041
69058105,386.8365742204105
89985793,64.14370916879352
38430174,584.2613482166653
24884771,178.72849813969424
37414962,217.08767663968774
35739187,210.90117160149657
52492779,711.8599571716868
70409358,373.80588481089853
38452011,42.11631343718045
43879270,147.7056275737218
70351120,394.1405055680011
47671157,123.72002900789585
60667365,878.0636588737243
85223481,541.5445028879058
83739939,498.7414405940767
36389934,818.3440692310742
84194560,413.9081393280039
66937745,387.7268712746063
82520946,708.5317843779103
52339932,560.936481300369
19641281,372.5603293225954
69795343,221.1122157591576
99135350,-10.884104884142744
27549583,121.83724686068626
94476832,337.293897704702
58221865,55.11336191413193
25319395,23.635883079609812
74970303,456.5687044188239
10305170,583.30621514732
82291258,402.8334722301661
81383048,189.2859854918829
79987158,613.8099000658649
13533229,21.637071192084022
40426833,273.7292700276048
79077516,285.9023916731403
49738320,-126.27366707044348
51126693,279.01952748178155
52635836,601.3190981837674
46715477,401.497057653658
82258908,393.25439510008755
56878285,1079.1613928880297
19130210,-156.76888156733912
92849186,682.7849345926056
24338810,543.7428303379279
24758650,727.3129425808202
70913184,152.2466076120636
37987399,808.9334219046959
74913796,390.89230306839454
17667485,278.3634362931666
64222955,167.24325349617448
96958008,-98.75179206740995
10416049,560.0550377554628
60398901,332.0617807005715
24738469,-100.29338565621401
50592747,465.6711889493058
96289055,975.1301343169193
38420705,282.3307368106143
93968498,924.9725340476625
79579077,99.90425081338708
66828068,975.8187967911767
96166759,393.91023836633804
32805078,475.14266995890193
96021280,239.6487065912611
73914137,664.5052220477237
38819078,777.3920713926823
26837951,380.2786044250356
86644106,473.7972767195206
55183461,946.8395140760222
52422099,625.2520149560482
83190904,465.39396578225205
80939883,431.3755468856757
12388368,684.6342800872276
15537990,378.5970357064748
52619092,216.33734826346608
14251589,540.1244780195748
78390765,282.5550042191835
43497859,317.96431569699644
18381852,187.83363651888067
53390528,537.8301023905592
32023086,419.4015942742926
55881129,439.9423105915248
56955427,364.0219811877196
78797526,95.52097123477097
81441605,483.8635213918733
49418138,209.48575362842166
16343356,418.5593390578556
50953620,511.6927828108428
80530984,445.18154707425174
92363214,227.9689601871537
11505021,295.8898115297666
10464949,555.6452608663503
40174242,512.3455326769049
46922794,605.1305730295571
31165878,597.0849884094141
92160351,808.6940050894805
97225599,25.198809489445466
57289385,369.27321985881235
10490505,566.0721212490089
40593414,440.7017909896499
69535718,746.3135235502932
29927353,626.223539327561
65834728,358.328685275555
77297694,189.818559870454
20453767,318.2192699252605
38742201,344.70106994436355
44178016,1558.0058866901709
26155961,625.2716705675666
85037563,1375.2100711573803
13481675,-119.65838562117824
32710978,312.09008853540627
42008191,35.94633339308393
13117186,239.2726441670834
32427009,182.57132470353554
77926757,573.8382856147632
11233435,236.0993487234
16522541,768.2155313199432
63770815,125.56641134999654
77164558,141.22794762840385
74405387,727.2054178936596
74698287,537.6360835731939
90725998,256.68172281188254
24204802,1183.4509966071214
89034765,697.5171513727214
34875172,426.4527001591391
74411316,208.1612195736261
81157871,497.0867973099221
44232316,576.3128176192572
48083558,691.5131554514328
75280463,496.3026965018307
11329117,480.90660268611055
67082756,429.5932779204163
11237434,684.0450828922899
69921139,171.36633774180882
68448780,230.1471270504112
77761059,210.13734576188244
29006434,632.2728405678449
30190038,672.7210118219277
28376932,36.25159974496319
39355382,480.20744329879017
42494595,270.37300618898007
16756651,490.358662254298
78115658,691.7458921031707
27261411,290.9959429294918
71919180,1429.9563550201437
99090920,438.83373318714985
64351618,238.5277286790356
88658759,765.5463493559178
14195927,731.8007224178482
63820196,561.1120596644064
23866225,816.0266411304278
50484100,680.5595242468485
98406048,124.83972375347594
64139858,439.6797391346722
93302980,178.34452971414248
62155483,40.98193311791147
69791340,788.4052514095797
19631546,217.43536795695218
26192431,401.5365609067253
68268852,154.87366540166613
14862183,595.6711741349932
50141937,499.2303573606687
85256282,271.7015084833515
11027564,1224.694965844853
51577553,165.05097668818325
77132573,142.31487056826245
55254268,431.0099926957587
25529214,253.72339814798806
89287048,672.8027169779089
23253967,327.0822673669627
22644692,126.37827709218436
32245140,307.49584987543403
82072504,162.45296780557692
34678460,1082.8175031208139
55373081,671.6213688071189
12138481,705.7829613398144
23632970,162.25461251515753
44285474,305.2822758884554
88075177,132.6872277264465
13117787,681.6796491907826
14797111,-180.51867158748655
28697695,1063.3320068145608
34748486,587.992067913588
30506810,623.008696308671
57410372,70.09391975005519
28776122,891.3148429658936
18346451,278.8852350904872
29932007,848.7928517736591
82654800,351.29463507665196
67038086,1436.1666613677144
95282943,-69.3276229003277
90723621,998.3557880970852
37760202,-87.2528461744414
97077656,539.2309783619348
67823833,554.7929401422516
25222231,-248.99738585223076
63451552,566.0598710680792
66552053,351.56744490412075
83488554,528.2173741316733
24886655,575.0069423325331
83798512,409.93847306248654
46152763,219.5979538885149
96015866,314.24018669919997
51731151,67.246369172703
34899750,612.9333099561959
55529926,194.7377156760008
95405536,1207.7920653286988
29288544,-90.90725084071255
50076589,528.9186148976414
37886285,259.2537179539145
69818934,298.3307758289043
13957412,372.9474773163047
27493225,415.3121971356918
81186892,647.0272061282676
72734336,280.7137157415218
20148129,589.9465166588689
23391747,299.6538369790246
45833590,436.3456855607874
85777842,-215.211639063044
92975129,630.2526606060223
33382289,541.8637166786552
95953281,27.09395261462214
60074802,334.18977906891314
23912733,288.27965541864387
31346779,249.81585367060734
25605125,437.73831960403413
96288207,176.88550716880673
44535745,474.47298907673985
16008313,808.3911610164178
91365542,553.4174567092527
67385764,561.8696520273384
31465116,214.32840999945074
99474816,135.56148753398247
26141909,324.4073880709416
72548314,418.28002074242977
39043955,663.9859792036937
55963655,378.46372489388386
54632315,478.2003909461919
48726285,143.6255355901285
76251227,259.8280564986503
83562410,723.517889625155
93775374,197.98139042944604
21446329,367.86125265582723
37345001,441.3603952119479
49628614,290.3568684651509
35767914,599.1909240964578
10876536,331.78299045724407
47339936,358.50889714143796
89347542,1044.113922549257
22457603,524.6134702733184
77199929,136.37819709446876
46378399,356.374173602414
70602262,-65.79140717953487
54666534,1163.661494992878
56421405,444.0963058780753
97652177,293.3214468232368
15442637,-159.33584357050177
92360497,-67.42748027090056
16847908,832.63476619421
14220385,612.0228791980835
25905603,66.60866237191931
58331647,161.06723418479078
22292196,552.9822546544679
37237832,168.61467687895993
33009500,1404.6038134711143
12533428,1362.8762663533835
46939545,112.31274321626051
41868505,489.8886872221683
75616535,409.8376869590179
73878512,205.60307382439942
67270933,34.812632681136165
98281662,299.81900410949083
66553316,391.70355414771757
34303551,526.4719216360345
82645628,568.7704929845859
57257821,182.5254640956873
21288888,905.5107457420527
85963653,18.76094555763757
47876249,891.3941929690222
21439489,106.62510210517667
52566254,753.6102787032296
57084214,108.40780583698006
16925768,208.59467290922203
32782035,122.01320378239507
31791186,173.9456560155918
62797819,519.3274621044152
35384978,595.3230567568498
21945105,783.6143614813509
81557774,275.8674317279192
85407739,-53.07873449313638
86085126,176.94212573136292
95296354,697.871926299711
90881439,551.9053371068508
30757344,564.3002376006334
48457713,-70.44613609253156
89571542,943.3305847433921
94067050,223.91501078125793
48271561,655.8758760291794
69357732,70.31400236836816
86325273,388.2424943351966
18152649,414.09176210224405
33899410,196.18705532826698
22781669,-30.433714122854326
17283281,449.79341328717237
51785872,974.4158720005917
33104833,660.7977344713954
91682435,461.63089775691606
70713314,432.7911135628251
13110268,279.884844598314
34642793,976.3430939070599
41694899,-33.27080030112984
86278349,162.27335245939412
11717089,245.9635970971408
59185456,673.2631249896622
59344396,124.43928947477161
89922228,513.2344085011282
62027210,784.4490085469884
98523447,-80.17028605315454
77330146,896.8140443125021
78386939,637.8625138900761
66831282,299.64213598776587
17596778,602.1657192518919
72290481,503.020435988617
31606355,427.73422885951913
72940683,328.63750219617214
24736121,1036.4925152584483
47814214,267.2016684725709
39410982,457.6099645120198
44151940,662.2964518399322
65594908,487.5905279843878
79125454,567.6132716306538
50322107,521.7417399972569
76200003,209.36561698091145
85059302,491.2019440816084
95450721,-136.91336567129747
93253826,549.2896311657664
19723778,578.9923011600608
35980406,99.0917479350037
67285479,243.6749383909305
68864075,263.63154592276805
37422791,-132.84353612543373
73798025,832.9312988198594
97232135,221.2445290767373
50064513,1012.47676047505
75638682,261.4528478759048
41937405,318.236401707778
18443662,132.26772052135357
68899727,395.12691693334455
18388313,783.1442036299836
69521945,50.980472022059075
31596715,262.8589910355895
78472605,208.90544153922838
12713963,177.04779258784674
46768823,472.83891174227756
27538097,243.77085088904414
89955366,443.2144725627195
94081889,158.93187676433672
65214899,-35.09400430250798
95205973,669.8140352237483
83140994,290.6565916121276
69014391,-167.88099852651203
66919280,262.07170886957283
86299194,597.9340886518494
14394397,738.3958270394842
88465251,47.083520645934186
82447513,430.88682130464076
90676745,226.4830100287486
61229086,451.74174162939653
30557316,560.6127148880491
48578361,101.35891797965996
29085329,351.47720865035217
99539415,665.0680612996593
33750162,317.5697457594938
51880900,-99.84803166496658
81942693,835.0308244226835
44828087,306.2284727547385
80752087,319.52191300819777
99218652,450.0729333164695
37433425,352.744376671194
39115683,-62.52202728195971
26601986,62.75158424412757
50469308,225.35576742300918
69872975,398.1491640194495
18483245,341.872971712914
12588982,305.2840667282121
79454705,73.37424711775702
76523232,582.4933368630495
96131595,1170.8644695071562
99680250,468.0365018460011
82622915,505.1764799882535
11290284,642.6238061598651
80057162,598.5269313159879
72165316,758.7246012151109
79751433,331.5159724859823
33215554,653.0321561826368
42852506,200.9692075755229
56093872,317.2505149349977
64167041,608.2126849465808
83380458,1205.9149248860963
32651438,87.09059226024692
38364846,70.33973865109738
74621857,-189.59749643418218
62748794,-5.893837695065031
71435421,-223.90956909769875
76163868,658.7421843279631
14677956,254.03034566412316
48283664,225.57342730271102
93787027,355.73898715109726
75353617,904.9490462012413
44130726,317.6316690998383
75634285,662.7604675015191
27969925,306.9394974887541
34662422,534.636431637553
46428766,203.4641225371911
40279741,523.9936720237893
58991338,739.2810842225695
52295288,131.32788023567718
25429358,347.3639282376598
91223525,291.44355155523317
80429592,320.29785167454565
36010937,366.8799497516511
61652867,483.0014642639785
34655678,150.59595981630355
32281319,607.8901203134446
74717544,559.0726159586661
81780208,454.11490351439807
74117270,692.6880635261778
94663011,75.44549206854663
18715534,396.55308221823725
89926226,358.57992239193936
31441075,213.13683415038213
85656066,625.1137975252454
63154501,8.84779975399806
56954947,348.1704242535052
35193891,192.37197446670325
68045567,421.9519467327991
75523548,480.16475733203833
80044768,317.89416809956083
80565568,581.1012840748767
58680458,544.8120623052209
93434632,438.38544475513936
38164915,358.8023243798457
39561694,271.266153975811
23940974,654.8011665241238
66689621,72.61701702396158
91586014,275.43489929488896
68610549,246.30159603428183
44648566,222.96907370815825
68443861,223.19569257453213
95300751,76.61425753399362
74650313,450.63050416871556
78190939,222.82797552879538
79583687,165.13247008644294
78744133,725.3595651525943
19424377,173.07537716268644
74426958,-36.35172976265767
30714675,316.9489430176636
20297631,131.0528561426322
62326689,724.9413563498092
72851226,6.758368347684154
94924877,-169.3401690532387
39912297,412.5237942769477
50554145,-172.85351244823914
51964385,284.27840779913413
91524053,291.3674551022141
67059408,216.66516702143872
13707505,-62.415439431142204
96336923,530.4317707432683
18937921,121.84516251927607
23247466,340.83213684567727
20718626,769.76928345016
62001591,609.097969171185
32183930,1348.6066050204054
29520078,409.88980564065514
20246948,670.3987866568823
12865925,185.44864131970553
75414040,623.2415885268301
29805887,498.4014913156434
91828173,459.29736033389827
92911827,455.78335753161537
21259879,622.9046796355933
27730704,366.28091150130103
10805384,519.3604002182278
28772124,348.5121360661851
67895243,484.9388132655208
70282510,842.4158035953583
76926492,1096.9760804819507
56029416,482.0651404330015
42166025,571.3831092927708
88855559,507.246261565796
71679738,183.1022372074185
95011645,157.1904093359576
23391388,56.92369980772446
97276431,561.3578189780824
78499453,1055.8580419954428
50845143,290.9542635808748
63593365,691.5278007994607
44645094,459.63719612124623
92805008,447.8462698407575
95966284,642.0723065600355
86968525,533.0947806789673
35459557,182.22150293520144
16959595,-32.68427675288831
66852864,966.6589755519612
64976874,43.769485452776735
90803282,144.3762223044714
32597480,445.20031230425866
22525205,471.55955893138616
18357388,469.3803832344497
55224009,150.52102072785874
12066751,206.95906315485627
51600054,289.90062337881454
33097870,660.6340489378968
44165189,-99.31079791935372
92174554,190.2046685837281
75685484,342.58159707965297
79648156,160.00186549221507
34473914,812.3140162453128
42069298,98.73980596345336
24749467,244.38570572274466
37024144,438.59031161510165
53463208,741.5440271346461
61035399,936.6449562674252
92975059,411.46210505416184
16258293,419.19895388451414
80353068,-44.69192963262458
69637564,465.4504254958588
60889557,293.54884995150996
45682120,805.8768577025535
62566155,341.65662741581946
86829598,79.68547404733226
77516810,564.79150035882
32602883,699.1416943378954
99658649,158.84897261292872
98115366,835.6389557043499
40551984,576.9559784701164
89171680,-10.99136170769043
78104461,904.2535361863743
80805720,233.21491364628628
44701781,240.33180600703554
32357693,618.2304704392109
16257080,530.380718000145
63758432,792.747387725381
86560064,114.3874188949676
76704426,460.9235542525539
29021087,213.40519948003885
30903210,411.2708187800358
59650055,362.9048558981499
16537007,579.57923857073
44043751,173.64318645245203
93550246,227.9865416976736
74795536,-4.552648819161277
36252893,634.1287708397026
60712266,520.3999073941154
54795015,752.694184934347
59038432,337.6291322690645
53101267,476.0652092198411
96137757,262.688793069467
61894184,518.1822199048015
56980533,674.3464115854849
40911725,-521.8226723257126
78253728,872.8135560816063
46517280,561.9215827038861
98578100,415.6748379816513
92998542,42.86017742147624
85778453,747.0089610914652
67897199,131.58403705553474
37385434,197.5577300932532
29978687,626.047826812604
63462293,246.859711641815
82610119,407.20781687380986
11195863,473.87790830672475
22813157,420.24696163303634
16061850,200.2895692828315
25000757,98.31016403302283
23839386,-41.596566437533056
62901003,267.97698208484053
85332734,314.1050537154456
41185457,-49.698096496772905
32349244,636.9037335575454
75213525,809.9289964304235
24267861,711.3693959321795
80759464,117.45670836201043
38052934,719.628837979998
36983078,733.2409542360083
48438532,36.47596823680851
98811621,387.37960934534476
41602835,811.7616897463927
79191702,1542.965918015434
91526426,586.0648690752892
12436955,452.4642599765466
35460655,174.15457200671926
24893618,407.4182993443146
12318894,-182.01015355734125
75385870,205.3389815326491
24016887,505.73745269263645
93798376,736.107629591831
10041197,594.411177956114
44196192,543.434178532526
34259961,659.2057542523671
79360399,845.0988268836995
90648365,520.4610290882565
32784142,130.4026109231845
88014206,1067.580490591753
47541115,510.4556646013443
81087277,291.39414569336077
99414879,350.4197127884254
96312378,765.7883105722995
45292998,373.256460734729
62464969,549.8264616040706
89056154,6.2311891183271655
43815757,111.38428904883676
36326737,583.3681193206903
66733240,79.40300496103282
82154113,493.64462650252653
75774127,-31.564367540126568
99633023,427.4955507473355
54243966,428.14770350090066
21507777,622.3448113911109
89526022,416.68411080522856
35342783,243.2565788931961
75576574,134.2802688601032
86207238,423.1297236987575
11999604,280.52321783974685
64241630,499.86116609163673
49681885,240.19922461238684
20476163,533.5776701212303
82534020,343.3218034095503
80449403,387.7183378395871
91978419,548.3317121906521
13134274,143.49780193563765
30921031,212.98385986714084
35948510,174.16544260393994
37862013,1309.871012178034
74364264,87.67970377569281
73089121,364.41479832960204
71120219,278.1549658464305
81357330,960.775610050624
86696339,256.4899178022383
32694372,467.0023453037802
86397240,-76.03029722063047
75410743,284.8790792166151
54107967,-2.8561523357034275
53182244,-350.7656947067662
84949062,120.96977726207797
17578514,-144.9423876377855
66553240,370.45578745803596
78244783,601.7421278891957
85750494,266.15533766657427
26835204,348.91905875449584
25568634,458.94703477403436
62833472,495.1839777275445
89441409,-168.82864860995596
30957350,63.06391831428937
83492659,356.0714214451282
14123667,410.26876056952005
81332426,1094.767666677079
75963486,703.4870108312016
97473965,277.9131739619779
52550411,190.99625335919427
38852859,-7.053882652444372
86945814,417.2275231341332
99213841,207.99653740285976
93296884,516.4447832652395
74681265,504.62357836756473
67628381,371.2280561477869
53194004,82.49633463134387
79129949,587.1352957841987
21417992,-62.8352735913586
65584374,255.44092766261883
83994457,111.77092855488127
79552394,603.9583781848373
14169455,586.2080971221981
11006346,435.0253295619482
55920445,240.07181926672092
42183979,138.12120923626662
27236753,266.12239197398776
38623845,343.2132801233115
56539617,239.73013878544634
89514584,288.4303517703529
55800655,480.764469251254
95341263,175.20881838159585
90170967,362.5378458218902
25603899,586.449236488239
80752063,364.59903096964945
74272993,351.68990716170856
83204984,636.6807317630951
56041749,260.2500775323665
99929710,426.2951131390091
24093076,1211.7451215041542
76171771,172.27480927568786
87313105,416.40498284959403
13150529,1141.080079289161
85314779,316.40621450249864
23218937,-11.154085372808368
15797769,314.8486294620061
18451890,568.7815888422492
23712138,522.6177480950469
40201741,952.7627359310886
74044702,325.68995035667785
91758728,483.6091709414459
41605529,98.00200802291602
30345669,534.6478898046298
72490311,371.4075494251674
11341429,211.05190979751387
86562367,105.07387712470882
65741146,-24.907050673316462
28059650,1083.756007182758
36854120,79.00721628170322
70514815,272.4564367804487
28991223,471.70014056590935
34210782,325.46273804593284
97420540,613.8205724441623
53582966,357.76478103255886
25471995,303.6877167871262
40521306,327.4196845664278
18442744,-24.777248454235178
86475933,202.53345044522075
35156621,416.97680556361956
92398280,429.41807640353454
64419847,348.5351827211671
27879667,149.59500687399895
33454324,263.52009064427693
78234554,-117.58884073041509
37295459,165.14611815291528
76464828,497.80831023602605
89898019,490.4291569521106
94459827,109.6756609737181
30672049,51.13135978819355
93226295,153.1543275712079
66733496,63.37101028488814
24799537,428.27084414209594
30909458,431.98476646870995
20815913,650.1811016904389
77231006,326.896944032625
63770561,284.7155215861562
61281100,-200.09378497924263
25443496,1105.6429235868382
90941407,-93.84798244196418
85217471,1120.5112647237288
11330523,300.53631595680326
60135515,274.761125924882
96537329,502.99202597562225
89713236,741.5435371107837
87856838,633.4510016988847
68427758,251.88783194998632
35697471,390.22514223992766
30758105,220.55426200786223
66828597,541.0484522627412
64179941,-40.5888746826663
57531913,154.39603657425778
82276369,308.4145657038771
33117908,366.45768056670204
23807930,613.8280992095574
58313771,92.24680782700716
86361973,370.5126266879811
54136725,550.5876899203049
80609057,81.28833915508585
23386046,68.10347892673099
88923790,491.4990476782991
50739054,1078.7208768065457
85701835,11.015772239587932
11164690,189.80369132295618
60686704,98.21938525698124
56500955,583.3376891630428
92377094,212.68751489602255
27377686,347.1231451868857
14820376,-41.719677383439375
24454653,549.4976206963502
49068691,196.28806624985236
68870887,-114.55132308433576
40404763,315.44973620469045
53993271,464.9523403179055
76624283,466.9825062575205
84681113,649.5961573674904
39182711,210.00939108944522
99418549,22.543909576302212
54009403,804.7018369985658
15732665,-48.84349990221517
21105712,100.9474567291195
76841454,240.09743516425715
77456803,514.3558218984822
94681649,162.65152506360118
42127705,319.8069790776444
86327920,231.93578447718983
49706768,435.0663280691738
47210863,104.16237315259286
98862874,339.137674603528
80625113,127.48826194755111
13147967,358.17054125811273
79644262,182.82130446698102
40821766,-209.75105868720493
38964351,457.92190339701165
80037468,332.2138032395569
10709528,530.2969678436148
14006566,-51.78217948496376
84355937,248.82120530225666
68139676,390.9520446696001
51613745,467.94568275663005
77042505,176.99468619010304
35307179,99.26462921625034
43137990,523.340853920286
60366178,421.2114885947558
28449137,404.4560724955236
54714633,399.64487162492514
86469326,301.3155823881971
81392986,99.4468825537142
94816275,-187.47985138422428
20992851,239.57649577375605
33220037,79.63328980073265
52922027,152.87437514548265
70522751,471.5031291996838
35179027,128.2702695062767
11006610,-197.9416784784139
97027045,364.26149050019467
60842426,330.70265410606044
37962781,198.80304566158156
57446778,290.37659904840984
46803142,728.643122697013
96412152,655.7154492851882
41948607,360.841809878405
30401183,445.7857387042686
82446721,367.25971566329827
98640166,16.91362754010288
16426411,616.304569423794
40919986,538.4803334919002
34959842,621.6526544415674
76545890,507.7566953263581
38671669,604.2032124905527
74577885,664.1522708001703
77894868,552.7484498465137
44132106,462.60076193724944
13303745,131.81022590299017
82202428,209.0170751356709
69359286,286.6699511150309
49249118,392.14426276845916
65186472,276.50553216952267
86728284,316.2211362078865
89113200,295.9337140443704
64085288,159.35662927226667
83095293,11.825707206311108
55834975,563.2248151298982
12408851,294.5516904866836
45102161,195.69227145952345
21425066,341.219556582525
49253416,38.59533699644544
91720337,371.6299645095469
38125202,309.1178560655044
76716879,776.1104357294548
75093314,403.54382971318
94720863,215.22620762815268
69306868,-242.31409759838152
78783123,350.8030664655007
31503266,420.78191962658366
51221256,223.7600903250236
36978860,301.0570983055941
77102844,40.08860309126885
85218856,214.42011080904695
64674000,418.7721038714685
71928536,185.43064240328158
71632516,326.8782636376359
44645677,291.4913228087066
27089889,206.2861382003639
85001254,621.7581483494855
80789294,452.2926861899059
94921905,558.8910206387054
87557595,462.06027627558706
27812172,713.4999083580133
70326518,794.3244742029078
76820242,328.0665719575136
37798149,410.95757328098944
95689974,455.8554169509989
86698149,215.91638599573844
82332389,471.5985702254061
38769988,33.31241793250547
62104171,540.7494887630874
20008764,111.2129831050429
88250848,624.7258804961434
99989436,-148.66634876033368
20654244,328.039277765909
63645129,160.4546816354473
66237213,367.38822807320184
89366030,626.4101398797329
43885604,433.07520540347286
20777495,445.71082967914026
17630232,694.282095273993
41034819,515.2105196103353
30863558,877.6140240008513
30990096,298.51138299043305
14528263,627.2381596732966
38046616,537.2997852817625
21720690,190.46246095738115
41971276,-348.3135661176748
81966182,529.5152342095516
81876034,442.0939266560872
23233042,261.451023311819
59959368,422.157585966489
25429816,266.59350341508616
40884180,316.9673949015437
88955672,849.1205602438204
43077536,283.5234074129344
22541133,1441.164276335082
98515757,68.67689123775153
96170890,226.98508933933817
33994765,155.12367356238929
91089578,182.48478749483547
38840418,56.290696710094835
92439017,346.09843670774535
30192634,365.11359415483184
30769461,330.7149757203106
80205723,283.7153938005481
55131937,546.9706001407412
29185681,816.2280405185056
80773149,461.0327295654456
84757256,487.8561586045762
81505232,138.8676337080219
57555020,112.69480908624519
70106520,665.8747494124377
43240131,340.78128949194615
57158414,206.1030875734873
63966023,388.04402456596017
46075950,450.0417573173859
47516649,208.96618508194524
57203804,206.79711084375595
99285503,790.4315056556925
23511969,-7.531208225871524
78376646,673.1161299139776
48884000,614.4725858414454
98727752,829.8158815031161
82907215,643.3686524301356
72719170,538.1365404376738
39149918,55.94175310405444
85435767,405.6321207732517
54111802,500.4515852831655
92599919,589.4163306770351
24226064,327.2559282995858
96829833,857.9377898894145
27301621,290.4474026592043
15887246,513.5920049057313
51726302,564.5480073348431
51260265,865.4612158143527
45934883,494.10978183916086
97289930,709.1242323620072
42847093,497.38901466081006
13695159,397.60519923069705
21664737,418.2984444599583
72162540,324.0065179390813
45972276,598.176722482463
71222059,503.24898099206894
18901787,-325.8663051253652
64794868,378.2393604310787
96040179,574.8843638899298
43891507,193.8974567958935
94649367,505.5990297806743
85490151,324.3024292725877
51948440,649.4558570744366
44237958,226.3148336003528
97658202,421.73928340041175
77699657,950.7137284195769
23252427,485.7896212024457
10697423,321.0257948661997
99095154,299.50310189451375
86344123,11.752562666027188
32740825,64.35322310557785
39699187,412.87432821602215
79334316,1062.1670923377105
13862142,171.2429791538966
95022546,-205.40435130144488
85671131,87.66306154592894
13946093,257.6847995760977
71911642,478.3318327285974
74557358,773.13888225547
76424216,137.7351532008397
60569056,572.439886493939
21429356,214.32682478001243
37147011,487.3649625166736
22363795,408.07167431924154
22711721,171.42742833341208
32781826,324.2172319807123
79919377,-33.04821141755474
95950869,530.8042698217455
67975454,302.52308625812384
61846310,487.9038832661163
47190136,191.45603765186206
72140487,1304.4285492450817
33356353,369.301404983491
57558815,48.322075016039435
85765913,313.4426868224
67405346,820.7105058194893
47178751,181.85944519183158
92743619,510.9079319229345
67809997,701.6764367962369
95649734,464.3839366363154
35761786,259.1997796177825
20333506,350.8576941733495
39856656,655.7107167424319
80659941,251.03401115390534
72539676,390.29140588330074
34808508,477.3710144937304
18684795,754.6092335131789
60926773,518.690745322951
25343604,346.45251982270383
85280076,302.3221670273356
51516725,684.509336035595
54359603,699.7841943874942
65763192,412.4208775429729
53926540,226.2794230847653
77237054,-57.18410429393134
75498756,92.4808336931851
99166662,665.5029202407732
72410551,528.4376788071545
82923327,550.911423647517
46066488,467.158117855266
33059137,550.7044860784222
51480279,273.09375462113394
19373977,510.9764220726702
90715980,207.76177054914615
56492794,197.95657893906264
46037369,160.04936422621813
22743995,554.9514807006226
42553042,565.1782872194376
36975311,730.095923668348
75351486,-14.327431788022295
30981897,911.8287616279131
35580501,366.3723466453571
40483549,251.43215973165525
64819235,210.95727198515215
26688957,370.96939677312866
94904538,217.79967929559461
46754012,1052.1713460200845
36796857,256.6555419703345
28461943,395.872291836532
14026453,513.0407388408958
69053024,222.62125982827638
32733126,240.4138828759128
40931025,211.04038392093207
19427950,6.97288713323951
84597120,388.317282835872
18811334,471.41894657776584
78324699,1049.1982855336537
77953974,48.16728710943062
27862041,351.8133474556612
37247191,240.45032670059663
25562317,411.3586491382903
73172608,239.87225985782788
33104896,198.00316096861934
82319650,205.27419183317306
21799452,142.0686590119726
64888946,69.27123645652046
97264595,536.1230675735655
10429454,404.6324058108503
61575325,340.3946187059855
56897257,15.753753988996777
37059519,417.23746727081107
52110520,574.5543759592988
81197632,365.4165041795932
78041929,54.280105608902886
62481600,650.0782091668348
79068390,229.8053409371837
35652591,-136.46672463182222
39694436,223.5411716623271
95898355,499.1799225713539
80006639,-89.11683439529952
53958546,1135.911659887066
58986255,618.0745327065238
35034634,261.0170014969858
21845497,434.76649236735284
40578913,187.34894025354834
52684708,305.49689560982915
89834641,297.4886051650692
65511611,696.5563339843852
65731676,138.6590283876826
83770991,1284.6666422340622
56280602,492.47645699606164
44140498,154.71832715898609
52748496,72.0028640615551
76136540,254.4536779049472
35483441,76.85637422492846
25193108,328.8089535933741
27434478,-167.856309686415
84357441,613.5724268617414
70840263,-9.783840081333892
45633382,149.37360157075136
68317032,375.4060778606822
73465107,315.7999527407346
24929921,438.0918624978749
87300428,651.2495992064532
69871020,47.71714513663028
23755175,618.7106074670669
91971062,363.0365514753771
74483617,104.223421442151
89642342,145.24680740117583
33276861,173.91861846117035
18861332,157.80045168276592
77211245,199.27088188753532
52041127,229.58536159612186
95864050,372.00146801278515
82528777,217.20905077534417
62702832,805.3872340694656
24146181,210.3633704158674
90263367,196.93791248395928
47033948,402.93217538577164
97856612,161.7804263295602
73014333,864.8033942136212
46731094,364.9443683639306
15781171,547.4338162839999
51156245,43.41978299229595
85958922,413.4597060435799
52550761,-138.9919990592084
15567593,335.9116021575378
50279318,1643.08948885065
88796422,-78.13808855682737
66724358,198.25097868454077
51443999,472.52419152505854
32661637,297.30592921008156
12999579,600.4431943642289
32460111,146.76024065099955
70354263,91.94992904843457
99768418,-4.431499980126318
93597400,-19.275079330074277
42968448,357.19279341769106
11447851,691.1983243266995
76146411,425.96208343140324
86917958,1130.4602426253568
57526187,102.96146768851168
71062405,283.901043596195
72847399,779.051868041091
54891075,241.7753264853145
89841901,214.63629227758565
90056417,699.7662415629316
77892346,558.1403198247453
31627402,-95.0500184579696
78864638,275.69882993646297
16022883,524.1006952741236
21980955,267.54835112933506
98291218,-44.31776354099884
37406677,148.87222015810676
73253470,153.15602732095385
80239984,1093.5047176667958
60323265,847.7396831182882
93655248,178.51796854932036
58796215,418.447696227915
94203496,500.0224008326895
89472702,245.69708588975755
29142290,214.3104669578911
71021568,615.7394543012979
69197364,486.51049571295016
67499939,451.6086482335286
51780875,525.9598251904313
46941857,428.3662168788869
57911836,1044.3554904547286
38559875,124.77081121508536
81398050,362.0431284099741
75334315,598.4469982597016
59308610,85.35681506794799
16247087,681.0566689120328
43247285,580.691593623963
45215633,731.7403873228386
40481058,523.5382462349621
40365284,773.9036221777383
92836079,876.6849552735421
70303716,552.1230028435975
81749724,182.2769563409538
41853820,624.9714821712128
81440480,70.27828091284664
84996580,409.7464731401733
35919442,569.4685686407843
19046260,582.8350558142197
90423631,366.7931310034378
92961031,94.74309889284814
89855372,-34.1274677460201
77816576,6.310650381585674
12194715,364.0722416881217
20115124,506.60870314133626
73703358,838.0479427570544
89792966,201.49506554260734
43706254,448.49293856654185
70266281,144.2747996845119
78529732,248.81478560109917
31638825,-265.4673880742671
58167471,108.54726061256997
93767960,-280.6758761116189
55879589,345.0293742115409
67388602,477.2273509081624
86008328,676.7868120861081
53844650,295.53808984216585
86660948,285.2721460540806
39941650,-72.32475612261942
44395757,214.3603779135051
81989533,405.2781938040398
46504700,-157.18893507946268
39402032,233.44374818958295
85919943,262.8122780903668
80733130,509.37155218387306
25189661,124.35241279595812
14623666,560.3291530031943
70848155,327.38145937772515
68571484,622.1370484230783
51228995,886.5356122340481
49683485,748.9595463713963
56036763,520.1820584701036
32459332,85.04822934014874
10860915,83.59316726496672
43696664,176.02729968916265
87941364,348.8219142191342
76183083,204.88979923959187
20966309,440.28995424145523
37699108,182.3595182098088
55952526,373.9325726567158
15616438,244.76693771915643
86514240,738.3683263615194
92945955,240.39608433620924
63145934,269.5999669709763
58853662,633.9665827377876
79304271,444.6580286622916
24276255,547.6948564591535
43245413,357.86712658203714
59024690,446.19549674094105
13551336,168.70022776133192
44848614,-26.849212880335926
61087377,106.24090127657792
11885900,443.88120715292735
92535927,296.49047107858723
21708152,142.37091465743515
45352808,316.3398389123904
75624156,601.0400406583103
32001265,385.5526807389256
20413825,736.2023521320302
40305802,247.76349803522317
61861688,1679.3777652917552
33441351,105.96953933921804
30365812,-12.260819351346527
43625038,-131.14427159901425
40659534,90.98824316623313
72885406,37.661063723995085
55817366,226.60187956927984
78604997,505.56534536974505
14364198,107.7888125358104
70814486,507.4237666442805
71030650,737.0840663663448
93257457,272.339315800436
65515227,-113.50340321133763
23048185,806.4190904244801
64021401,190.3456111739638
81601136,101.48760490734367
60464050,471.3800353618208
62126832,288.92977753006744
76122802,151.51628456532808
68619547,423.6666109234202
69931017,467.6572280346013
52039321,542.4882170354981
96748453,969.6396659036586
40650345,730.0661146429193
94190496,357.15370108882416
40034795,449.43545682282047
16725203,584.0199304226185
37869032,606.3022152814269
87784983,463.33092273691227
67445694,152.1101327227684
44138052,-21.277298469043217
56359862,301.1276910050965
27113776,220.09794370759118
73853459,861.0730171673804
76284169,151.53537706493853
42581373,720.902452285779
74617250,294.8316171389797
29606632,166.982510754136
22328059,274.8582564637077
94596005,552.0494789219183
73640300,462.0847236987506
52511016,682.891757269314
63643579,53.87883740513598
73979691,550.5047548055186
76806109,647.6285682308899
67084872,619.6058313095928
94616960,-146.2754007837152
44018639,238.4434746392085
10369424,1131.2443922388675
19417264,199.65466321011763
77137301,204.34039909343392
33598935,122.06942722258555
81379316,620.5040475936808
67627945,572.5095083565088
74067952,1214.69802891569
54161507,218.3636253828995
55930611,-186.68597499926864
64919315,539.4182418083178
92109871,464.2237667646341
88653847,318.30768279126596
50331596,682.1831952345233
68139580,752.1390447861204
80241693,291.9744059665495
74034028,1164.6814647784872
22712040,443.97773665739624
18212521,394.7454176548026
60434302,277.014603681248
45427525,358.74192152384194
95853311,168.70757895431188
70857259,212.45931676407827
81477083,264.9854354644085
27723524,157.1625930261239
25206032,1349.1207854530912
12102381,909.9657043842967
72428170,303.215796614968
27672042,1279.7812892379625
77000429,407.79311105808574
95589605,359.3606110256246
44647376,700.9541452559206
21338536,127.47851151104078
13820529,484.66378658890426
24568041,531.2124186192577
90117191,532.0797731978428
45800664,-145.6375744059328
13557339,419.71843251526025
19087413,547.9803483111787
11616417,1168.7489050657864
22015830,556.6945489998025
42617304,405.2164672051722
72598754,299.4842337078926
34839793,238.13498998842806
77660297,166.45893036802636
13706769,219.76047820987696
71694094,232.66775377005933
26712974,92.08442632604965
11161484,247.50503940951194
92404281,443.05006440838224
29267516,444.6921675675567
44574998,-51.85079733167822
66291057,421.1674896476766
13701175,153.40186585597985
24177160,115.8527011058336
81405301,544.232132747049
11589439,208.68010637864882
17537269,351.3568806399071
98168887,513.8456758705256
57508409,153.78337060073136
83408387,625.7704633418139
43301435,865.412505015076
49258344,247.02887942781854
98631322,190.33898571538612
69659096,218.40003499353816
99106028,290.02598480848656
37856658,203.89754463314875
42881579,-60.049748872738746
77859891,228.9866684440608
81041727,438.3470817071129
47217829,295.13515012396465
53083229,300.5642124757187
79619006,460.9171061943957
87897995,-39.52091951574721
17964917,1038.0169346214734
80568888,352.91060054275385
43042929,133.49351951380913
62796073,57.37417424719206
61083401,465.2478950732557
14141477,317.05375388405946
68306110,68.35725976187587
43708354,417.5019233307139
73883907,245.63694405259093
75966104,459.98521156042716
55672599,-32.91148143336932
14917596,245.08706625636069
65294870,-65.4743055268068
14049454,469.6881418230769
93295381,517.3706879376477
27730907,1678.713559508179
52543486,267.4614679965807
79427440,151.94185027158437
46627987,594.9463836813766
63096372,376.24345453554815
21047227,-160.715672761527
94588817,343.16856256696383
82925355,344.72399874407483
20239710,196.64292205711718
66560522,72.43836915686506
34394729,483.4093389976697
74199492,477.2719704628198
59577067,580.9386838703813
69919638,749.5463217123715
46718033,673.8817101234831
84917912,236.35957715690802
31599665,168.08538641493942
39056365,381.59493980757725
48895978,174.82437951671727
47094246,538.7206534191305
19549587,380.3567423496356
18563899,6.348288545838386
81642903,109.9098057971919
12095543,518.0860270260273
67140026,277.35239112561294
11054636,165.95550815089518
21698635,567.9705063721717
23623849,277.14127626653817
71392936,126.11848275402599
83425325,582.6659888228351
14553390,-350.11302995198184
70274030,437.86344705638794
19402442,395.42214165814084
11041677,611.685551258568
77513563,208.41948535485608
87335721,539.5037811385669
17466406,164.12866346196142
11267365,132.58092201203817
89144675,339.12293577256605
89338457,463.3736166142867
87803439,380.91177721852364
20104582,147.94887615486914
95781089,336.7796618580833
66358482,-175.55490800827465
62863016,533.4406174563965
92557337,863.1963130832041
10876766,341.49210468378396
70473205,137.59311975434775
87569671,905.1745637387339
61139578,88.10431255184221
53121878,158.00159365732816
15430462,154.13091982027436
67332796,360.2841177656501
75641163,455.33441301399034
23552924,996.5815833935671
56332291,160.76382275938113
83472051,112.228980818943
73213649,328.73186158052886
47802315,271.6066020733788
42459098,506.1244860189372
59654537,413.47300786536243
49312825,514.0521159803438
80983900,157.20913085666962
58178507,1870.7378236705626
50382416,183.6414528391865
66073034,256.4830717905661
43848284,169.92218761843924
85092410,92.71243777230393
22321014,355.62981124130874
31162245,318.17337974381235
26802981,345.2002241320606
89737386,-37.66044667418828
22704344,463.25237126642196
56000373,140.7851752421866
96310766,241.23357923437288
70324095,-210.1848040452951
86441629,248.51651296602267
12514793,734.5339361847191
89583392,212.34325122509017
36498032,486.6716928480919
22072881,-69.01060680120236
23992589,301.03272274266374
25380807,149.7551898824313
30026993,374.6866631068906
65742850,-172.2748611986117
33236806,499.7397501632636
64518820,444.05207265461013
42371713,53.891528047686734
47924596,353.8104175202634
55469978,921.7044987300465
29356220,436.936818451994
98913649,603.4308688672809
22201860,224.6166662221649
17005574,240.306911897178
61767605,588.4423711262184
63003964,1853.1525334700964
52904792,270.9083731199512
87014699,660.5480519657267
60476269,1040.4219260117006
23374773,248.31369828323432
12887652,-214.40565432983294
11366466,35.595934567795666
62053080,162.24005068040879
21354279,488.2459285032737
58635346,264.27468351480957
57475663,421.2550374632742
44627129,275.07963087787357
29419543,1351.22231801027
47538164,623.322180622371
19854086,357.93870690997755
63381374,12.095994219135264
55348437,-24.86776270909695
80254443,791.0633322403814
23105559,512.1932636053339
25129271,202.11131934846435
40257293,458.450966878861
63509506,489.9225718748744
45432136,690.0507305795554
19785631,28.277328542858868
22859019,304.38712323496884
36147504,392.95940954255957
54449509,682.1383815219606
81205631,466.3139171976759
98103632,338.90428529411884
32691265,180.79299869208126
72768344,977.2771639138946
51890279,77.39462272816763
48043615,141.52491795472542
25374441,244.68645487630465
59962384,432.38806246394324
28910995,654.8819837389069
13141234,5.2066359745813315
50747063,399.1105646898113
55252279,548.6067556206553
52007426,747.025589553562
30847276,240.24177664167473
62106368,94.33369811889725
60214573,379.78124501436787
40002314,854.549199676926
32428356,864.2180934517764
53658343,616.2402704533938
29161839,85.27676878562352
46396012,116.92418259196847
62360708,297.4828219804035
43297939,150.0474219007192
12562149,299.112581231434
36028116,356.8183217019696
87330286,290.0186081411448
88119407,553.9111202399067
26750897,400.07802313659704
49969361,139.5235819391305
97204974,160.23873611023782
99702598,392.1634589648379
52763802,459.810652156234
68901809,313.00312600078405
39208673,431.5719516213471
54033485,-70.95890738332264
54497531,258.3755358905064
53990991,542.3239497684222
84489537,368.8658970757415
35670801,546.6126267498239
78791350,213.72776984647362
20845184,719.2127624099994
13555027,271.26930590349593
37646059,208.73619647827127
76127874,357.2057568085811
92134461,504.23607695869714
35770374,607.2350355655858
71020209,743.3129180403344
34171582,446.45938332266314
50654248,455.27591155470054
42458567,430.9461727939938
19190057,995.5104948121975
54080489,214.55309248704816
68542535,409.0709958851048
45210646,288.5484948424837
59714270,189.40331631314075
88185676,683.0142379752906
71490260,-26.632517612494212
30639393,14.831148832048711
82576353,379.028495241922
24335906,768.850006879924
21049647,434.43406687990773
13781432,162.83546694924553
86079138,199.2942315984542
40000990,583.9079820046591
73775201,639.3744603798887
35148701,785.0825655416356
81596880,337.25533191899603
94320273,357.4912234151134
36438421,310.8699130641153
53057217,347.5835608289026
25248077,483.5392186802951
73038169,236.84144660420407
73258090,221.61210817344045
87336796,817.180268705275
78963426,138.79097419458458
12232405,387.058294695732
86811261,413.28211650014646
43165541,602.0690576039442
83018865,770.0031481238993
37762842,98.38019738051071
65591705,286.58528668099643
67890361,138.91869385253995
94753186,171.586166794169
93051402,495.2221845442127
18623638,494.52586263108833
35256497,299.74543030709356
79246585,302.42618816767936
23762226,437.7218622832647
67287814,118.97589703219592
78864148,677.5535056044337
30658878,-146.85599168435465
97960066,32.83927328316486
19914732,255.81774297701259
23619037,19.5549141100455
27095793,147.37889453354637
83667300,596.3548579937037
76686009,585.9848205927328
79911388,417.02464259141334
36038618,83.5229670814515
91489166,280.47390315965276
64088644,581.5715517243389
10087238,296.45053726129663
68403788,1127.9164512965763
95817054,357.8464173027128
57182933,985.9019732671577
83941537,161.50490210189946
86909159,753.8533094788768
45478492,391.9402779926504
84142111,594.5052565195424
45223652,561.5010234650476
15651868,716.3107041213148
48952352,274.7445950778406
53380245,409.09783580208614
56211427,331.7560511333809
66961588,712.105762724681
38567012,412.2479536431433
74938615,-50.74887183256078
81147200,549.2451016814107
74772897,302.52012433761547
80316029,408.9383592693157
76791795,366.94750248561695
95549661,414.62488518076907
91524955,298.0057138608381
93849275,208.57801524575325
61885188,-65.41538113345587
17120455,765.7717420636573
71403569,850.9738361772575
57944962,132.6538763316894
72483844,317.0319665172019
45141218,1039.9552096618827
47525065,967.9076995820756
24379765,390.7781613591733
91215387,164.149835090554
39945150,525.6355609827856
25481926,222.25068472076646
72167432,438.00051904276734
15652519,382.12809576185873
58079379,54.82805009758704
81779274,356.24322463884073
11313638,596.9409555304978
82915596,552.9115445266075
12551058,797.7552482379488
69374139,869.841337238171
27490970,590.2273500955066
28663701,260.4506158661934
51901697,191.24389701507243
19964529,538.2074187913399
14203976,271.04688102479895
86724526,356.8983457265781
46513661,143.1146723385841
42464585,319.8895747223178
14360059,388.34566974871905
72181637,462.316706245831
78956787,567.9765630258198
30264496,497.81303957550745
77227528,585.5000692454191
50534372,16.88589421571305
12187853,572.8255948835831
97814800,774.4724581092032
49704538,371.6999455700229
31844965,765.7621131165233
89449307,67.73795415380027
72286626,608.8123875292163
90641879,6.004643196742563
39977212,299.9081410663871
56406335,317.00361473387466
46671061,560.2375525025991
21883230,893.5336554491546
57754484,360.32837021177966
96138639,-39.703284443131906
48581654,291.03193600852046
15477564,256.49307407130027
18367532,288.7338761776209
57040971,107.1849366922338
24677280,333.1173129781787
38279741,35.329307842374874
39630161,412.5767745922617
94354941,115.12940942208934
73739305,515.8466529685729
36839896,102.17884144197978
60950133,1111.117678410345
34560824,248.385763168827
89848060,612.2844285453484
21727334,643.1059323206987
96402755,273.37016717137567
99203156,408.5244660199387
69252455,1037.579192211127
86645439,-100.91903388238097
83677892,232.849125602796
22897635,248.2794069406259
45288708,984.5719426829628
59969436,128.1602883087844
94774349,-29.938393920832823
16886474,1277.4598254059078
44198009,348.83460545858134
64700341,989.1595410546624
64505698,812.1249885429534
77323444,1163.1010648128095
27706778,2008.924172139241
59628829,510.17406371394145
55365465,479.44548603162366
69970571,738.0947467646602
94271260,278.3793866954866
52700573,1371.1524857962422
45014443,29.834332198289758
71021280,20.04457089924881
51886091,482.0731905382827
91170937,-35.038476825077396
92081846,-30.29384218473797
95719079,161.24458568568753
12428005,242.3398576278637
38292857,932.8430097452883
75786036,660.2112639515576
76868352,231.8251021672654
61787836,544.9591913224676
92993294,341.2194552404585
23885591,613.1794725276295
40800066,237.2967161059828
56146741,288.57608197001537
49447892,462.25327845594893
52965378,231.38361308479534
93685952,-252.0538152168465
89649731,203.17369296647348
47102704,219.0339620196296
52908918,245.09921667779327
77943419,534.1275519938922
92500699,439.48280822181005
51420779,897.196765374179
72830394,34.60155037006734
72781023,367.90944640093585
16161212,418.1193592756299
73724856,786.0565924339298
76991618,426.1321109428045
95797758,255.47994658690232
82786703,251.73940784800016
77183119,312.11199232747776
56026782,209.7463899127415
16589083,103.43852366118426
47749953,491.9403424637053
27187508,297.5307399915537
51723171,282.8018974766492
56627258,373.47713638910864
75635227,430.98034848146244
57547046,437.34786584010635
36631973,311.8878293342623
17463415,-154.4455719999778
26674861,328.9455364693249
56995341,93.73468260476602
26126144,172.36061432090855
58450363,248.2550045650455
89312269,323.92257362258897
16817991,106.95239219415453
84965319,507.26399639215197
43319013,681.0234676153291
44400321,275.87983481934134
80024230,341.0340386520552
74521218,969.2874003534384
44832141,70.85824839346697
70162625,261.56931987592634
43589357,439.6397859061258
14100726,222.23358796058938
36520084,361.9494344673235
98999098,244.1993194757888
14148442,128.13669257666606
90033275,210.46105037323196
19819492,267.28537574762913
94929441,884.7340834084944
64769677,406.0883255824374
80605119,189.46017161396503
61896581,-118.14759004200005
25053770,24.094755346496186
74893395,685.5068003007746
53560531,1103.0038037583959
89710260,306.63862049495856
93875018,428.51302738162576
64766158,628.3671484146535
54305179,231.9383844542549
30403292,434.7374340165966
60767564,80.79686313090497
35303188,366.9797202169425
21177257,326.5176281480476
15350431,83.33244222786743
19112314,99.42287345092564
10078818,-64.29502523400015
23150338,392.27536137234756
47635759,447.8774400056036
30605686,452.15567190525826
29709781,380.2347399246478
13735642,217.68494541009295
99020214,-65.88488586951598
28873624,680.7532780742013
70890497,935.4154473356166
99675492,341.6833763644777
62216584,190.71832195867273
84668724,657.1435605699967
88738488,485.8945893754976
35683009,1214.7073580729648
72816721,484.81916644702414
19163259,338.5296141428739
51202613,808.8043786638018
56056704,50.1249578425045
49879334,175.73929436112894
16786843,471.6957715852441
47533115,13.189075154707098
22109413,573.3209412311598
85518746,74.66450811431059
93362991,-289.7422780174106
16124077,8.024784793791696
76182432,-37.47824281129624
26790843,279.4028511470301
89672220,-246.6039341939213
12756298,926.2707821816566
16926806,300.29478178903173
14000956,983.2667642703909
36806959,-65.4822666524974
87017954,167.26897917639235
43944283,574.8216266841646
44101724,563.4336430013218
67316534,453.52071579701715
88490548,555.3678823639025
88665651,479.106400061205
83830852,294.710468805074
35512699,389.95197768181833
49228670,253.09894140867345
47172196,364.4314780281752
86195285,419.8946144685433
61100752,32.62366124131677
23609539,539.4228008838286
95881788,469.95146968575773
44925764,453.441793437456
83971268,-123.1635149729218
17370699,599.6036095953118
76384877,399.29950446105795
93972349,-26.862997099815402
64752973,70.24598237554346
22747583,803.9216086264332
38304968,384.7632081281067
10235307,65.00278171425862
25779125,-122.9283260470911
12843653,836.6718266550247
78094768,410.6913875986738
10635284,130.69204835080654
13687234,29.708652467566026
53936042,82.5989965466888
82732686,253.34447270505507
96543781,-69.92645301574794
82228529,267.1722834678162
12775154,132.32512131885687
55255907,193.9845482924461
32916130,91.8225494936678
18504284,700.2137165502772
65825890,394.6019253878394
33391713,407.30742626835126
93331533,712.1350934175289
89345152,510.66228411366956
46576484,534.977076104471
33320733,229.57183375503473
10724817,967.1499152768838
41244276,-55.17083335715097
39841607,371.989828645118
59463885,642.7728308271562
61317492,1026.6245718491678
33725830,436.11741114162123
15316450,1049.289258568523
53318939,79.64430418122447
82300735,383.5056894645977
44927585,418.62068845275326
80951510,413.01729772662384
51421456,655.3732967974302
67936055,552.032953119528
48065777,996.9438424312912
56103730,515.5112395068322
40566531,350.48241460382314
61129612,373.41815385170094
72015593,506.71229684427544
73826407,54.88729360234174
88021730,-258.7743589493557
85653819,170.84247280889758
45194339,99.28126972428436
91086895,116.34296433074223
51919540,153.43251318606872
23157322,768.6701849102787
51628095,248.06683406937464
96537190,90.19790819905393
53402735,548.0867943293224
36360155,227.9477979620433
37694507,19.43296599492305
83593533,266.17952195833686
24284452,285.3385817234307
21000889,621.5161501220309
18518898,21.340980137476436
11533995,38.843997255424256
91728492,660.5600962097997
32889326,534.6024780072516
16392740,547.874845634793
93954664,684.9759089144636
40527969,677.1747966112584
13359501,284.376332338486
54613106,597.4652061059378
89494294,24.08904205080171
43243456,-174.50286181682668
49320975,1116.7348623800945
66824387,271.3514013753338
13395531,1117.9484039119156
84702746,193.1306892058892
46376987,240.36242051285808
16949551,588.8408021723276
76113598,721.2622906592351
88051686,423.68240185503055
21575972,828.9019838566437
25797068,1142.851067541294
46519671,424.01872845197204
62958708,25.9487642691779
41163598,981.8029464247197
90108134,349.83577891370396
40305514,183.18040614688744
28323820,509.34390513167136
36148206,284.53305596303426
41903222,430.61503201754476
34111269,111.07643734324574
22460898,784.6042165451959
87095926,444.69812567410827
99063606,813.2985234343842
41090287,586.3509194689773
76553835,465.46957252794573
40520930,884.7576381067743
72499276,19.622134001017457
40722377,27.82228573869179
23596828,-49.229756526681285
94118199,577.4087595033402
54177823,303.74172084608836
32744353,1054.9207259810928
83540534,537.599475743632
60135160,596.7843028815332
32215997,510.08438911949906
60591783,491.66495636031414
75534413,228.50558289063656
74381587,370.8766273558358
83928867,415.905405853724
31779925,32.52929021307
71389415,337.0386782665946
36657020,98.40678554503529
52833217,390.4241477115261
43206206,366.4721088814472
21701449,381.30859586451606
38073031,368.461827173644
34369333,210.06252674015286
92620587,67.49219737220619
11512547,1356.0329353051284
81501365,266.0605810401744
91014044,591.6439464456043
90225400,335.9432982707058
77353219,548.9540202077851
55291546,503.79233149008223
22923482,570.3398808522179
14288303,447.86240931821294
55909136,998.5107663851559
41957261,239.97330891531874
17675131,172.712615424246
13490253,-67.85450772054446
79023756,691.7137887115191
98393510,560.8020200348819
36169986,117.7315739678761
98879925,457.8412630547118
64713126,427.6122181692531
54807445,424.33154491983123
76751871,417.43295303910145
98441518,185.68087618200116
54149693,477.79343896464025
42794612,-53.59914422691236
76036112,573.6852457860705
14657728,593.5263052164278
73292737,1341.6321980848506
37897222,1012.4606105744024
24707301,756.8656884866573
54570938,677.8435287543957
47969890,312.12025649369343
86391847,740.1789793054973
43251995,279.91291934341416
61789630,217.44900424243224
12601759,288.0495628893332
86045386,70.77674478137305
67870680,390.3327426328269
92603070,119.3283587269957
45118743,475.4574062470001
40352166,851.1494855014662
96817260,591.6845738862626
70031890,546.6199843718805
18280163,1361.8935758331882
84418154,593.914423907911
50657043,782.3702781276488
24196657,347.6449836283832
30339428,-294.39716701342604
97021401,281.7228489325562
35926246,413.88418792694756
78296017,-280.5191494786445
91378970,147.56903003414027
80348783,491.26038681741557
90424864,376.7419031435479
65449342,391.5230023178051
50552285,343.2225124037295
96371635,424.043657952197
72833770,386.4378964282596
94834332,645.6266560543054
34291304,708.1146407950541
61020465,103.46944760998258
58556746,391.3295692566826
39138083,326.8695452936222
25334186,224.71735482907206
34764813,-61.59410814980265
37404139,387.0486051642283
44171473,479.82047975633805
32137098,-84.60650921842853
72644851,585.7584709033958
57301182,111.70606500849726
68777856,411.98017876803897
46687209,251.77415779539615
69167315,489.870480602784
82057134,809.8549074824168
28611499,-66.10678420505155
73817431,312.2090457533168
66885663,1055.5763332966203
81244724,986.20814053502
17815149,277.6209366835419
76792976,305.5534963457567
32232188,765.1885300683816
32884692,362.20818087303223
51904668,549.1558088953052
54177086,1048.333880059462
79785130,353.6827156034269
24791309,-175.2111899154329
79748184,-178.79507986328872
71076766,495.94446110230365
91713473,356.2266832232076
21889636,46.770204554744396
88684450,444.08523941663316
13868166,887.7158340190558
72609306,-310.12784024209486
40230821,512.7029468818728
65326864,41.88432303096715
47873334,-396.4018453328122
38502225,123.46403204628723
78086792,369.7315640536003
19000370,1004.4674756982768
18794356,506.3604741465588
15695931,324.5966545364636
69820899,391.4464865876389
42730808,161.78768581282566
55693372,332.48145108477775
39793167,481.3685199806382
42174587,806.5616322152773
17562701,-132.1636078372003
75887228,962.7334477990448
86381737,288.65163676054635
50478816,173.21764963318947
59640073,876.7713280216676
76678970,557.103484043831
23159711,-294.93281842223905
74146213,66.7678633593232
73679527,1372.4260643569996
83678670,402.15577508874003
82153168,714.7005044152979
81585077,57.10290143268003
51172809,415.0694272891719
93348209,217.6191274656826
40526730,282.85808573992836
35477741,425.23675199780655
26904107,211.66618447816563
98083773,340.5702844155535
62394914,567.9357330247585
38403298,608.7589929091505
19395977,-30.201525906023107
28561023,979.4855682409702
45885910,518.0116982931063
95086890,274.8548836551777
19776574,4.057141149317431
60586201,229.66708085172013
89147481,811.3609502588938
47209892,311.4183056446841
47476854,412.96066177566627
60953282,176.46457793880154
72001460,247.845186906869
22546493,50.23867853753836
48912589,415.0422854410858
37241017,235.38056090523878
40152795,370.4169126376596
45771924,396.93763519390495
70307319,332.0583163442925
42825484,246.4635819077448
32535623,326.1560533075044
54789245,273.50456234806234
72682970,525.8641955875887
51218700,565.2011856733152
16039328,289.278661337225
44678506,692.5931902910288
59530373,125.70138945609415
81467001,76.82919875969355
50258434,587.1240615218053
27681355,272.20057961334805
69431073,593.6212022383311
93968709,592.2858081507061
56478207,49.56543745726094
19466001,624.7040980903666
45204787,156.41986093204014
44120969,448.8660832692217
11347094,-139.59962846172266
33817003,405.2503814314782
84812841,229.95800409189997
82947487,65.20153267245041
22317982,117.4963003656976
95086863,85.28212935276588
73084974,501.91250520943004
96665202,468.61593895131136
52954565,556.5403635875273
22781049,121.03335840067894
39742164,-58.37449835869802
20712973,382.89589323291466
76124953,79.56054029104735
53726970,35.00374051562176
30895251,454.34235302114894
87940348,610.1574401890653
95321478,493.0769917305415
41613207,95.61206780673501
64780104,822.6339265533511
72574405,994.7263396199432
87909513,78.81242475444424
80918662,327.0089183672703
50842195,268.728093052825
37167999,522.111427148156
56430683,515.7207626182299
62519911,622.8332551883514
29251792,474.8655320331136
85925973,-169.54988039859427
34644536,551.9082004441857
39276706,1608.6109375887117
81892516,-40.786434659135466
30222761,502.1442242592407
10422044,477.825901821303
28074362,544.7179011552007
64967123,-5.7766848711225975
38282963,467.88045626581743
76769818,443.23322636229113
81835353,388.83408615182634
34737343,1156.6235346830426
51032996,-37.04613164208786
32565254,447.23444797744605
51764743,519.9830462642058
92831396,584.6875547160307
84077215,209.4157098195219
77480283,514.1960006715271
52724196,359.8141324453891
78039908,484.9842706156105
46605850,886.2663639965303
61041851,113.14287062169615
10551671,543.9973518420138
84956232,327.4114684695933
93609795,320.3277860235421
63261476,439.48971919745054
78773692,260.9120119146892
41527728,899.3457483745215
86838609,27.054117609374316
46835475,167.93003959454154
23285553,342.0970338919997
83082562,82.23302049810991
33889237,1225.8673276884865
46836989,251.69576363156148
42683388,909.2918761611772
15212938,266.426983078632
63857629,47.143008748090324
71736760,537.1448160673826
41166882,351.7837779996498
88287708,304.09188975507686
68218612,771.2635080040277
34505104,544.1141227164185
50756606,622.1858566920105
40004505,104.25515864076488
89798576,254.1625490290362
43860123,355.017373060306
93655218,604.4039730435134
71051446,492.1382379884276
93380848,606.6036637227098
27980449,142.64196776742438
57084880,629.7926558366139
46438239,218.21975199010558
30942515,265.88152115406774
19590564,548.0523644810619
83623165,-132.16245557080856
76716085,623.5865687821201
60666996,73.72650742437872
78361983,231.17742988336386
72701952,526.9363411368631
74922910,160.50704220922535
63759907,114.15687539113242
68856134,219.21542698474286
79795778,156.17361990933068
97178936,370.3919409724899
56185778,137.54547806283927
48290079,740.2503098120674
29392023,620.7566603719138
54780943,607.7474338908041
97751068,243.70500933525864
69746506,473.72079750661123
55371174,329.3722816051809
67781652,486.54417502569686
78245291,255.99925891365592
64158812,675.8089746846117
60974365,269.39404342141097
12800790,256.44916943292037
96154030,609.780140682989
98482327,266.78691381428735
17464700,488.9094745970501
56270967,577.0750958968333
46584495,180.56452902839783
72785702,457.1233698605579
41281460,410.4154671466217
80424496,745.6840988495333
18835766,286.9796860338929
87502261,-259.1993797558298
96135205,-0.21206157356891708
26258289,-13.721920653538746
75302604,346.682380637631
98645752,188.82454100803534
58643859,857.3975296273534
90141148,711.055500781948
52181895,83.90209666725559
16710404,149.08810444316487
26056734,578.3246394896064
39602380,788.6198838253795
66983144,798.1237841256007
52507579,852.5161642821859
97432890,307.32284295408226
85547503,235.89447148763702
63906202,518.128338724995
84599750,-132.7528479496873
84325254,316.8456326809878
39975048,1099.9195837718648
81574706,519.1101516283029
30468791,451.53809560511627
97533812,222.98143092623195
18711694,69.35028169329644
51787778,746.2562652205797
61409887,-17.236313617106134
22014620,374.68634638626645
38836545,86.53558367607275
87391833,594.9413555509805
69117778,569.0792557282266
68122788,459.65384055114055
51241051,349.5357546768005
87186215,374.47735952263656
84468326,876.15421737715
86410473,831.949714885398
56236242,182.95625101280393
59626902,636.3420972074832
66112801,203.47293459300772
84626603,315.40959928375014
68630773,415.93575242903034
33563434,889.3286991084296
52975992,637.5023595815856
26817104,581.013951740817
19501484,402.5355345464468
62595745,601.0930764639106
41563117,396.3962620333691
52796320,312.19526176270574
21489695,442.5445024550909
56658010,281.33375674627223
91048109,515.9546481806724
68814610,378.2271923582375
47089966,741.1925444390777
79261064,97.7094489083047
43267298,256.76092718422433
35491922,34.42219417773549
91103900,579.4165007699175
81885878,520.5062128796549
10004659,47.914777478461474
49810234,265.55659681316
65062190,248.63763163456133
57566037,695.4835059347952
55754004,562.7403136401331
99179360,196.9842955760073
67491962,223.83464282142904
55660033,292.298575407759
96584547,122.8155274693413
36088377,-138.53283426469943
97242422,-189.43635450896818
12109366,265.2773690826166
57248099,612.4382065337236
46843789,554.1591378964804
15574311,327.0034174449024
39119987,539.1632761650321
95964371,205.4161860891263
93965777,502.11132487822897
32720737,217.22367256138796
38011636,441.059212836195
28738450,98.6980006241738
82845868,512.0299615677804
92357814,805.0765328686057
94273774,519.5998671409889
86770972,925.5724209095138
95965665,527.4958049966981
80658412,619.3350430888104
11188732,85.16567365249284
78466957,-246.76863803887818
77853776,258.75836312954334
81589793,443.79635562518115
49765777,286.5667916332286
88579415,444.5617054647473
65011154,78.35053372715993
32352609,331.4953663219435
25644810,364.0755475974993
36867135,152.3592478781311
88848522,580.076591895484
54293859,142.10447036041705
33019527,384.4144829584993
46924492,325.6740774942573
19488750,263.27008501563523
94594464,-20.07169007188304
73247876,-141.66998848599724
71373451,510.09697502606014
27655514,496.38517712444036
94112335,209.93783974942062
79135715,361.812688993743
69231521,104.51172024526068
11994136,350.7533438469268
27288623,544.0631723545825
88123955,348.59618411972406
10000265,593.994243473111
79772833,42.80277662397293
93882232,746.7000067374129
32109681,139.66403296331237
65404136,159.70807174217452
33831079,433.99977620035907
71847266,431.8638448407155
81003839,371.90683412228327
19285579,-129.03791665229346
51911514,458.18309354636995
55539434,1000.2826324697917
44536751,363.09015034139566
70028057,-1.3325976858841386
86860126,609.9885075052125
64254454,384.6018958317418
98284782,478.2454344853445
34610652,396.24427845605305
75568847,387.8636607565495
65674652,-91.24596917260988
55019276,591.618523545063
55592552,593.9945753532379
94267636,199.02446376347325
69222634,21.615814061378387
85591369,457.0751716996738
43835656,155.74221851794027
87803052,560.0107965810985
26232040,238.2681088586578
91061668,532.6625211695123
30001734,285.2123123958986
64074995,596.5233875568997
98892450,326.3573963836284
30473837,447.0888126833793
95158643,15.618514915551259
42377220,160.84484821627348
64814717,276.5096221098738
30148862,611.0559786960644
62010302,218.47428304422692
99477712,313.0685600986917
70875105,717.569559057989
20465640,839.0860617406911
27850961,610.8160053774372
44835254,1428.7181122405336
37634561,414.5058114973672
46702648,407.8548150465217
86839823,679.9696553718795
67985741,609.9909446939982
27791703,-127.50135571264127
27289673,915.1781010779887
47043760,156.54414427417896
54808934,183.87198790240518
98155995,448.54584887119563
69341643,820.0405189091425
19401682,218.33806958001696
97496254,478.060315455843
26009392,473.6603674699295
76357312,475.30436975868315
60644292,288.36005877099933
92095667,515.6071821239525
16021125,237.04261218814145
52662306,217.3206334043548
22527415,510.59808212320786
11178457,599.2980813585527
19452873,410.9876365073851
89463603,505.0095240562964
55778959,-188.82548651574643
45079947,331.39575891407685
71913651,245.16425059123003
26030335,284.32094366783303
18887144,333.2818974081024
67192573,694.2506083524454
93955593,513.3281923956874
51025425,453.5209886505968
59882564,522.904956219279
39586553,618.2762617932049
10235871,95.42806019826139
44636319,490.8464401695501
37290007,460.7056266712043
14108687,255.50990751967947
34932666,123.94439798739995
80941617,654.8227464746369
54682782,522.1988636367214
89652985,715.788638676981
13137515,185.10340553129936
69623259,148.30275053800233
58672181,241.7811284461195
19145583,173.3174020770034
15756823,-338.56452268436806
48404289,375.13748310444225
81082424,712.5434634144649
73224913,409.2351248371615
75845341,49.82582636462257
98474913,186.7704177917126
41962691,370.11068541224495
48961741,144.37324313676163
87593653,73.65366636694398
84917993,193.62576500535852
24081947,464.68616442990697
54462462,516.0846570057452
51963469,520.8281882748383
94467679,259.3330993761183
31642363,418.34992141644534
66097711,134.02443368373088
12884742,-10.77814704438606
94999391,136.94564303559991
44605879,513.9945090645069
35787017,547.0655976087469
45450960,426.13954837189567
95291199,93.53855703109775
96016558,616.8713686344972
84566828,89.6608534899774
47412693,249.34484089829402
49029700,227.8805630909028
60010012,474.6186609570086
75883768,275.6783853369884
26202342,458.8496366881336
42317663,436.81543717999057
81534336,556.1386764746403
89007837,379.8306697421913
55830410,551.9138759565908
42889086,318.5511352349258
81610198,452.8987431931946
17452253,207.2451520204968
71203731,206.89047234966029
80449971,705.2156551209359
69429731,336.10394187060047
54605956,280.7230377262713
34299688,358.0889785545087
87819668,816.7846614420332
35995429,48.785667831234605
79395935,-49.76602462121309
77309412,329.1640757125074
43863935,779.5091670241018
25184246,498.35549669603415
36615071,403.09241040085726
38474717,382.3204309561652
93825316,670.1288384470763
33683398,166.20829256427032
69346242,436.41487437854266
59095929,366.08188209969103
87118088,666.0293953853493
45924958,697.7733963978944
78591323,219.90067079253504
37759814,825.0322863608508
79378632,-100.93083725492716
74799649,220.35088801333632
53222755,328.0709517563041
36749663,195.2770993201184
48476133,429.55927182572486
49028666,770.1228574619508
74177764,213.01864506780203
14771208,252.77446173490216
53613430,508.2283717783712
58749152,200.82812253291104
32751897,51.93221656460992
26470651,-101.00822455634534
35002941,363.23132990616296
18541890,422.3222990965355
57596711,532.2773856727222
24072464,61.58868669118465
31435093,1103.0473249029892
30602585,314.74913708957547
75360000,359.8372242850546
46273615,308.6883389494137
95181699,296.27078138250863
91310621,633.409832065744
82017783,-214.2587967928357
70908643,1058.0855485782258
15861638,148.02134528595207
50835625,8.437659857497692
28964861,603.1021413856834
29864397,686.8249197206164
12057084,387.3803936072445
28334945,249.47734109612975
60084019,312.0556136375053
63996133,8.573699751380445
24215888,380.1288475788524
73974645,426.9869142825123
75072747,378.68545073653377
45633768,419.2611685720599
35646913,663.8447114161404
53661067,207.04093011558507
78907585,357.32708625131
76922109,768.6377439948956
62248680,221.80116291731838
73320273,838.2851050615218
22179940,74.17045202944928
26991418,363.65480200839784
21855522,173.43177003029996
55265808,571.118395567677
58224140,92.22711191553026
19913819,278.2584620930861
90275479,222.16837835304932
97988475,154.0359299825327
83636674,470.35462930127323
19875524,1620.1294625616956
90421480,-59.38720457927411
81793670,242.2952533337334
85521270,814.9624124675561
97359529,638.4484185524684
91814930,587.3760604114482
39016297,242.4207388591608
94156929,296.31138395907374
45023538,175.50667941006577
58269517,467.6014625662251
35694304,795.1985186091988
64951262,328.8141814870437
95920942,29.176814450594065
41847450,718.2317260465602
15255858,-182.6601554948693
95924527,160.19792773597555
12518283,338.1700309828025
99811369,46.89056677923418
59569343,499.9132006804507
47206769,-203.84510394393874
51079651,217.89524771922834
23194465,470.70576029004087
83356805,327.0260788233254
26586384,317.7673298030754
55548495,-219.6547557793774
86324071,818.705792721008
75101749,209.65372266327995
16463144,-214.84295917866575
19396787,44.99533996544051
33279246,523.1949447355769
49233593,206.61158617898673
48210075,221.5878500234553
55054820,459.38972373248225
96257897,612.1705547512306
51430742,648.4390105429743
83437485,132.42257060105885
50578351,239.38549638366385
97275251,312.9318003697854
16222585,366.50449661179755
39525336,351.10907032538034
78481250,272.7680394974832
90967247,340.9308153826082
84855982,239.5879700117125
57782649,640.5945694571565
77997002,856.5819312818321
36215630,269.4979047745069
95580912,236.393385928538
59034107,297.4143242004043
74775777,256.3399647752967
39971311,719.4486649881164
89020638,329.8439723187771
51169286,379.92443494817917
99644215,-3.6881930446329534
90744203,-208.55846924141997
96320211,809.2188344436031
36465697,736.5806130487331
86214609,380.05038277138465
81033519,839.1729233857895
61860616,805.8600746751217
11758072,906.7644464907653
72796099,815.094356880581
12154166,431.9627323558111
48588483,235.9485493192101
75800458,460.9489682073495
27360889,-103.32981613902712
84455620,721.7136442848046
94594944,667.2668231408034
73063439,831.8530359922902
81513909,382.2385800817283
76078349,-104.01238250621009
18738053,214.3220365221996
29574045,845.191133457909
80540560,41.83362600621558
25751173,40.156061058798514
26008933,1160.2657165089713
99638568,236.2290443568163
16106243,481.8626213893426
46712863,179.36064696476478
62434322,622.3119185671212
41483187,421.97915004990546
56776930,287.23049580793577
79612305,-32.01413058312892
64780825,182.77871451524425
45536007,11.297895220356168
46661025,923.9343657720847
77061678,231.943746727713
60393588,419.631242191253
63346660,753.3944418906553
27845955,449.1765249286914
55504400,489.43463637250625
29005367,189.56730496146156
22069246,160.4744409437344
84008491,438.95619715105386
17133631,479.2584839949127
84832150,265.6500602426145
45723864,606.4524275693998
43493787,746.0079059298387
66097518,556.1067898645797
70168465,520.0659445813762
94063743,38.08274082033131
14576418,1008.0838149248566
67277120,416.0683819599626
94345958,-118.26734226358076
30685847,131.4264837709461
85948230,265.9408228028792
89817663,98.74820081646612
32957921,728.2831176608106
46701128,367.09058639663954
70035645,398.7202726234518
60395047,1044.4537985128331
88839252,572.328823853124
84131490,175.4384699192915
75586325,377.3347314090015
80103534,316.86973020470623
43032685,314.761551452762
15972126,257.22182372698035
41404247,419.76718578976215
38893753,320.4612948261879
73633779,935.2195986610163
35904393,619.3603471371789
24714022,536.5053788741111
19048345,960.2354011106509
47004008,70.83396654233957
94742593,686.164252487607
75269823,567.0820257940609
25552669,10.436957972813161
51828771,373.06099258166887
70179002,864.0397418721964
38115411,-117.30760999614495
40317565,333.0203324991862
21110207,643.2098190812535
84762082,456.7007175476915
48690899,626.6806397751111
76594160,276.8684273402978
54192522,415.8068955023218
72813893,119.28589061519278
21004583,169.61798186055285
64817154,239.19493464275456
42706195,154.96759746115094
48103074,819.5867094805121
21878260,727.0333188319478
36272220,-113.91409248609943
13817497,529.5597213196052
41737305,658.6246697740335
45517239,366.7829798927405
89500514,609.3343936839965
35952974,334.92847871831555
79180368,641.1622043528869
49972479,468.260717883034
16468436,57.19923574002223
66415757,144.9623451095663
60737619,465.5372320547749
61065232,-5.283526521776366
40172654,-45.8662268385192
89609665,20.242244488491906
23952725,-326.83792890375935
72896307,79.29124145206742
43835334,144.90022887940722
15170417,203.20285460569357
67479665,361.4695242442608
33361674,-149.8245120487918
44130617,287.2520505644461
51579953,269.72465003984826
75908580,467.3281010036494
55554604,512.2940728284611
78855633,44.983661864971964
16657542,492.46737268992
54732615,630.8839976225445
61746292,520.8071970879741
57869356,418.8213402776655
29926611,547.3916585646843
75275045,414.5724890031679
47886535,287.0120739776985
44918482,310.45549286747246
78968246,462.05687484500913
54136456,440.56279924583623
90807736,611.7503069574555
60276696,291.78591760805375
82048962,391.7451947635336
92669446,184.0720256799559
48680297,159.42692376448076
20902349,312.6162375846443
56991657,441.89138161013034
47839152,252.46962674022961
78844128,491.1042223314257
13384224,430.56957294572567
46213331,31.843530832756187
34116626,274.5118935854425
13884884,-295.0099092741748
86060261,295.25317407683315
33698474,235.28081883722507
65729973,237.98096073731267
10671871,710.0766376501288
35704807,-78.89024153331366
55231783,-73.66837022893833
62208192,755.5395074455737
67563103,256.2232964059258
72548470,432.0581964114822
35725437,663.0118255103844
91119982,581.6156096960253
58303560,524.3188038271942
48430844,237.8242976456445
17825416,494.4888384987844
97821966,-60.54116163926801
76538437,573.282866228179
46855429,262.42687770232806
70135617,321.577296843539
68330883,482.8667618806262
82205109,840.7839348334505
47743752,464.7937103397626
55059767,445.15364862015167
88243398,566.0124431550889
44699350,330.46043828860275
35330178,590.9390427002272
25203468,30.280152638044456
40479165,247.28703722649107
10947997,44.003909070225745
76351104,547.0943538664319
11445786,528.1499769773832
49470754,216.7147069104849
25466549,186.6269086795951
68081302,240.19030244613805
66965573,-8.331455349936277
91230160,280.4887902926416
44322697,377.81132177764084
17542284,553.1239605335277
43035885,-58.088862332567714
73926094,330.95438747342087
64948505,699.8598987822634
78950808,344.1744665038709
38422125,473.90244683531273
70854487,501.5432960230992
96303461,715.1982903425414
46698218,-149.17753771432444
42918073,89.45551223470738
60976113,242.87663958860048
80414616,7.806507786046495
11919826,415.50692429382207
78548658,683.2882710787553
21857739,-9.513016699052514
29877271,605.8727960050601
12698388,460.74652510035594
11871707,516.6710115024161
80819542,249.25017256487854
95941128,377.6591504943035
15401105,95.28755486637237
32754426,506.3894201825515
69235267,153.70468158745507
71590075,598.6968455785436
93562904,656.6792565469282
48418506,204.67088576684455
91190923,510.3468200931793
33120061,674.0439251277585
79992717,413.0384086255481
57263719,315.4696533135502
97902872,1113.7702033397609
11659952,97.2159775106611
19463140,47.05117498876143
32523829,1081.9735164365907
91862885,744.1834267601066
72799092,496.2819058732812
53477503,229.90852153655715
66993460,141.4908764696661
13665562,456.1753462146453
80709687,491.64378302540536
40330962,372.40634186429816
42684844,364.75098937043276
27675885,-142.69554167224942
38250322,343.8591485183738
63478776,-93.18213616098137
62285686,182.81634228828398
97553472,772.8243381406592
64732641,316.80966050813186
10341748,917.5655973731255
34930451,342.8312191380528
53726168,404.2678271900777
69426758,283.1297866535865
90029637,274.559181194697
94611401,579.7982957390791
31394855,-180.0341217994728
36645175,-33.91857545603534
56281801,705.3235237969666
12148162,74.86290683366587
18771087,55.43954240679113
15509457,580.4985053620617
58811830,150.16853199154002
73003066,46.93624961863543
34190353,320.166243723208
70731913,568.616088098714
55320872,596.2777068336582
41886703,338.70712248949485
16884593,168.09973568151236
90415325,1344.665526452759
28408198,52.668683360888735
65914001,400.0212512253215
75122895,334.1505660249445
80177938,510.56284969248736
37984269,223.18741497249857
81491790,305.63030983882936
37294085,227.35586437208804
23335477,125.69468897428578
74996570,29.409030065758998
11602841,468.8132516363321
70152712,1391.311924789121
37504288,409.2552877579642
76619689,12.434310052136425
95075447,494.29621176458613
62779399,1030.7305201997765
66278648,383.5453819165464
18002070,125.55235068918637
94135062,643.6504744426652
74396322,527.8116213590047
97169764,1142.912987438282
84630384,430.72845260618215
46052909,655.8265034699748
60213474,414.39798308307536
33797784,66.16009565516106
59759309,612.9876601680803
47001738,307.84851230376853
76899861,191.9896034777512
54444766,1058.3109094782149
26850612,609.7273709088986
22468145,377.1666384557666
39243645,228.85448078199897
35759583,29.912738127703506
92468992,243.71094189109363
68717112,644.9877561077456
47344834,366.6757514261931
52115284,468.1448526373133
21042322,-107.9749436764032
79258805,847.790049971286
51304748,491.2979446654067
23253686,115.10836947923781
43275074,401.6432554287171
81602713,527.6041100218417
60924053,842.8110527896251
50363853,341.1195742893133
28412591,267.1237322826082
65145713,416.3502327203273
47077663,872.4243566447212
58136966,59.175624377172426
67034290,78.79577549131363
72057747,555.3178946118392
78034116,-85.16038635471477
99365155,703.5407212377081
56151729,531.3627178506122
68997667,161.82988970251608
46532370,207.47806784803197
43276809,412.78203075372403
70460118,316.5724114737395
66150334,409.6212698542363
92614050,357.5641483900331
69313526,439.64055472806285
70949373,676.0286433528286
98595102,203.40707651060575
57731071,13.280939877414767
58855043,48.13913610702957
45456441,82.3518981781317
39733268,241.29490596734877
71064725,-81.69763032347328
29668017,453.6691959688328
94555207,534.4361621302055
60811404,850.9214828831855
53154973,-2.529836056006843
79534885,213.1373704342277
82049293,435.01239736330535
19578533,-226.69136365329996
66374977,617.3926274014498
16850211,225.29209116535685
98217866,511.6294668418077
33773989,929.4883576737047
14998381,470.11365840737653
92421507,106.9372179997531
66591282,82.68302207540728
27243576,-13.164929143988957
58962954,275.66365705920634
62891715,210.90805441078464
40256776,195.99123445404757
92014626,1244.6022103839564
68868046,384.8851219394742
47811896,576.7280222149006
86438296,394.54809990561944
10421272,274.53560181176
56519274,152.78654397687615
84854339,159.87545062360596
95049673,826.7187278362953
65578696,107.44130273567453
85747970,55.504499664978084
69874974,1036.9864841710591
34594425,114.51517542483589
14874183,561.9255399707645
91643227,306.61184215007825
94998930,666.9441664485321
25184219,834.2481576987989
78637662,904.7286850157643
40102355,566.9800532101558
33004293,322.71220673186417
85498300,657.0888949396985
37721019,293.91669457253647
78482421,489.9071028671083
81912650,159.0051144369968
86410146,162.95579436279422
69095320,230.39874620810133
56569332,227.89258706393548
97340317,148.73132334945194
37533494,536.9526764361726
55430447,484.47293056256603
45610406,615.972822003419
64085140,669.9644014934142
81416250,1291.7658575785044
70034683,316.0314534396225
40315264,143.89365048075297
73160601,575.6874049375656
54677638,307.36502224666583
90571590,542.0694380720247
84772888,-62.42510823590919
90285847,407.516588637493
80203339,702.4120016414104
73536003,217.72963267425484
56021479,360.2207930602276
10526589,682.3687917192483
23648848,305.77921178153656
27805990,391.8246412260596
46740683,-31.53888016533392
66243364,288.4786407604015
88626421,165.83886073712938
81009655,1104.0582948204847
47576712,190.19389347152855
73803450,644.3277377898658
47427075,261.2404776505655
72540520,189.6961308031032
55407503,-57.30653255093057
49275948,743.9953903276864
74312584,425.1749095531509
84174297,567.9182400576606
96261162,430.7669030553275
22879870,436.06598100593646
13933179,413.50814269848206
20116066,279.2617158040812
38689361,437.6107173590244
63156536,682.4242131111882
95340838,532.4241332343472
75352375,732.4625472783368
48265534,381.1085827201491
74912030,212.30756602597876
70071430,595.9503962065351
87025516,50.41451547804172
52784904,891.9311190295675
96281041,103.55574628438762
60302206,807.6871956476361
88862209,229.5082020872278
66359731,748.5658923300443
56582999,175.64826179026613
78391067,482.38289461955355
84566381,574.5558356303995
15548328,301.48701685473407
49432086,153.07891452568128
49054075,131.8979464631493
71689174,186.38165103161464
64196832,202.96196105365243
85965917,427.58073445098034
30935690,1268.3475485791942
55460540,238.36992534830642
89457485,93.17412827950966
10188743,363.7894701622927
58823191,535.859626639317
20643935,343.0374732996552
40325735,458.0493236351772
91136520,173.27360528612098
32259671,119.34187308077435
26400774,952.0444491094872
28057887,837.374673024005
82844555,255.6768888384313
51111773,732.5409482827467
42987529,510.858522812453
62978911,295.35312503863906
11881525,424.98378912937824
86857890,353.99355095520605
79797628,0.4133654726852001
80357222,392.88127386968154
35431033,204.65391734082004
99201502,545.2292961357575
90452446,440.69606151589596
18670977,609.4209150352735
66979442,71.43104134752957
93738605,215.62038247730925
29213200,430.24131090629726
31107212,-93.31262178755469
91594833,94.2011981499304
82943336,-197.12306752747054
68443662,470.30526022160393
93641230,490.0173697702553
50244475,650.8159293118774
87626955,819.1412802886553
51387553,822.4912742096953
71504785,530.4356812047577
58768482,415.46544117745407
47301702,-68.26033101105986
46285200,214.856045164413
27113638,360.53017248958713
63361835,141.67752947081544
42709073,131.26412981663634
87920715,876.7884816578107
59996173,45.06830517011986
97865712,-51.560768095802814
76462362,926.6005969996977
38643308,146.59176842150828
62694540,-40.99684660769526
62141335,195.0376656277699
34503041,542.5242414438758
11311229,787.4845007026556
51623206,362.71940973614664
28560163,372.31150388241576
94388349,616.0521649577677
86256710,212.86703364570712
61215694,89.80081620782585
80946911,111.45619954648919
35537651,587.0765060871736
66755381,567.7812505989882
73455092,407.2327168158481
34041393,290.21171815359094
30484078,1130.150043296254
62329986,437.67909329499116
62897188,767.3492225500318
51881772,504.19190368652744
94211751,291.87304690536575
61613645,96.11992386131942
71479652,645.7272378529365
85310501,456.0491690720355
23110318,178.72323626290563
82884759,434.165961163897
51095836,-0.17287124301219592
52772048,361.49140929627083
17245854,102.54726760253789
96708865,502.07051444299486
67276218,518.8037495345498
89528454,151.98299309207505
73044839,582.4777480876355
92820854,12.094832515240796
81415527,300.283902349046
54704500,239.19631288817345
62696690,701.0273947229443
43848311,444.9685474347484
30447397,147.33880609944708
96343937,-22.615558691029946
19151468,663.752345485475
75047192,307.96442621576625
29891460,35.77589747209322
47625277,264.24469420222476
57930980,437.62665156467756
48354539,210.75409300627507
27628114,841.6151557281464
32690361,55.857952555419615
93744019,-52.06901877893824
99861438,126.84783545354549
30181088,512.6880858903405
31181640,311.86249464109414
44766788,306.7279251497239
65594080,490.8729028331286
22508377,-22.595038242559895
97181173,314.48964519504534
17420303,356.58657218475355
67800143,387.4217893565142
33454469,263.234700324967
30418520,629.7797327610947
89752463,147.04340884354497
55142148,252.8229501201963
20848293,-80.0814144905944
12617495,719.4956683825199
20378275,516.6076954664782
37172337,603.1844084926634
21839038,1133.1804689949713
66993155,125.84741334428873
41249770,231.44965864435062
80181790,960.7765310295449
36248478,326.6801677299368
99097401,348.4447498691793
16998435,213.2595012942911
28345246,642.465819168603
97230601,393.52653867549907
67442292,69.88500629100872
54477624,996.2523334988728
22866548,98.22293733091692
86504569,400.9611718974579
81257074,606.4423908972421
53101206,714.8928227458428
77626907,149.6439888884779
15402267,54.64060191958879
66190974,257.16366692775364
85276459,363.5572490809177
61882567,177.5568880295832
67503548,391.0167134765961
80801220,419.10948568056574
45827465,83.08996737414918
13145303,514.4303132310902
92842662,338.21257434260633
73150077,586.5082317540923
10904048,300.7627952081043
89655386,925.3071810968377
91827598,363.9811283112804
36736446,217.51022882298957
73791907,214.90657530164754
93237533,590.8330932454978
29020722,540.4094527701413
31344857,255.25265324131078
67961594,98.40728129799618
82896045,881.4334180611204
79782925,-55.513648083340286
65627534,446.9120233809572
51055429,747.0400554073153
24073352,301.7226939435395
63468697,390.7552312211733
69815836,-2.0852506063374676
94658489,693.7770598638626
89803063,1678.4911304086563
41826065,157.51115848074005
95957321,937.0185681774751
72164672,-14.451273949954157
88171071,406.9727818059264
47273090,183.40298265257434
19574799,-48.50350070688546
74042503,507.3084693818223
73199665,129.1633189233903
32553552,128.93256475254475
99007181,1317.8295552865602
86459252,224.54323773197575
33160158,1074.5210187460361
89403244,445.45646027519524
83607429,968.2568036030852
54979491,22.1329059676832
34711897,337.3181772011271
76049090,287.4643638735415
38209438,379.17292894959655
43607471,246.07610708265838
37603490,484.6723661220426
28133465,834.4198292450069
66543688,-88.63176128281202
13310180,897.1325449601936
70639698,102.34511800679866
31227382,208.90454189133516
27953042,57.85987688102432
62042217,117.00710751039014
91860613,291.2095330904499
55497701,322.81259098276587
20529003,601.5116442511458
95270433,396.67866813827686
99713042,252.4266648218636
78850782,462.4063010735176
57339822,447.29645177115344
89910926,402.361864578369
22738331,798.1615635256303
29399410,263.6914625509821
48960030,108.51839754660887
23209349,196.14947355026425
40869262,1309.5878695681677
13469481,773.2327996853437
37901584,54.02689228602958
15827667,396.41957341559146
36279211,1570.2008912390756
60254169,270.8083066134823
15666676,437.0199822552677
83527323,384.13215864730046
38323312,490.7038793201118
16145827,501.70578945538
25816799,333.46400659426854
31540608,449.4247965935424
78332853,74.91823500761757
50241601,358.3121181721035
59793938,383.976317209987
99765396,374.44061067075336
22142241,529.2616585926771
28238312,-18.10432538742998
56677251,248.52031540263624
79286536,681.630871303762
20049898,440.9465507185578
79883465,327.5443943964601
64419086,-10.339287497168243
35428504,260.71944219355964
83636473,389.4699147478109
91911110,350.54456288397387
94747885,474.3595991349439
77052407,320.5029802607178
89274668,72.84333227038451
65429257,193.16863373563
18949424,-97.52294154188166
78354959,74.0895405059673
38613499,293.0859034471241
99410878,897.6775834053919
17066881,189.71844000157398
84559340,202.0805978187509
45796615,729.7880647387415
18650747,282.4013154259119
87098836,581.8085714887607
18956602,99.07574943247755
49896714,888.2331213987468
51066559,471.04920348294036
72393934,757.3512831338335
63389143,373.0540272446733
35204339,273.51298965731394
51345357,-84.99379669010841
46322354,30.416070691993355
33951394,405.14930007971543
41031096,267.4069575799881
42228451,129.95212050460532
41161057,120.91272757857814
98892524,355.5940461836726
19811103,38.29033101501727
65448488,1078.1045903309946
32428376,325.2915288760173
85323274,569.7629985392882
92258087,-85.92007133393736
79217297,223.91796254157998
11989719,17.1817892515287
28471365,150.6861930956661
34542074,-1.678584469598718
29164293,587.4455090202282
84304086,439.6652691301897
31817572,162.4656089735563
77771839,833.6348738653901
14239440,475.49384813649885
46882099,-87.85907250556102
38983396,362.1185140974444
31683463,589.4174971019293
78092716,385.9321701020626
42013895,249.83621973113713
65197071,37.694328211447555
64495960,294.20210679490674
68745703,100.18332978416584
51390927,386.9752227608433
94850983,-123.43243736679369
24328415,414.1346789730269
85572847,1045.0596402901792
42303463,637.9960455835121
48215084,942.4474456531179
35427122,430.06228659409226
62307341,170.49860798620512
63212299,-65.01218725240551
97856687,545.5102087441951
35540248,40.845442157737125
41303810,474.5789895865696
72749855,405.1609229702558
21620577,96.6277053349977
33846878,254.7880981843714
72596574,2.9170029992942546
85230815,421.95139752771684
72103187,346.0912699660216
39368813,619.0743480789506
77055150,484.1286288092765
61280124,39.76270003888385
88442406,463.32990175421446
34283144,279.2911441460037
20283328,255.65926260096467
15081148,377.25422287833135
30803223,1307.7781242725168
95977285,352.94580967642014
73578397,43.843456196092575
23548274,581.3084948500486
70020229,362.3082686516441
13657037,706.4369618988135
62209540,446.929053607952
69122837,386.8378533372502
56882140,503.9137631820536
31090970,737.3465432113326
18895583,266.8844184435193
56220075,662.1388896972671
81883128,329.70715521383136
85178304,565.234165759382
44572294,338.4933712980637
69139777,362.749102248692
77682175,502.6042945586869
98697835,159.67655087572848
82862062,936.7887192981111
63154444,311.5911964913789
36052607,380.4162484403855
80221636,279.8711756431385
14612606,357.11731017085594
22793087,726.4636488288661
27221763,196.37583280504896
85356281,626.9841610193812
72870330,121.66384802024322
21631750,187.4867118441889
65662420,212.86817529201699
94704718,-101.64178074063966
68031612,200.0415056312204
23780065,545.510826431017
76854946,176.48070545582868
65320814,257.0682552292933
98544588,615.9773115807939
66236365,67.25781772284154
33614608,259.0050005901003
41538321,371.79643846752424
52604597,61.87756010683552
51929168,449.82513810789806
34989178,-105.2824430317396
17968995,261.85147930499124
17104507,858.3062687731531
31799006,276.7586335684682
80534303,-188.47154799441114
39486975,117.31477225011304
70473933,1405.5890809692673
39315812,133.09689004922848
32664756,280.2700481746774
40582877,408.1234799525805
14853484,432.71282477009663
72018275,300.6901969274604
85501233,427.4236964585539
62857702,755.3822165738015
37589957,537.985905341528
75861106,476.7984047631121
82048801,112.26761661530873
41226392,220.70951154925342
43191623,814.4552337345508
98896014,188.1578733684696
39009427,130.72752810903648
67635937,628.6509653429084
93989030,1192.5559500258237
58213050,44.5076391971952
39089500,98.36460489669298
48099206,304.39748782511697
65115683,340.63705955501655
19072238,289.7897016386314
50691779,121.72325628873887
74240054,670.7158900313393
57606331,621.3695506584286
50124096,151.97915789399894
50596395,309.4269194795547
96230340,255.6454749019499
73626141,-124.14159690491624
12420303,286.24188030442156
64008469,969.8952170785342
44066450,548.785016422562
27734466,1317.2334936225088
30219489,410.5053257386826
43296487,366.0904155347107
22060633,603.6822423655417
23197881,558.3197963126613
65499520,356.46341294059766
42012431,282.4373150959832
42076492,255.6111451945685
92931745,283.74399914982814
47924563,466.8311920623769
17036042,524.5116692576526
79903869,544.8188312708089
27876581,524.0339694700733
10911722,835.3009568569187
21207465,206.48232539762375
90406241,352.7259082586975
92048586,151.98656042653738
72112785,338.36264385250934
10881048,353.0875968706855
71511312,521.6442775824025
42854203,324.44895180263893
23271785,531.0819212116917
92261360,634.1463736048954
14679655,478.0958670897189
90532154,244.53873006204185
32402071,294.29713372933156
90864060,346.262215585019
27274358,-82.75349789383972
26334631,550.0367296930049
39224642,357.20712809493034
19272671,227.65690997513002
77841869,390.900721342191
27204546,907.1046261278234
12405459,287.4089740265654
23265034,521.7342132318618
97633242,467.63557357008494
15746059,315.6760605073341
91462754,284.60953538939975
71359730,756.7668183043752
61463575,917.0202937222998
66429439,217.73076749859638
63351764,599.6077041915205
96265907,151.9692566408503
87085441,478.7734041996159
53920662,447.7082698266772
67679919,170.29777988570595
96779897,-99.16597707013398
27837717,403.10488225231893
37035368,382.7535171130344
26123523,446.0145793468505
79652243,225.83443516282568
91451403,566.2096968877586
29758902,221.2833695974573
47019965,505.74404974478057
14375753,464.74073598037467
85119076,754.3133528265139
58032446,139.7089332986202
58129049,717.2192233719593
89574518,172.3705508273233
61206117,472.8109933697351
30554474,194.03147688117315
65452020,498.31475731068076
97089415,546.6673809380518
75395475,114.87834963592559
58881030,616.2729050843573
49402947,-34.69766072301718
68947111,236.36244283353244
48259609,838.4655397434344
46561397,698.610435679032
99687364,250.66371744674916
91051315,275.239711136991
88446486,313.4639394343494
57583992,417.29865785077936
50054814,351.5689340570548
42048168,937.6057976734423
49480319,210.4619091645477
72653841,138.00397284539667
93923592,-5.7802727262601366
60863343,548.8072245232484
64544903,951.7545237477593
13683649,378.40251497695726
35441685,399.34598650225007
52702103,268.0243908154448
33316809,395.6341974279335
99319395,964.0992898597474
42958811,392.22518014898606
79034999,307.4928510202085
76692806,327.3681418356209
12247918,191.3150042478751
82872484,-23.179741745471347
74712172,445.524984867845
40198101,236.29869398164874
21709825,525.0371580036444
56134477,1293.5098543249019
64741940,243.6356392251455
20094279,47.02542371249274
86415472,-54.67979387273226
71923505,182.98412071906932
86463105,201.54802243919494
27182144,204.0030391359055
78605487,223.99314645629465
61339703,246.527451652109
19457777,306.79860298331187
14282521,387.5075983235947
53055745,68.08662805280983
64045100,295.7765553883323
67336212,233.3437101277832
30110453,96.44196281527957
84766140,10.96885856083054
37132913,185.01774521680318
37337576,1056.97946420144
81785280,501.3889668429665
33749639,210.55543657023873
65293655,312.2353145372913
99472212,1763.9382161387275
78611736,64.05876414270097
34109955,500.07587857735916
85732620,335.30116616990927
22271257,210.56921866594212
17111467,271.3749458102279
87529909,-25.421877553912964
80109140,660.2785066456518
74139761,53.33629953012132
46468468,605.9574681436552
11871024,396.45304768950336
38948416,718.6873194970785
79710564,796.1223581768054
76775271,175.10642181319554
39022631,381.1341786095336
90991831,464.1464730130524
89162323,208.46057593982414
23588134,596.4054385529639
97925196,801.9043477398254
73394555,899.7191278670152
81939394,134.53941969989273
34503849,947.2006097551271
97624284,1062.7689320882469
83688015,224.2850764558093
26753007,-292.5810997378471
87953339,688.1109435676617
63187534,564.3176076885761
67816850,504.0782154839112
58193423,223.02564623540002
63256520,-13.66652656816541
14482256,590.4673792034878
70047018,154.21822859644863
25694473,420.2965167826096
18876734,383.07416825612654
24815106,789.3770028147542
32093953,126.74763643227425
21672606,496.28445836244873
51265019,-331.5269546255736
46633682,503.82065592666686
99505720,456.212871835266
72684116,429.34178696893287
73603518,370.5490513302784
42812113,533.7886710468947
91497924,-7.462869931995101
94645725,-85.6280459906011
83011406,521.4117673117398
40459671,474.4732855262223
28128683,608.3240976621782
89799485,189.79265167416406
78077056,444.7922583051618
60018274,326.2389310885869
63035070,377.96637883136555
50452662,142.23037036387723
90748238,176.80308806680932
19626211,105.57623537264863
76831160,-98.67811828489903
64430456,63.73206874461539
21788725,427.36190403387627
62692428,863.7785792066816
44601450,307.8122915393965
84918858,1311.5317216451058
60654538,154.60817766878426
33549671,242.2770938383169
96482407,177.98208017337038
38139452,251.87210215430832
25148521,512.3670907583792
39090111,479.87457469595347
37364225,120.44021775812143
79808740,23.849005598268832
54570288,69.29702699352629
81519320,302.5827397034468
61290981,-231.175029395195
82595740,489.0464701570486
99018938,141.82839132026402
84429722,340.2836978617661
70463415,31.84778292841247
13251670,298.3163997496813
63915791,312.5399521616123
37156544,292.9757300269116
19087720,187.0584636485728
15777066,275.93168771170895
88419707,316.41065407530823
48515636,359.7365401051361
88810042,101.07373855622882
55078871,566.3440105893146
82278966,183.05190136724786
33265741,276.837938158043
64678931,684.063282337107
26504939,539.4589324913168
64056925,439.43504459860014
46046461,173.70094621899307
47352478,438.88156442809714
91442238,191.58116392789316
89293921,255.0631876609009
12378808,492.2735705448067
10153799,111.09546213335125
21954731,524.2857100099595
76938502,57.64927328917065
51632874,148.29747605239936
56510091,939.8505102516201
54773302,455.2281753256243
29181400,408.6544769708453
36937513,594.2977078392555
75732466,452.4711892345108
53117846,382.50049736863957
38538746,414.781445065385
27988038,-86.09629906880127
48886162,248.31922357383974
24085686,197.74361003406875
57820012,661.5539348593593
46878225,754.6164292087992
20632751,113.23842726433713
47775231,145.4913588879749
46789610,744.2196375549256
72806360,382.22310063125906
21856002,707.2464007042704
42319053,541.0026334992012
99630613,332.5962409142048
61255494,169.89961015750214
76945971,393.25836216128346
40393163,277.09688937371766
81941837,404.60191165210244
45930551,630.9382439756946
24573538,1113.009612031994
52994547,15.857050824993166
28445231,861.2589538832399
45643109,862.4786884866617
75887247,174.55411878654968
46367713,261.60571828499906
12575157,134.5616763276971
85076068,361.02040744516444
84603623,1309.436867201528
45514815,162.62904567125634
52278951,744.8805478389445
50360032,523.904958685418
52896193,195.89912340481624
91847198,553.1445175507447
25179521,246.0541292189082
92545328,-162.04478298446384
75231573,115.98132298188102
37926120,572.3094065470314
51096687,193.66962166202666
62646217,283.6631062293063
62619222,574.9742752608613
39457866,738.0428258978413
47130686,305.3536482434324
78763249,633.691024455889
69618147,278.07874805860683
64127746,187.8998232781355
56593004,338.5769802034042
97403924,838.2010707777072
73948550,546.3938422895371
11236514,683.7548136654386
54389520,165.64921722960298
76068841,400.60011320886224
59631248,355.88729095749886
34575405,36.799573578378386
91359645,146.13793557209374
14542871,260.93581701170797
37836409,929.5009333478242
99958710,141.8339647699604
50329848,470.7870011615687
55825298,336.81049193311264
43158591,519.7180892098013
95022900,440.5439607926219
11903900,281.9433015935265
59905554,303.477255083636
33394781,454.4759097540159
85262305,288.6652459530178
18156267,454.9402863713153
77719072,268.502090463865
72353806,675.4312806264406
61973490,239.8367266362643
80257850,667.5820258619951
27763246,238.45467437101934
28152447,228.1807905594028
40447839,458.6609359408976
88401173,386.62759427967194
77151749,-449.16398384272725
76938434,314.21384451064114
14595997,-32.91225315541442
22245783,178.86886199152468
45164346,333.41879517986763
44320199,-4.153567540383392
35470526,138.59703134368783
83276172,184.41607479603772
65081928,343.6719676585826
34774976,704.9994768153947
10096416,613.8327999785824
76574726,1311.8444907621697
88509347,431.070825622171
11304650,506.18182226993304
26418453,-424.7929680437078
69643263,112.69391137353705
30241547,136.92884912735553
89725513,436.12991488850275
32289745,191.85648912627812
33888699,327.4814325117359
67508421,217.8005554558008
86446610,653.5539316107643
71641515,1675.4162330202198
46243423,104.16113222109107
86921194,441.1007684798915
15222892,354.3493187367626
29435694,374.2726563664278
35795322,980.0134237567836
39026338,-9.959736786700432
27051431,816.4244554393285
91107111,-46.79154835035524
76674186,266.9263011092421
17932616,651.6732373724976
86326117,1063.589743244289
64151997,839.7952468026083
