customer_id,monthly_spend
20451981,2729.297864029996
23251656,1135.2906484720584
64082260,328.24561674145707
82505923,173.2529969666411
89981994,296.8032267732955
64973937,229.1710458468424
27610278,237.051856332715
35883083,49.20991191621778
20490020,76.8244177959437
54517670,242.2759432336703
94359232,132.46494343687215
17326886,226.68876970971317
86594167,1638.562978716839
94873255,132.92212038879896
62944765,1394.4193173528524
95482882,226.5029906597246
76963069,2839.4176614559365
25112257,4344.055312558822
69916855,714.9251378762834
71088357,239.9717618443614
50168897,121.8445128706812
67403679,175.1710621974333
55474643,1543.0392436137845
54852556,601.6767156661577
63667529,121.51250614404897
48025998,835.1184312952566
93351324,462.009662662904
18887996,299.69604713876464
49568688,972.3085096304743
92911099,353.4778322293563
11717924,109.05414808386328
62085471,355.5981362692639
78336143,173.49056476690058
13087851,557.1953328283338
33506258,662.4732184769875
61356554,116.1680176818169
11967368,170.50847183143145
98374877,119.66239617876266
76845536,554.1856176645175
59313599,71.28589094054377
41041059,903.3576709299718
22292838,237.23740086405036
99892065,85.70409516506389
78345355,2569.911417078562
85986903,140.74960636295177
27715035,209.26404751404917
66099730,762.72017370691
75346786,96.37768981561925
22860710,125.75788121257466
65958654,120.52844359587027
82607442,141.38095060152085
43471475,139.103470996947
36465070,1233.455794650075
21931749,107.6530026044397
66815930,-42.98437880729767
44485157,372.5186688554019
78728059,328.666665818626
89264710,141.95765859301991
81874643,210.5983902872574
48603927,115.16838347400046
20257622,90.05169220147063
88360790,128.91209847940354
79411556,402.55075777301795
24819092,189.83073404388597
74678656,113.98579484455419
22548045,149.18854876185654
95827783,526.9520986955287
60019526,104.78643387215433
82548254,925.697696940423
90453319,155.7931747911629
15312091,729.0632091255594
34786964,132.55542389245795
46684232,429.29353304901326
84597099,124.19708652230759
98134524,996.0586479404361
18531043,289.07228462769683
14953383,1055.71569580756
80944054,353.6905220035772
34873753,262.8403910033905
95577033,95.38198894615725
50215436,181.36827089717227
95347203,274.31610085721024
58614046,364.5431930482251
40368791,308.02623948276903
23316775,1116.6055076497619
23331513,202.97929597649247
40038060,205.7528818074075
22096579,236.07829356317106
24978810,328.5963147142367
65890694,205.31656172000027
47906818,1657.7278975657612
38478694,259.4173566627635
54797755,232.80234713486234
44533278,92.05363496699934
58182080,315.4295905560676
67491014,726.4317987899587
45798475,79.54711435838954
41586132,285.93805750326516
22956540,512.5910532980613
25367334,1114.8867663907452
70503250,121.89845456516068
58307796,80.4091823100055
59859757,386.26712353808887
47787665,157.58882659296944
69610612,250.11900640440692
66658967,1053.7396109047038
37962749,695.6801573518028
87675902,324.10217749840484
61682179,364.27176061445516
78073125,325.9515365941561
73229345,173.8247903034725
43171437,1083.1941438646134
69766997,32.01502302392825
14939250,1162.8341218361772
12328281,170.96370509972184
76560997,386.82281235581974
57569914,265.4469364759188
20883894,536.9451477113859
22766188,340.97761871748963
62905121,110.27945453428995
36295477,98.05440765141195
55610529,181.431149576287
40366302,207.41722323766336
18624954,231.4368094200364
72668820,1007.0735117269019
23817472,154.40703240822634
99830054,205.7665583769533
63410560,310.9595525320533
11811963,113.88185862338787
68778133,158.98052277994293
61211015,387.4173419419539
85223112,155.32750698246014
17785980,151.92492128443996
51523712,335.4242224944584
88242319,144.49979726221855
66674532,98.52967667517633
76442132,220.3918314685766
84193848,225.48126795123662
80878809,226.93102280710247
92088473,662.5843306247483
18574912,192.01216588839486
82956926,384.0230429415664
57265640,125.48112248202523
27961225,313.6983619840227
65404075,124.18287926304559
98698597,69.15965783140743
63221757,212.26003893488914
45396691,476.1669640036514
95724535,285.9896836744193
98157590,97.71365327231166
60909030,59.73487290116488
20932142,119.24351898942956
85604729,83.0793744983793
25410553,87.28335646535456
76477501,296.7915361064085
29459273,139.04347083144586
71879657,71.04062867452512
67115179,103.29825468052915
82348794,41.09610048866189
32880748,256.6926404851663
36203607,152.15449019251682
20891850,465.7484563414735
94570583,777.6656375710958
47560755,117.94122564685341
39752876,552.5157074996242
68980243,111.79616167778285
71143374,443.058679743083
89917748,190.63207081094282
30461949,764.5278990344895
67458886,212.37709948997244
44166816,215.9253722287259
48218923,246.36333085848665
83104523,171.39130648779374
23739634,230.44354902430413
45544123,456.3383056058859
72316980,90.18509221787035
24805396,279.5539441809652
85045576,236.2262310031449
21314164,1221.41880224344
52842656,75.70144301956344
12382139,195.75451254725752
88152347,212.60640875980624
49270171,197.2238894849263
20221404,956.94523405169
25851974,123.42495091209535
95701680,113.92999430342734
83739665,485.6486839470669
61996348,186.99705215052862
12797236,184.07453505786134
25554853,1382.2711873527392
72618187,83.35686355836552
77583489,169.6129108183249
79450582,133.47610337806728
84595636,86.96619540557562
89981949,1021.2685285820339
69424476,183.40192964393123
55064308,-18.238071364049627
82956266,289.1046330242398
60185159,433.71558966425937
80612747,209.87964290393836
41303090,159.6522117123514
13517787,100.27275554854306
34078093,142.2453007674355
69030112,214.29162606712472
61791328,682.2140421449132
51789245,218.97873488390977
88068699,40.883937614773075
33399367,41.534309632472905
79597553,304.0489531093925
70695101,667.5845129420227
98169962,105.49363527483682
89251190,99.73936850717604
53044281,203.5789339627531
73528670,266.8339234557276
14751149,330.40238948984404
61490053,577.5374471334385
51385275,514.7282587437386
41764194,294.80395887729776
96598282,109.35502991074219
96823449,102.69871593192215
30931247,97.64292138549602
60872668,608.4410202820796
97835669,1281.8267813408365
36785828,147.65900443739008
25812131,786.6985532248485
38410800,809.7472503634293
33023072,83.95161965171017
48250594,96.04442679521576
94891015,781.7045529766709
65307671,193.52964715937694
99621779,232.70622813461694
83959755,198.26430278634862
64535310,211.4007819657118
30594968,1936.1328834401313
10263960,408.2764353042058
60876075,126.5944549401251
12217583,344.73322730087637
29989580,763.5152376160727
31184452,771.7795167081302
16182148,2217.62566989169
74700470,151.61927091040076
53084609,448.88066404100584
36052930,361.70748577980663
86583512,119.6310343495224
10930793,155.7673878562924
74179918,110.60837322262879
89853445,507.37233026844166
75258370,118.88690218679257
93197004,467.069522441344
16551408,111.77907597790355
36115326,257.1028091954199
47243451,1472.9148225855138
90773939,261.68708005070016
30735291,227.23027436858052
66891211,118.28773188933881
77142249,131.22441923369354
24530798,277.3657647343724
78204046,107.30878672987002
60230110,329.77379545442056
13017302,496.13227177846886
21044447,183.37572726339295
28976655,349.5865823438682
52214813,107.90267110950569
61575366,146.86345324932915
23125986,169.86126157330128
11614855,125.72472160442534
68090330,95.79120349032405
31241329,378.85575252872417
21561157,151.45789732476072
61917300,151.56771096444345
82147824,96.4092753955151
91513421,45.576488958371655
30753790,327.6480031588005
33700064,58.75577319738838
86773406,3672.2894685113265
41719197,221.6814486364413
67399596,125.9131348545506
37696535,119.9561492295005
15791208,1421.8642700568637
24348676,257.9394984800091
24480974,523.5106468178008
49440078,210.80911497591853
48242779,1063.729351894274
13405947,1169.6629181332726
34531671,126.96162670828433
63652222,348.2085320652462
97745210,141.09200334713714
48557187,856.9779813691856
79801016,218.40503955056766
93409518,298.0732274807135
48891463,107.59152022717667
41134793,138.8091732190988
76776302,154.98314227930112
89505130,195.8062252446221
46129267,331.4166802853389
57862630,108.86834919210177
32227094,876.5066467746876
72887559,59.958074906018915
97826236,255.11244446721685
40250768,221.930256991305
56765848,141.0506349919325
11244823,612.1528639239476
40189321,110.75002256899324
68120430,805.0531121992902
64917610,369.3284883670968
79290200,1589.9704744556357
13110537,424.9337172618324
56816135,524.0985822312186
27525357,629.705061243595
71914367,513.1005647963848
23989491,48.122626876539854
86436168,577.4191680202687
63499286,368.81851940206553
18619374,105.03752614810709
52222614,228.4115963240427
75467866,168.67653879501944
28926111,152.87201347287748
98661834,192.27135983165547
73087852,1673.5254549540416
48887326,872.3306425909757
87383314,110.55347524198069
88682579,510.2688870687267
12617324,125.1988369617254
49224165,708.0076453241012
69951588,104.15528430365416
11713703,252.7299404185552
59435002,2204.146817548333
61153563,468.79410872403565
57206499,3060.3311704326875
89140242,21.449343565227412
95100771,83.6256317941109
32638417,30.43736079345606
61625712,188.38901867359968
61250133,154.69907113429454
17952873,75.52796502477442
14513813,140.1727570444173
57500282,123.22301537656355
51340284,254.1736666840184
35897956,109.91018652928106
21856280,161.0268240084841
36786275,357.7384304156677
99178725,1041.1044736404967
48955886,218.15015200034514
51811678,249.54441232540754
81930210,183.35764870574428
49161318,435.6236140603918
24723720,573.031530289473
14950936,248.24105052452887
54638593,365.6753412284298
98115682,703.9827637395454
10533857,667.5281433595994
87478097,177.2908167452088
60429975,157.05982338088617
38969729,114.58589211337491
64656132,108.41301097001335
86963086,280.99297350387496
17268859,545.6461836708829
72142121,1152.6157283265736
91574809,397.25580524868315
54272037,107.76154900825598
16058661,2194.6678772227565
74133244,1109.2322432866738
14281752,115.51756222687088
46666867,131.97326508384205
75686584,1178.2078717565723
25546684,298.5667406166254
80619174,162.42556836136728
61749604,108.6198728921998
38248391,271.4441392013277
16877088,152.6636012947665
99140321,649.6921661050818
15975231,268.4956964056704
40531945,225.9734776012829
71708672,95.44444440669339
85030779,473.50433728579355
61117487,144.47436661536213
42638536,259.351656671583
82326061,111.7307859524847
17028661,909.0282160356558
26048783,133.58729894935325
34262255,100.62352630507307
14326462,230.29477624700826
93816989,340.58659852149714
23690395,277.8317631551904
94999262,947.7639274356416
81971277,218.22575993902055
90562416,105.0953981022999
95799765,91.60331213744168
89244724,83.87720593371144
83879641,345.1129469374035
96424387,244.79877244486974
51051501,235.48449760872367
29249441,1335.1827989175824
62893412,155.08765438581312
61417835,183.2489592671744
62755928,47.17998469157861
66501572,469.87610368405996
76084740,220.58807675809328
27624326,147.45597343685637
86757966,611.9518807265665
92455037,41.84093785261702
67852942,422.0514239269138
30696098,1391.0315981433343
44792329,113.90707380492991
10390388,372.47142642877816
17826936,439.19065386769176
71880941,558.4620928452075
98184673,134.01518538497692
60002125,99.89149953359643
34664804,138.2623048010558
37594595,303.010656557514
42980815,44.475050993247585
25819880,174.87307504921327
16484408,251.02979200893486
91766904,133.42282186516726
82866803,119.35280704421702
82424284,1170.8500481124765
72903422,184.47494655800526
11480750,202.55380274146455
96983867,130.17741433556563
41426492,216.16405673753695
24002286,350.90145268215764
18056145,97.77331612101645
72362977,139.6394604954046
15977163,355.96173213809936
51036186,155.7885999877352
34918337,429.427572968554
20599813,121.38708065591737
19900890,1198.1980124809163
27971378,227.99034113707248
50965403,123.59704914644168
49026734,1880.7308899615323
14192253,368.42373416686775
76817070,192.70526280099025
41164681,254.3548489351793
94312885,99.88886743832973
38527851,231.21181354119958
88279496,1587.8519615609991
15498361,489.64329536356735
17691622,104.5016313507113
43719564,2447.683374934791
27861137,120.38789166068021
20308452,103.43220309241615
97996598,130.2373810531172
93656677,384.3998877331149
20464937,274.5746658128659
25195757,274.9017479884196
95231592,51.136540244262115
96604510,231.20981217991755
12888073,412.7719335581145
99408984,99.55880846072382
65238591,165.3218081253098
24114707,567.8125540060344
70796256,123.4785528046405
64703869,328.35768112615267
35203752,134.99702756399978
47453323,113.39261213428382
12385313,194.6086858045807
54441418,260.40514191641046
83549825,1216.0928464920858
20370209,1546.546461121882
68357218,380.8719236635519
62743829,83.06495357272728
20331898,261.838919359251
43934228,215.6637632799901
47620709,145.5858457616308
75355275,117.9821188217235
63446649,123.343606072051
89051919,3040.4239261515672
92954904,602.2548401478095
64731800,456.604529688834
27945685,175.22583010043087
98412215,163.60348671990394
19535502,854.1716342806068
66516822,158.1566801339711
45373292,115.50012876694163
34711249,262.20363271660096
48370651,1410.5966947656752
71354510,111.29513728045757
56728847,170.57762598500804
40004525,326.4331583039706
94648945,173.74808113826697
62756732,200.77557375043634
80428237,577.1757541035068
64878556,259.15044367963975
30597278,91.17626736479234
40357660,237.42153319149256
98010210,280.63344363039425
43275959,112.34766017025005
67938712,243.63833780140507
50506973,103.88941255554538
27421159,181.11539513863244
51123211,81.56283222306615
51887530,92.72380098666294
68372581,129.08225759062253
31184062,81.76354304785293
55543655,390.3112058805893
71805162,160.5329469039979
98612541,25.681461416615324
67235486,358.09986288159814
35490134,82.31621208114586
74647441,842.1036690304769
73962817,177.07908652114298
95192638,1201.8603670238265
96803902,1295.785977548595
97635826,159.84523558912247
34428942,1690.1614027936444
86699979,186.91970829109155
79766437,144.9932678383134
55732878,95.91932834080319
20035702,586.6183354610926
54997853,44.522673881454764
91776457,123.60286242285095
13967606,1272.346278576551
88365927,120.21456713150002
92907413,67.57647348980488
89771364,172.11859941285118
75648081,1697.743688649406
97365061,114.64494978620318
29587137,105.69557787211627
22019813,199.99516448594417
29469529,321.4664409974686
66670735,140.33625821041636
84380411,685.3580492009598
17040729,860.3885465044682
25307807,426.4312949224452
33962361,391.20736596409273
67969299,120.23077665952552
38562471,1244.0952638026017
33114742,828.9982723162846
54307298,835.6535124411892
20058700,98.39361046573275
33779532,181.7942956518457
88110162,103.47503021920977
36112292,1885.0521732270672
38475061,988.9821464559468
92644264,37.7538759423854
92355731,1706.0892860238607
75478249,106.52610847444268
23875741,565.4587653427667
88793850,118.83650435866798
14142195,386.63366361812075
67422773,717.5654599239909
36705498,109.56324733255684
62072834,6.703887139411484
33337577,919.7079251208702
14298054,560.482775706855
96998725,104.43278910740139
70579244,188.27918469920598
26844678,203.02309632915046
97441250,121.00660378770354
49239286,128.33161570513178
19469855,210.39791055194385
82552850,104.8787440555903
60170958,189.44231261045718
28237826,303.09443946129454
84208342,1289.5139510116833
28295140,167.1950803367584
38477827,190.06490332597556
54941872,360.5615861967123
15450767,102.88423778938473
93656934,144.72696286296235
54273142,67.04251215693368
63648675,178.88161042216296
31875954,133.540009340051
60881802,189.87705690513107
17233443,1011.132330323589
28953932,325.5716891478823
64958348,1185.871794758475
27038940,679.8684106928642
25667330,293.13627443887117
89200812,141.2249210157009
63109620,418.9371955912193
34692595,172.65740496959006
45554823,101.07492132564374
50487516,307.50687099613594
37970303,794.9314952965544
20944145,254.09601010379689
54232510,111.79540258296646
58289637,569.1558097971748
70295882,1174.8529091817613
11855847,364.27156487958433
26640485,132.8088337656942
92806514,549.9918719411439
43703605,336.1780793359198
75507937,601.7545067502521
21361381,111.90290562220906
73615273,297.59427945104704
92437179,128.69687247331203
57813173,97.77670490162458
99373127,280.3642710378105
95805212,1287.736870007204
61946147,419.69054976411786
24903202,130.8162674528865
88268253,590.5282741776394
45270713,562.7643039824018
67013519,433.9030686679205
64480094,231.89144714562298
18481385,941.1173173676849
69314375,324.58539809919836
58464172,128.43073843111543
57844179,255.6513980639108
65371057,215.75513436413218
22749627,101.47019916205788
64747851,905.7105218018795
35545690,1102.9384474815429
91575937,214.11530017990862
11663787,73.57555987601859
59570536,139.39711052899798
53724418,1208.7690631354385
78572661,85.07971521681864
38544041,93.95977725925486
27091356,484.5561859146264
20013110,306.65919902368853
11862841,139.42387185738633
54926458,419.58319581086295
72702715,839.3922210274571
65477001,525.2084139631028
99407693,221.79884609088384
15192014,356.99113697359144
87232785,240.8917144817756
76412402,106.25350630787152
49393943,504.30592566803244
53853124,170.52119056711558
17486636,1658.8540575381357
64895733,804.535823823173
64938150,241.96144561413504
62321885,90.8878197489491
14616504,179.74906455115882
53996148,675.6431846327579
17209399,259.68808679482447
25102335,416.1186236655327
54515012,274.15835509025237
80596244,247.078872480826
54217244,478.5325471194914
29133774,151.67106575492963
60727794,131.86987643259602
55160698,131.57786477115818
18231141,312.41977782329604
91091163,2700.8612996190272
52747750,118.84736372809661
97932301,118.21695816839548
77391969,2041.4919094136842
64274314,147.65674338366614
82861922,328.2166854029536
95155142,149.91792733822493
57522876,262.9787002063804
46054634,125.57580936636177
32006732,130.26883246494486
62808198,185.91829276576493
60875435,172.48727478558027
15688688,199.9247523186884
13559129,188.38508077130984
25489744,328.57148601725277
55669591,220.5284317501464
10763911,186.02803345460023
15579269,87.05175129671858
18433265,117.90514170093792
72131946,265.19839958659566
50106249,234.7000180753409
21363716,193.5521723037249
80090384,279.42404299980166
37971475,444.7545187384607
31314120,165.03988040222163
73683678,104.14340790743324
29703095,1767.464244218532
87144591,135.80118947987646
44689207,724.7217579364161
42450190,79.17485550683081
92653218,574.5252015284743
67727493,84.45228935889165
55742747,867.9467881868229
96941026,913.5401253573291
89824134,1167.120341658253
19822449,948.4003572392916
18676315,-130.42856720222247
17316044,153.32555474636334
81559769,812.4768785154783
98912158,388.38112030122034
67772871,107.79278650570616
65921862,301.1685525379534
12636566,126.01618843524032
88608909,151.75224155767833
43902318,206.9273384976483
59512038,1665.0557078799252
77976362,876.4168775131691
57092914,222.64948636498048
47412567,214.20725280236422
17145991,421.81335916885234
56270450,870.2122612307662
47467383,973.9501789055104
10449714,289.4345023785808
43156511,120.03619982022646
71377851,224.8731390985947
54093810,113.81061134768399
78096026,123.30741220932084
57320154,164.58383354369823
45383520,143.30152069100143
38351707,437.7191169455251
70796190,229.00503494684835
29977177,104.1616073625223
97584339,87.45440556144366
47886559,194.12822332427123
45622137,345.0096247020725
21500277,135.55124518662424
47647928,389.94072956282525
54496344,213.74139645996698
44268785,186.96562841971482
75946241,110.79615687695124
30459191,597.4330922857013
15840319,370.47723491344505
72588739,110.55573351558036
73017157,162.65136704677164
25420365,417.86464846339646
55377863,433.0921620685074
51370964,90.93950936246469
48905468,180.15998276224306
83191846,161.68786251961788
59334183,328.1749661677873
94009638,559.4214380518536
41721760,259.5028043927187
35401283,627.2281059118956
69685525,134.71460736615103
84271975,330.6869005329349
95753616,598.7437488000079
32526219,86.64695844551326
64532934,885.4008492267542
76031822,283.1342440620327
52468855,117.46943235595897
21028902,234.93055163978883
34108713,64.80054726978197
84943048,1088.6328101424917
84439701,89.73352992626154
16539498,107.87354650446184
24537949,188.1601858533431
19537971,359.084231729765
72069403,1586.6670128916778
84333546,-3.7863022065799576
11868598,102.1699245652437
72165230,630.1184113715291
86606477,419.0130942611834
85432562,72.21477554325325
53853013,42.33890233921592
87319378,129.48557276554533
32466967,1041.9650519760723
80519195,120.66123147497586
12289146,301.2148813287659
17893529,1088.9344721152588
76217556,1532.5441708883081
27323024,287.88656057983496
86557861,744.7637066126538
37601873,198.02407794521753
43146250,701.4693809559362
51498335,987.2508117494419
46939189,90.45005358123662
36620181,135.56260576794946
59890806,99.99934054769331
19160668,115.45101115878539
94555827,168.91436558341832
73451577,1147.0713531990502
83828090,104.25106811284817
92021594,115.6378973645494
15822386,68.2770797840823
57405310,244.04113876712952
22671359,1600.9433603111615
68101436,116.08579285996852
66910009,83.79422914612375
55778706,240.19341500364706
75120697,87.41227566470914
12885545,142.5248433200807
28604372,163.07328180829063
97297156,2706.5658875117783
18964928,1222.7726721011038
61244754,1131.0558996768239
45178470,288.0742177225718
65250669,155.141703867842
75566313,365.58029082836805
25053248,127.54119767223672
71082761,205.1894606162889
25210276,312.8350525040329
39718089,1111.1272728722479
51364178,93.43546803713612
31211994,105.23414360080582
71509945,361.4843195807572
98330029,129.1551017270185
22456435,286.1610681193328
56912862,371.22342868635013
41548833,731.2487694678053
34760776,95.41049473682276
54015943,1974.1930471042517
75943554,606.0930307879677
61847706,304.434904918489
79766441,145.0634659533008
29099073,103.40824260042464
92971983,116.48469058901921
77042656,2106.900360846273
41355522,141.35891647331368
37905258,163.95141584677765
62845536,151.621813773075
70252689,120.53189686919865
69012389,95.0645146954355
55230723,184.85999196760886
36148733,626.6093746106076
11166306,297.34244258960854
86661349,284.30388109045975
39933083,212.5969318320851
91301497,531.3202676933049
84697954,280.27721838178775
16890490,119.38439597190603
46638869,139.16411545710974
44149767,171.69782076058118
18897403,1013.7695284875884
77411533,106.36273617774285
62885631,164.94268785901906
34219564,591.6883336826576
69042251,194.1484372567207
24137005,270.06532844883077
66305720,171.7610377877328
17619455,158.02799988446054
63065642,97.36877776282623
43970026,406.2131844524581
78870428,324.8703138151309
72114631,132.92498641258973
84664219,258.45294705961857
25739422,387.35044351034105
54038039,81.0078014227749
55081531,483.57649691827135
45672847,202.3455563094821
29734641,272.6328746502476
63805244,359.23512503198344
82782411,115.5748064687073
64705797,420.92989175894894
59326862,194.86051837383928
48549098,3466.3959183094807
39570097,96.43948210520844
98000370,208.79175478342114
63674921,416.66789822267265
16674336,266.9382151905208
77063987,116.2028534063213
67143015,163.72768046431983
10570033,226.71886346469094
47185088,598.8289828323373
63757190,116.26893363434414
43453041,1670.9197264617094
17890447,219.15477217246786
34735493,136.39433299623656
40580820,406.5977798496761
84776860,1285.4321631623318
34883247,173.9306685270498
75437035,91.77866570869249
63198281,568.6777487229716
33289878,1124.3710993679329
42222441,135.21122289877545
53518898,132.51023558430273
77756377,137.32554762034437
66266331,1275.8893415040252
75207542,176.71591181171715
65741993,284.2345038561816
30452290,123.4580292356015
30341625,244.93555171757257
10196118,766.9499054145025
39997400,402.2231582859026
42764498,98.82943015453691
93568775,140.89835521568358
60138513,382.9358052129554
95863174,278.81789560178703
92194956,140.05320837579114
34979379,546.2886077294029
71517927,52.39157731694427
80092401,99.2906974469498
29853468,608.1426947647146
95595164,148.33154620775628
47277321,771.1446742127384
95111852,243.91702222771949
49309773,270.16828157381724
52060622,192.54905037378197
18920892,366.37886185187057
95549548,288.37825254237794
28343921,189.01766079541963
24575136,266.72503242542666
51405326,330.9516285638643
88024456,982.9986189707913
61475538,1372.5049141799363
86032798,161.1398506508835
99829874,476.362376038421
96251785,1348.11288428528
11235918,200.5776875626442
41084979,91.6286161657894
31949326,61.785807710757624
88425482,110.20508506460509
41724063,916.3758181064308
24244868,429.70711153684255
96443454,350.43771732092017
83159015,87.5725200188589
24632345,373.6337110738205
44153806,333.6604793928017
93580629,552.8183060299158
53277959,266.3870585624996
99759183,1091.4283051172933
55252816,97.38384136913261
41285175,160.55993586892652
73261084,584.6346628692478
99347555,584.2323840416796
70567494,109.59566432170465
76764787,1405.8613280945242
14328685,142.59415500723375
66866287,196.33931052097597
49679159,325.9157046159183
58671247,89.4977517690088
20236719,2090.5385823782744
34585357,197.39990043769868
45051453,207.0573565563284
51786574,216.69259501591125
79731887,168.24027151420955
54354970,613.9022026423607
77833826,735.6591261999648
80242735,173.09092531752876
79336488,300.1723918312233
51121070,453.4015458853005
15930057,205.24786006877198
84864986,-37.74835930465304
97820091,1526.1281769764141
76206876,168.28349970129807
34508398,968.0998544590927
15581330,778.2628100222487
24272114,1015.0152154133876
45684128,323.6858621078208
53910689,133.48320140071652
89611963,59.14873795320208
19439294,210.54803480935465
44476677,982.1383695435841
72816714,640.9012517555057
74817899,118.18145835227739
24462605,144.53192153133415
62629343,557.4764390836955
60387272,151.5565126170718
60976677,177.2936877028606
25938630,199.38970999653026
89171283,172.0213201956641
23407854,588.418669763793
84390020,210.92938734401758
10131944,462.41057451992594
61185673,1095.2438101484458
76507951,1084.7380128343657
92456997,328.6473867131604
27091498,157.31793213668243
22015405,181.04593773565833
64048811,413.55013623647613
59963315,191.06717692448478
99392827,845.5266017326529
52435285,617.2539261749736
68018936,148.61108812168564
92985874,101.39684805824356
19827012,94.1282429971723
32076309,112.20016998356185
74459345,100.96839203291653
59329650,225.61308059473953
70105673,179.18507999559458
47359337,1293.272105942607
27991858,266.30344327093906
36755663,595.5236776713523
94560591,493.34353039695856
47944050,123.51058002858119
49561372,380.1623107296164
96160989,146.13093045653866
67474261,127.37369784223556
71965824,693.1813018455533
13777105,104.03859501661098
64739771,867.944376429519
57691432,127.65490838104733
21801740,191.24300284042232
74352185,689.3821304660319
91521650,601.9243373360764
64797772,444.2943031529532
48820263,160.940349621488
14791909,130.52862024873713
82868024,101.43299220832294
97971853,195.07375756104392
75654232,162.57049974516215
30725718,233.25665240568011
83442812,420.97275084865015
62376431,232.18069178919828
45295601,245.0248517737908
44038407,104.77536658630945
74138589,145.1931888500459
78812422,157.30419694124677
57253455,554.9407611459084
10109432,534.6886234920376
70492234,336.2574957822866
16499768,895.3723316442882
29721809,290.80238028881575
99970795,67.21545816252387
38494075,264.70405050231136
13300921,202.51685229163797
18255583,356.28101629836715
76957329,369.18325303414326
83103502,505.3250775670155
24570014,423.05526712783893
19318542,372.41204660545776
70614169,322.4923441266794
68374888,729.8576704801269
10546051,172.73754681007944
82817153,357.53798695728534
26190736,125.11082868020546
26227414,355.4442150243642
55825692,188.5834494343634
65550483,184.01294388817954
14872097,420.3831527746529
32405281,166.10990229296294
37055817,274.4070583557402
42617798,96.32796664584038
30684771,80.19042037394311
21842298,172.92862288478184
44215525,648.543676432739
54734331,328.9137086257536
77244965,162.13363692596607
31618537,132.80279913868725
10912371,137.7147946067394
25284273,157.6424209651663
63793006,340.3766026390648
40346903,391.8180366463564
14281423,356.64728651623875
10329833,568.4229256452743
58147868,725.5737934767562
62215262,527.8171953359423
11535494,248.6603920902532
55289261,199.9478206123006
93054393,202.75927278805895
15613905,850.9524877580263
52346993,56.99859824806983
31426410,54.756826367562184
11924915,114.25130776491523
83461539,939.2203441186939
68351051,781.0272395328965
23144760,1250.9189143548626
97049626,922.1908025221061
94895031,103.70950061704531
14702382,190.65860898344812
22232789,109.16080948270445
14653500,39.806331502478976
45931554,132.65232685330017
39099976,125.34242626518565
65803003,325.4513130051308
56391701,1205.9254662740411
92222330,359.59326856016975
93455198,1786.0719664665214
52410336,1949.7247497710266
82423675,481.1707929410322
25925356,384.9945014471992
88622240,132.66914007317874
37830382,121.34128611847348
97198420,213.31453022961932
21477504,212.87898442869397
84142976,1131.3132080360162
96401209,119.11186667707975
18047299,150.14334312639528
25908320,485.99613545594985
69709013,157.06382207609158
63707451,72.25433855773798
68674616,159.36750622850423
41246291,111.15862158515714
93099265,100.66936494735663
44969882,132.19727103409377
94840571,85.66420773103768
24428966,338.0370351936849
73406276,225.81667590302266
74093567,87.5191441048933
55445678,119.56784766393915
56770356,128.91770938589136
20116401,135.4206090584097
23989432,201.5708243224436
77573883,2128.9643103998474
30955534,134.51742376999243
46007298,185.61663232864385
60038151,117.8188342395942
16169663,917.7862247435995
40454664,28.47248168736861
62049127,144.66178587395433
19821119,151.71716390114008
56611586,237.6126349300161
55267084,120.46146359596021
55813034,2349.468536085484
23867957,98.78207088641788
90096160,158.63389862273303
32751852,532.5035416116802
21394047,816.6480872401289
80032862,94.0489015015522
22418983,166.86631408010297
52802197,145.00856961102846
48673505,154.54847273621516
14195685,116.64274466909838
22205138,209.6565068456757
96628154,357.0934124824188
44734813,135.25163694517758
55802873,504.92416915813016
41368275,132.2228149089461
67686446,391.55356396802557
97989934,109.79508843283183
65686117,123.43445692901908
45591525,93.62991299735825
14884094,4.507977144887461
60291749,519.4336511612107
46418453,103.71361999732004
30133967,451.66092966159323
30307611,66.74890839062029
76539721,181.06701757299234
93325285,144.23278272088035
69825909,311.440965374542
10220197,246.65200146511768
34178403,100.63332496371163
67327944,806.7806926149433
58361366,117.9621960767455
35080838,509.4009383301155
24415695,239.25309457194103
30354080,389.49819449987734
24117628,165.15399818880817
62628994,-377.6566932883715
51012198,664.7114389764478
68125143,812.7048867173719
94485707,102.74711293372215
40172711,202.83674081875589
17647583,188.6886921005108
94790367,108.24095770289827
18254706,128.50634394242084
65733568,128.50642641584966
58357649,104.02805756011713
42289495,230.8236612054676
15020288,78.51020392024368
31419590,671.2177998273991
37233713,98.75497830548424
26330225,492.36943613215647
73976501,485.6150717415218
90642644,594.2727832180708
63791881,201.45213089061744
40102213,1622.6768043277348
60203926,832.911535438272
36257216,220.26872914173111
24119768,718.2569849368706
30403208,849.1196294344505
39737862,814.3089488842883
41150683,167.35183812028748
99351268,135.0225954746958
62692262,335.82155169847806
72711178,115.83482939583604
10083097,183.1328711908667
65370298,472.5184053862042
84388395,144.52765008058017
52114454,114.26497591639684
74646950,385.9348655834923
72720701,192.45061146301484
45732529,174.42319631131954
10509116,152.80615142756318
36154567,107.46922378809455
46124383,678.7440557127073
27866730,143.0649778435014
62320931,209.25960733931086
78979954,73.40756550521391
52531638,362.0760196846729
70662494,118.00474863048743
88174413,167.1064779828824
21513664,393.40535488619554
26546743,538.7591586181967
89094189,70.83655870229664
34006202,319.57088046907205
44458405,115.02185054202366
46102741,647.6982611850442
80947937,652.2975207847766
73456376,448.76972490514447
27640503,537.2400441731446
66469621,518.9197976948919
35504694,58.368420213496286
24815317,701.716261062255
58171289,68.11543316019336
18612790,276.1934815752173
63428669,659.1926199898244
57949817,1517.4823256459622
72876573,290.3939112556112
96193736,210.7760253543027
57932688,294.915063070806
61617398,693.4040938080584
57513357,236.08886305359042
46336493,200.00170549295353
56173102,229.1774621051047
22210971,227.84820863357712
27397907,101.1864926841585
94750459,400.3562564192894
23197778,162.1194538095749
62692781,120.08516119804176
94164438,245.17287978356384
19395402,862.7535465674702
94219712,221.0696354221543
33491568,85.89686200470952
67632603,179.18671626107326
19852962,327.24294546918895
73405784,785.0944483600656
88192699,284.92322629178517
29867417,101.48900137529095
84909546,803.8883472766073
52598919,1185.1337316044328
86077350,344.65435005175266
43929538,591.9550705515636
89992133,309.5860345055894
33643157,900.9006649139634
40190924,131.62140385628254
97098808,295.836056252191
87635513,866.0898741067546
16478169,2751.8558430613216
79498204,203.27275513141626
62568791,1321.9460981566913
36457296,62.16718405012704
29599077,249.0952659726024
22644116,272.2176495991735
69419691,623.1877767595917
21970018,128.056152431595
31666748,292.1043111262343
84691804,576.5255381828767
19277545,398.0437860616348
78443496,229.49297509552702
92759112,117.0415201395851
49629913,915.6529068192257
14874574,186.363960621266
61108399,98.60182696529428
53618559,778.109628355593
46977752,119.36607150312038
87695599,403.23374876394416
68430793,213.99974446200525
11606038,62.43248155714746
52469720,347.8463035517606
91726930,156.5359873119828
14558288,103.68715432019523
98640275,93.6389906146336
82918511,269.78973427791635
32992592,203.8856565625838
36930879,141.98255830575863
73360172,191.4619672525427
22281491,214.3231633585911
33813436,93.07170707575139
49300946,336.4991483829476
56371129,307.22075989675125
83899433,85.046228003047
25827679,1303.0264935800014
16631062,105.118944704154
86793673,310.6435616913305
99689707,141.27553543585134
69776211,142.11792662145754
55892015,200.68574444597917
19716865,-11.922180169439445
46860460,175.13134278593301
66143638,1109.7391722197103
46241046,161.27242878462832
47497471,305.79940893821373
38256243,137.8917496741205
90078699,124.58618668338707
66607961,114.8712259027888
15632043,200.47026575957202
81498334,910.6602169472657
82443801,215.3307223275154
88411591,210.6233954223923
18221799,390.9405114342064
30242976,212.954293320822
66494245,140.01208062309578
49287510,65.12484454181433
83370642,229.86493972508617
92348451,96.92292602744786
55790147,69.42089160272681
49423398,150.49879984851134
39715763,156.34376130048057
46440335,277.5232438871461
78128236,365.0514239629533
63409672,1598.1225890046521
98873842,105.72319946604968
34782044,146.11249736292922
70391546,182.55850409742226
76956234,313.16468975937465
41544516,193.0693414877023
42550648,277.6044345952681
98465226,129.2777912967174
30886863,537.797451537452
84535276,99.72491104588674
54301788,461.2031083344495
78637034,279.380692244771
61387156,106.62433638973164
71715096,204.72829219498968
47859897,99.74771046684725
59800013,279.7154040301138
95293248,161.40171585791552
11553772,304.31890299616265
91107127,491.51915102068847
66825939,98.57241184526175
33598864,156.28217775838027
18818037,561.6342206807656
86800656,380.26858181724526
45209421,142.5663675944366
99712718,67.10553461645848
80320840,352.484635398683
24591401,336.2792241966723
90294177,200.57238701081033
14404076,178.18153514040796
60829113,131.34141932275233
22529505,50.83358965202073
59566170,442.606122480355
40149323,1419.2499883234032
40382936,476.61046250429354
99300537,131.20589066649262
44631793,107.18082059894233
49450050,99.06373010435311
62395628,130.69813735451925
30879014,265.3198485645554
85524688,88.71889802505383
87381496,690.5015132505383
66258576,286.53743379224727
71415255,312.77637499495074
45179604,422.04333579087887
82676573,170.70149923010618
14654038,66.5621698191372
57261303,233.53335591533929
69037727,379.85139681478205
78583522,249.55868283892116
49703078,244.81718006011948
78525136,123.72126921709109
86407509,274.09076452404133
33024193,1028.9412516643504
38535158,592.6210362047545
84179400,102.04101462598808
24680896,654.1261362672373
42024082,172.31015590100665
31137878,1171.6084992115682
92689780,123.7491067082708
93487228,532.2287601026901
27421195,187.19119850276346
27611928,159.09115437547743
25261420,1272.5481099846625
46864780,166.96075813431202
51909487,412.16404961423405
37913958,298.2839642699383
74334619,616.1133792858783
24422548,225.95947647844685
58508595,564.6103647857315
25087154,112.28938929779201
76806766,271.15762838726806
27262464,166.0805958566445
73422693,335.6018730624208
58175270,179.3319600859602
76648743,503.8358140546551
36026120,514.3089417007671
87485989,413.4035400364893
88798255,291.3753711563116
85293030,1712.8938052665517
87029422,182.89994081584427
72679949,150.372103391918
25871017,-75.31491979638582
61396744,114.00013263992396
63197784,1500.9165115364035
49632353,174.2560688980441
65625596,139.82925458633414
86795596,280.54665557223865
81433856,200.75752689260443
87476873,1104.1933858288394
98147948,288.862002300576
99212421,246.5412387985198
78236394,553.4684151931634
60511137,115.52218402983029
37030090,2018.0992099525233
47227545,401.8274516733014
38980163,250.44921159388065
33290320,219.51498945943135
57735630,295.70545581558036
37888473,468.00203282743377
54251453,304.5713553297174
85556127,128.85318857848276
26903779,222.05579180383276
91692809,225.99445291164508
32446203,380.6220355003797
34350235,174.6633840817863
28532174,2056.9796105754444
59869496,111.03530830364572
37887202,72.91433580276751
54799254,163.7521647234802
44298051,1088.815669647775
89901990,151.59100598314603
73292166,375.871923227719
21775362,275.4381961843564
36884233,174.8653561867538
66353025,70.96656295306514
19481125,84.72832502122556
95336492,904.8514001917049
32400462,1182.9509148467944
28975228,86.03452076937963
11320585,549.567788536347
32162156,178.62703521661786
88724326,453.42559927377306
67650053,218.06186659958945
21038175,149.9272457191714
64836379,175.15208332048505
60827779,198.96362808550666
88997264,795.6863850942277
44622902,370.52521020312327
85670106,118.13122396009605
38945693,64.87846195996863
69337730,396.8854559650452
22890345,252.85607424554604
93106331,180.5233873525698
56257607,138.34818692349316
42845025,525.037721637523
10678470,598.9366810983096
35975743,4928.940288743428
44298756,401.30437726858827
66670226,82.87218718266045
37883517,1052.3270006496593
62831558,169.74828373214152
25294874,102.20107521911865
34601413,1931.3509894546553
61300626,390.00631278490073
63694211,272.4518899617322
70308634,338.1092367553035
92846964,174.91402016447248
32093061,656.1604686336183
68496425,345.2402533373079
36724576,267.2796773780895
18988842,93.25664823236107
44304522,112.58009424971651
91192236,128.74160352252335
27105876,149.56721495171004
89869414,92.68806419889466
45877010,137.15649294843467
24146001,379.03935656629716
23395701,288.7867976015725
38974456,406.0395393410239
57842607,272.1886565394989
51687346,262.4437861466909
99288080,460.51060109338624
58963406,266.4626583276292
29443260,832.4631683789382
62626422,1216.3065845856142
57515098,118.14611098774131
61739694,1049.2648722889307
27459512,139.95599484236638
84889146,120.31238323408887
58681841,112.96957779955622
63593417,1963.374357299508
33073018,253.79305414883711
18775917,114.45061960278797
38962045,141.75759131040797
67933426,1066.4975138424584
54603681,502.5320369678606
83399485,268.808030531167
64199110,84.86998359891835
82415208,367.9738072361495
87961803,173.49599853857165
44853010,179.82526867413327
59952980,107.36354695995216
88562279,233.73791273584447
55858413,578.5605479778238
61198975,117.83973782851886
37448315,1259.8778303344225
19525923,175.96721548978502
35026025,220.37565482483888
37029910,116.73519379116219
65651564,455.13169748681
76546746,109.72176085092462
78805012,478.1401204612478
73332787,469.4768260248211
45937289,372.0910455521603
99048249,902.8905238145481
29475704,254.26502154731247
93694996,548.5836045282097
18159173,111.09870617528748
50435273,107.44188086883082
56812269,258.5558312692487
10385151,313.07539396192504
74541267,1197.8001766252405
16719195,112.12287468308604
48754743,219.61476258242928
18188655,94.18576059586286
32063627,370.66836774563006
95749552,120.7915267566293
95191424,222.90537385269272
79363744,350.2821406083629
47169927,301.38829528852875
77108983,108.22469471077271
44823862,160.7292641231246
81122519,208.39427270043564
18168723,208.38313605973755
59737458,222.56129751071987
12477444,115.8915387555325
89609832,1616.1278388750666
50913652,169.1340595726211
42856249,111.16573644265958
62711409,216.32553100954507
67374114,179.76770455841512
26708384,222.28387615300628
57463109,287.51365443682243
64273952,62.2731682342315
56304545,106.52359615597778
82795140,233.3645740163543
14007213,106.85546996660014
54415843,107.10577173485001
54590957,236.30746611593986
67350145,218.07016668550023
74993313,158.23660334872147
62432527,312.9179344485009
33713363,140.91115599697466
80390114,105.05302566675141
12723951,156.34783901748025
71416124,357.1467168518585
72440899,257.550699571557
60115717,274.2287978510427
26317947,132.87780045322677
35504199,391.0450649279408
30187539,394.6850337267163
55346293,262.7261740690781
90516502,455.2800030174983
72045347,83.3899491377193
79850408,118.24863237689615
20443404,1806.8342993534648
84501791,161.1263017702126
73999320,120.19446900863507
98913461,75.63041547292815
37225199,126.08143490833508
16193655,428.1905385842609
72620298,1202.3240184655317
64188152,204.16242044346777
67784083,327.30089532480264
90552658,923.7720385372647
80748000,1064.9696260770702
38083778,791.565280942151
65525497,121.48136845906309
19381953,140.47891275105664
65723090,739.7226359382515
76151738,696.7135060189247
48225827,424.266297103363
27357384,129.433536595838
72090603,388.04640042296217
13739096,177.80458886425603
42442381,279.6658873012159
57561155,468.76931158231366
35942827,155.9663237612645
89196128,402.6492155043573
90585757,110.12169903659725
28123361,76.84561976740525
54892166,183.34041701138884
34399967,100.88033195849123
36429013,323.0823511305316
87308981,390.4285239894966
99529719,230.37494634090203
22093311,405.11292073114174
81263538,108.59999376823635
71338939,333.6918458633037
26758105,670.0214994550079
97028969,1836.2917164406701
64463656,179.7828296390015
56099433,154.81796668272978
85325718,216.856424077929
44166454,239.15229688220978
36489810,155.76303494254523
33207901,177.7387708588021
27978007,116.49808018184503
81479630,222.42236538952469
51537650,374.13353050619526
45619520,148.80895468363474
38111175,346.86121995807935
52128949,1052.8218567383487
25404819,112.13810155708498
76230938,87.32404086934167
35633669,173.3805012643368
17486296,403.52906610265524
26823352,502.555557782877
24234066,4.069359134948764
69609466,314.6080949346123
44500625,499.63170731365096
25810885,935.3338209923977
47095933,307.3300533998874
29996746,148.18231470640933
26824387,-148.92769846591804
22560248,68.06305554112122
67043419,146.77012232741177
56128877,992.179703531487
78532613,78.3671779258261
63334626,191.59718189702414
41942475,1063.2327647644836
71572581,1066.8206004740907
31224917,300.94325174755164
52061385,1503.5741717636035
85648776,270.3676210176595
89601046,359.0458099393153
16315474,425.1929679977445
90885644,520.5717553181386
69988016,398.2643477590897
55363982,170.8929098567455
15084841,945.2672122486957
85269120,239.17112592393588
31531393,76.72697559563407
65511292,142.39226699183425
76207920,1623.9999300162315
25765261,1179.389820898156
99628783,110.54518175922603
29123949,1442.6908168751886
84071477,476.1399654609762
55408575,127.0261390745019
18563235,1703.4641954988808
32862824,2921.1889911454414
87247913,356.7199311334971
70811397,660.1678953262491
79135010,293.785864248665
95532555,114.20614405610597
91619153,192.20767055116664
85185899,256.81791535411736
45503458,159.26804176095192
40572975,392.00604572072666
89004010,91.59961974672368
34562042,393.2790675604212
63463440,318.62822838668166
64460362,98.18308711216093
67250925,131.52956986114364
14939721,148.67095005913794
35310686,36.56465073421405
71187848,111.95804761626752
61524357,3434.8690584636074
36782194,613.5624749126747
89842273,801.4518047416519
20614858,378.92243183308585
68048266,118.89745027876202
62462117,385.9832371242295
72115510,276.006532410167
14057421,116.13754821151988
99878320,183.67604583750958
68934495,231.6265326467345
63897425,542.3513899489445
30823846,103.11595993643472
45856506,114.80272895633134
36318458,513.9623031160407
54709816,132.54632645384635
58956301,498.74618682211695
61193977,246.9951211280172
94916864,724.1626076082277
95563649,1284.6341230227697
11808364,253.0196584698865
53108582,136.87860124611245
37502181,759.98769312157
37996385,155.2130737857731
53563779,154.72528499066868
62612706,443.49684445319645
33233317,125.66738255695059
39285196,105.318484485348
12469660,1004.6426207535916
10086272,252.32866559259662
61556619,251.4939128134351
44239580,1829.891600800083
37303458,329.0212947527044
69742763,377.56732708306885
79252407,815.1668649687456
55035288,109.64134690058228
22573833,185.3888211125916
73616028,33.96216445257758
72379751,114.38477574060032
63515051,116.29257092276785
43605274,163.997899820441
94526159,87.39155597007536
87017405,1346.7674143879199
27785122,278.0490750966462
88986010,88.52885441468601
83705830,110.58257486061865
19294754,381.2272704684511
10016581,419.64366105315327
98337631,102.25814220678673
96284977,1059.4424631892475
85120493,2852.1736835530023
76912038,138.16694418389335
38273802,2135.0269995454237
31373003,1132.530789322701
16311364,816.2530958073869
81773825,98.95885093126618
85451822,120.20557689213263
83837897,187.48220506580716
79840167,322.60087628213853
10053165,196.89187078855724
66085962,165.07836363459435
74446354,2453.728278258427
71248291,473.062691110881
13527988,1983.7780907153622
59655162,554.7376474717734
81270080,273.17795311196386
25459024,113.61321392547019
57124820,164.99680413008417
38744724,339.3466578296716
14672828,268.2326414612786
86208199,315.21125897485314
60804234,131.7485885481267
26637959,139.00710865386543
84505191,244.54691004328993
34949195,208.05174152777602
18236230,367.125684628118
83633670,816.6138109217367
38795738,101.1053412125118
57060441,1029.3923906243645
63193750,309.93588337226134
16584196,82.5759432452498
97470867,83.30119625532073
57117308,149.6708150798548
28539736,117.88770351509456
42854708,125.51294592192959
74612987,408.3722656038823
18574187,90.56925173531344
82554201,267.7672722837536
63502035,548.669989810467
91862663,996.1148738706889
92211122,1745.033947900534
31056808,545.0461437869586
16943964,843.890458723655
32863651,890.918465198684
68176876,52.211201372108235
49131404,277.10456125492055
70277995,104.03339758891158
35494136,193.97781684972497
81234980,437.39339624630594
38613978,70.92161787050608
58078556,557.6255712374399
44540392,270.33160631616533
54581831,143.7707526009293
27711464,121.18412077319425
34639609,349.435905796446
61465981,737.3721416744808
97434739,974.9423298815635
11115465,127.44079600210337
73204702,349.1809359070892
43122014,227.803477959191
82465915,127.03132850092302
70336402,63.61940865387316
66860305,1557.7723406109976
41500458,69.55816599888686
92919391,408.9474243017013
99618084,622.4080031794857
86909460,200.8631536666334
17337355,124.45701260294268
42353664,148.13925342525005
21765685,184.8177993240529
89088918,91.0286160818224
35899962,150.83923155174443
68684318,582.2197232497632
18484780,123.04036064946058
87388388,446.8956256271886
90094211,327.17037408593626
16804039,190.50974341645176
91010086,140.08402342472195
99469868,132.6494725623094
37545302,243.8770826131177
71878464,180.69336598893517
21183040,375.80005090359754
35304073,531.1099714268152
50348670,409.28126831734403
34230931,119.49781695077185
48867425,507.10211867366814
35018884,156.60870315249355
82792644,123.38864339005147
55638604,195.72944946856728
45618589,108.27116353219552
94996859,571.0917507990961
59711138,544.8377003682511
20008628,120.4362370272032
74210201,904.9203860004362
71592370,768.0958850828775
91112168,725.8873572017698
86979588,163.90265780479245
77491019,128.01435219593156
82906889,86.60032786356673
47215201,512.2218974597803
74482354,186.86629543484895
85248466,124.9370760814606
48081067,281.44545118037655
15387364,772.7795469768149
49479914,475.01595255266596
67144063,2114.2821435310398
21546784,135.04766510995003
33690767,434.35341226813836
33115846,205.63488112885247
61562965,146.10387691734292
39809818,84.40366137939819
68123009,401.8230584931554
51851996,2529.102284378329
14592737,96.22998753933808
53703850,1469.8379639560023
32305458,133.2231544875513
15802272,442.51842823573935
36113397,155.57423212397413
10490484,413.2288310196476
60733954,154.3830305314288
99162691,457.8585402252604
93098807,140.28082028221633
40838545,176.66069508606512
11051825,208.92108455622446
82908690,1111.8252806337198
71787511,779.4336686642615
72823966,1081.0560235049468
12980060,218.7413668305199
96086415,239.5107139373634
23697274,587.8743295164176
51614059,3078.754064242773
78779574,531.8176860027198
95241308,169.7766887075517
17643222,419.67831700200185
93263316,232.8738111639697
37302631,118.8531640761155
87271886,106.2094508747465
55736876,880.3420923576502
51594702,469.0864364964922
83945766,138.25494059847298
79078313,102.96524479064192
31277810,306.4838105479133
74965419,105.53154624247351
12557472,118.36277706502445
61610958,228.84718454603387
87565891,254.18771418627628
69835471,141.51940662244454
50409416,700.7323512861293
77449547,42.419202712703104
97554546,455.34679577831577
15981479,280.3450037901287
19522006,1392.8746423887576
27996044,98.99020385957937
41161764,596.2126732549394
20740770,722.0805170959015
70042803,171.218216403984
52210690,197.87893612482534
81657059,139.1671489726521
67733763,271.76508152190075
19453777,660.6382672289295
76648543,114.65521139636063
38569009,486.68312036873846
24713941,145.0806015055608
89660454,125.32608037911896
85740410,436.50441865439626
86257801,793.814285864398
86873805,247.5329181011408
33399735,495.52558644165424
37535534,431.9931642234003
27667456,4282.469639247384
61581329,137.80784010652036
51263630,322.76568265220925
52033053,120.76524970373225
90888218,181.46121403667834
12546179,200.72677906466072
83093814,303.72516592439763
46297699,138.94260996212307
97044400,488.8695330284725
31763919,113.08937630086847
16008849,169.38289779940894
51084945,185.79029282318334
59957604,393.8538612979762
18780994,127.03253233223336
87997537,205.23163451471797
45685391,121.95347528254337
44441149,639.6579540970496
14178311,350.89064437762505
43522500,112.63073253868794
91025767,134.4196763409402
92328854,107.48642205363248
53582398,131.10410913278062
79088536,1061.9389658798632
46193764,140.78490922036207
84800487,155.31809756854602
58906346,177.12757082448235
16384425,69.99171017037423
31314423,166.66213606860347
78713693,426.582641815553
59579059,72.55548830054565
51309878,390.93572847450304
18367921,381.59997513315653
17963218,1491.219969997518
63773516,2376.165264386046
43820904,146.05015629259523
61844633,484.0306673385474
97433520,396.8886465725222
67890378,389.92595575182247
84770654,262.53418467495953
56388014,178.66419589102316
48498606,245.08395943906442
96139568,157.12257247792616
23184000,275.1686474028726
82435682,1220.8253134634833
84725417,160.82655953513847
80398008,100.77678152094458
21408816,284.992768358696
40561414,230.57395000317655
47526789,667.8711642965801
34202671,187.87114242767368
47410501,124.4050821832017
18437030,91.25983493109636
89947527,1016.8751986157515
48179652,2485.9454992484953
43574355,700.7730497796897
93441626,128.8535335726087
49833156,398.3454544196638
27436801,261.7409985717836
43212239,119.4623872690439
57781002,135.35253336013233
80452756,128.8900787667741
69547198,156.8280456639633
92282402,49.89165119364505
60080700,507.126951971571
77220496,344.9571309730568
54095090,106.1120373601896
28159066,120.06149800920663
76298460,340.1837205559929
57334293,1625.9910898641008
51349452,339.3480099319138
57825954,126.85497243123032
75566691,142.47988644701917
21994482,310.44677482157704
15472109,206.34223994152924
74524636,1815.660158286909
50954892,936.510551462467
72834699,157.46102162581735
62999750,205.08431595983794
33123268,928.1671423760915
66540114,148.94266579940094
54002928,158.57314862068014
55085304,72.30760901966396
22151066,156.52207347227207
65334729,534.00611157367
30865724,97.30091069796327
90388666,226.13278127762229
55605064,622.5246915746342
69408128,364.6775597017802
99473168,3032.066482052342
75818797,134.18313428469563
62565025,1911.310657630652
75143116,146.4578951964269
47696923,77.7867781052594
19416750,686.2263322222112
22855194,569.3320845378727
67192782,367.10333073333413
87517475,118.91509112132347
56350089,249.21675127591863
34134972,96.70264082556622
60576347,154.0869703397585
26319072,103.53182579546797
88893111,196.87872871381512
68033382,199.57257002412558
94035885,278.7576490649827
81187160,519.0092160646126
28315736,402.6932108959694
22692256,408.20238263182927
37267592,133.48054845722996
91150814,92.98495512023486
26431305,101.37668393867943
87910232,85.03541906127398
41955248,504.6376856705341
69743430,105.1159787260855
46703259,236.76813855070307
31441294,184.92520981511313
52540774,486.2129333470192
86506186,198.2496696689039
59584539,389.0639146380236
97314977,248.4212142836515
96666615,271.2750957588223
79683457,161.71170861895575
82209443,324.61648132533094
28258830,435.65398243425096
42067661,216.16816561671868
66297804,97.98331731756991
16941404,135.18085319017345
75005309,136.3476002492224
24570745,172.78074172586668
86113362,112.8914002057127
17047985,315.0397761661793
65773050,134.62542952806467
58445540,534.9026217474154
48523637,595.2933025854089
95993557,176.18655973406374
88761628,93.0179465050356
35281082,75.23226236053874
63427827,422.4720880345586
38736916,116.42633156709579
86580197,243.60571135523188
23112535,248.70596952588764
70370352,70.38499442923127
27855625,91.707121721978
60833031,103.58113324195565
23047956,1672.0321578276062
87351286,130.0316596062075
75886001,116.97898238583562
66301086,306.1779173611891
60935733,153.51066927295216
98414359,302.1655427748184
93169508,639.7600579748324
77985316,268.805765499707
22647726,172.76749442143168
39865459,183.05155676500328
81994206,547.374943045484
62822262,129.07273707389183
85331429,141.06951012858454
75110630,114.65100864589336
51138756,97.04573943898171
83491442,177.43499542397038
67891583,597.0367424234425
65475315,172.76974110318503
37180335,507.2364229140148
53617145,85.86089679916458
66644091,165.45560539809895
85685863,244.37281054362165
67756317,125.40355548546877
47286828,561.4350164166166
30798257,114.81711562393005
55429056,1933.4919337077422
48423935,110.38911453753582
70215654,1789.0583850302824
84995114,231.29022286283248
34191374,204.395906913375
94424055,298.35304105107144
35266032,167.83554359655307
10282778,99.3555187122946
74509894,59.89642903693345
62379565,138.00377053985574
69295266,285.88552963235423
19487319,152.76172105631704
80523155,1545.3220473232539
76258438,1010.4265559380506
15381648,856.2064792208503
76313330,144.8394166494544
67909709,370.48052053954785
94172578,181.16501804215102
73730320,342.78102116896486
93164433,436.7645219660094
47160388,48.528768073725395
39990609,79.89813566664044
64566990,744.0042997176971
91126842,425.9693001846989
52824809,147.37532042694946
57254599,303.4485645423694
38718331,223.02386450266474
86095545,277.48513760859834
47117496,98.60791877420357
38398092,83.51311812773088
35904079,349.6106546645158
90919237,188.48926492898275
56102015,1995.7125750667074
71540566,425.9307460346629
10011577,770.6349267853346
84723499,750.5153074180909
12437858,214.80896987581582
55600884,134.4101809457346
14903844,104.70251088283841
79656066,233.3220032730561
22833793,892.5321757704968
52725368,172.39917280763416
69338616,115.08660369024184
69512258,536.6014273619803
96249786,128.55685843658372
93289839,466.886387387834
89525161,675.925578783988
25602400,223.5357334871285
82687645,120.80465361544809
86466057,429.3892022512864
31039064,110.85967675288136
38126410,363.0197536377617
98941268,176.57923571621737
98887377,856.1025285118423
19069593,206.6571271279608
48991500,1077.6485390949547
81340729,148.23280734132354
17755803,136.57740180895502
28332754,-27.51344874836835
48710415,179.07435714658388
13552122,117.82603014296197
67175252,202.4171197261576
81401006,2285.777468178508
87569420,503.4890798853815
68775804,136.67994286559886
51303767,137.8287324343212
36907350,150.20042899077046
11852044,127.17912433110182
57122012,172.0098001571234
42764646,224.30654367564182
23299341,59.83202279517807
99527596,152.81759045102697
97393585,143.76111904745298
43578412,91.8532988185247
98294611,566.2049163951456
30924809,78.42540468175187
88121507,536.6710296011113
81094653,138.17773862722706
83948197,34.13158036974163
53707208,129.95890532180988
72598207,90.73281739443559
96325015,89.48217582724848
32527392,135.49739827477092
13367283,94.08276061178435
70926441,1299.5559269782818
14507496,155.70942717096736
84516945,148.8402433937011
17478153,191.76242449683772
83347951,214.94022794975191
42507501,432.4880862173134
54322410,84.69739289508777
51129418,163.73154614076142
92284337,884.1121699548412
56191305,286.76362289393944
69717201,182.03451690316578
77803958,1016.4201853322952
30868541,169.67897542828385
21948362,107.0587379766979
64597726,131.79380248113603
24753315,277.21160462981925
83137150,392.13165950187624
87115344,90.46852903041253
99984175,418.2985659417243
78503238,1059.5063760127782
56241324,495.1563877616098
44979606,112.68091111828973
73782771,114.58018271839771
83259646,94.16781532249126
83615385,605.8757845056823
84238097,384.38382124755515
90104229,242.14764886420443
47165230,163.65130387749238
90052115,94.9060715419722
29318397,2497.7993748913354
66821977,406.74187465746763
74914365,112.91353314997792
21821045,79.59432754620101
78077361,155.70773449408725
11290483,161.1687109197973
18150280,89.76802000140005
97190006,540.88437125653
23716973,109.14306937766096
22402268,131.84121598334747
22495547,111.69390581796851
62732805,154.57043841415586
35149813,844.7770317978014
45074208,126.53001554947654
16930048,118.67215278446237
37034316,347.1668187766577
41257506,893.3393478970604
37119194,72.90606219017934
67834562,191.3761898643748
34524417,187.49895857045598
65917034,1802.3136245791036
89187031,1211.838849308446
38918236,343.67475769010554
15343670,1026.3090300384986
14075655,181.43803312733235
38174910,1116.7765922151614
58723158,148.20579717910104
60249533,523.1938762881515
97281245,771.3643380057784
72949298,198.52306997804797
15101045,98.31967425842984
28123842,163.6740661461305
79777819,210.6455252625209
49207880,198.60711687198622
80546483,640.0173531233754
64032695,161.8772918454802
13192282,405.4818561847027
77309020,147.62440701985264
61977302,124.18627698548751
97344057,103.8879580662259
30586194,782.9150164714762
56677229,626.2880474917903
22130117,984.0109786320827
40261245,123.23675580211012
30166032,153.8729028415919
77089984,141.6464124454385
26878900,579.5730910945496
61371436,180.82369908008954
42742062,151.36893149320932
95339974,228.97232980960456
56107946,176.41169511133492
75011328,1058.1147284580093
72662754,873.6496738530226
72203106,101.25416466076167
70496852,311.0490595800892
13201993,54.560756953912104
78164844,24.741891788723436
59342403,239.40520232624183
94540895,1605.33942296028
46539631,701.9809208400842
72239923,119.34657285636692
87927143,99.32238025219253
58112642,301.309577037096
46348606,211.03651189030384
41028863,542.3979823298063
24368370,189.9949019673504
29933781,644.4611123035521
82791847,192.60219217436259
96015529,131.2529007923301
54561874,108.77825745302316
53184693,110.86384326748208
76671373,1155.9565686153012
63611357,278.6141585351644
80706420,266.896629644584
55017743,221.06794840826637
80689892,106.79469931942305
84469446,269.11410595197555
23226721,304.21643945023624
85084580,88.35505274120578
80669002,190.83140239114059
65745002,439.60387152145165
89007400,398.05553368681774
29824422,425.98309629469503
35775431,606.6302819675202
14074630,857.5884397492109
72325201,995.4992698306768
23874500,828.8919330597719
37300173,176.83082124225427
33493494,652.0166543581839
30229764,402.683331529053
43966954,470.57017686912127
27845488,285.3254399826247
37461765,1043.9153648190354
54994083,471.0502316507667
73747516,-148.75667943703903
41276058,310.1611585871473
55912598,72.7196292003555
60686267,153.39621346573378
32726148,59.974669172397576
99279088,545.1121712054991
28728541,507.20905253543816
13858737,2660.415313180227
21895570,551.9514441482539
76323759,239.31463511109573
79038940,180.0395172350984
29272847,132.86723407403156
98713132,138.41563561898744
92394953,922.365398780167
96580365,321.8448526608179
44481344,256.8239941340779
16420037,136.23612897667024
93921984,290.0301305896257
26481610,116.54416250520369
36292815,2584.8497487209775
77806189,597.5192508881665
75958945,120.3652991918868
65456150,415.37961535503666
80743824,306.3116162950182
49966934,316.8269710935368
86026791,870.1308360152824
85816309,317.24512985231246
15568874,527.9671902142793
99556884,670.2956519754264
27514144,205.44474316951693
33950340,179.39619816425105
90674412,116.60053440093999
31688776,133.15488599583875
58380703,543.480117222423
59666638,120.5861157732712
28858647,273.7152529353589
96281488,2923.4034745521726
81757957,68.76155409583731
15387606,142.47941679160888
95978588,46.88634017356811
38876766,247.5341217671972
97177476,133.60548440898353
56304916,502.956023034618
94447504,114.77235077097194
12858830,90.67530935012206
29325031,117.56169240214415
45137864,152.2897080762171
40574206,785.7950083729459
14671172,605.3835388560019
79393183,155.76720418205218
73490914,890.217844106376
74160460,123.45909024329805
44164617,89.75406461533957
82646950,154.3900469393978
13359174,94.85388926519475
75134927,325.0992084064601
36042465,183.80173095475544
83839627,122.5746350691122
23668396,245.7238910536603
75299261,304.0606676498337
41480775,96.77534595207332
33690039,119.2690369841903
22503085,1287.593582708416
37466667,289.60712735735615
14321282,201.7330528681437
71351933,368.8345899868947
87081502,108.94895927095557
65472553,3392.9837707777674
99213360,140.58871730826303
10832464,147.9880007065436
51819797,825.6332223162984
75955259,176.0098564342636
88647663,356.2914543429698
48629803,313.47531375840583
83286245,103.61906809683674
88766577,994.7884787213903
92941012,370.02536163651223
77129657,56.57275781098091
98212477,101.64704115180028
47578988,226.92065779671742
50209960,193.51648836172288
34219777,535.1980052397818
79439231,93.67006692261599
73635146,291.47439346542666
64910994,155.91397174949464
53834693,686.1629677156205
11363592,222.72578179848438
10873772,302.33456494697367
87767702,671.6952423480316
23454749,800.5654964187315
58196808,196.54486182711562
68491285,155.80587298412698
92242279,101.93430699303033
33507598,539.8205334423187
31155680,138.24818942515884
69782815,877.4527417297759
99510246,112.93886229353086
76945883,232.2356715779039
17094345,69.98046864287203
46337525,214.4413791249464
28488983,648.4603351623507
16761031,186.56094343972092
79032271,112.46266276097926
62295468,219.1597914357184
34239247,122.9208839931138
13382072,482.48093870655316
22594211,167.05160814824922
57247913,427.44012148256786
91685716,244.14764939365753
17466502,747.9105446255948
33964749,574.3582046670058
51427608,261.6386118465722
24310192,126.11734543839903
31116680,275.0024517915871
11417356,123.38218573949915
62762079,74.92672458506841
42671255,2006.013906221923
96926020,125.55832776046852
50275050,643.873177739763
39760605,122.56758998128119
74898826,193.07789930177069
72916922,153.95615371365673
15943032,184.1013900222395
74582816,286.5131192009528
59875250,210.69685026689388
80790659,710.993477637722
19888418,252.01671678103767
31588130,-17.88132718528608
66158465,150.82207820333684
18800645,120.49919486807602
64505218,106.03963825071075
56056799,157.19873010893286
10374837,381.26415024379395
41300143,101.05149599880039
78621253,128.34177621582603
11141195,-92.67607555563443
33865847,518.5353956409572
90610974,475.14458735974915
98930552,1420.2854768018542
12727530,144.01191649577657
52930535,429.0321091540238
93753865,327.2958329408641
70595210,510.22237178133713
86025280,155.3596277370639
78663509,131.31299339279667
21322626,528.570108288538
38172344,198.69479685564812
12467923,1166.0533606672852
59832255,785.6191654524899
60019461,666.1984510854495
36274445,556.4827090979225
35417851,895.7162306935664
24997453,684.3716921162732
83094532,126.78689603056013
90174488,1868.647542078678
71319002,225.17460950485622
29621396,474.26267162202106
10011880,855.0188083926477
17190126,1502.2007020799142
70424510,311.3322831595602
11417531,261.224589157871
27554957,174.6500470250337
13689480,512.5173469797091
69613512,271.47542671376414
74318773,521.5509611024197
45221034,929.9600054164085
12200305,161.1723566169229
29052499,138.36122232333744
91168920,41.92200220676242
99587330,330.3439474115894
85493546,457.63532458555227
36510260,164.870211249069
40370308,816.3834425316348
89123563,513.7447285982729
68894033,368.3714893442931
73938236,963.8962091976706
25242707,223.01193651024934
87339346,1139.0867137475302
34182148,843.2618031935305
55488547,237.80116858721678
58799207,399.9648125028177
99415472,367.1702719070276
50374353,259.61756385339055
44632960,347.8917526737221
46918499,607.6137329816179
61219752,159.10485692639833
57928854,108.13451641702882
22536598,1052.9768526675168
69936903,144.10779892444413
69696012,86.85423386230096
75807455,768.5454250298602
31557332,1104.5084932666239
98503124,311.0489455916492
45347570,272.63858736740053
91321804,754.7201142436214
56392111,516.9589306730929
86308272,339.84850229298235
64596791,689.2520181696951
80652734,594.4251312562159
15067372,95.19226323952616
19485124,86.72815889630024
14453004,179.23195546635273
26285533,124.91532428219939
92838656,115.85436849274792
37408293,115.70765360645059
44619550,487.58538210792466
12229798,99.25350382136251
19471907,527.7424696699009
79387412,2871.0191444931693
62896852,133.0584626918106
45934349,308.1753758713851
16860511,118.26436233748083
43506983,172.82303364172455
70740306,150.8632508399738
92814410,895.6596992233267
42104710,210.50544915837452
23656647,2786.485525482582
16622582,787.4573097334205
91730318,129.46656305699491
71502047,403.75424503711025
62198081,175.55121268691812
35586426,98.66307954914691
73159054,143.97202865511102
72932579,152.24433623020357
15860553,1027.0167655282041
76499202,2089.312668122172
49147306,995.2111488246119
66173222,1137.6826086258263
36048465,111.0855347598043
58226162,377.4217710869179
75348253,343.74099860799726
29406516,127.15794153730262
30120831,243.4031678724631
88886135,253.34922408223755
90716300,173.86522230429256
12118186,117.95531170936393
39388114,145.3427614465141
43348151,332.4416793836566
70648988,621.6163966446098
89828759,1796.0285690284459
25774436,148.34363176265842
56166234,148.04737322044346
46207048,301.9633585650951
24260337,2018.7038021159474
43372122,226.3038863435797
99211792,351.83977153773753
72425048,336.0231427345515
58848576,681.7750532707892
69451066,89.79295633498057
46571746,682.0417796669332
35037281,113.88128789048957
85573733,831.9713790554039
85004009,156.2863465902969
98713147,165.4816537882695
99574842,440.6853439901888
56403873,234.62037995550645
79242881,206.07382025062847
58458582,91.2508732443266
68482067,236.10306533483467
16690135,124.6293289115181
15173091,2139.0497273348865
61448444,397.83922205660144
69237042,133.81636930865753
85145895,374.8516113488749
22701271,136.54201646071618
39148372,97.20965248637923
94500108,492.3931682178408
68415143,845.9768628348801
40595467,282.7527676642276
53076141,197.5840753641568
73641861,643.0762212788957
48605668,96.82189570500972
69923530,136.24745316197556
49319680,367.77951142967424
45928049,138.61954334782973
73814109,222.02823523128743
61386764,1743.0353040111074
67209776,1002.8905274944096
10596331,202.19459384508093
14387887,222.44247958265356
66568548,103.57046968494107
59240082,227.00467179992026
35040177,239.48603121584108
99480365,437.86818643933736
68333386,592.7453530139453
95572882,129.632416450754
38132096,1068.4002510066157
76955826,297.6738409532114
17729676,245.37145320102715
42211142,1182.4852709628994
20158681,205.83778094740444
79393152,582.1941133884394
39911125,136.41175115431298
88836366,1358.6969340386468
20409154,255.20187284681518
15026679,226.99226828448693
42131515,529.406157575975
54650905,75.25997373494882
26838390,170.6617318525932
65068346,511.5274043310556
92979933,131.51013252759967
95452518,156.16380240903405
38822689,102.60125100687836
46355252,629.3703794101629
12444224,76.43296045126917
42979270,434.8113196137338
77573762,233.40578506940253
14826829,98.31163597503877
28709839,408.90393487247644
18829646,140.96186879066033
96568537,172.63625941895285
56829547,116.45500664101321
93979772,203.17199493496514
17626588,932.2606985913102
34011504,601.9225791802162
52636134,317.68921401128483
91687348,329.8047576655829
36508418,172.27856544770734
82621948,116.43560958299189
89318730,125.18999548641735
98717167,106.01753470456147
26278873,104.3696467903275
56823412,1485.2250661794933
75609163,749.4312573147193
90104725,-53.945881881802634
75874553,334.4062218322609
48469293,192.41427261817392
70313722,2800.4862094697505
48269879,957.4137139114757
30338233,118.67515601316997
32779513,112.74310555411081
75548478,191.17899512243957
38561257,133.5724136957433
10945373,875.0464363186951
15756944,1162.9771627113284
46940446,328.00249498490155
24659465,170.21779584553803
88948806,971.273679015291
34164402,212.96857367404408
79477391,227.81223270368469
15537006,287.22882910987664
88911942,150.7175761379167
96378293,128.56653416995326
76422231,113.21538089976717
12309843,260.16139216665545
96239148,-227.42520442980643
86466781,186.69850733694983
49050128,96.60745577781579
14724818,1043.473209124408
56683970,956.5528263583366
98393974,92.34935748884278
84824034,751.4108693455978
92573067,99.32989793472859
73226546,167.05275882347036
61358064,283.91298611518675
59398688,1241.7783284198945
14969480,349.0440582127365
80588045,170.4220153322041
95597071,165.4637057784357
54836005,177.79940798784037
23220441,442.9158867225574
59018993,492.72937724651007
68425900,177.53169058842718
96400633,132.54239669245254
32664783,747.4205204138912
37951383,260.5200849226436
42701020,180.37993201413929
23132709,297.6492931460142
36039638,1277.6316501983276
14728562,246.586052245415
62765095,244.82625501217996
90518206,227.6188729813605
99330676,794.0849646299378
54002963,460.78908794095884
80024301,154.74140545416816
83450392,121.7596530427253
80827964,162.32684625789048
22623823,635.308380607731
85154401,508.81270198475914
92409200,497.17313207559647
37461274,710.4882914377337
39412052,127.00959164190725
99188219,141.42247842952992
10533163,10.285811327011897
16576946,417.88082264965493
10571061,1096.565578209945
11502784,126.25413526524758
10627022,767.8071545146098
66112731,184.16095087926814
12271580,2370.8411291174402
19300863,159.34414974034715
42301466,379.95037142758883
93227392,403.7611434777132
13989390,438.74230937860085
83189444,81.46571487723327
88982820,1424.793577491133
86309809,1024.2050420783373
93812427,311.8113657684867
79351177,371.2863859635606
73882065,230.11915002413477
85331771,70.90872846188066
33746879,418.9849622767714
90357052,149.9126650676874
42998447,188.98542885641646
42297649,136.93839312714204
74232297,83.06735408109704
68234963,126.83716622443163
79955240,146.1474067139065
33685499,38.43205269288215
74031111,128.70498615260408
81527691,858.080640954277
25578339,338.90685652632163
36826714,188.10055832267003
66720469,117.83947871334213
58271754,814.2078772287463
79175453,111.32086980930052
91006186,392.5105288452524
75399510,155.17572043236356
65438642,159.01190503675025
72193555,396.9897046439792
52661224,614.6371312645384
40274658,107.59947092123899
63582038,108.47924193675439
95316180,193.8033478941851
31722576,103.10491266253837
51439680,175.77047350947052
92864642,658.2386316151914
24588628,221.00525979163677
62383426,98.38084132900902
91245064,122.69553444956107
61715372,177.7289321017198
65148106,372.36274134469585
91441992,152.84129425991188
49274969,65.27369056333056
33917232,340.6190574467482
83235081,161.63412478681107
40753215,103.98162818872126
70796627,206.09808646319175
73931614,271.9499426443627
56857736,1779.3180315152297
54064504,250.80540342771113
20389019,624.8491203268383
57574601,259.7781618664023
16478279,212.73108339199277
68356151,171.34414830701905
99711808,76.32081201856577
98284968,270.1465701664501
30598390,114.0135618281272
55132880,412.5788794037307
34163532,378.5373963029455
40857770,145.69438832220894
79839486,324.68129403693194
78134573,555.7693339919261
96251286,1157.1497550256265
46606815,183.2216391146699
53204628,127.10385758374107
39264189,1527.8179519046207
66917873,458.40477206109693
75228206,86.46189232681193
57466748,131.4536128198048
75500440,225.97034293179274
88152254,1726.7567515997298
88711927,111.60352029768454
71935730,350.8185849160447
11714210,730.5285989121836
99304127,407.8363002624564
79629484,154.19650868924631
64599027,763.7076311403949
71633685,634.989677679477
14342958,343.81775391611313
27958253,115.31468402139035
61174518,63.48155642742433
74916891,220.86542113293714
72753968,398.5152920126849
36262662,129.14057899630586
60917615,98.29061650385559
99306721,354.01560265009067
53075886,320.5253721993906
73928511,133.2942836896587
19965325,199.34990840225674
54826574,1134.0011525114728
64209168,332.0624516890339
34147586,334.3701527952075
98269123,323.543542628687
97467622,378.65156945092
85814087,125.60015366532241
72333580,877.3151862929305
30873738,286.9495538366396
10331403,203.87797126800976
35344119,60.49380119273587
35769080,134.33580067492005
21575135,62.18317173375158
75304823,774.7512851872692
23401574,141.34729505709936
83090193,134.05221967495822
86996430,202.33740339916477
99751646,542.0521623445497
23591049,118.0987139785731
81709576,556.5422374121177
82444468,151.45028474609094
38288153,3214.9099183191283
87446209,208.24814937761593
12079734,393.36093611009665
25058080,61.69262969182156
89691662,238.9098347775547
13150938,148.49192228848216
36020495,49.96829314835878
54923182,344.3122132401556
28841079,39.88503283169187
41392965,127.15194829422985
17119564,65.70839182225939
57430704,881.9950844935795
36272284,784.2991632195216
91925114,175.3346987205063
74412922,1151.5562850265103
65743046,521.6662898269877
48653211,592.7448533617031
36332370,382.7871514726783
85424579,118.04872027726623
95090269,200.01776726746132
95971802,117.67255415197279
86256336,544.5230577081464
31156844,455.7592711807979
37688219,273.5509510697483
82437324,114.29958855084017
21950676,238.1092293836376
54094553,95.3972433137173
74374536,591.9029004110528
61738687,227.572588879169
19277250,134.36696194283257
84311990,150.92217982133556
94274494,118.59258196419282
89122239,2422.381592860103
97119289,743.4096921370104
29959537,63.19451376374106
22777840,1344.1011823911037
39391011,130.655015180619
15127918,343.2369819587115
47251761,1590.3532345351657
20023773,112.58820239750585
96682736,118.78615070822659
12309412,210.1164560345018
11517944,213.7212934080396
59425514,1304.0072368196131
28854961,538.9904835131545
63750719,2141.1344318371653
69531684,461.72088068778174
73516640,148.57237797480653
92500346,757.431539649386
66124065,108.3177278092495
28886163,577.2207977534384
19680706,196.62720195177525
83673598,955.8087138234212
85519237,114.9279747325966
37110854,442.5867327553968
96010780,740.1051203425408
51391268,450.82804174151056
17655078,408.6192040731612
26863121,346.4575188887924
30839269,86.09415258902955
22418770,148.92876255610503
88029081,527.3037637391963
27689636,127.4305331538529
58431423,816.4351066772083
43802347,369.649982914638
83961382,286.348381095973
27938336,158.06104712377368
35978100,151.4082165247021
89319775,1573.7856085949902
30362974,149.16556138607774
93105032,1766.0925732899818
20314268,126.50009240752922
34550012,327.31580551601104
28077484,412.0283260215841
64656384,213.18600051141684
48022436,90.51231488352488
40507726,834.3109688520477
10314144,721.9231981222893
81012787,121.58717834716829
45672873,221.5232659181061
25759428,163.2575767064761
13512722,292.9632549423864
96070498,104.45176600772137
21352279,386.5644567814731
54205490,589.36347770761
44645119,144.36118689760687
37332321,136.75137406763866
54601842,486.9054210663295
60801709,183.8872208681055
28903523,148.72779407230675
79159760,167.18939886051464
20416757,161.21082465769075
38432201,166.8056763249725
60739859,74.61491613500455
89931987,218.48159570968286
60999736,136.54354544386655
43182602,61.92621007699259
89739478,176.16362757318194
50450523,75.01392592385461
73950928,301.09436076481035
12330781,110.1378093742195
50236542,165.79331143098213
34912503,165.17280297563298
25536468,268.28048461790894
63776599,-42.44542764066567
56389530,645.0292516476719
60881312,291.0651525082651
94656046,349.7433623440114
84143693,304.70312999639503
60768240,1186.9428470330838
60458308,85.0763464928183
53948557,494.45236630101755
11612817,128.95613450112262
71889062,112.97801647188491
77172079,1021.5088596850173
34222625,1558.3819332754176
69965828,125.60694060464563
94714430,22.764285221429233
71961534,112.57503122977037
32936108,195.60723750300093
18431618,178.1562639221542
13548537,794.4172022879571
86674079,1964.977124018785
21748194,171.64669872066997
40124541,394.1549865768589
33347811,220.78122969351355
92929218,109.98481124929276
72190892,125.7219339648814
66963455,1230.6856760881324
96157867,111.34137015025875
15254705,1537.7215510570452
89064766,125.78895163639469
85305349,456.03645705496945
58781934,146.94996947234802
42553797,739.4776235753799
18721533,585.4391545920706
58244383,541.1180024483779
13696896,378.4226223336211
65894339,125.40149219734856
61098619,203.60963594511452
26018756,349.20010399395056
59479424,194.17347031888156
81738781,94.84261878629253
91106215,659.8444553354309
71223563,326.5201396327359
95945745,545.5293720214531
91424061,203.86756929289888
67135880,228.7197251345263
15528553,802.3696106612273
33657705,148.35608101491007
62553289,167.08778906954248
60993054,142.25552493535042
42800613,534.117198697232
17769800,354.63183014076975
21401202,171.10130222816943
52155473,267.74490935634566
93304650,501.41406340223284
51407728,-41.20842609525553
89543732,310.0280838662873
43419947,55.68925200760955
41488699,116.87146283412162
60974422,115.70471851519291
65352047,377.9384700436011
37012905,265.42099206562233
14787203,175.9543591573298
29417973,159.07291098134826
19835446,689.97417766529
43255500,1190.8707175708414
28812691,167.59643920510157
18722953,128.160269261671
93227004,540.0222114437054
35371569,1570.9944262925455
12076594,91.70973353641527
17330331,99.36677703785016
70946197,144.4919985916029
44132847,85.2203086265146
77445263,102.99501593634129
56880921,2274.4093201652217
11480304,218.03363318230953
44407005,1199.0993747035316
57603851,162.31801006900724
36951093,123.40063684033157
18651476,166.6589565012147
28758403,1358.318833824589
29842235,58.6632085722116
80915194,128.67105559079107
87361082,148.879187013809
67711479,424.85005806464267
96493355,82.47481650439653
60783295,1283.1413391093913
56178874,125.13866208885442
36921713,918.3234942283071
48581624,104.67718587732351
75576141,390.1897049339185
20755403,217.2518896489731
52097748,135.22423562869972
30927924,181.97181916657993
52924618,283.23202737869224
23083091,91.0661704016977
10593933,417.8670867412528
14984647,93.51946082768542
50764768,861.3504263890045
42909851,6.625757030958882
47962891,99.42607337622235
24155862,348.9243836432747
96222874,703.9502680403634
76243625,223.5065055013071
83785580,408.3113053066757
68046684,240.59530452992541
35026518,468.6928336415922
21144795,186.61777891314395
42304823,301.5703872118594
32449171,109.30254599982779
67804951,441.577653764905
80988109,348.6279351131713
31562948,536.5906152619716
80571715,290.5891749093923
91879270,160.09470589740025
80331872,86.62200317455643
39788137,658.523575588318
78186126,241.9962861010907
34300076,81.11453184382252
70710711,142.7256755952496
19520201,101.275783401036
75968232,354.9535709986333
62441830,467.6487752151307
87704160,182.75478404324193
38039509,321.575731816678
87299257,191.0558772930504
34604480,313.0977262417191
93559487,506.2920831800706
35225951,197.43674573535375
80500038,130.58042221884853
88587318,764.0483044892873
72460444,100.18396456172343
28502361,182.7162156405847
91781888,582.7338492642319
83528344,2387.045757995072
15266445,206.73784402617068
83532377,482.9916890569833
74780110,199.07109950785787
88664511,97.83537601847894
81767501,239.52489871543358
41015579,105.34636095040214
19338404,200.5372352337038
14667759,683.8427177929289
66260119,1764.8953664928206
20542479,1431.0261234368945
54097170,99.10124083358859
35669653,151.60142680342537
94127563,90.55224788097952
81488029,122.10738216723774
93329952,760.9901832247847
57217043,106.07682443119369
65522547,480.2335893397032
73695068,128.8943333781351
13539769,303.2728229941735
44056017,502.6402990318925
46617581,47.56351813063498
68464888,111.86071042935761
45303083,496.3498079853603
86984156,87.24702736702072
56630529,201.57100073292844
78254395,122.28650943963581
30913049,277.7754809104079
82688614,87.84207821055337
88893045,169.9124158367125
94639808,405.4539370355844
52742143,818.9914294028816
64260968,825.8124449058488
76546956,122.47958134017247
83523035,987.3387124041047
11013053,1127.3286514226165
44130994,184.6165150427883
53796074,613.6704440756398
35498168,572.6074921079958
63562445,137.39717493889788
42365113,166.72763907253562
54613679,139.1225990233181
69835682,92.32770858450674
40747675,119.18021043593578
37071709,431.3352727464622
11644754,1668.4321795443163
29456046,358.92393128753133
63575365,100.66628895735973
62030210,142.07829137734575
84640048,118.35743287547899
61377846,481.9444249677125
72441550,1204.820566226377
11270022,455.47297749704165
70261792,90.43877573539163
52404988,611.3506637464837
84003906,629.1738087672576
31204633,402.28922962644003
75242666,479.00994181464205
49434528,135.65976476690625
42863318,173.50124561578804
47571305,405.12297951638146
66490879,185.7077940600301
82396141,180.06600193775603
96803616,319.42902750690257
10584088,442.45187434874043
41994657,132.28303186363343
87186973,90.15437427717004
71213873,88.10907082402203
49764305,55.79768960329379
43725149,492.8527524840123
83812129,152.93031595222865
63290164,147.25470055560783
79318573,442.78203518970906
10844028,91.8347860255445
19798231,1487.652340110303
97056407,73.98762405168063
32215003,361.28495997233364
94765090,227.70861444240964
47235057,379.2207579295124
94429036,230.45841993319877
19267342,125.023087338294
79884507,2942.9344743572615
68548734,161.18632700536537
64679483,74.01888538483809
99761027,256.1064003152294
77538039,779.515134451835
28035639,166.98085258216028
66579510,144.94320728565472
50333547,115.5074919692031
30957545,103.25434380848547
87343589,417.73456023216545
45470859,95.10051331635503
57383256,369.7049186647405
62753404,118.39784982951764
65906932,1850.1504766901537
54060112,1778.8856284248307
88317327,365.27495242977307
46875481,1125.8963977795734
86614127,664.8789648004313
91675434,390.91476328787877
83895227,809.3247644091526
86365373,185.4955176289455
19948626,39.51748049577808
79630167,84.98863250595247
89106944,95.89438320575411
46083057,147.93368276813467
96150610,134.5332511207986
35015883,107.50785798992831
69747407,105.24299619787338
55538576,1855.096096363105
97411049,113.32178598716371
11519556,232.86311233214656
81677533,127.96108875116863
60065328,229.26894359194495
91824420,383.76239239236736
72549395,79.52162747888391
75208950,295.97442337734344
54258616,187.17097339502416
28371507,285.4659863314894
33800661,766.2287779301055
94718676,457.7281979472313
98426094,110.86437300654008
41019343,342.1132218949383
55953203,436.28709373153634
97258831,151.67830061812165
12406914,94.13024057581895
54260975,104.07475526104375
17839314,327.5020940970866
59228162,132.17063831813158
53104947,499.06552271739565
13405871,1132.6679127652897
30540873,171.24960749243473
10681459,244.05271500314979
88488173,117.09418878973376
11138134,661.6772170295401
55965946,472.4848461865532
21024415,307.06553321064484
98633407,658.3500957028822
17665044,252.11581687779997
52365929,100.76736116417462
45919010,99.07255339215267
29159751,193.6135616133036
25938815,87.39458342498266
31864619,180.82478946955942
84907440,1216.8360560301905
55408023,101.522246503369
97513676,409.9991649691586
71808636,254.16774185823814
37329985,1165.0862255866134
66719590,259.13953775831305
19832352,819.4505436101038
63673893,1043.192294810667
54185196,199.85215260908635
66171184,409.39331334311356
15702584,243.39081094100567
26362681,1899.4145166128326
15300602,217.15393062887748
54091216,386.4759918798118
41649165,182.6371886647865
17221791,174.62943542693125
60925601,156.85700785036684
98579259,137.785399990479
84327985,580.2272143157007
42373455,138.54212364937118
51759034,525.9513072015026
57369993,595.2969076320521
86174456,212.9100435289415
40095064,123.24335981061144
36904267,651.1677833625992
95653857,78.94134909374685
91047161,132.49313463344797
24858933,138.21921186984724
43668504,166.03685714647335
64688863,156.19238823381542
19394328,1161.7490956696918
90928544,133.9630160122507
54501975,100.73143281946771
55816692,112.34504985653125
54235055,92.64949826194483
54802075,383.41739268766
44582261,88.21128979148946
30580440,13.7922465621529
53586985,58.943584034443624
45293131,148.10965429095708
61623792,102.44926171692582
12664255,292.75986690708277
99282552,56.874273001859244
57422029,193.68085647238885
95049365,98.56581797699535
44630924,248.42646344231656
59932513,238.41312455845954
79864196,358.8004832352902
38025450,337.95139300318715
43187524,120.9981628427878
85710350,188.6506682146725
39439329,195.8633146485284
11767243,541.0009950856263
40729807,388.4527330987441
95837440,74.70355099828784
62785546,77.35462885194049
18032525,1191.070170562669
78515248,772.9535064569484
64000264,284.2240988260642
70932637,1388.6721535155532
56631286,1181.6691854507399
82611641,571.8168775243205
14610215,94.32430002004214
65282606,142.2926451075132
31080502,344.2534430869129
66137109,562.4829183978479
55286917,213.33562343887732
19462876,332.3660813384774
37235871,918.509025154314
53584009,36.36626285455899
99377565,457.36260679743066
82994298,247.58255914529576
64250472,104.15808762324286
61269314,461.28308533868136
26299312,347.56920249157747
97300018,874.4296851274453
74523665,416.3731438271003
19970243,1118.4432903765132
14406104,253.25571399857864
87865772,467.45402554332594
12224440,130.16909172122374
62628011,110.69225370994165
30735313,345.65738732898774
12214322,146.92148405459722
80943078,367.44244632690305
89421265,912.496112388703
72762674,78.8906478463543
55920835,-28.067891474963627
95456446,764.2063777734475
96630600,253.2731986044539
20077759,240.11433131130656
77066065,125.55559646705265
47856776,575.4524509883454
31685937,357.33665166325835
41522098,658.277765561158
30032101,112.0702671231783
91606427,175.5515973017938
22900349,185.42718793070497
43552678,320.4561790228467
38881909,267.8159177234765
77508029,996.1363885351483
95128506,100.28301519723259
64627729,186.52178515048135
56744301,138.46647591694398
59338251,425.57413381541517
19662574,189.95372513597383
92971829,161.0613130612725
18409584,972.8545571332994
71760159,158.0872864983173
43660858,418.7080076758351
77997629,117.85969120307236
33928732,263.92084909783347
68629875,878.4607825914217
48480450,307.70417760435976
54283664,296.5067591705582
65942293,385.4804808632987
95573502,1180.3833039977544
45086632,107.64741607074784
23012000,205.61852156548872
45395839,473.86541023816335
15432712,481.35606898137974
72298046,440.6140942924092
84408769,127.41179007972508
25246226,185.82068308395336
20056705,72.38069442503362
67856036,347.50058157118656
56138985,125.41252825210974
89984541,80.2350666450412
34860961,748.346821453216
55067089,229.91716451870397
63717753,366.48162825784567
89165138,171.07819724345944
22336894,141.18194517249862
23089519,191.26098958625855
74572156,283.54710255071205
96120368,1592.6980094398189
70734227,1601.0342375355267
43842124,226.5859573118277
98567604,479.0603435823048
54538757,95.85383823490385
40105171,475.98638388713704
12135438,405.7618854599397
73738446,20.75454630253305
62385208,253.54357455795753
56062641,244.5277176885726
60234485,207.17366516437886
37490148,493.9366362721561
73644773,232.26372926908527
25147876,288.57243814640975
98738159,101.29179520974866
36202424,187.27932922730668
90053455,949.9141501822503
34861961,94.43107479118936
40235987,128.0317327632393
25289802,214.7239750655202
72831408,1272.9141099913709
62725172,392.814684168177
20547868,468.8300516778746
43821417,379.13589134677534
39911650,321.2247989887005
76282034,92.91661264899189
93532589,230.10118089276006
71389546,605.5471042508085
26491098,129.76989017494114
63364173,773.9715819671475
74256814,208.28747102052472
35509595,74.43600447011272
18139863,322.7428588922488
68577776,1097.293730021637
29522715,334.694240405906
77706518,316.54328406926857
14006179,415.72712516363765
92579248,166.20370076564467
59229974,143.86054501568725
62295609,439.8082578703587
84259414,286.97362816737774
47815936,156.5767505075234
81563963,2157.805992327334
13005852,182.62183186165814
62738558,81.95654139850416
57070759,20.23286070540639
99600292,128.35086394265977
94306787,352.7383745830696
95225104,186.58727263200413
55330216,91.26275165029341
36532262,103.15220056204194
46565446,771.6250971767263
49087723,224.1946420943175
59534453,372.5392096353474
48055811,187.12485678449096
88400730,172.48625207180027
99040799,1533.5531909433828
54783545,87.21070710768815
51521420,164.60930797623033
62125112,448.1765746639679
41533842,120.02517938360182
37548888,129.4968739543413
15800993,652.0541761637943
72777210,1116.8631902258398
27213732,933.1020719912646
86541928,211.8975009936935
24899277,117.88695025526638
87153365,140.64389412915196
29377093,244.15094437970205
17126249,640.4789359429977
83735200,111.05424931455074
75294081,2000.4182621667599
50305812,77.1472760820043
80598326,93.34259921026998
73085224,285.0670082788624
36011967,164.68497150106202
27344122,429.37855232374045
65167661,2015.6862221343802
22697886,924.7760964076348
79772982,150.23891729683592
75656583,188.37202120399436
28706133,128.33807044433442
94307664,1912.9434698921236
79181014,131.3953767665622
64940514,1122.7177869700508
42076518,329.6680682327527
38290514,217.46451328422074
12647465,963.3387790343731
51615379,702.3882035453289
58583551,141.71869277943492
89324282,276.1313639334027
53391853,62.3718279179759
22488467,2654.046943435193
77912827,826.7970329812416
92699296,1723.8326502896725
98391080,191.86408897876825
25085429,211.3121313127661
58232338,788.7771405529037
40856740,1000.6329810847759
86463099,534.5518918158542
30661871,226.39494331332187
43294411,405.859466399892
95379944,116.60795651062834
10473693,121.91562057898834
60542399,806.8573168456173
52521598,123.99752012387556
78214020,338.48416850214005
42119756,110.78711355867871
74645008,445.0896671157253
68736704,1765.2764870174599
13851365,130.9724643242138
10956933,1210.2231495798908
76588396,313.20402495241024
48664414,760.7961721705001
75409758,130.71365743784028
60867152,266.26994121697663
49408128,908.0192217520786
32398201,296.2314860240374
33820657,115.4994297147394
99096183,1628.952825020739
71729207,42.30052514535435
13424233,90.8635070616351
69313487,402.19946059820666
51427900,176.13502790234494
20461232,1456.4564891731577
63893951,189.55920371331538
93871936,201.6034830748901
63699477,117.24901666452486
96362629,498.94953637985645
53928117,277.5597650770927
41164553,178.4212908969834
36908648,205.945733305076
29666927,156.52074284292817
11938394,524.0254097150453
52496134,92.19619512190197
32481667,98.11509208290954
61487441,696.0638108387255
78992007,1137.033536708963
52895411,165.99414374344315
58726779,147.14347364440283
20458217,294.81268778540687
60265538,217.45066862265227
48479448,152.60318397482752
72404425,288.62887471925586
91400370,257.1909700743383
56260955,123.29377516961476
65491665,-27.795277352699912
11663385,76.76893604810166
18615500,1396.5395191990485
87935522,96.53458402942992
58889457,105.98810186070179
19169471,355.01107353691873
66133962,428.5634058719418
66731452,625.740654952984
39410896,168.68020863232346
54940054,204.1213526966198
10662394,1216.4645206506318
80972130,171.42192875511196
45235634,1192.5460470207404
32971413,346.324847944558
79283360,197.0826556998685
67055260,302.79237597450907
56118755,146.92695948288812
29230461,1392.0026690305538
37178907,376.7798220196797
80400106,184.051120755443
67091284,457.70202921517
54160936,2587.106176163279
26849200,125.56514649299923
49585462,399.0446579348172
29429374,110.4516089972665
95616903,3764.014442714356
40605040,134.72950881487856
77364221,197.27484367640486
63366619,300.6463589409765
82932107,211.709644180737
11504000,141.11196219914598
66338948,368.8672898314506
17704772,399.39810275850795
70406271,135.9159057279795
78457345,1833.259972962617
47160363,149.62197074544466
76792443,280.3057491765137
76133904,156.17190414383563
30534387,152.62184060628573
27949452,299.8735528508827
98920505,232.2420102348115
79101538,-118.63813132372947
41201623,139.297788470767
16952322,322.1412026550156
97020909,367.4792644686906
76043497,302.0832615418393
34495964,262.6377206762971
68971691,177.18890589518102
68553106,204.5947606785315
90311747,188.12064869652636
89361909,81.99749471243317
20406930,238.17547145966947
38933836,338.6479928526338
38377549,211.02774986661947
23346090,204.45776224432475
12625694,361.60528210082197
57311677,303.92387191737635
53924641,120.22751036167013
36865701,755.5046623863318
22626294,208.7513174933131
94697405,72.58318730668712
89675917,196.0644020091801
28055737,126.88795401082173
17371555,510.3072419985755
31452123,246.64513335487052
39910354,55.66190803223724
16661684,79.52811001965144
11696365,324.6040669695923
13890760,133.65540090001076
23308655,109.9095438081799
58265470,80.85527275817893
23915393,101.488574016085
47202387,2257.384201349627
63170132,158.10588138998017
85663208,419.78409141253644
11731667,88.41733908895559
96387342,419.40141771969456
56912577,1736.1600040111095
96546739,210.0709525871393
56118135,90.23143981297255
65848480,140.61123754573103
29524312,165.06500280784132
61207733,1609.071964248017
95068416,107.64388893528594
93730714,120.82491474422598
58209441,123.41027702141334
77468100,234.6535874932901
94556768,403.1274956222382
66214153,145.10677674488247
63178801,446.0256352877721
47025809,669.2911551341614
17223815,252.92478580953107
26808769,322.7780408314622
25114626,244.11614306939902
33184251,264.93089819550283
38562723,286.57474271517697
19383477,160.71424445000386
81390291,160.13676573537575
20998216,538.6020116087477
95233875,481.56830550579855
36756234,516.6532885865502
80596646,434.04187761526566
92304937,445.1801531456003
37613954,281.080484684327
58590718,134.00152690210462
53992915,147.7350439306599
54005253,178.1770633672812
68781482,37.38005675108429
70720914,114.89947061702581
29283338,396.47464135818836
71373910,109.11577939919518
82737999,112.81274768897167
38789318,81.82777315657673
50526394,584.1943600381868
24047944,126.95753542196005
56710540,93.79771045831365
18038779,318.4407283791294
87817642,528.7933208140773
54364617,2124.674509584441
49277751,145.90214736990092
50647092,121.63966972130451
74938295,600.9583435434198
94151619,426.9389263038863
14146499,416.5185512553184
44114070,233.49546287501957
71013634,102.462127744342
92727921,120.39663475759656
23408005,270.48422859947203
55353418,150.9816694825755
42627732,2206.325786059701
52380113,1046.0995843702813
76380932,1083.1320550577004
85051446,381.2809970669336
13441812,619.7515204407863
75634466,262.4846353899522
77418032,100.21229556624294
26069913,466.3030312063219
56951161,778.8092630723951
65568116,155.8527756300305
61527594,282.23522192664643
17428821,220.41648615185034
23710142,644.6173807117577
95218141,166.93716120756733
64929695,153.6818343228046
16991389,263.1208475152597
28240625,1671.1529843394874
27547150,969.7526141259412
66381811,178.43209950893188
33749942,97.92182099349345
35190059,261.0228072859451
63026525,433.3903823352924
52393671,257.66129066317666
32813270,282.6286050615958
49072955,92.94560230660858
39300176,314.1200891770438
46915044,220.42382500452513
59260240,149.15609905717926
12697027,191.57270803629515
52828733,209.18782811756552
73335938,360.35880179558245
55961268,190.51829241661326
13325471,158.6636978003064
29398613,166.88840367623007
27052291,73.52994587322353
15955952,992.1603753537274
23271818,1265.2431508838167
99724134,1958.8856790283294
24071058,185.28008268225847
31560904,194.6605147552774
65419988,144.60758350757698
15085530,250.68309250184038
19942722,1030.7662740557228
13275930,324.94830443844785
22982323,914.3851585051531
36522599,208.01714010489533
82021909,1461.47274173634
68645790,447.1014739240052
54788650,91.18483908600066
42678082,903.3620336059959
60925510,97.31399229093232
88286089,122.50157955610689
58263484,-16.64949475325072
65619117,151.63835595463564
38104250,153.40776136723662
13756583,464.40966683152027
60053914,384.50848100454425
64871810,252.45945516579948
58457956,336.20814741666476
46159970,110.53348534636415
68250229,151.76712897367037
47390028,858.1459823232138
32969075,381.4203545716001
53581810,263.9030170859181
79530731,1487.4210822099585
24487509,518.8270485605191
69933962,82.02082278662257
65663302,763.3532123778415
12423653,151.28723016148578
58871872,184.31752868914234
58171151,210.89547157751053
30617224,506.38390958521535
69106909,156.62256459822214
13212070,588.3806194623648
68351771,196.6659073994398
87624917,84.5039425942239
11970895,226.3175282896643
44431758,2133.6785807908063
16633955,465.9502976939183
42590404,230.68492729198164
86953915,957.9761762741722
15250738,365.79842205617206
44832140,163.94534560742997
73698594,406.5878708319055
42128660,168.47525058337234
79549553,177.28023706145285
71619272,106.86993237383155
42016649,1536.1163844515656
61877206,175.20297705688222
56572912,177.7135861584546
71598751,471.3197193767838
34544077,543.1235809106186
28672236,1361.3070481346097
68689312,175.94416976432652
20267244,45.56441956705252
68781454,1697.700221651783
27270801,123.78998732384176
37219515,328.45357235220706
12011866,73.5174046429992
98392715,121.47365785282047
87201351,639.7980355142314
14908777,1078.853011493917
34723195,177.91491665734407
27339925,195.38509913367665
65420496,110.1397289293378
40933008,108.78174780068656
47440503,177.17857012392602
94970875,124.46698455556344
91029594,883.0904018257354
65336637,140.1400192297039
82023374,240.60019253499664
11380763,-7.480395601203065
99699540,122.01095666548376
52649545,106.97182471287249
46299510,148.84179508610976
71452565,1117.7931117532733
67641699,210.56352353344292
12714684,331.5976375690443
60016742,167.55419418689655
53641525,791.4840567730398
43542290,115.34503472456699
32126954,806.5154529292646
38213318,270.278279594251
19971849,403.5230145008956
69256669,533.3962734256957
23756854,108.74050614503433
62908704,168.90161744433078
32399173,225.446049573077
39238887,1134.3185613115097
94428578,243.65401350583926
52458139,192.63546880179047
80574227,122.0500500848655
90487261,69.07903409044289
31852005,237.87020290639435
24086418,466.6239260727179
82209864,164.16904514825603
29014855,75.51297989949352
56782601,130.1144173956789
24702075,162.69280814675128
74660449,178.75026305114045
40117654,137.15495873607563
60385260,1602.712221434204
35958980,785.891778417339
69458629,199.90243158459663
92886159,343.19998332023044
97734269,107.5730322464767
19053695,364.5951736366555
22371112,308.19206253304276
49183639,1676.2160269599428
53526975,176.9272882486325
26290335,345.2927010682281
13359830,450.20757350327756
39340686,94.4835223452347
85521089,100.85480502436569
26704193,733.8051559700083
86626423,431.8832386456947
80675333,252.14192025504587
38369741,237.37146787094736
10428306,299.92672535657164
18197840,119.0159855336633
78586780,243.80555404390753
40311310,275.1146299794192
51507375,180.66774605262435
10857110,164.82080531628716
88736789,184.41998402203092
10823128,88.24636012451688
75933085,2072.0771528940118
87766438,146.02405753719356
64406530,139.72952353384926
33833037,546.1176265110611
51715740,220.09960539715746
59611801,83.07381836322799
74340374,1408.5268569278994
55507333,417.06612008589855
10416536,399.9999365858431
43556040,102.35396392572537
63137873,1119.8461912826713
70387789,314.36901796498864
29408506,157.84057733052242
38244388,331.5035819420371
26541311,87.35600011720516
21032019,223.3637592400333
95710332,473.1052122822544
80660421,2009.585040495613
81086775,116.39045972640169
14692465,86.11958910678116
35590067,130.69854258947342
37534494,89.11587003505457
46669694,409.6154942422061
68379291,110.15882776103007
28943151,110.78173975797398
85214973,598.3205208008793
49160221,208.65325424828464
57027484,204.17280492273488
79515834,135.7684145973684
48903593,587.9061328853612
49944843,940.0977621556249
15919205,515.9802298095113
89043859,734.0773952980403
22557888,450.3775141271888
45588391,1407.972248051821
67323319,144.41521193796063
67813677,179.6113796222394
94570366,185.4912070127914
99333664,296.957610957719
62452475,342.1259332331209
27164888,186.93461871730983
13777597,914.9615743983464
58863729,124.89180075008751
75372835,371.8682252125043
46531922,895.3620334842055
22638297,122.86392246839532
43377425,192.6074094273878
45061752,116.12972413008394
87232001,84.80129160779146
99721166,353.1559949550619
63930988,591.5598097490891
67323116,122.3746013598219
90199043,121.32137519264644
16025812,120.90903808592188
90192151,620.4296875480917
85194090,66.9870118426735
82716623,121.70907537558257
70041588,104.54293860452898
10909503,145.9306539059546
38910820,224.08536318600594
67605038,76.19078966699487
22421268,252.666154542487
12483701,102.03606472078049
99756084,203.38001196744435
72806047,39.21021172307651
82569264,348.5909996542556
85085562,133.31709783861044
51688242,247.75193928406176
67031304,97.57308164822341
67620733,1349.793974954672
15399183,158.1093011735121
83228475,672.7305026847617
59551778,-1.717406849729851
58024179,715.4679027533518
67130514,241.89388522278563
36292117,444.6198632475657
40708056,444.4894122351135
16154757,1259.666832417239
56077131,333.4864306757342
24589481,1402.3658220977718
73507348,278.90040828156145
98283340,174.84987079583047
78682956,252.80868172996296
48031966,303.4583180654134
54069937,117.33666330858439
12509398,525.7005775099973
55254106,359.3208838666231
99797445,167.5704630910225
46298966,449.14972122196446
97439691,1142.1885114183613
77392495,130.92748610393863
20307174,298.40569977713005
99295729,116.86150311608061
13479279,87.16090648613097
57906842,497.88002637337473
11957267,112.83469596814543
46011088,103.16352956213444
40051988,902.3569758170199
76565808,-159.3453187268593
38007540,191.1825450734498
79111798,575.6279343357113
44170417,161.2213753044492
81747003,281.84547883615545
10689207,98.27414392381979
68762949,583.6202850404611
41533253,166.2649496504163
72624609,565.1596338089773
95729378,989.3060424620164
63404247,259.3169245859875
66851416,131.11600838398547
52878792,403.49028759963323
69816189,90.96319566390191
93215948,324.9839956288459
82196067,145.47957695415457
65951347,105.295261778002
28150709,1456.6808507913481
26445964,375.4436922462951
59886188,162.33763699620886
47858132,440.045305628659
10617528,1824.7663336254097
26555436,64.16192140442222
75176293,901.5129391275416
15592659,403.67591392595153
17002563,186.0484468631329
65418918,512.7161561161031
50328250,98.33440951056689
29587649,106.62271473680131
58771361,145.84939139173267
11138502,351.90832419159227
87806628,233.22765766072945
92541302,91.02407654428805
20045193,86.09942124757922
53943287,184.2383973442055
72973012,444.4820293467843
98243897,808.9503985545007
50425980,222.72227825162798
53891279,84.14906523525795
12653293,275.94056781743075
79516817,107.7319159829403
57736550,54.58990774855353
68504332,156.7402111875201
51418176,600.5819773166154
52844688,39.40762713494278
14924228,165.99865241412422
17385055,198.46604955865436
48584675,133.88930033166136
84113591,431.62657133597816
24176804,1042.7183507599445
42578288,81.09463867105109
22976178,251.28951540789961
59427067,117.28197423694594
62214101,147.67228911786867
31095835,387.3584994707368
61084952,332.7842975157158
24538640,166.81147987013003
17397516,442.75626961270166
53588939,110.05536573318679
64801503,105.53188342671339
22306102,531.7476969229123
73464976,239.6551976934915
25265317,1430.798947928125
67321055,262.72049072768084
52652991,1590.4623370927784
77364707,263.4331859146303
28941979,407.93872074659623
74248679,1202.1152650735469
67415672,118.00661898352156
80048641,77.60393455117685
42348096,118.77214182935073
76460518,104.12980522367765
34956566,408.1719382143397
77002192,575.973629505113
88577445,662.3346947935283
38297974,260.83825772398245
97975641,964.7091201125139
15692698,1377.9551846724617
83507949,279.9923748769546
91740530,564.0105194419134
37895673,91.15763840178055
19139820,174.98296480716536
89742287,217.31740910794045
63175133,490.6222563644639
52867973,321.9220561812913
16690451,104.13535739733162
37055011,83.25642953454206
17248647,320.2235476748713
17328412,91.73519930230928
63923102,2351.1814142029148
34421040,513.7595807010223
99940233,129.6757567587307
45814646,288.2466713114996
58613984,198.28859112818574
31285738,196.28573467362577
35071743,257.6687969810242
52223959,362.14847224918185
61904367,118.0565240275472
31525138,175.88578430058118
73171290,148.2517660632268
44582195,135.60135109170628
90109527,141.81743501063724
26952082,102.50264670158178
53620380,233.5945398928123
94287883,929.8030086886548
77186365,299.85089152787356
33864808,94.21803912661946
70959138,145.03713942446862
52099246,487.8113386406955
22249291,129.97516955791264
48803280,447.9482527201378
89982531,137.44338371489127
64289923,1007.8683824180919
22000557,38.134904023784095
26219747,127.19560160884828
31130738,187.47812023473372
32445244,195.68299659021253
75236281,120.49644724503501
13587715,534.200591782828
52514750,123.49759000195805
90786271,124.67848633604757
15005065,107.18625619890517
20097518,102.51286081970692
50625868,407.49460268345655
84412981,62.447607662665696
92773944,114.92434006415843
25312123,135.79978386544215
70396417,153.94379773689894
54865863,534.6748580134979
35803808,182.74257935019915
59597265,550.6093674294557
93311848,77.12956106280957
32340446,264.0109610654893
96794801,129.2348056624366
40380864,178.040836408182
82007689,79.10644653520528
84851707,168.01068950589743
83174692,296.348763031076
59083400,131.580886235324
17580169,75.04932282836998
18219500,134.84939011105556
87811781,27.633881385664385
14088369,130.59728529536943
67659430,236.54557128451947
42456496,314.06775896703704
87353322,380.5006401874472
13917344,113.36770350932552
19886405,76.93363844507556
77800166,653.8116404492961
77068569,189.87663950051015
88362858,66.46590662360744
71241476,1490.7207508069926
24814654,196.5290061625137
46691706,451.5289125183897
79162545,311.0344691175749
42908985,100.75384182202103
74936566,261.36099774291097
19620916,112.07206535437751
54347722,225.79428602014943
90271799,895.1868211347538
25414359,485.96942929198497
35809369,266.8532939436074
57731323,214.6568907279484
37887687,1572.1605106676686
76623206,105.81984450199657
69954876,252.1373771643396
78180146,2286.915627633262
90681578,45.996841918115294
41794614,124.18080842122214
83295852,192.52534069213226
31156145,175.56185329739822
62711916,335.7112637906436
74676618,122.9976567183938
43248708,216.57178244230886
69180825,247.2272137304669
75624999,215.86149058775118
37667208,674.4212888562116
77810578,303.0589030280212
47115768,116.57808826816164
81589304,970.5504062964953
74472711,130.13504248667053
82711188,351.9078794177207
55272778,192.22800787079456
98229885,160.22463369765438
70058028,164.0932892330618
90729377,152.43720360152062
13401279,442.01668845187066
85519612,706.9524941647543
17006769,375.93144566654814
99888523,180.33772272364726
22354297,541.203134143835
43508583,1108.6122605831606
96795828,45.34338630665616
96608998,89.61101922522211
67452091,198.901663047305
40571985,1576.9797509486448
15232782,1703.1496427195186
86789043,216.63505726557125
14046478,131.61211674675792
45515801,51.76057478451368
26318506,1956.3340904662355
34584473,127.9320872756793
15369631,172.71225059271893
26479383,79.4788967159926
81346470,200.4244630199539
83197984,92.87492834138297
70331904,639.8051500417733
78907246,1290.9453307458323
42709019,1129.3207405330575
97184353,186.04897295061295
35589537,722.3296524976587
83942112,396.2590916643375
58293013,425.2936891633342
78567689,204.70190861930774
88610012,182.73937002242906
68628621,147.2034836814064
51584806,129.05249908820306
29419986,114.28071576314031
21476578,-37.195304630628364
77370060,140.7323748061081
33607448,1823.2408174329357
47890072,486.90351060076966
11234362,160.1068111438268
70681971,225.20269307085954
45196219,95.06460998506635
58136807,104.82564413539953
21383428,203.96717439637052
38088367,179.61357066196825
57071133,91.47892563220144
83834449,929.2664815689936
72194210,1054.4021727562777
14582584,309.0695854870815
16017322,57.04532996411536
18598541,284.68959201577275
82812670,463.8035991096558
53563234,374.82723401016074
63779141,283.1076004807626
70854456,302.44444252199065
83535660,126.42203331970137
51099419,119.46956577767536
30503407,1913.5850721029797
90802363,256.25361232679717
84057874,110.33129439874644
93637941,81.23403945028419
33888588,111.23835591771339
78183407,105.82135739177987
88497510,332.7099726162385
88829918,486.6833593925783
72639649,323.4922107362178
15627595,217.42654691153817
68832460,402.4764804491779
31734310,109.84531083614847
69212161,116.74063730272246
62980146,140.31535602839236
69972227,596.9705381283086
53162285,141.39556965888426
10963473,159.25759354984183
65276908,331.75342152234407
72611634,310.72821893410634
81292347,476.980875247804
34705944,730.8073034978877
54322977,135.21579545575406
27155431,311.4315289984763
61373056,235.41082759358994
64530093,160.6907769838102
44187538,370.64961487055365
29110806,114.85348774644953
34026881,734.0293526839585
67734035,261.6964576146902
90355788,149.2484530528971
76930932,295.81196411758964
31194080,108.4836381245704
26948420,812.5943150880234
60117998,101.57618221920599
23540580,347.5028495633903
29255361,103.02466491247564
47322059,520.1041206389729
50570727,108.94584522883059
71874386,149.12571681756543
27325447,227.6624492766632
92986477,179.94446576811913
27856293,104.05414722834465
55159001,203.89152563059537
88660196,208.9330244474765
82148252,67.07810861053963
15421314,1064.6601289515577
27620141,125.39636303774343
12348320,203.59554644901496
84344897,114.0919196749668
10950855,135.88679923933137
44290434,390.34383872365646
84843689,159.06311184752755
85814690,224.5368825270981
60406086,211.01850403356124
35395832,126.60088702906
54621645,312.9287730137852
29154162,129.13506449245727
40230589,431.8579447165289
46902130,302.30616934720933
70579622,98.28899286804877
86272378,113.30720149726554
12294631,211.43839823422718
29412564,760.4984548430594
88089176,402.1634447393405
91193188,241.9482927229522
36523137,331.82760959728995
54050884,152.9407414844303
19187985,1196.88853423355
91884750,1543.763328113307
77985469,320.0432331166451
19362736,1544.1925971381393
37641826,122.92928676460308
17997673,130.05529582054726
12296621,104.28800540010087
94210085,111.1888556830361
84475360,323.20673411578895
44450631,161.93140973818387
96917819,373.16356138632625
76581579,35.848361411677956
16376842,156.14795484647914
20378565,154.02612264569956
67149501,882.6137856005304
74149592,92.06510659794438
55437574,56.17046090564868
86258875,226.39019159079132
25154125,1152.272890996499
64289878,124.30793601599511
59484061,73.27023720623303
39600891,352.90796759261593
40907835,125.08639360595548
47183606,140.73669260688584
71132260,754.307568174942
19424487,1466.6983060578239
35720925,114.08415083731045
74210516,99.24632237863601
53089641,136.1657345435677
27778699,226.33145701004256
73489375,453.2666161100546
46042524,341.3415003940015
59554727,209.10309958013633
31273971,167.8552253081363
31543147,57.158985251246655
74490349,112.39074726589614
65190591,863.4446136465851
21122660,178.02522380350575
54597323,1063.5778965908946
77569150,121.4293339887139
68093533,514.5606531294452
87099884,100.23730328605808
64825958,700.7878743858088
27545112,497.67093288539996
87791632,257.5849207730623
93384265,392.0425701562723
64047299,317.5563362275489
23357980,146.07547485182317
88585802,1360.3227953836797
26754357,150.65554533364872
99964380,121.09938848459093
63611208,664.8303856992299
10618556,1318.1270153912965
12155276,143.7369254808129
56528554,473.48213303200293
72203638,391.5424088640555
48174886,209.14507116572068
25749233,276.8402918404911
11912269,26.6583709388827
14181748,1260.1981918261931
77013810,495.97937350741273
59885886,159.8306766912518
92982194,233.2740100585628
88065861,623.2809951713999
14857189,110.86805669589266
60358916,575.266718901027
72265262,1383.3889366996268
20471623,2988.596036490416
88951362,105.17759713420804
22364003,163.17943517173654
85137999,389.76953068031867
84176549,330.3353451426399
25849299,162.16902379428217
21233903,162.67097543868607
95963515,166.93006250839434
47630408,316.24764392640765
38763223,119.32097246852167
34812513,119.14927207519362
77372953,1289.1918192751277
74724495,230.80383384368574
34162435,120.17777377507343
60046268,415.7889167063975
19475755,183.31838661710435
89620481,2692.6533733065385
26981207,190.88516531869166
13918048,267.8430529952312
36590125,268.550098172392
78119113,111.32798082797267
43245514,96.75726918196183
88082339,83.60886169473439
62738760,115.57110886848102
55254407,114.15208835832712
85112378,82.45170905570268
40490983,127.06934037032627
44048989,390.95627298993975
15551565,214.55541785000003
27681538,264.9928472271347
98232104,57.93094070979162
14018289,137.52904314233388
82522150,314.2890753513715
65483357,113.34665416219612
94158408,276.4536020987545
50266167,181.1659382714983
28805175,857.7671891706477
93929668,1014.7148126516284
15540290,221.769453339649
98661090,531.7395273850648
50074109,401.57232688925217
85017115,134.36009049949917
99914220,716.6799273705512
76334714,179.5742752480219
38140938,263.6003122173115
93933852,318.8322608158582
13190892,956.4130285746746
67747085,375.5894608379123
96389355,457.6914125002994
42380180,402.5244213914858
55522772,230.19423759239564
18839853,101.54008356075491
93030803,324.7744312740304
19574384,143.2582630837307
17501488,152.4615321880453
92757638,321.1373364599465
47546392,81.86216276079196
56569095,138.83078989483303
34392418,1249.3855193468876
49367171,365.2101631309601
37669142,86.07592194410866
33580264,431.8401371193414
52617381,284.06596794582345
13011861,926.2644113625597
97498208,149.1187157135531
53388262,109.63425614649726
63018369,209.2424308881341
59266953,142.79715266407536
33256210,145.75840437078406
26585585,237.91783119075805
43342989,819.0563908018805
81962175,226.77651029325222
54752385,98.74951005679141
12906623,479.1841861851978
12144505,509.76758922169836
47329191,187.4956812130297
35302686,183.4032608175195
29541158,517.2579806642792
80447228,135.55059603294598
56399590,85.91241757530484
44327442,384.21166988795983
65756284,802.2597888658058
13967851,603.2776040493228
33766889,222.65947218143776
70886578,219.29982624709064
85448456,675.5358737155274
24208719,588.7625098383816
72059158,190.1796425294156
30666083,323.82200916156137
45090209,331.5097783893164
79520644,644.7554477426836
41015799,449.6573822673671
22610356,295.00237009560266
46940244,123.33294712480347
21443863,137.5398009942299
63769088,298.79038648742704
32298027,318.5211412181326
26046152,388.90053180192547
60326272,27.008482961598546
24693880,109.23415802079681
18317166,273.9635713115107
64265688,298.9329879633179
27910854,203.90922916543565
56810750,84.5736267977406
97007881,433.717494234349
90317702,458.9053624965786
81231529,123.63656056737435
85899649,202.83781542639056
92087175,171.68195263757414
24070483,193.10082451613562
87629146,314.34050213834024
11101794,308.0698167028149
67889079,1134.7070254229525
25576186,115.60870320677914
67657245,179.71660303690714
74992266,24.595659449187007
83091668,125.41304918498165
41547362,172.00627970680236
75141878,258.82575935414707
11562295,275.5011455032595
23748006,536.2374963244496
89825179,363.4110343046292
46505766,3097.8074226461995
36098274,103.2426586786373
61326956,1585.5061659325893
69020339,117.99480582026206
35844282,471.97281118920955
86014291,143.5599569900936
72500654,569.0173639243878
11567986,131.0815086328504
95910506,154.4042140924656
73565600,158.77411531120165
83729347,1405.3452422905157
39689433,1764.9305680178145
26513864,696.4860488699087
20449852,558.1932808956847
10382065,353.34761945479454
61096786,370.3865158152145
40823824,25.658585184504307
95687753,41.239214311267745
88043962,199.90073096080704
43192291,256.43514186683615
18631499,930.8750611905966
27194752,149.36085184616582
48023684,281.1967884031965
76180232,125.18915994099878
99345059,519.4395224405513
46554999,403.57705137757284
57537267,86.15315221986404
72087202,93.59361040645747
60008708,350.795987505048
13534295,232.61326108666782
90971189,136.21611439980128
55662480,141.83712790457872
81189360,403.62351042600653
49401774,248.51837806259564
12131946,1421.8967876301742
78732926,643.730275421662
38392538,1349.1637027206068
64273801,336.11546336804986
62858255,272.741900323597
13288053,120.9712938771693
80940080,139.98951251994802
73197703,154.18722830108533
88918806,824.9853151602542
45088467,258.2048250478042
42105313,284.67110689062673
51515302,82.9346621592876
85071892,826.4116280790537
23401512,96.62172537472466
70514922,196.14246101380473
53367560,448.31360204781055
30799466,1029.705004085344
87442307,259.37478918888644
84081332,40.565683429009695
87505658,370.4635070805917
10151086,396.661742601666
19254776,555.3963783396225
38019521,691.6654105932952
40151098,112.08461519860278
75965212,463.9556470899711
38667600,215.78544326562255
55646285,117.47659168540478
35548301,200.19578501186626
18737005,277.65861324901635
76771390,693.2883966529085
23778594,123.55779396174678
63739797,159.1959821938634
40559434,334.29777277020577
15970404,142.78747750733305
41963393,252.59387983631785
36850376,1216.0611927519071
30703622,124.41840735784814
53681130,352.4759749609614
52524172,316.7967432751139
78986568,414.2893892532399
60868659,205.7225816469123
55970571,137.03828431283293
69603000,125.90395235951242
24475423,99.55190462024301
30105284,191.79075501668015
42638975,620.2163267121864
54205765,332.458870221323
77026950,471.9212090446428
55738198,2021.1914203895426
49309757,243.06695143768977
52256145,446.36708855305733
14972722,239.19569056848323
47613103,81.31707460450666
31244414,120.77474376418553
67669646,514.8501359038895
85221335,161.96673337210404
29598209,490.3238520604254
64960038,212.3943619572883
36072721,152.36946827708326
48855526,155.02472922836498
40290168,274.89528541397664
84094689,97.6351169753641
64780070,80.44589668736457
62238032,97.46489298170444
44102009,458.51052212373713
13443938,317.5264143683407
27288438,239.5459686634548
26505769,567.3788339662035
62425735,110.35792209789257
41742405,305.3504991039176
35508108,152.8789334196946
67267851,269.5734089870095
65786198,843.9679383572676
69652252,81.08748942538045
78338794,1009.3039619563347
98205508,268.6511846032663
90079134,148.60440029796672
89240929,113.92588568047641
59365630,622.1881825097514
16423455,293.9341328876019
30410578,243.4899211749124
41943183,207.71211471054906
17181615,58.34487552125173
31537031,75.19449082739627
55634963,263.6551545263584
14790401,346.7023194141762
49470022,53.595127716183775
68137744,200.83836310191816
10800640,97.2469549976451
82878129,134.70826200690738
98099360,125.87910674850522
36414556,142.00835420212312
74858657,117.64743353906044
41406039,86.51828933108483
67297495,284.4652548992426
98019387,163.58474198231661
17133275,861.898990427021
44434588,795.2731152141005
23385843,251.09157657108898
51805988,291.65103006643733
65443150,193.22826425548564
77624321,1633.5221379687603
80056192,797.2674085060785
92008819,124.027625283316
78973038,129.2646132839759
36356168,114.6811705126196
23051465,285.6583348631285
18225590,323.9082014083376
30705007,482.4502330032116
51916309,223.17982927190337
49014177,170.82936163266044
46939883,67.43323983352137
27552020,105.7593603665172
76064439,581.3674115935307
42732794,995.08889205208
78185687,234.68250364598137
37150067,339.7995227326008
60216204,1250.1573499705157
67861895,165.04574916080165
82668831,93.15908997241797
26865256,882.0898104973842
20296005,562.2235024078659
91164112,340.35016188074314
48751412,206.058096773271
92672083,121.05980819312211
66451503,122.98366786371034
79223008,213.7370773986461
86295795,130.1028445925203
12188395,1225.7907339067006
33148873,149.1720942734585
18236078,269.08123670807817
53763750,190.1925843850301
90278346,212.3437925346524
23921552,1500.2650466317702
60806947,423.53398339932403
87988487,79.86548042018151
33594333,123.99550770435991
51767697,171.6483345168753
76176593,128.78596041141935
20106678,395.1867550887111
89323122,170.15024954982957
15084276,111.48781542988999
46737280,400.1057074188739
27725859,153.28336349177894
47502584,547.5366974340259
89375361,783.1928213772543
54279167,450.5541953780578
62834953,185.5832038288574
51358955,152.8167585489146
43105700,359.39358076046915
71610282,170.6409880196639
79952909,424.0501548586431
86913278,424.75033796927
72344233,182.1580970199883
41143291,341.4217015078097
47312733,292.49475243408364
73376655,307.3479939457931
44219943,111.71990346496791
18665144,625.7846710315706
38016360,142.9108830184009
50277432,142.0603220304981
14668690,296.6958573343632
44041678,357.58019516407427
68597599,381.44066499425116
55600173,85.46545132923765
78109218,108.89315486159357
43432402,97.52906621508605
57793276,694.4397674770581
82143513,407.84921716637484
13373907,138.44485048315025
78336625,513.9161877318928
51821030,121.24490591609174
57620512,404.24932810985416
94840760,841.0147909367726
71866671,1260.40469364301
12967437,477.62322915721455
94620585,356.08359302164746
45148967,389.711750245984
28096166,149.01932591104352
76948857,1248.9620523549572
44584760,167.32028586044234
36577484,85.93781695309443
63103602,312.35455661997736
15647671,431.76504421652527
86020607,77.60696393800868
80235014,126.0431990778997
40496834,90.4879487077979
98549441,213.46256902348776
71915619,406.8640286729695
27813348,384.97644069069236
48090735,332.69552146926475
91818207,460.6067023087604
12597429,145.22052540488522
99318296,81.40439525666937
38085169,213.28901776915956
38823071,330.7622057648749
61630311,112.39102716266886
78195551,597.9057978749079
88131419,285.60106461575873
18300026,1217.0637428696812
99585455,497.5182687296829
51530595,586.5106176280758
94166971,61.29203374301244
13633057,535.6288336388326
68298368,250.72864115712838
69215865,253.17503655084056
30064972,240.315203620181
96997224,108.58224541454439
45138943,212.77056114272753
21749235,300.1892056498382
62856234,294.0265358287787
23982292,125.97879256082967
17686144,373.0271468382383
57256437,535.5635291803455
85469927,126.62745984220167
14451732,488.3651075195855
85268432,1478.5992560037002
64602955,136.40862890472994
74101500,126.74906743141669
80083521,378.02016439838764
11433359,1267.0837758752457
99198713,393.7998724177456
12281135,303.261975787102
60094475,523.3622682998949
18817746,283.75669864262187
80803307,1224.9188113744005
50415370,77.32729613827226
65098425,184.5021495036305
52785060,83.129414805445
76797423,82.177633341078
57752962,1080.970894516604
30340212,144.92149873718668
17309152,154.62854257200863
29046975,150.29162754503795
58339630,243.91687904110483
38269849,284.57268172597253
65498444,107.63945724177525
56278811,444.38460709550066
65904109,118.69623025446224
34436387,166.81511468117253
83162633,134.55036858346386
41922575,1658.4712113740954
67606284,111.15253078159886
74148614,2832.352099215189
31898202,1032.8905015366813
12816787,481.77380680348205
73390625,196.15770376393894
44602780,671.6284956659358
59497966,344.8286286388306
33304284,371.9248634989053
70931726,385.96055528516814
44381487,208.84101235039577
55483533,98.52847191254149
41096987,227.557369491226
60844342,125.73096801640878
46382270,491.88685190081935
41975761,597.6740577166069
20086347,143.87573672485377
82572177,449.3981282769299
27871083,373.41155255526655
47060550,76.68512799920981
44062914,262.857799401681
29352791,94.7566622504918
42368060,117.54566554677432
83186065,169.05302863042544
86750602,378.7191409453812
18043718,142.80451644980846
85319365,530.1068916822392
93521329,150.9137223117232
68774400,2384.7989293540863
27686846,244.54950713821808
73144512,223.49942840737688
47707941,207.64105882189136
91947483,216.93536826756434
54467473,99.93296925698932
25827075,357.713818351212
99472188,851.4599316235372
29814538,123.6074538375267
98588385,128.6600936103572
15032563,586.9431715032325
73738020,134.96420621448374
11480212,154.911417649747
75221745,115.13751616964991
19968090,1389.8297740691526
70404205,85.69277022061576
68659791,249.10134174781479
33092757,278.5845377436402
78193594,118.51063111201907
98198145,274.09017894121763
99767011,836.7976262803332
56688046,129.0130874451746
66475382,213.84117187742174
75692782,1482.0765086988524
26808729,112.77122828298722
32171695,105.5841587867225
88456703,213.29186381983217
20999557,772.8329855890195
28934979,122.37979853237665
37107836,92.49846796000065
50278467,121.5322856756596
61940174,704.4039124974898
17559774,185.87037425912035
21430086,259.3999244330741
10776426,310.9490896960382
98097088,118.14775922254492
43113087,145.9912860645428
12862019,214.97448254933016
44592366,229.38768476655537
96886172,232.2118114105602
96480201,151.39697221459326
85983502,399.72003602187544
23038927,157.7485584424909
53573032,122.69514810293116
34553934,316.1114060463888
51249487,197.63159198836192
85349173,168.0960875566188
40895869,218.00446083624865
99256510,110.08907123155666
76469230,163.54307040551515
18165718,554.8436248685435
96264289,145.65582423703714
20452221,133.52845101237943
15739031,266.27758417570936
75157790,365.5865738510791
28901434,210.8144229711551
98941473,114.99794188324191
84489512,507.4335973235422
11168890,147.28077899246944
45041073,241.01219047872294
85582491,200.77228613720612
14863106,420.13640353974574
53607444,187.72863611952923
39640829,218.08417396466186
83896205,454.83904554511
66887097,100.29837341056796
54562627,152.120691213722
60923346,590.8992587441452
85626709,281.37911926410203
11687354,184.15707613712112
99055900,325.4827567435382
94176139,234.3289845665941
65142810,1179.9677793134642
21025866,188.54157599471006
86231352,359.44159042747754
94223565,330.8204950769875
53094412,312.4470271044627
16579300,124.22718364894708
68788821,128.50593517848887
22347006,149.52283722474712
89447420,198.84578543020274
92132840,1366.1939066889404
61120099,161.17606530490988
66390529,326.0799579089638
36752526,261.6021289694889
28673093,168.309734143717
60187719,117.05563349919869
47937195,369.8511771580801
18528428,1415.6592835413167
72855294,1337.3297451060423
77314174,471.6253757479766
74208091,344.1276673492558
25265856,233.38078895143494
43541187,1061.5635240686738
22027673,474.03744520269373
39533389,91.3740707332249
28548263,1383.2387538925923
78891989,110.78407106888093
68562696,777.5646676080783
45297826,541.6366420286304
14532340,689.9496578293168
42487332,560.9901509771253
79497837,333.81110469150644
48787566,431.06541254435984
43024895,162.5782826124218
54043001,660.0042038203223
18517095,337.829115472437
42190640,713.2434235383901
81702926,644.4663674943282
20584669,59.661173935255675
48104361,241.31492545418436
95781341,145.53567750120123
42595500,310.85748212151697
34081689,179.3485374158656
18465181,110.31133103253721
87028165,124.27049467561564
25157413,83.51348128050083
33500861,140.78294859576877
22501784,237.01077653650253
90954690,154.4457067081059
12079890,606.1027869639394
24560931,191.88165459308863
57180097,201.57555574419524
53805689,137.74937582818288
54653374,86.18261214783465
79714919,146.37591802999364
52629831,127.44351826105265
30315883,3297.8686148392003
55900800,128.4440068006804
62528560,198.5724771074773
17439043,85.16639035180705
64302335,284.5307063202826
53498595,89.33460439027327
92248005,156.34269917955802
65132848,1141.3792181633462
54712644,114.66523199114928
26501578,1496.2276149249542
57973578,122.90960389580093
64849387,867.9489115806027
38331875,105.67322124344696
84564845,-5.338546852034672
34335614,522.5158664625371
18851658,513.9724078538057
10997678,227.37557798387002
40768250,209.9603874800618
47646719,155.39373608079407
92937467,873.2435218057948
61661397,153.21161399108422
48317061,115.29329522606113
97216589,271.2703887198767
39977323,340.4341077570326
46445975,1006.3557369404393
94283551,258.69446238128864
49677766,127.69338185312986
85991335,112.13566397958587
23059563,168.91499795336966
98641777,787.5851396106281
62115510,157.24715857618364
63322573,769.0450700910372
88463974,278.8878497004335
29063398,248.92514758271383
94756964,-74.70355975538946
84286445,1276.8906117076294
86644899,2234.1513444123193
58366829,111.67321790065246
87935193,568.8574153885775
65710078,137.02561284610712
55211028,723.135613886218
20090342,89.61294596604901
17885846,421.5785605109545
87917108,298.05726438915354
35243872,310.3607463364103
78681572,883.3528114250396
36496663,316.9864478025512
88567292,628.3705985085376
90883683,682.0638277636775
77163639,80.21938021064418
70680981,1743.641170682455
72230973,125.91808682221341
13786940,1514.556438429475
56650323,149.82182033827414
67337097,71.3026663910457
65297160,257.08204840558295
23393351,95.0869534317906
43711949,97.84453427116729
45998905,156.93550517834055
94413146,271.8585988170127
30684529,123.43407586034768
28147355,1819.683192194476
14737001,241.8355273289894
55758535,183.0092583495611
95914131,67.02680111638654
95400320,181.35251192275678
29157079,118.69854977550516
34838551,102.98759392238235
79573538,94.43799334992971
53853858,532.2566578606361
46958037,327.54771200372784
40355076,1444.9251362684395
79162800,165.35148563868873
61449541,107.62660466490469
68870249,262.1731971676441
13256146,101.4894071195277
23687793,66.078052335635
49330994,104.66584183379817
47955268,322.6102112849898
24572229,377.31968982740455
85493065,148.64545171500862
95994562,172.80859859167848
86822089,144.75489468625656
38878729,236.28233868153512
83459912,188.67210028295264
40295244,199.79217145653607
95702507,412.28016655124856
97865744,535.9984275805932
81724417,203.24761372269586
22296895,639.3385185900387
25100739,1070.5201177800766
11994578,286.43545328009986
43823713,183.6890594983719
57595389,312.0533944857853
37162594,991.2410916800545
51432674,707.1129370455047
96977947,421.5327050274287
69353041,166.26339192739997
97471377,507.7235119483983
78888703,383.881632815879
58472902,910.5793990629924
77647159,285.0779528338543
63649430,1515.1321179199724
11295973,1164.7584926275806
11886952,1241.5580492117258
31115337,185.41543353262702
53945582,1164.7972653920554
73391100,90.52759541069729
16170017,532.9309683459711
96391937,148.89059269525382
49663888,431.263054491338
37966282,469.02370239806606
91789209,665.7837804422916
47228126,303.89591546995257
26588476,643.2148400408878
87591569,112.70047147497716
15315145,127.4622133168116
70198893,378.4735220020507
61666968,108.82549715841667
22175686,120.39351740786105
63396595,479.6752299719248
18727617,47.428007532659855
19777468,227.1991536237016
30527873,276.4373038018676
95114158,105.51684558502247
41739701,451.15707963775435
11369670,155.75667844181459
74973026,237.80947720250583
73622781,351.15627991953505
52281834,177.9808116629154
16897176,121.41313012822268
63339672,1504.866987201962
94319057,171.91920572427352
89357552,124.33152868814491
24886317,310.21624884762485
59666869,216.80768637325045
72430983,612.6514350820332
85345596,641.2496454278354
24218852,161.9950027077537
82044920,159.30268301275572
28204462,801.0244561582158
25544623,83.0081334969702
98645538,121.16153725244664
35786181,1041.7993235986085
56759514,304.998528201613
94979414,82.23887411529547
52508190,377.43623841155835
49317061,146.51640479536644
76293520,138.93048644196188
67067662,148.1605345580304
11847526,143.5901564174859
14139283,270.9173951574973
35602964,-14.93050721400795
61092334,139.1969898324548
69270579,111.24106120599795
47517321,482.3715304484512
10542988,62.14091679254583
66912082,131.56281611384298
42445139,1110.6237287585368
73053729,308.4478475914179
96699423,189.53856812975891
18843679,271.08518238045224
86433075,139.32849541157987
26883104,1155.3964328698291
19601132,33.87948981776435
37017650,122.76856687672999
83138933,152.05797310410819
73247661,134.763309430921
59307450,420.7424615898999
31131827,222.17751248937188
69966233,845.8374275199931
40243877,988.4657970254405
41951589,275.56433802399323
36031262,210.13786542698023
42623413,758.9919293393946
67891203,438.36232041934113
51970188,149.0026787349873
24213498,707.3942548773905
96242069,118.2441329876779
41943430,1276.0741505270494
89189267,1963.1076723052217
19898345,109.09024289943288
60572858,507.09978964422316
34988552,143.74218338505287
91110384,312.8899691348571
75957507,142.67222705392683
64422949,33.680234769947106
93823627,92.75920796082866
93745711,147.7540368920093
17782008,166.78056990399944
40016743,582.922235113772
78676337,199.17087999523136
96591242,105.25450794687059
83545822,219.81801348708493
89501773,786.4316471425701
19293886,112.34956808808049
58534753,563.8059150982751
56198063,404.8237692681809
60777659,73.27694861180427
65431978,175.5678939524197
94604898,254.6881678712134
76197738,719.408033999251
81980523,427.41360733413546
41676275,113.08419596915738
36497965,1759.9207341255424
23177824,7.7884717226702085
85192608,110.17563630770331
30289672,105.7637170532565
98138275,528.3422204926321
57817320,492.35658422867607
42234307,1553.97662072351
35893634,127.40955843175809
18195993,141.87997633557748
98403244,363.0817571959548
63004294,131.4413054472063
54567579,552.3630745409282
91568379,192.6739448605823
82476880,189.53209221962243
55652262,512.663385323538
20373341,125.37678596425651
58632297,330.27182965961947
24786934,755.3425638823974
43722745,132.8726858085852
87508719,344.20321018047184
80752603,141.1910663312999
16698668,913.9159290665805
78798734,356.2148886448697
18461999,435.0805198870205
81299277,341.56943585386654
91417891,175.11780129599578
25190830,721.4080271306451
73164327,147.29199604350273
92759943,341.1713261900728
18785269,113.29609863094497
67717385,122.2923523196517
68136920,85.8822578338022
77810360,230.5516911372956
62012820,183.4801368966542
55983128,147.56722190529842
28119370,274.67810709447656
34978717,150.49588164397053
52374215,543.8035002685767
66651771,713.2335791612759
49306420,706.7075246390378
57524470,440.0058224457556
50884173,145.5284628446122
41477733,195.78655413170634
14875840,391.786377614968
11186021,130.67630481355326
36355598,1067.7017892556382
54557949,83.96740139468622
69426516,152.20035367275005
92092667,208.7177883632382
52668902,146.31940916392927
63561915,93.84061801772188
11154750,133.21164241141832
48765039,119.65178729172136
91136342,42.56535592197361
41265217,1406.4922788482343
25331950,115.5512000395351
59339185,151.3707431632752
59925803,193.24788812840183
15169957,686.1905383343172
14437249,208.21140149719668
98971521,134.84154069492718
26418410,131.37531637065496
85892267,128.76445939754922
29358885,268.4765610904735
90069301,128.59942414829973
11408026,156.25027558323902
77952900,67.48578223854011
83752708,681.1409470865492
15243872,166.2407217537975
20649757,303.30066959712764
94157069,490.7914951135885
80138291,426.44046666430205
79658232,120.94468567171577
20876663,146.51096786541154
66248879,158.07027972837906
98196787,139.0566795480084
11070217,509.01467580493613
54123194,540.341201621887
86862821,658.617381628174
40252559,87.5486959256094
60519623,100.05156409402217
11098932,148.37875414213855
77544004,177.1881245198172
43855714,85.30782506818022
57112829,67.55246602459644
69104738,70.64985557884617
51426009,141.14979493756226
96759585,981.0896773731714
61695552,552.8115432657937
29335973,140.40651968001922
86711404,235.09899588514205
96132003,2025.4419597679525
71930157,621.0494937206117
24207989,164.32893946142093
81239737,118.76764431229894
19246532,107.91041155716283
12541440,210.02147605117355
10876544,215.55041721505896
11012723,272.49916751820984
38854043,248.569245156768
78679072,145.1828583177661
39567200,125.56061180868703
59107952,199.86763030462353
79981461,170.61679938384975
16385065,186.72261458247422
42418677,604.9628900761227
26750207,127.41593807419393
92430939,373.9250818020064
22967094,166.88792149354362
40195159,215.6566400919149
72466218,169.81340590235925
34482136,119.65751395816326
13940540,198.5087653884049
22725269,565.6319908943301
78995555,889.3776274148277
73638726,158.62135893682284
64722395,180.73515033580756
89563722,534.5265618382175
32568591,146.54378306939512
45801232,109.69500913923491
20301291,1220.4405276532668
40244043,146.3616452070721
64129406,865.3736117133453
72297320,112.17877533226569
13456518,97.9479746449529
27325248,98.28970483218558
33468754,107.98421377411012
60910395,164.2829968347849
32681832,553.6236053281929
21428869,128.85259944791014
86653666,229.66498500276498
32786522,304.0344572401959
64027869,375.01245550620814
34126567,108.27285070058315
42278394,209.12741190398526
95376056,151.54391123067836
99562015,271.32874515564953
15133980,869.5707593595789
54026308,152.0583768494854
76441994,88.85365152557549
94110128,107.1863345966089
20201258,536.1621316168697
84604326,152.85567574932782
27309117,620.2400898828663
85307886,183.48677298083538
68918906,1658.3337709033356
16328223,299.894677803141
18599779,151.30351344288317
54032168,107.51672946764036
56206271,241.39132075602657
20991939,182.4231118945562
78007881,128.42999166992973
43136632,381.06481343861816
26961880,1286.944188930586
59246484,367.8443536411717
97485255,202.37320201496192
21548886,137.7753382036473
41405520,187.82355709040178
17265204,69.33450033124772
57594370,82.96535143069089
86204456,115.77940816624785
47896500,141.07153378013157
49072175,141.5302558935384
57819104,504.23379868555423
38029807,639.6137798200386
72219430,1357.5217653083803
51835434,164.51243266545393
40820294,561.8108072163736
39676991,177.82957972637502
47329975,368.66045414706423
40515929,383.2400405282062
49496398,546.636298482017
79829278,78.22468032431695
25676253,274.14127734229555
83511561,220.8222473388998
97282391,97.28364272175656
48159381,1130.2199575982052
26133617,227.49725517631782
14830790,148.0750718670079
38458641,168.63450872774095
92902816,272.43998448986963
67366474,1327.3820342091765
12931119,467.19339283704767
29119450,276.1020285440771
69182586,148.03759253342622
95601790,306.01295387251156
37235321,193.45395722694926
18453791,2438.5670201813487
73959998,160.27422437492467
85145437,84.99129154898792
20490331,105.4225895135846
40505076,288.6632264777683
39895736,4196.861919673536
36927127,482.97472061027923
68104733,324.1561700088972
65498526,282.77452303604383
29077796,95.39035905303436
12700500,365.73564828719526
23234787,180.43636565785025
32248328,80.91527571076121
47710917,1137.6003717665437
53904169,42.755213792655375
41795394,550.4107998249917
81931808,332.51773554854583
89546300,125.1895379218376
81512800,2359.4135549653483
74490322,110.6692374029614
77716971,455.1665853320024
76509280,109.0861750560193
86774198,199.23365750475028
63795592,153.93781096641035
15728342,573.9697269139444
97525554,439.5246293468304
81201227,563.5764793276046
98995752,187.4156253209099
88336972,739.1943316807885
56577963,104.9625438736878
73375002,117.84500229696954
92846400,269.78722574931504
63160455,180.2523869050085
31277941,181.15138013401986
44244750,110.85815266116717
46198195,885.8757922044487
92939641,908.5128447140213
97399227,79.27941667132846
32829265,121.28690060988194
73813213,208.3994563022815
71142772,99.22368206326564
26186456,1405.7924096806432
86118507,295.28870913009075
91253288,124.2024213829513
16739260,54.64907645711779
97712970,117.09708768700465
33709101,749.0343145116839
97473173,143.70947221018199
84445365,83.00735188220956
33683407,604.5338182875901
55156833,178.86080776839626
39198647,78.60704705462508
84859914,201.04450552132687
42321053,134.73240541809488
26496602,92.1676260674812
87373088,125.27572103850518
18576200,674.8181662747342
30304669,127.50665005551876
97043852,328.7244914038299
65885111,177.08902559185816
67235670,601.5571805285201
70791484,211.21497125186164
80687580,142.76662445557292
15865255,432.97625420726496
50517128,223.82245169671822
72791395,478.3089920010827
43267986,112.34952311745893
93567577,535.327682990408
15107743,131.69917985444457
50225644,613.6493756754925
50174181,786.390546860095
41401409,688.5427338036313
80395755,283.5074356574285
58616743,212.30326576206232
62863764,774.8090059430829
54033467,194.73908860034524
36905471,105.94654289124779
68728934,245.72891393471164
11399296,227.7777478773035
42319589,152.66596320672758
71193471,425.1199731255497
67728154,410.70901366992035
99252537,269.25532741888725
69554397,176.0313898463126
57406844,982.3411189960241
17460622,1920.0298540791653
29136908,316.6920148113129
88836387,165.6853600757374
56749521,1274.9150004611922
42038296,1288.7582898208166
27575312,482.3749406638177
27787635,84.45854051143166
22639453,2280.1234170900484
95074248,873.7826291986871
62398547,93.60979644889426
48210895,693.0860526678052
87163679,104.04578028580639
84638479,114.58458705315225
74277222,500.8402219595717
47124707,103.88671894199638
29597912,552.6521172558489
73217471,465.72004725903577
54203733,966.4758244672298
86493934,314.0981041686319
50925419,343.5554802630738
36161210,211.49715928480578
18638157,73.30284357176207
95763224,279.97397354085393
92017449,372.7508649672542
30955049,169.7757953147448
88464978,413.6315623109815
81709003,155.68539929491158
94640782,123.62316544866204
28684873,2124.8992081419287
82032258,128.15313712546134
81929396,121.84146185394846
69137949,2234.68946742813
58556748,345.73100024261737
83494716,383.649540951758
51219421,693.6562526027484
20118968,3.185118845453715
56424305,346.52153796483856
91040440,919.9839965052146
82249910,481.4457876483774
65005094,965.5676618858212
14333847,159.68076619990663
79940622,645.0466901263931
36407377,155.40273402426766
16485177,149.6399406455468
19967320,120.75307259926741
86757224,159.53428991310736
47859734,135.5206218135313
15329881,180.87764917914612
38097629,145.75861908548006
63914375,857.0797679546398
68107359,547.1049568877121
30898448,54.787335554101354
62098958,106.01901438648407
82555231,961.5426607312568
74537472,767.3103716567073
53883476,633.8738257578867
87349008,190.19447050789867
60387770,96.2828785336998
76029782,433.2709857982792
17330605,102.86761343216703
73592240,125.73870571140502
46762043,150.25143970335873
35726404,461.79053209451473
19188826,145.70024413173905
69934099,2194.797092729421
98236292,149.35558948995208
66601351,628.4028039375077
24082367,619.6888137615982
86399833,1139.137734196849
29406161,355.080542776762
77568118,241.4585203119469
68454220,199.29001041315064
20326815,723.1314541250563
96392075,257.9503311251114
43846930,1532.01826912971
64059970,243.39503441553046
59660323,143.8332236730956
30664289,87.97035949969383
80504110,89.0636818442528
69214158,316.5919303895255
37153701,416.8141535119733
94463524,177.31763665587258
27069908,77.04310590041652
19881454,803.4552325581323
62073736,533.9487169559638
81301863,150.06530623092164
84692821,377.06748617078273
18061173,1324.8598013517371
20396165,155.96455626194967
90290263,119.21929038735753
53205197,86.27302919349849
71639333,823.5092948363848
26581527,1081.2157499092832
88753189,633.7890723540683
12152481,354.1300924615786
66369748,459.2339764996209
31086360,284.69428881398176
68141078,144.99976830129734
87072389,104.63928309754203
97229380,118.49898393451568
14239930,128.88484693718326
47067735,1071.297895418588
23013670,925.232189372904
91166617,185.9621971629899
46464430,97.9432238059915
48307993,152.2915473474949
65322743,315.763309713772
50086685,437.3852985644841
65335801,192.88776411239044
83887090,159.75730793295162
79333390,400.45365677173595
84490520,187.31647371609918
90753494,2040.4427529192276
17091898,458.39509593624706
94064213,702.4293133793133
76172003,229.05606998947647
36639874,97.04572345966322
93190659,478.9533634485262
77671761,119.69894011227544
64459243,226.062470813115
92415904,115.79608225403396
22451687,99.27009470449151
99098676,420.04004626820074
96250656,119.03372607082711
43637666,1328.425271390816
87755511,635.9790804306762
39642098,66.39248664138081
29533984,168.3746507299044
57860445,159.8623380684988
33335103,114.52305524892
40928352,496.38083531161584
66938624,162.96730071397755
97908221,200.92490624247486
32317269,533.6250695705602
56374872,824.033746319649
56164704,519.343462121345
16557670,114.08445397275301
57350487,64.280120210425
73640189,107.57048085636859
28886856,182.99074095152116
66838952,54.68679168998098
73125445,772.1121756989107
89817544,842.2629975816691
69175507,136.76405544839326
93099722,130.9548092988268
42498618,283.8912659271341
58133975,741.5467033481331
50823382,95.30009606775272
82720881,228.73074956749244
47566077,278.44527730518803
77236358,325.9706180887898
24977235,206.9159731982564
82212369,144.5397662924726
61416619,118.73246581504534
14011629,344.4649390457965
47820649,433.727901267965
87027470,1284.4074012225865
84406467,82.09520557052313
18483336,-23.264826883658763
11745857,115.77839244170806
72009137,157.96342845821897
21373342,114.89280398093139
50764118,126.0676430699733
17876513,205.89728936038176
21573530,1295.0921280903292
62535056,581.5261295935563
52924658,190.41068306734104
59116751,368.3027546566817
96464552,84.72263035698221
41877592,239.78564696175314
27556664,132.23451183732737
82049392,387.0507382168977
21890177,115.17971696706061
84019657,123.71945494261094
70836939,148.93056433091166
73269246,277.85029412443856
65430516,40.08764953792441
15552867,948.4396907486694
16632045,105.7998495973712
58510236,154.3017964912271
94607287,134.32665627907946
16582909,1797.7106822744834
91254889,126.09946862341243
52951693,312.28448197514183
42015762,130.13023250113653
39537878,93.93878674390726
75334066,468.1314179498087
15509168,145.387574400685
21848464,125.9108228650599
15512926,681.908169733656
19852776,90.09706771034949
98991290,25.89754617845513
67867067,1080.5321544798287
75069265,280.2263525559172
33163007,101.12339342040755
72461037,107.52165889038054
79368575,73.83823242382374
19283832,191.95533705283017
74686369,249.8108801425885
42431987,185.53689103975825
49107046,152.1752959095945
21631633,297.92276885633805
57757752,1010.3311141596222
64260092,383.6111457258998
23733208,107.52013571048752
81359267,629.2812698040397
78964700,275.48809339145896
33821569,1246.0429064321363
52189182,222.62948700593864
67362415,100.9011603496968
32252347,1192.011104913492
42461075,150.45649964274594
42564953,901.928726158089
53441096,145.83959275282805
28942045,155.29804268823878
92173510,454.0398711223044
37939234,200.48501634966576
83072941,852.2409639085523
72001493,1943.2192130502256
88722560,188.93936824959417
24458695,133.69599978912433
34236973,1228.560770996519
63527431,144.36246413857344
35020078,106.88543666456378
96240931,530.003510123598
96449025,977.9824945013037
73324268,131.02394242143146
20943504,2082.889512852132
65163807,166.2678290223444
65735235,587.9048015490226
34006121,479.2250957558231
11206259,871.0353403690597
21142225,321.2491833820827
43933688,558.6402408840405
20195114,300.627305984313
18089453,261.11282204990886
87927482,2760.8203376380534
72119177,710.9276273691286
68722653,191.21528317549615
99012228,407.35662648172405
95191404,328.90110370676376
68494900,115.02367459406689
11789848,832.9974320133854
51367435,365.75107723485627
83199690,145.72020475142554
44222449,122.72329437018682
97059152,219.02997179733623
21321783,126.32370497746057
89238156,250.0170060276771
75658495,106.54895169005245
80514422,76.97087753276573
80098101,317.0404948196647
57507250,381.9087706917667
82869937,172.3197980428997
64737683,488.07593053274064
64663030,368.70574243398585
22362250,80.16515134293331
51054867,3.3796268378886154
60302181,436.6711415695981
89897892,698.1279260229348
99745406,564.0463758117833
52137793,739.3017812962067
94617943,239.11650378581547
92402481,1272.2751813864675
29177060,93.87522711006739
96789879,115.62998871784038
16733828,41.0342554546515
69997197,1004.9758020087388
80009529,120.46188430678473
70971147,144.90683735615414
89268742,200.94488325973742
81559172,158.6519241540639
19799436,1122.8312016595717
96316683,955.1690665998588
16202604,620.0308415097462
99234264,166.32598662760677
89790861,621.8703224754839
80624261,112.77982702180931
98327008,157.35459256022259
43114030,178.44036756992065
38992659,1323.767618431536
26185292,136.62205418589772
84958392,125.50452726303719
63532044,97.3551607937765
72780852,133.74314334606615
63755363,159.90008448749387
63435369,120.73999556800385
49085103,168.34284480334486
39826465,74.73732057001682
89335030,2398.4273087297433
92393797,98.0094218900803
36385689,77.14400209271545
14218024,178.087009132573
43067447,178.18903808932595
11821155,1851.8993571229423
96671043,263.3771733457734
64977532,127.78342920480813
51923648,230.7741486291807
52082499,171.91972245783222
58693008,189.53055522585024
77432555,76.50403274586067
11692478,495.99821165483615
88536020,84.97941061779109
13996971,218.2431586031269
92291100,1241.0095545215052
77799089,100.6903960366489
46970679,123.5942157241041
96819382,116.35666115640267
25751312,461.02132404902534
89990705,331.4147434183762
52038068,508.4798906976208
32344173,501.4643439192022
33993191,172.66703118636647
52279123,128.90183032286564
18496274,171.9942295487823
89490563,162.1650364536882
17329696,110.50945049810876
16967446,69.96854849704783
80888202,818.5750694624081
14661504,125.88487894786046
19604443,182.54151333765796
37821572,631.9591921067636
88831769,73.09653109611104
32405077,536.059653551851
52763362,682.0197406582397
75573252,950.2740373733615
54781465,569.1614823061199
22599480,244.00015559369632
93311234,121.31663624571107
69925053,276.45358327602537
12598333,1174.2297632718535
94909106,222.77480441374877
86019408,105.71420598010243
96477826,907.1056466326096
47575439,157.18750019015928
44219472,137.8162165808655
14808414,167.62487255983157
51535602,268.8329149243169
85960705,139.00288594686785
52391461,123.56981403302248
81172596,126.2990878487029
11351493,526.6225801012305
72733290,137.08556254907853
74877854,441.47087681548857
27680792,434.4940255465166
44946524,322.5904080512332
23475779,492.3718336952094
48465422,169.98049421319269
52076835,428.7160384237146
44646564,211.27340234658766
87277346,198.78706913781616
47973044,356.4864272454947
75500097,155.9338140981733
36145678,140.8328184477186
85625020,97.36570466449689
97404967,663.3385780840358
11411712,88.7361799865277
80164594,142.72286279870158
30555374,116.21278426089653
93243676,123.21812766583966
12801610,995.5157991840289
58651288,110.4649015030218
52409464,298.77564446083863
26481577,864.3314041104842
99557550,1041.128209810575
92346786,1145.6125450350833
33277389,356.22762918176875
78792921,113.32322720265277
89378277,74.11524600215773
82856305,384.1129919248341
30767488,683.896283690944
36397903,1425.7670938090282
64870928,93.07718002077216
11575457,395.72484787093214
39041845,1017.761252569481
92898654,452.3845915030038
16929732,146.30062696117523
33334714,458.6405699732421
12221534,274.8574774959722
73945645,115.83510053944335
68971550,147.66515811411196
75565371,497.5147796742886
59677619,119.22205649819577
93539814,165.8994583495231
24106217,122.54872384850673
55020351,458.5943686851455
15672017,587.7081412660568
10841847,171.51038513811733
86946687,237.291692857308
99799054,250.87043094888003
81128474,162.88334652219888
80366080,122.52887741976615
10218336,406.47435827591994
72351128,196.6258562357452
56132260,86.5900483945866
99301338,465.6210191267873
84453738,488.8713226257573
58188871,100.62401743185063
81971342,318.05386710042086
94124547,107.72730264358647
32266038,241.35449609935156
71760843,395.3283780073616
77203995,155.19092235092234
84611651,40.43991715553086
76627771,329.27592219128303
12653847,407.4518912299239
43336328,459.7277750168433
91500607,123.20602400812878
68213549,1191.671945239923
35549327,397.4925760810416
80808916,126.9035845272458
17110481,1760.1174807681657
99587119,302.606657478003
92334856,750.037490603227
53359226,105.74495733096057
80618402,204.79601746745152
41703808,284.8249295817748
19195409,117.05063997292771
76941149,114.13885136171503
97584818,1085.556732236043
56683377,129.39550830235478
67011320,215.51505229620489
15480221,76.9612493978624
68081328,157.64779764685068
55487684,321.85265146014245
74199206,197.3443542815983
90165063,146.71461937113506
36193583,181.70632846075486
10917950,167.80602693335078
92870312,444.69681784343595
72030717,1204.37131039827
17113758,1151.8035908383551
89153386,91.13258434472058
45809568,170.26007272303255
30803532,235.99023990499057
41936053,205.3138115905875
14429173,214.65585235558632
86629786,328.2500205361896
60024688,200.31193586091447
75100924,459.1030146630523
19587468,74.05627135165213
88088850,502.70214064061776
14339658,340.9926698690281
93643220,120.80976895999646
61257147,146.19048670005822
47372664,186.58246524158565
72551157,237.60251390099816
70006271,368.89139692252195
66160499,314.8501568257663
14115358,277.97560926518986
24138292,382.95355969424975
81649352,399.12857215381894
86450554,258.3673932687343
43772724,113.0407861595296
76147600,256.51738729015494
37814705,356.29926964498816
79438450,568.1348960833644
30374304,1289.8859767639146
54234194,836.0219530023608
94516994,90.07239340003748
15639119,418.02168253273425
98234744,391.37013988947433
84292967,146.99284882808215
14583946,88.59322610229879
74680521,69.11677492125335
10214287,215.71896454416432
43877051,121.01787648521695
28904050,763.401305206786
62063260,141.78749555952177
50651267,118.29987190863375
76093719,595.3856985146808
42788012,399.11049115984673
64271564,258.82075715932604
36033563,64.24182689716802
32364760,186.55000790986034
82718318,100.57480620893776
42781597,353.54155633568666
63047151,1338.0928263372484
54331908,318.06791403453815
88556646,845.0888600606618
80038856,148.23635602144452
62561061,997.9158786404366
65834717,152.42264319355212
80358828,38.3593184106302
35099840,300.7055625055385
50872993,107.48999316129868
80223193,82.5010139187407
28448374,250.32807652158849
92231676,349.24818357599787
65717894,205.57639633590188
86298764,95.0435386666043
76299579,120.41480294620825
15449921,62.97925886090643
44677435,740.6195921412524
75188492,106.44014660227859
99785392,578.1890103327323
27084775,107.60593431921502
34483861,117.91923756568849
44135541,105.1959500502259
85537076,89.00393429578098
32577802,301.2263899004443
58632323,138.5622234109098
65794441,1347.6078861281835
91626972,220.9430282819039
80568466,231.00616786063645
19317452,125.28646286558882
19462773,317.1585736754343
16861573,201.4318821626961
61543398,870.3114819345298
67189144,314.37340507587584
46184090,303.6435421797526
14969625,384.7187536597555
12339000,201.9220884186617
87651999,473.2477003309982
48444572,153.93875475669643
43026767,12.814764395448504
25666315,208.43789651762248
85141494,35.325282691741144
10196732,261.73445851948856
89772932,115.93747472284618
76197106,271.9940935647516
35668637,415.18369345985906
47789451,112.51825189795898
11772481,805.3402961185919
92352486,83.44531110600592
74959731,398.76183126923837
24006644,350.8502680835767
70184471,271.22835984462694
63616459,4433.296396197852
65420176,18.404346069792723
52778454,366.8117246390767
20334394,337.2408670167995
29566160,442.8752972103961
41218910,1046.837718272408
57645530,107.95489942897272
32753016,117.17709015215921
53485349,452.1137670503124
99359057,1726.0018048752122
50033107,113.64309216491618
21562381,2173.6603120999944
77828671,108.42886007763508
59082786,121.70978577317689
99756703,464.531313220526
62477883,158.48807024446302
62194095,2522.9072260337352
77240295,316.25470044175654
78173906,124.03597901243928
51850860,233.5552925174634
36247163,118.1543071071442
80372868,248.894394431539
55810884,308.5634789157961
39425335,313.423251603828
64769998,123.23708991116591
74184119,385.00911264608703
30910517,220.50812362198536
82036794,271.0058388186607
27288556,194.52353992546034
73750248,693.5682138120748
93836103,1251.7641615585278
21006367,760.1737618565392
93898545,182.0108109444953
94582565,175.2346577832425
13137522,173.45446845284718
31604761,706.4026639453622
60718232,551.0152051147921
22356430,875.8443216190916
39386475,180.72240664407605
16350350,158.65473262443575
70755780,242.0088221934882
55920671,234.32626436425338
30409198,195.41776941333842
12366994,1682.858425608847
99624161,291.82883641145145
27085439,790.2238788637858
26222780,359.9522924480435
13513100,283.2098031648817
83619693,115.31468402139035
65230131,164.40298601621188
74197231,508.9835236889406
16535315,681.3612037613257
49313519,328.4360184775486
54192335,403.83458120440895
80736897,246.85456898429402
99406225,192.44031962690724
67818530,239.34203052385524
84284655,1090.912512703697
30897932,725.1151160638481
32254189,89.3839181125951
31849680,179.78060815634996
41359333,146.34377796774638
66456629,236.1661798930354
68729486,280.32526170901605
40630348,248.31172296199946
93988333,417.6635295450114
47811524,332.20400270499385
98617237,609.2150787806637
20362387,190.0406529140831
84645660,286.9008587899006
16861971,136.55815694091524
34588999,1361.2521460522687
53427517,1836.9717189569024
42513475,181.33179518307222
57705547,137.24773218600907
49742880,105.30097713627701
66920323,526.952965209807
12354776,731.0934305765246
25840613,436.5659067076673
45114259,248.37516542540567
49079923,482.20717080348834
63116367,240.1563947738925
63802912,124.58820741285608
48974796,46.63927296607235
30061599,268.58642939005097
68578654,269.9841803100962
54173227,135.25655407082635
96680380,640.2760502561134
23868064,627.8694801562577
51824090,2198.2581175964306
34839733,58.79780153767982
80054187,134.51069045438092
12685572,523.4487096879371
41567061,114.27943116563479
94877842,-77.1618437915195
58492968,196.8789621214605
71326484,117.44357677627646
70920278,101.80614686952333
54663137,169.706430443866
32126460,153.93252650218295
54874790,115.92413367043187
13538436,1326.7073101147575
30100038,110.27790344190959
80017866,155.25301792589462
64347455,258.9224568783155
13683069,2250.0246123534166
48039428,98.57380007555615
99567150,254.97119446484263
85509215,190.7568163724884
60668698,479.20572413117696
12191456,435.59725821289896
77765786,101.65203736483424
12528361,134.76470464455772
58442957,1429.1837523413487
54303594,157.06521162843356
27681147,3818.1922502920124
69098569,1112.9847853337496
95221316,624.005356715223
40109548,104.09188068603012
55576313,97.20486219852012
53153958,1299.8781919203147
21200840,146.16617948028173
50894265,284.5204488116318
23626838,184.28732411461485
12418418,351.2735384549645
22706358,115.27798251140558
45395670,164.8433901693877
87327017,171.41697800098817
13017114,182.7584127000474
32271547,531.6296745536961
74538679,128.64288063916428
39506103,339.37283996664894
46816166,81.21126142572308
66503105,175.6330397138391
65579176,125.81838421802084
40074247,264.14011515590084
91310031,93.77650312181375
77444410,325.87783097634275
69955281,593.4977748998447
67331105,201.38731752272548
45643632,173.94990118911073
73282363,261.9917562193897
13642505,167.59144049984545
68901430,287.28895460648084
89906679,305.2585593336096
52711886,91.31699479206686
79575331,973.4533912187643
92616283,823.2506501521613
30763055,955.8916696558084
16611953,417.049536482724
33070179,586.8477745949982
80347205,976.6984779507804
83995335,121.11314548500029
14535805,10.332789890099303
84879838,101.7496444266791
11864901,1311.9359800064183
14658965,529.0934962630396
24293507,659.1466552747173
70453525,99.53588454154632
87798104,130.03371604884887
19197193,432.80617454827467
28284548,238.76757724835807
86044842,420.43145681284176
23057275,41.27217583131156
27985337,1241.1182751480735
22587547,421.0763352945859
12855508,186.67261443934817
64337495,206.22493511297355
86712331,275.65286747237695
61189156,898.6067480792782
91594873,205.91362893889027
54835971,963.9466862327022
44370830,239.9296190160317
23684803,132.2602589380573
92481929,2192.8790534077693
35638424,206.89597453192886
25657749,125.9196378746879
39381975,-4.159187089782699
72999107,212.05583128684282
25818586,107.05503236631792
58036789,155.80383600062706
94320377,132.04883183291068
47110506,269.7543897714184
66399362,74.62958247959988
68909982,126.7327071731755
16073310,110.27783330911979
43288405,545.9915462894098
71579560,499.42592875158067
16507355,1488.6569005831816
48802207,840.8089928483644
89915294,121.93812364066213
97679852,142.0302871683305
29217698,220.44149651058848
27435911,123.64157854552718
78879242,1666.2785983423548
27175130,466.6277717590611
29020135,592.0179550671837
78626569,759.752841905343
71067812,-11.0962788400826
96690513,951.6407977127692
95531962,386.9850431799245
98356800,108.09121137764173
86104439,846.9272436062159
55595900,144.06834872532932
75208610,259.73068525897304
15300209,898.7271359072433
61949363,125.84160163902536
65881085,229.22081077650324
66803690,120.52761148639101
71508510,134.04007733400198
77429269,350.04119780697124
70868754,225.11401401866547
93223292,1194.7475225154733
70378280,179.52619118151375
72142932,456.3099983297013
88911193,169.96337076058072
89761834,141.01046362642177
36836619,324.7469648079877
53134062,105.20409054887654
98828461,155.16899822915298
55370391,585.2537382495578
69978664,225.201914549149
48824111,159.74800102027064
11383415,521.6827502182709
89041808,559.1070127265507
31864759,695.1615175097113
85436725,544.0550418518786
12287678,217.4526152200379
54577919,249.91931791889485
69095778,203.47479012212202
86755087,300.13026118414393
87570494,130.87781419518456
42971075,396.9888558881944
19251821,247.3766873523608
40154766,171.57010829277854
86599495,96.23508084873414
88331508,-0.6540083875027578
70254717,572.1461492878329
32105523,124.10994074190373
42241465,235.2584127171179
66334048,609.8990785965182
56657286,1130.5546787047326
99489082,574.7289702144966
89634976,204.674423408946
22529712,177.90985024294
93452559,166.62439473484255
75276107,553.3121786863586
57620607,394.81210047693963
11822194,398.2349300383441
85101585,364.99917170067954
73640715,233.03448348981755
18114714,247.66392307511762
62352450,296.366731381197
88096618,94.48265265714319
76855836,107.2720091723339
76968795,248.20267003831924
19089688,350.08134999207226
93669020,476.6566204035239
32221954,131.36631213279253
80149491,1043.2542036814316
90863370,605.3884538362096
18955449,269.1831564683056
46106075,406.5412302070505
64362412,427.02094847292886
13228942,381.9610817852759
18238798,84.08649377980765
17197174,142.94022417697047
56883307,359.75510628573267
43838074,382.7722221051645
94366977,74.44909642826443
51114116,171.58510319594967
91929625,1367.793681930642
72617691,160.58447009572748
18081983,141.09187128088382
41430371,137.90001347315982
18768333,386.4073797626997
97670981,185.2298576605774
33138884,764.5641501639382
54769750,273.5310177412592
89191521,157.2857366626864
68771611,323.33669161945045
69658524,116.30127943156296
72361657,170.63353047806677
56548670,146.56030479980305
78323750,361.77704171489967
30772189,260.4899469785609
48525110,102.75765869905601
86995869,146.16317395232014
17626486,1992.3415358787213
25200634,165.74238991807036
42675735,182.95572774058118
65493081,236.0390949031863
93613666,1413.678411162114
70416961,83.1565216077914
29938065,324.8378985783146
49578380,1457.3437882368764
98870679,150.69299632811905
69931311,60.52657003990857
53406287,2019.5254575952802
84279248,328.0490281607572
95721664,532.083895600531
86560148,1795.2104303641404
54643141,259.3951841801518
87296829,138.42061372352873
44687814,100.69596685730184
17812890,57.16687072071246
55517272,169.0130317036921
83984617,201.06156703884253
50681051,359.9818668565276
74119296,290.5808891757865
67223450,771.5868691297113
77287132,519.9143069956571
36264517,215.06954980518654
42898261,292.2199578808195
62830950,221.2458362372035
34861949,308.0620396037757
73511243,153.29467209251618
21486168,95.24602475526213
99309538,1034.711501818783
42037617,111.06752479566183
54746843,812.4365819532806
47539615,159.91920421418
84768747,260.5951064079596
72954519,607.5918354781588
86653160,433.7716006849634
24350012,159.2618631789902
44330162,116.14800135695468
40410889,116.83911688968513
14017526,618.2956480123925
18494070,657.484521397587
47916307,481.7089395004776
39725498,383.78157663299834
54156054,182.8547344788417
49589662,779.6898749178903
87793535,146.92828482996666
25123851,400.1539373464394
55319133,1334.0679025153356
35955058,436.24651317510865
15784980,156.37506281893823
63967490,1131.5100802507532
84366303,106.77176393008676
32211409,1213.011117481454
27475512,765.4530163061773
98385904,57.07148060133764
74274926,119.97251607129363
26137274,1402.9168711746674
35706395,401.3902210515198
25432073,106.87621981959364
56493804,201.75994919994253
21783642,274.4961668595441
24274717,331.0676485998462
93363592,304.99601462439614
50359798,1313.8284271253588
76057356,278.51039911037714
34577569,332.8336818055762
13432670,292.31812448649254
36150614,194.5599213877459
95883486,139.67750847999054
17035345,1213.6611529190814
48987823,132.82056612668592
18853302,115.07196537139575
70059479,85.59644191740719
35830006,460.1515521862089
83058209,224.0387055728265
52239160,168.92179870140023
24939237,270.253347803747
48271879,180.46024066139327
58898302,121.63465540236817
97505252,264.8433820041735
52580265,117.65635673053697
59859756,115.05807695177533
59531100,382.72181523883825
82820692,40.15440187419854
73015543,1794.973682970499
50663543,268.14806187281545
61349439,132.9631566047087
82745505,97.94601734221838
91058293,280.72072942650544
17937997,368.87199488233364
48025378,947.7304255838408
21558049,405.92148188689316
51468147,816.627208300687
87943582,120.96245226953815
72989675,118.25548210305948
10828659,45.28197800145752
78868242,190.0185859840291
63610417,772.0990372723012
13037947,231.54328863479648
63051485,83.72246431974605
42637767,178.41920664252825
66029975,127.95312844729372
41368516,180.99661112949843
75570412,59.33033063982702
58832659,953.5890767448457
20746324,108.35168914173471
41047714,1072.554079622261
41430458,514.7077673840973
69198371,143.7806323625297
46430156,382.66812143033445
42120705,343.0162031324933
67695943,430.03043755406554
10655846,161.06273157886582
56387239,92.82771782285867
73136827,193.18658455175535
66107772,349.7316668743636
41597595,338.94179210388427
27035754,119.18136876480467
94233303,56.998417048578396
72371862,177.94860950015217
47858586,130.97353005370783
50074731,138.39982101941484
15840349,198.49049655343916
27527024,1680.049160164832
51445447,90.28099473743062
83042677,172.05152693308497
17433657,200.34390789218986
83477453,600.2572059541931
58980418,135.26168064485157
49038207,228.36463165210478
35105997,112.14197417693487
88328473,124.07138561332923
49929992,371.40990574332966
12057690,97.54822133973765
22485986,179.78973143893927
18944255,684.26613135988
94296460,91.07784408946891
15325948,967.8046602314621
80036637,1294.733191089019
63707416,154.92414785204411
33357067,1040.1127681056614
76260292,237.1889195008896
88542794,551.5052118550524
36624049,429.86514720553674
85370002,382.36536839515816
70947321,511.714942044772
86215831,1288.8856994730397
71799918,434.1346380691568
70779429,278.2043402289069
28177790,394.56815979319447
33416701,572.7433059355882
32210074,528.3168304189385
91177225,283.0970425201182
62230096,120.73791407070118
27830922,424.8567973391666
20292159,86.99227619410303
72135125,219.041119837454
41060839,1033.3226504013908
14610723,177.21939226307242
40291165,55.56759308794116
76063806,27.449271727930885
21250419,129.3976499096284
67512417,193.67094229473986
33443292,236.12031691432324
33660955,99.66294648266901
33504001,179.5901799020192
59014872,124.33047284787536
48423806,288.37076765497426
81227220,383.97062408510175
97904600,115.94295121867891
80141558,101.08841447866033
13290868,150.89467423976458
12913192,1084.985518848571
94144440,1554.304986032894
53033174,317.1646199521268
93735706,780.4096646457124
59909555,309.2663860776931
99555121,173.2692730929782
13256013,223.8883533943826
93540353,402.20522797408614
97837539,93.0926677326615
35669129,171.29062993592967
50012137,146.43273115697326
68173579,4642.604361256048
59440623,176.80494538466354
48714672,849.6698792718421
86973367,1239.2450756889198
28395212,1626.6068723242356
50017530,258.5530358637097
48045601,192.61311422056298
60427063,143.505897358107
49061177,94.08797598546347
42896715,857.3489392059813
97451418,188.62357995582454
53456411,1111.9497064526233
99184358,1328.2449837468325
91879007,210.8886137509818
76424273,447.9955158294109
19529774,164.36639946697517
60604201,132.43384318203644
96265561,51.44698832756852
84388943,606.2572074405019
22143961,84.99287824701865
14880373,1949.5651562409287
98124884,515.7485964861464
23434755,1018.8937722182318
36626131,558.0151193735242
86172967,256.6969859205149
89507826,1620.2873217907686
51984404,107.60092768441439
21328430,149.6434348641112
46133239,131.59357785684935
87118588,110.13517136701641
72466804,53.939246728592
90243251,280.5819655478922
31491219,187.0294162735423
83702289,1603.0387888435457
78369132,964.0850795574199
12074272,123.48177328408809
77297832,110.64108284087683
91732264,1220.542215752303
51116865,154.79963387896737
81826443,314.67440911466383
26192585,1011.5998885854033
72261842,157.3957336589351
40619619,159.61632912965442
89999631,161.70779058557397
10490133,103.19877809672184
90054183,1054.8513256166107
62212383,223.94127372513364
19863611,266.38535368043307
51025893,349.10063486900117
83280839,193.39359834383336
53701664,119.00619754678276
70474564,619.5834546822405
52730115,219.50454695947514
28945671,175.622935671871
76905104,310.4468765305873
60340609,200.04872481554602
14262244,292.95082301672284
86114877,310.09181376432565
24582504,209.46621168153044
77544375,169.52043221735406
18212637,518.3254321288971
31107635,287.82944619163817
73185236,1575.1305826616654
73413665,93.25527730335051
31204532,292.93976408674143
16646519,832.1902794092309
59819313,330.95954549665583
58041963,414.63669753332215
73177607,139.56564942735366
65489959,318.023589541333
53892134,974.5918657023258
14638825,169.35757162644774
61652212,574.7652007038962
69208062,96.85971831408892
98205776,116.66996680294041
91953270,87.87521120053361
95708788,474.6466462154267
71079776,109.09538584554564
10948901,1962.1277223018408
79084173,673.618147875905
41410746,120.17981423116511
50927968,170.5431517486266
99511873,64.15112223185898
87562260,505.80884709160574
48098997,218.30628208332357
77592143,281.7459347008402
50298301,211.95212436907875
95160336,321.8724922055777
13581567,803.8784424179801
76106706,862.8546480039397
53880590,165.5915899328154
50270200,168.16182661118634
13098948,107.01562352339734
81835258,101.70359986359269
14238786,123.61093974372673
65288499,272.8331227220471
29149871,188.28844784992802
39551396,837.1887976389177
77375335,1160.8057840890065
14384374,101.41745293017075
63368293,644.0888290128903
25141477,175.26293990334557
37822276,125.0787435918649
62473299,115.29317489578563
90467887,1364.6082732928196
62270028,175.78085541213204
62101686,121.15208114474925
51642126,153.7739576203779
50281814,268.0302160212296
34969698,564.1019637656506
46962155,102.09998513838325
17638609,44.18160184658738
59977095,97.57718141683321
75196820,122.25608496051913
65141041,197.38482323335893
65986306,696.3597271284987
99818911,129.45394260623596
38328534,309.953206956197
31204739,784.2029050437953
53082885,270.9065185378313
76244528,137.67677590037766
46394887,152.69689399695736
65939511,100.35203108326367
96048217,123.11964347974568
60425489,120.94216944100664
69419323,91.76665431273925
15008203,209.66240340799766
70058997,416.9530235705008
44067940,472.8430268035159
47031542,212.88660568466233
28929546,682.6463311522293
34548603,727.311219807893
36515676,793.2029234760311
42765717,113.56482528015344
60296558,85.47110644432311
84332226,300.86944524491406
76539663,592.5282334239323
73504572,184.89466944001796
64646486,185.71445499436192
28262602,131.46875897506823
74447096,255.84183870547977
23247586,120.15570369155037
99044390,1608.904346244611
66743385,1348.4894873821572
62841747,294.3501824190521
98271312,110.37128129552885
54969068,915.4977870722305
49548078,168.15476671685772
47147429,210.68165774711912
46113098,115.85044321932277
52623517,111.50025070360358
43618531,132.33240757948423
54174309,393.60192279525603
21908078,40.871198541500156
56753065,329.1639295199745
22723502,446.92805743815836
88620530,1100.4497315368392
38560702,474.0355065865323
66126723,-18.77544247556726
24731893,198.7183464698298
19472558,474.5561250599652
44766250,119.62853850443562
75919229,2188.476213353073
27459467,279.2626940358094
85529275,124.78434596576386
88503537,632.1187755846441
66147417,179.77598833437307
53916103,151.99906554897606
65299077,100.89134572513848
82070950,332.7473188680413
69058105,148.9910530820237
89985793,128.11018503064147
38430174,948.0176392010551
24884771,114.32345472846276
37414962,116.94671236582418
35739187,181.84215073072735
52492779,379.78006886540896
70409358,178.004875809204
38452011,131.3631644781088
43879270,112.92782482646338
70351120,312.77758742361755
47671157,154.30399613289643
60667365,713.5820567375448
85223481,83.96227885527078
83739939,645.2306658015522
36389934,972.9103912472334
84194560,203.02730926506845
66937745,271.9403339204139
82520946,412.3892199867405
52339932,230.33320919173022
19641281,590.4107375063912
69795343,113.59753525765571
99135350,118.54224918775496
27549583,95.71789095486824
94476832,283.09913744223695
58221865,111.70271805500121
25319395,195.11841699626422
74970303,319.53274432424104
10305170,446.30605405682905
82291258,713.7789297617273
81383048,141.72616424958153
79987158,710.6561906093514
13533229,124.91728354014076
40426833,241.62399350568685
79077516,52.68291710786093
49738320,145.19951303226702
51126693,263.5546765363761
52635836,1110.540117641927
46715477,142.7048896243056
82258908,389.246251631169
56878285,1598.105254237823
19130210,66.67924205551903
92849186,1354.9442520255297
24338810,480.85127916730573
24758650,670.3445748316146
70913184,93.2320032950612
37987399,480.96847173697086
74913796,317.43528787206594
17667485,93.67760461019327
64222955,171.0085382373432
96958008,131.12428186635177
10416049,276.3844209507572
60398901,250.50372953357208
24738469,138.1961122039194
50592747,231.7477971995602
96289055,1745.002457329692
38420705,150.61210044474322
93968498,271.0151179257134
79579077,83.24297245249569
66828068,1916.0733782220425
96166759,173.5735378689039
32805078,184.58483697769339
96021280,112.56110271907633
73914137,834.51337836413
38819078,586.3810641810802
26837951,611.7534024902533
86644106,575.5573698374162
55183461,709.5499830794922
52422099,885.8491268857796
83190904,430.75309451551055
80939883,416.9292617415746
12388368,150.07779810619562
15537990,293.66079716764995
52619092,163.98744335369884
14251589,367.37039946620274
78390765,361.20403856188665
43497859,323.85702889980286
18381852,352.7860412349234
53390528,1270.1657311389376
32023086,87.46004130934847
55881129,146.8786735775511
56955427,259.81275711707616
78797526,123.16081569565065
81441605,530.9665282621107
49418138,200.8984877120994
16343356,249.452961897711
50953620,189.94539506632125
80530984,246.23475942761317
92363214,154.5757533666559
11505021,602.8587602359536
10464949,194.92028870944637
40174242,66.62004851527384
46922794,673.2874375908416
31165878,976.7904182156822
92160351,578.5142148432907
97225599,165.14975146371023
57289385,288.0012142469834
10490505,531.583918905294
40593414,206.07364844661004
69535718,397.0844032421245
29927353,695.0515178687284
65834728,348.29268913678857
77297694,201.56634411950893
20453767,153.5947401546458
38742201,262.9222568386619
44178016,2973.0602127615257
26155961,517.2606764572951
85037563,768.9840765394159
13481675,100.3965309345357
32710978,249.87234551866078
42008191,106.0895809807364
13117186,116.76642150230839
32427009,291.8352390536211
77926757,626.3241264179105
11233435,191.30510549550064
16522541,634.9954334531485
63770815,138.84103278781748
77164558,54.88814617081426
74405387,559.6063050243431
74698287,442.32287244349607
90725998,450.07820998422136
24204802,1993.2740053397329
89034765,737.9333983982517
34875172,484.40275373948253
74411316,181.28774187332903
81157871,589.5275995904491
44232316,611.9388145409671
48083558,63.19956166930372
75280463,554.3076556789665
11329117,450.84502723919485
67082756,464.26232180527205
11237434,1321.0825668520513
69921139,132.57066232449654
68448780,169.60865592865966
77761059,287.7740338447832
29006434,1175.0846126496258
30190038,508.44621347005517
28376932,121.97886677641843
39355382,589.4771337509213
42494595,127.34104346636083
16756651,1048.4800960356642
78115658,1011.4094281573161
27261411,465.80557886697716
71919180,-335.0976220505578
99090920,528.2109783085197
64351618,151.40197214349658
88658759,1171.280743219677
14195927,333.9068126882807
63820196,161.0492875688067
23866225,2213.0891064572597
50484100,174.55440352924103
98406048,174.36932650960762
64139858,254.3099030839894
93302980,102.52000621280749
62155483,144.0078680831821
69791340,877.0892082032278
19631546,143.15565513352723
26192431,214.53916526070788
68268852,132.3895939401427
14862183,128.40431739106975
50141937,367.4291111300332
85256282,150.13849004736176
11027564,2755.6880218472297
51577553,138.28922463028843
77132573,95.95842141900772
55254268,431.78657863994795
25529214,171.73798734402953
89287048,278.9915492162338
23253967,533.8628346120336
22644692,135.7643678299776
32245140,119.78110617366181
82072504,119.13720763565429
34678460,1537.3793617546328
55373081,740.9397357222484
12138481,529.9824253233672
23632970,118.95841987303608
44285474,102.88556530075718
88075177,86.00597885929349
13117787,1291.4572096526908
14797111,159.40477751383705
28697695,126.8091212468135
34748486,1276.1118961550098
30506810,524.1771121391712
57410372,131.75033948573522
28776122,1001.2478120858817
18346451,466.7094633074404
29932007,1539.586734208196
82654800,336.4043324691502
67038086,1792.1285829965223
95282943,87.48747040734767
90723621,1537.4954397566048
37760202,92.64500476213037
97077656,1324.9167703527137
67823833,558.524724069118
25222231,82.69142987323673
63451552,718.1578966722711
66552053,135.46254933751112
83488554,367.80593276473695
24886655,43.642440252815035
83798512,322.73665039413333
46152763,327.6099719354318
96015866,266.17787934573045
51731151,119.13388589627256
34899750,785.7099606562919
55529926,105.28605208386072
95405536,1109.8312408924205
29288544,95.81847261866437
50076589,328.3721464028771
37886285,183.34925617872236
69818934,189.67320662702818
13957412,312.593429349294
27493225,308.9257671875278
81186892,530.9977775185471
72734336,153.921440736325
20148129,1219.220319610322
23391747,112.5209382918858
45833590,463.13866408685976
85777842,117.39974314554426
92975129,779.4278105417646
33382289,848.2346057736279
95953281,127.71559271651601
60074802,239.94814207112793
23912733,68.7480345028217
31346779,291.2041618560877
25605125,136.74589184388134
96288207,172.56096003283744
44535745,338.94736057708735
16008313,1529.6023717570015
91365542,865.4384655607932
67385764,303.8761701822908
31465116,197.56617293123384
99474816,131.08186928578777
26141909,218.3449207580228
72548314,159.1618155804193
39043955,708.8293483952305
55963655,101.97470442674499
54632315,321.48199806115366
48726285,141.72154529029729
76251227,186.44506610200148
83562410,855.474602260862
93775374,113.11160892097783
21446329,497.80676248023934
37345001,58.77478076799419
49628614,271.80528438657166
35767914,1663.9620646802102
10876536,402.38745021511056
47339936,210.74808785596315
89347542,2147.852355202772
22457603,350.8137129374739
77199929,148.8111530835595
46378399,361.04406981289367
70602262,120.74311835976576
54666534,1861.3549057023563
56421405,574.8555806751725
97652177,165.08376599028094
15442637,121.56140934070984
92360497,109.38301264073189
16847908,886.6430804256075
14220385,473.10875372014647
25905603,169.8343692092835
58331647,93.2105625637923
22292196,759.5406696334487
37237832,329.6229251346304
33009500,1639.3338609621374
12533428,1896.891505837933
46939545,148.18606797560682
41868505,13.860333525929148
75616535,696.1176879931701
73878512,420.5371129248064
67270933,128.7021791293454
98281662,152.30784555938865
66553316,402.3240449394268
34303551,668.4151672613532
82645628,575.3594202930103
57257821,204.90116357526475
21288888,552.2385639443011
85963653,130.54094429898257
47876249,2745.1860898954214
21439489,187.01015454228948
52566254,74.87796139439045
57084214,213.37768032610208
16925768,221.29140098056493
32782035,102.09261270830704
31791186,130.87575918346712
62797819,1547.0710620074833
35384978,132.4682115718538
21945105,1311.982061407773
81557774,210.92070995376906
85407739,127.47866503670271
86085126,131.53848843383776
95296354,504.92830360607894
90881439,139.901445897157
30757344,374.68967117750014
48457713,159.27834751269293
89571542,316.96920177006876
94067050,53.68078832310227
48271561,927.8587419677184
69357732,95.24898732632087
86325273,165.95198297144864
18152649,386.44428946664556
33899410,132.913984977056
22781669,101.8455095276526
17283281,364.4248904475581
51785872,1200.3264376839074
33104833,818.8049381717267
91682435,71.92074350653013
70713314,181.42883327478367
13110268,381.52282894452924
34642793,1860.6982634645576
41694899,145.1980366295384
86278349,115.33038743161993
11717089,151.70657654339166
59185456,273.6427355860702
59344396,115.6002716514088
89922228,688.1950812679398
62027210,225.4105500810772
98523447,112.00824559267731
77330146,2006.3779663364446
78386939,1190.372293914624
66831282,200.56286073299944
17596778,675.5384875789624
72290481,214.59477800165985
31606355,454.6446314543716
72940683,141.16802490703077
24736121,1305.8418584670883
47814214,144.89240009324877
39410982,626.4588655992831
44151940,303.2335028299678
65594908,524.0498160364453
79125454,239.4057981975866
50322107,479.912369350948
76200003,104.92850215694851
85059302,253.2331868621057
95450721,119.5728984729819
93253826,196.23125003849282
19723778,557.0950239867226
35980406,105.31490911569053
67285479,270.0182285548833
68864075,217.79061233511533
37422791,84.21955801079685
73798025,1284.6693498099287
97232135,125.90650617035614
50064513,1844.9482047186978
75638682,160.91622597776518
41937405,377.6724304448841
18443662,171.41017968888485
68899727,370.86913759565584
18388313,231.67331470658564
69521945,114.04657192690586
31596715,210.59704969334376
78472605,182.22484036559
12713963,150.83138136666693
46768823,283.68314549839295
27538097,476.772848265254
89955366,283.96098213483833
94081889,255.3286926170908
65214899,118.67867386790104
95205973,1765.175623986068
83140994,136.57204850221925
69014391,123.41117289363015
66919280,256.9097494017777
86299194,320.51825942541785
14394397,567.2315393799266
88465251,120.66579229145972
82447513,269.83224177433664
90676745,124.43891551974137
61229086,593.7426244110519
30557316,488.4849904956044
48578361,108.3482748294414
29085329,53.28308255965944
99539415,765.0261858772282
33750162,424.37718867940004
51880900,143.00021578962466
81942693,908.8381779071474
44828087,219.2145161299925
80752087,262.50628841326187
99218652,526.8208788761915
37433425,927.5940552383029
39115683,117.10405056869979
26601986,82.9998816181338
50469308,124.7542205743793
69872975,617.8836003363969
18483245,382.97975783416183
12588982,268.74492716597877
79454705,139.34878654592106
76523232,191.6452683223957
96131595,2116.597718683937
99680250,149.78033551221048
82622915,400.1586366827172
11290284,479.976262716131
80057162,526.2683773891084
72165316,592.3770545303661
79751433,192.504257105831
33215554,143.74248276399913
42852506,150.2135516615702
56093872,363.7331082963185
64167041,278.0193400822614
83380458,2920.4409719952805
32651438,68.39550264662917
38364846,20.59669435508615
74621857,106.5335315064526
62748794,127.93079158484521
71435421,103.65152615251264
76163868,1149.7898642857265
14677956,215.5612816018373
48283664,123.4773453652862
93787027,326.09924760491845
75353617,1348.5179608856608
44130726,300.8282586793839
75634285,1630.8383975913448
27969925,114.19363734631273
34662422,273.1310279705378
46428766,213.1289132980022
40279741,162.29598116587508
58991338,1636.8315265155595
52295288,149.01482176056325
25429358,685.1163735101309
91223525,169.40325769263868
80429592,339.2472768051888
36010937,268.27806496732603
61652867,974.836452017101
34655678,315.2487207871608
32281319,522.4288571904334
74717544,847.6267683580219
81780208,251.6859815429535
74117270,682.5231023203897
94663011,120.54417366036378
18715534,188.36346815727575
89926226,244.50918363794224
31441075,81.56939063569787
85656066,482.4326466007674
63154501,102.47118469862818
56954947,586.335745424338
35193891,228.69369479173545
68045567,54.30566648226282
75523548,150.7264959851033
80044768,176.99238020051018
80565568,192.74272182714287
58680458,692.4779494494621
93434632,207.68670885487944
38164915,257.77855274098846
39561694,305.36052785749735
23940974,1018.8376230411501
66689621,95.85859326005992
91586014,198.38064785983482
68610549,138.9566442362373
44648566,137.8951032988028
68443861,195.3878868473483
95300751,166.09368888526072
74650313,144.54285413459561
78190939,590.6746568181051
79583687,121.1082048613956
78744133,368.7018972115405
19424377,83.64695649905796
74426958,78.80135583271937
30714675,157.63456676545272
20297631,181.56305741768637
62326689,2078.341090495342
72851226,133.29199492999132
94924877,99.43093060025981
39912297,367.548642101913
50554145,93.67756340348933
51964385,82.73140706586607
91524053,408.9511305518527
67059408,159.15421293262932
13707505,103.04002845130125
96336923,589.2851900229568
18937921,181.03157118560995
23247466,260.0085940381063
20718626,451.06263020162015
62001591,424.33638049008215
32183930,2949.2486066031915
29520078,150.39842697657267
20246948,854.9142977513224
12865925,225.10438509292152
75414040,752.6116017987813
29805887,834.3301939744224
91828173,319.79113833424805
92911827,519.4279641838756
21259879,1125.3802527814473
27730704,272.8452896489063
10805384,970.9885835800973
28772124,373.79226754146447
67895243,507.07431365526514
70282510,918.854937863719
76926492,1090.730548914975
56029416,197.83019693566214
42166025,864.9336389147452
88855559,689.0812967492019
71679738,217.71151738201175
95011645,344.1065516889646
23391388,136.3052473676744
97276431,970.8053583553375
78499453,2087.0275169646425
50845143,119.78633342091727
63593365,57.67311251588325
44645094,373.30057934822844
92805008,180.05524798982353
95966284,100.02243044702438
86968525,51.779857912249014
35459557,143.76487792392595
16959595,127.59113360019026
66852864,1145.4208723186835
64976874,196.4042467875542
90803282,138.575503318179
32597480,337.75900755028096
22525205,483.0594772413584
18357388,598.0122124997981
55224009,101.90035318624177
12066751,183.942749097469
51600054,371.950021841346
33097870,1014.0441443121143
44165189,127.56604428908456
92174554,141.17343786952142
75685484,169.54257903453515
79648156,157.15041713884088
34473914,574.5157199068368
42069298,125.689247585955
24749467,118.80330303614853
37024144,826.7264400317025
53463208,864.6757067941641
61035399,549.4393627996401
92975059,367.1454685787044
16258293,100.84026839569229
80353068,130.24423491144353
69637564,77.87934354414392
60889557,183.48712936391513
45682120,1413.831605388995
62566155,202.57286955832308
86829598,79.18256594566463
77516810,1176.884138940681
32602883,1441.0923916233994
99658649,161.6576360605653
98115366,1653.275195897286
40551984,223.14940746520426
89171680,133.58020033842718
78104461,265.3834115783801
80805720,151.92732260877094
44701781,110.93284215859296
32357693,652.3639741274412
16257080,601.7199090075814
63758432,1003.3758694948353
86560064,87.72021664819424
76704426,381.25839362648713
29021087,151.17187421745123
30903210,488.0593003231454
59650055,257.17867465551564
16537007,347.00998686378495
44043751,53.37343482592485
93550246,209.5766447865513
74795536,126.40114901866406
36252893,431.9087635372317
60712266,145.87103134769535
54795015,188.19119025081068
59038432,84.67544373102699
53101267,571.0150489243875
96137757,279.94672779928163
61894184,837.1536196741398
56980533,70.2018535448493
40911725,112.05268878103118
78253728,1958.1258087645824
46517280,1259.809293843216
98578100,248.02453672135323
92998542,142.1378830613886
85778453,895.4607757975825
67897199,132.21683073251972
37385434,213.95789011655143
29978687,323.2024201360879
63462293,221.84540743168833
82610119,394.45697737183474
11195863,349.39453495248546
22813157,221.06748737734947
16061850,137.94031722687959
25000757,86.40475024633963
23839386,119.80248853172228
62901003,145.34282663028952
85332734,101.66138354084832
41185457,122.2547669871458
32349244,582.1018833841136
75213525,1968.9195886205139
24267861,39.68849089474556
80759464,124.74462648708003
38052934,803.3686004644682
36983078,286.47219281842416
48438532,133.59288472941918
98811621,203.65616520572257
41602835,1657.0314896454834
79191702,-263.22527170586886
91526426,778.1687381050432
12436955,560.9214270175693
35460655,129.22878322709323
24893618,256.84389718498136
12318894,113.38992934888974
75385870,199.6641570473428
24016887,356.7178389263838
93798376,296.85833359661683
10041197,438.76093425286007
44196192,287.6517931299425
34259961,1276.2017224808428
79360399,1247.4713627212234
90648365,228.53926076962657
32784142,137.26520781883863
88014206,2627.039741858009
47541115,208.43636135130743
81087277,355.36670716499555
99414879,534.9412900736858
96312378,47.226553042447826
45292998,441.04899206364684
62464969,248.0473435117262
89056154,115.81208889501943
43815757,161.19212885275675
36326737,53.69996519172881
66733240,123.46341264501133
82154113,771.1037100570378
75774127,109.08050077309485
99633023,272.7266632368149
54243966,195.30315959400832
21507777,398.6101446100531
89526022,183.12713297943245
35342783,199.76795064229847
75576574,148.2736482015456
86207238,286.2623012084587
11999604,145.77760567490455
64241630,1048.5009485218782
49681885,225.12564225350678
20476163,790.381467783462
82534020,130.0084679713565
80449403,201.17247828826567
91978419,824.9510219525501
13134274,80.2664053361372
30921031,229.34297707248777
35948510,246.5525764611759
37862013,991.275362961932
74364264,101.37964537471433
73089121,224.6309472977056
71120219,187.9054887993673
81357330,892.3193505086336
86696339,565.9889161125182
32694372,581.4710290045775
86397240,116.05005055500268
75410743,257.4424880126424
54107967,81.23141984109766
53182244,112.83281045244284
84949062,130.02623442405266
17578514,95.78567248856876
66553240,192.59132834723323
78244783,333.216995821099
85750494,251.54065235262698
26835204,141.84553473696843
25568634,173.6923407067596
62833472,301.5419985997638
89441409,92.58037172380355
30957350,126.93709980192483
83492659,587.8884348497596
14123667,134.5617060109622
81332426,58.37719972920892
75963486,1376.6316272288677
97473965,238.58508719559438
52550411,220.20476303168226
38852859,76.09607227043352
86945814,88.43389129535458
99213841,181.35343172956206
93296884,487.17785949135043
74681265,431.69238417825375
67628381,41.108258727191796
53194004,140.689618165408
79129949,1049.5403292543522
21417992,80.77754795218068
65584374,185.509261902071
83994457,148.5191363643791
79552394,710.935145423563
14169455,296.1536992548271
11006346,186.19763621569888
55920445,182.7718451741368
42183979,100.29786567333785
27236753,27.1375002006244
38623845,179.96228219817002
56539617,358.73924153053514
89514584,173.53655226600577
55800655,927.0188970095179
95341263,147.6504091725971
90170967,499.3945142256618
25603899,871.9502490984737
80752063,286.1998422420433
74272993,228.09753400930293
83204984,447.3944232941361
56041749,174.24316903195125
99929710,189.0079707535343
24093076,1209.4252334619844
76171771,167.25084370716837
87313105,167.58256327758363
13150529,3259.951831871744
85314779,282.104366492581
23218937,104.01864871064127
15797769,153.98672133820244
18451890,823.9914855715338
23712138,181.47549487523608
40201741,580.7454965689916
74044702,385.30193325759217
91758728,1097.1890346065638
41605529,52.44425296342982
30345669,330.54359890509767
72490311,559.0547023785306
11341429,96.96072001182696
86562367,12.400867136988918
65741146,114.84928205256588
28059650,914.0818551103595
36854120,117.06300978112826
70514815,75.05882616990385
28991223,398.47863809454225
34210782,652.7141937540337
97420540,973.5657633624884
53582966,174.4868936423013
25471995,179.24107918092392
40521306,203.08735528118993
18442744,112.73766646231282
86475933,129.61142424377874
35156621,285.83857017421747
92398280,149.80422663912972
64419847,111.41755266872744
27879667,135.32878282492692
33454324,133.13990187479592
78234554,121.34909424682614
37295459,100.80368008640843
76464828,195.35560145650987
89898019,618.7828120057196
94459827,121.92291031259542
30672049,152.1968900128506
93226295,97.1940621904126
66733496,156.2025844321705
24799537,485.2889207233517
30909458,157.0199795287778
20815913,1230.1963552077045
77231006,228.45436799484375
63770561,147.90962741341042
61281100,87.74969375929972
25443496,1126.6261056821506
90941407,117.93530573873905
85217471,1281.6149310380886
11330523,178.83890008148936
60135515,164.1266601619481
96537329,709.3128212390725
89713236,305.70808460236987
87856838,473.9237704985487
68427758,114.17956673042868
35697471,129.15137713319382
30758105,178.84995152586504
66828597,434.753055403958
64179941,118.57040329836074
57531913,141.17639810514953
82276369,262.2415862036071
33117908,236.48963638799813
23807930,317.06904380107596
58313771,87.36895537353325
86361973,513.4067450090364
54136725,569.698105215121
80609057,80.29333083367969
23386046,91.64578496750045
88923790,440.3327679062055
50739054,1736.924096088923
85701835,128.18157393929806
11164690,170.3765938186743
60686704,317.23749080799905
56500955,267.1262634169058
92377094,207.2563789704671
27377686,372.10650239576216
14820376,100.26417479740142
24454653,208.71467398651902
49068691,89.76131572438157
68870887,89.97006429382978
40404763,2.1488251178912012
53993271,342.39037435325497
76624283,124.10721930133175
84681113,645.2763058005955
39182711,239.40587467779167
99418549,87.58028690738905
54009403,836.8781268113923
15732665,92.94145930113075
21105712,95.24849434735634
76841454,97.86036194121495
77456803,528.3347928139568
94681649,141.13448813708422
42127705,241.97615174383733
86327920,125.94498711100738
49706768,176.83478914392242
47210863,105.13899269238301
98862874,209.57769734628167
80625113,171.72303369339835
13147967,120.05864815384764
79644262,196.21468751413315
40821766,110.55080913198172
38964351,570.6597932445869
80037468,283.15780031340546
10709528,171.51010719395646
14006566,126.14347845929736
84355937,168.87606405883076
68139676,261.7875965062086
51613745,217.42099750342663
77042505,138.80026162300342
35307179,158.5365892221685
43137990,748.2195206484523
60366178,516.9069349328929
28449137,490.40644127064115
54714633,694.786094788169
86469326,137.71942837115992
81392986,94.8145452362959
94816275,114.0181895505177
20992851,121.8750278284487
33220037,118.31068390292445
52922027,215.53164490601753
70522751,998.5795667861586
35179027,206.83465194294294
11006610,83.56690072017075
97027045,109.40340934271923
60842426,248.76595329126036
37962781,116.02069022877755
57446778,117.3097472644839
46803142,2309.477725394409
96412152,355.1689310512576
41948607,230.13742972770714
30401183,303.0167228706808
82446721,591.1008028296569
98640166,123.08986066103078
16426411,137.16580124792804
40919986,400.40702989017666
34959842,-27.59690046230214
76545890,504.352370587383
38671669,393.6939802061061
74577885,567.320731791603
77894868,96.765796495026
44132106,483.9218537202739
13303745,225.3215008500944
82202428,171.8356272121159
69359286,77.4003781855185
49249118,668.8439412887353
65186472,210.92141776357036
86728284,698.2857762568686
89113200,360.32498945033
64085288,168.90569233538687
83095293,166.94214427599456
55834975,450.92280040465954
12408851,183.65603334632212
45102161,199.83121372844502
21425066,266.81628287820865
49253416,115.55375426854378
91720337,723.0727500593342
38125202,195.29265284216154
76716879,306.77157676651115
75093314,889.1348947128077
94720863,141.60196720995228
69306868,107.25628236891055
78783123,180.2255657075642
31503266,546.8390090166922
51221256,129.10812653153064
36978860,239.87554610096294
77102844,88.78384655656312
85218856,303.4532185017786
64674000,228.13560290280702
71928536,154.9363344860342
71632516,688.7888757902587
44645677,203.14023193413843
27089889,177.08421445355728
85001254,447.30530468122754
80789294,539.5795963804183
94921905,772.4959752471714
87557595,326.40585183557636
27812172,602.6021933217739
70326518,700.1803121435927
76820242,82.48544650849097
37798149,350.5711408663726
95689974,913.9800734672584
86698149,48.889881256119565
82332389,347.01259596418834
38769988,125.54323138226569
62104171,313.203584816069
20008764,203.8001057858442
88250848,1022.2706944200023
99989436,113.42604052733613
20654244,129.82372718679076
63645129,270.2566528495081
66237213,520.4988078311519
89366030,593.8826099899743
43885604,376.03063293206407
20777495,157.9577104008377
17630232,357.4908564392757
41034819,899.7537912628843
30863558,444.4384992392542
30990096,297.20618791693136
14528263,629.6503845411979
38046616,1031.3025455217926
21720690,114.05157009914683
41971276,113.36275748550096
81966182,302.1713353423639
81876034,369.08667491862724
23233042,176.3321039435044
59959368,221.82288101380644
25429816,409.66495193218213
40884180,261.81100989918593
88955672,880.6009493988413
43077536,172.7367985053852
22541133,688.0929037249308
98515757,121.23843424503713
96170890,168.84239499318014
33994765,129.94478544092516
91089578,160.4974486753037
38840418,124.13485652465425
92439017,209.95854358471826
30192634,298.92159656360053
30769461,115.71666812582083
80205723,348.87368464524207
55131937,236.28388541478395
29185681,734.3440660011827
80773149,530.644446165418
84757256,357.5791127657474
81505232,146.30493833553942
57555020,113.64599096358768
70106520,39.32442496956111
43240131,525.7179812398358
57158414,132.4435235412158
63966023,264.98074189000005
46075950,285.31262949170207
47516649,92.12176475776366
57203804,69.26727841733053
99285503,408.32389453988844
23511969,134.3718153973093
78376646,625.3116489065196
48884000,416.5235860764378
98727752,1381.1937955051126
82907215,537.3696189728349
72719170,547.4012260951632
39149918,121.64394996884566
85435767,358.08269288969313
54111802,288.29946060282913
92599919,655.4692672923886
24226064,276.3733224221608
96829833,1809.156430233558
27301621,78.28159944602136
15887246,401.5776813894252
51726302,360.30745291335427
51260265,1703.3829047641464
45934883,69.30560586362296
97289930,641.7653531974611
42847093,447.45415413439997
13695159,305.21966146781455
21664737,285.9428153330073
72162540,438.71278250928833
45972276,439.69052935856854
71222059,322.5668570110886
18901787,124.57776386181303
64794868,208.8631148980127
96040179,174.18692190783702
43891507,255.41039314840964
94649367,298.21337111405336
85490151,120.2260883329721
51948440,356.3615368257973
44237958,179.39329809773935
97658202,165.61984716285386
77699657,1109.1916610360825
23252427,716.8631126078507
10697423,319.89285973411927
99095154,472.43336307303474
86344123,143.81183183242524
32740825,131.46797948269023
39699187,355.68460251792203
79334316,449.3037179207748
13862142,203.97123535419828
95022546,120.10367610273609
85671131,137.48875826298234
13946093,222.8351096266478
71911642,514.338081227355
74557358,1379.1470982224182
76424216,158.26642193635712
60569056,430.8883902485771
21429356,302.29764364367367
37147011,262.6928771148236
22363795,149.81822561513619
22711721,246.58361456158454
32781826,181.84936933621947
79919377,88.02807331194795
95950869,438.59563016766657
67975454,390.48240326824885
61846310,767.3071070922817
47190136,227.67265865640843
72140487,488.3831451879815
33356353,337.68461352798954
57558815,181.90555733070983
85765913,212.07141302064684
67405346,-10.166393827532332
47178751,249.39853605008005
92743619,386.7068477913467
67809997,838.3091573208915
95649734,134.7744575738468
35761786,68.1474860383458
20333506,316.9402064705266
39856656,532.9724657526629
80659941,90.39393540400384
72539676,307.77705623548803
34808508,220.75131877710854
18684795,1589.4359129157099
60926773,411.7683921359802
25343604,226.4343738117146
85280076,79.73652033181854
51516725,956.5983769352363
54359603,645.6836711364145
65763192,167.91073861830995
53926540,121.02141929182483
77237054,110.88005798193778
75498756,143.30628001966784
99166662,165.15654105643623
72410551,549.1465821743487
82923327,310.86465006822687
46066488,282.78188371649173
33059137,211.4754647296356
51480279,103.19471266637203
19373977,994.9265963134236
90715980,171.3757680585058
56492794,118.6057434800876
46037369,166.1063128979838
22743995,539.6129490851689
42553042,479.7213278478353
36975311,827.4786021587198
75351486,95.23897297638509
30981897,933.9206188521727
35580501,69.25497397550515
40483549,421.8790548373124
64819235,122.84830663967978
26688957,272.16419579632014
94904538,176.5238750178016
46754012,127.6432700690434
36796857,137.81041733145054
28461943,83.6410098695923
14026453,303.9064282017718
69053024,124.41340812884908
32733126,409.11502085406664
40931025,111.97308148554843
19427950,90.33210580313866
84597120,706.549432950216
18811334,60.68487255117436
78324699,1810.1273240207695
77953974,97.07245725263672
27862041,184.8035875241892
37247191,257.64289481891393
25562317,62.38894815017023
73172608,308.0930182973847
33104896,223.2823409446314
82319650,180.40710057103266
21799452,135.81682807868447
64888946,80.4677495652161
97264595,240.5075496945991
10429454,80.58962039721322
61575325,449.0934952595229
56897257,128.59049049267458
37059519,438.6657118349588
52110520,504.75657568872754
81197632,203.71929624711012
78041929,234.5491450240616
62481600,117.05935928667733
79068390,227.14650245103726
35652591,123.7087860131965
39694436,373.0607716591578
95898355,560.3387710511349
80006639,93.60047135385149
53958546,3148.6238327511765
58986255,281.6709425492225
35034634,236.82119631050384
21845497,250.11267771157398
40578913,248.6420207920774
52684708,223.18323838476581
89834641,98.35423229025888
65511611,906.2823988455767
65731676,251.4654048207318
83770991,871.0736426773989
56280602,491.9620602608751
44140498,204.24142847331137
52748496,110.73538791064031
76136540,130.8307610546267
35483441,121.05267050234171
25193108,264.8571130830028
27434478,88.02751533043558
84357441,781.0470870634638
70840263,101.62784876587129
45633382,127.90276525012594
68317032,109.47073860947607
73465107,222.86522520319178
24929921,593.0483979843395
87300428,295.8198410948913
69871020,130.89100364396674
23755175,348.17412064831046
91971062,242.6307150275791
74483617,135.77010806932873
89642342,140.94147834558305
33276861,178.18760657496276
18861332,164.42827618324793
77211245,240.54454664824317
52041127,208.79164371292447
95864050,383.631878028301
82528777,164.5447074372705
62702832,228.88779417063128
24146181,181.22816533414067
90263367,120.62868593710638
47033948,133.17508073642213
97856612,176.4949974377375
73014333,2127.0107059472334
46731094,325.0563977915335
15781171,485.17507194058686
51156245,181.75216739698013
85958922,150.3746554649097
52550761,97.80058551839852
15567593,229.54601915121134
50279318,3264.328026703528
88796422,123.73921214251095
66724358,136.88178666005368
51443999,210.71043234768746
32661637,135.3427323953198
12999579,317.6594624724355
32460111,129.7694971413345
70354263,76.7464032772047
99768418,89.02401878035201
93597400,139.27146674514208
42968448,185.2739994064197
11447851,730.4097467248712
76146411,304.254588007237
86917958,2165.147396117596
57526187,81.70068328630113
71062405,228.02756925796257
72847399,585.5125406490598
54891075,112.26294899051355
89841901,152.4372304600043
90056417,837.0495753136229
77892346,267.41821550406445
31627402,71.17565431137939
78864638,182.28265631057516
16022883,187.3373884196555
21980955,187.31840984165652
98291218,124.17651700727305
37406677,158.35410674913675
73253470,161.805929675957
80239984,2221.7111685603836
60323265,45.09754320665513
93655248,155.5742526008408
58796215,45.73070623646173
94203496,97.7358855856457
89472702,171.00510521964028
29142290,112.0408655104431
71021568,285.75044938449577
69197364,391.0394888240444
67499939,384.77655626451605
51780875,159.24367698263345
46941857,311.5761002587357
57911836,2137.751379532513
38559875,132.54300523302933
81398050,77.56493654505736
75334315,132.58273681021305
59308610,183.0555749718075
16247087,416.79586250163356
43247285,1109.0028526016774
45215633,1550.7262365106078
40481058,481.7076245635077
40365284,495.20254357760564
92836079,1261.2138451240298
70303716,412.12200642395834
81749724,64.01635259958509
41853820,728.6401983293147
81440480,121.84469787384621
84996580,268.30501632331317
35919442,902.3640266457297
19046260,52.80318950021867
90423631,319.31949613352646
92961031,98.27316386565494
89855372,126.56611408673896
77816576,123.21039330695326
12194715,182.88777622239292
20115124,632.1716494436988
73703358,248.0311912633518
89792966,94.1320947535061
43706254,97.13790709368462
70266281,91.24118911923499
78529732,200.0369649724556
31638825,113.1833363238842
58167471,164.45711463055204
93767960,101.19174504098685
55879589,381.44398869572603
67388602,403.1333918022479
86008328,291.6948202132522
53844650,151.70360639929854
86660948,195.99448530623448
39941650,114.56269007802523
44395757,263.1275323910662
81989533,264.11901548219015
46504700,114.45282197346997
39402032,96.23141673073287
85919943,219.98049447326798
80733130,292.77367201776843
25189661,271.20242150214625
14623666,266.7042183744443
70848155,219.74755341476788
68571484,949.4664033074457
51228995,1383.433030957857
49683485,662.5456190848927
56036763,1685.1211974996495
32459332,65.92770645488818
10860915,192.14723641273557
43696664,131.26063784827676
87941364,244.53034599448202
76183083,136.33152068466086
20966309,308.40726748806514
37699108,201.43326420586607
55952526,123.76848388663372
15616438,117.52220861471518
86514240,638.4082475463025
92945955,193.4981189669593
63145934,361.93278220728814
58853662,752.129775972526
79304271,298.7584240913787
24276255,593.8609980631695
43245413,547.8991788055957
59024690,694.5426458961125
13551336,119.92927099948699
44848614,80.24915683542578
61087377,82.71438500290759
11885900,348.35510441844133
92535927,164.0486667865879
21708152,88.29678298429205
45352808,261.9420917235969
75624156,517.5599071900428
32001265,193.29718602975743
20413825,442.43839070899213
40305802,175.90780897731878
61861688,2611.597038181651
33441351,124.7940794020259
30365812,110.28431332872144
43625038,102.66353194393943
40659534,94.24195698622823
72885406,93.10720254561912
55817366,205.39525480558672
78604997,228.9514222645852
14364198,159.5737966988533
70814486,75.16609967152158
71030650,75.35306422463958
93257457,148.2940875985369
65515227,94.06996333388349
23048185,1129.7083990717301
64021401,189.00113897510857
81601136,146.94449323035386
60464050,37.37315085969782
62126832,233.33392410860486
76122802,137.76601846191926
68619547,445.11045655131704
69931017,208.19424132594472
52039321,693.4318911342762
96748453,2118.2894679878004
40650345,1318.3891252395003
94190496,399.2225283521242
40034795,132.47128766655428
16725203,211.7289973502517
37869032,708.4365722021721
87784983,719.2499748204255
67445694,128.05808519197544
44138052,115.3879141913244
56359862,133.48932447446148
27113776,166.9568005217156
73853459,-5.924503116277519
76284169,278.06950038190024
42581373,1190.2364289659072
74617250,333.97905547137884
29606632,153.2134699545543
22328059,340.9297722907558
94596005,1049.1912067517949
73640300,233.92263052475573
52511016,1112.3968745171555
63643579,128.59827543030877
73979691,564.8292239583776
76806109,190.09652657928407
67084872,616.5051926280483
94616960,100.51988197587798
44018639,333.20998331031626
10369424,333.45524703798986
19417264,158.38541492558065
77137301,144.8899238973466
33598935,64.919254924297
81379316,496.7840232304797
67627945,257.6880063725331
74067952,856.5083732577667
54161507,159.6392012176563
55930611,115.58452741031253
64919315,536.9916053461873
92109871,186.13867312555675
88653847,333.89682524052245
50331596,690.3973434397219
68139580,1430.6149477579165
80241693,151.6604354489599
74034028,80.9044436331101
22712040,490.9244238026389
18212521,444.1666029522394
60434302,108.41891701631768
45427525,191.2187295957152
95853311,151.1661998199889
70857259,181.68904823355302
81477083,103.42953566987532
27723524,140.225255364597
25206032,2377.6972968397104
12102381,173.84338831565188
72428170,354.7003003308479
27672042,496.50274542733933
77000429,273.4909572506463
95589605,60.2816031874333
44647376,100.72064445805647
21338536,148.3839177184896
13820529,149.12422437323755
24568041,421.47761950077034
90117191,878.8768909058269
45800664,84.18099700895476
13557339,493.6655214085412
19087413,658.4530597974
11616417,1400.3555805114797
22015830,467.96932536127895
42617304,176.36705008607842
72598754,245.23636763573836
34839793,344.95199212417657
77660297,151.4605428611434
13706769,138.12417882094505
71694094,251.1227652155515
26712974,125.66802853379596
11161484,202.64695906821171
92404281,451.8081995027253
29267516,78.2501394189278
44574998,101.77731852813166
66291057,302.8771897147364
13701175,106.40404711602613
24177160,178.36032309072075
81405301,647.7117896537504
11589439,166.1425510711512
17537269,194.84466308589344
98168887,521.5516323521448
57508409,150.31246461506078
83408387,529.9089084059572
43301435,659.0135565860522
49258344,301.60114343374795
98631322,153.12102653094394
69659096,175.62590973629185
99106028,190.8966153852532
37856658,117.00388341885187
42881579,118.68208653411118
77859891,195.6530352958026
81041727,186.17128015715403
47217829,405.7889651618532
53083229,291.50022054545474
79619006,292.792954518062
87897995,62.99462426285308
17964917,690.4724899191119
80568888,254.2762942103254
43042929,159.0981778224416
62796073,168.17548542904328
61083401,149.7126362920172
14141477,156.4317221522934
68306110,101.47462836428674
43708354,138.35934052159374
73883907,169.59717338327764
75966104,172.58802874745962
55672599,106.8980863842943
14917596,270.2951799286268
65294870,106.19617124563285
14049454,56.93624289789328
93295381,572.9282134456784
27730907,1326.8263513987574
52543486,228.56684526039118
79427440,106.83383935851168
46627987,67.43051301162166
63096372,654.7977886342014
21047227,100.25134808192684
94588817,239.42306827151944
82925355,394.0976536401841
20239710,160.09911916889044
66560522,131.55803570301214
34394729,202.7657401733202
74199492,186.7048168860344
59577067,60.13202876050095
69919638,1102.712883682159
46718033,819.2635010094585
84917912,131.90356831718825
31599665,176.35040836868208
39056365,191.43538088732592
48895978,110.52230997826427
47094246,1006.5897576096822
19549587,491.5246104291503
18563899,93.72926611426018
81642903,152.9791072773601
12095543,543.0058568616066
67140026,152.8525359829448
11054636,443.2294127593065
21698635,132.980751655369
23623849,375.53814024718434
71392936,111.63354658868474
83425325,641.5836761328601
14553390,104.34890474085414
70274030,511.13062800039955
19402442,168.6145559254897
11041677,87.33709626010014
77513563,142.14778507843613
87335721,417.3360736753818
17466406,85.60549864632695
11267365,155.15948028487475
89144675,163.97744541972096
89338457,193.71164144383272
87803439,361.74552172087436
20104582,253.59884959908874
95781089,108.86825821338748
66358482,113.03038016755283
62863016,304.7088450381125
92557337,979.1606233422355
10876766,464.57164813974504
70473205,275.2534619199244
87569671,1560.7291774283465
61139578,104.56000915457558
53121878,152.29630074141653
15430462,203.2591396923277
67332796,534.8167557734382
75641163,268.5770120423679
23552924,1434.638292884038
56332291,150.8320804464319
83472051,184.5960037562584
73213649,249.10853283419752
47802315,513.3227383940296
42459098,187.85903332537438
59654537,503.215749214813
49312825,472.9767896377573
80983900,131.60772879562356
58178507,1314.9478280431003
50382416,141.2201365572056
66073034,211.8337911029726
43848284,205.0561765334469
85092410,111.69820963583776
22321014,374.42326078443966
31162245,174.85122239930456
26802981,485.28214000477857
89737386,96.01325685345186
22704344,144.60165848242193
56000373,106.50510689433979
96310766,144.36943580225446
70324095,97.29851281242587
86441629,161.0992653533512
12514793,1287.4548896448769
89583392,220.5362847109376
36498032,771.0367368604332
22072881,118.56360241193964
23992589,152.0703396794938
25380807,176.5182153641754
30026993,111.64081613497794
65742850,102.84861743062298
33236806,187.71362893929202
64518820,243.6855043940073
42371713,115.34390816935624
47924596,228.16647740240006
55469978,229.7699140122666
29356220,432.1372210441614
98913649,614.5021018680424
22201860,123.55792975199392
17005574,356.9109552584265
61767605,1113.1923416301768
63003964,4187.295026720663
52904792,45.543082492495856
87014699,599.4490773970084
60476269,744.398221699359
23374773,293.4923893098692
12887652,80.16670582000947
11366466,93.92254191261925
62053080,9.244369939046774
21354279,259.2751807946109
58635346,339.5525064143879
57475663,312.0420121674413
44627129,234.59941418054532
29419543,603.3293464387543
47538164,307.59230452573206
19854086,142.55955811432193
63381374,70.36193743317224
55348437,130.41348294125757
80254443,876.303347513127
23105559,211.12710372222514
25129271,58.169259114295066
40257293,262.22136048241543
63509506,848.0151392553494
45432136,450.40387754178454
19785631,104.50008283533037
22859019,356.99335558675733
36147504,138.13787176075905
54449509,345.56265578389184
81205631,469.8843137119282
98103632,160.5027307238791
32691265,152.3973272443678
72768344,2012.4327129779033
51890279,132.17724170163652
48043615,118.60703688674256
25374441,142.55893661973394
59962384,1056.64308252763
28910995,589.6021147013482
13141234,107.71454613745213
50747063,213.2444700126319
55252279,89.7144787788341
52007426,729.3911226269729
30847276,123.63024917876265
62106368,152.37483796806924
60214573,477.9828836506682
40002314,1724.494425470556
32428356,193.61638181827112
53658343,571.6853749304037
29161839,134.91377544594826
46396012,132.2027320977174
62360708,232.62984569236224
43297939,97.51025344581419
12562149,148.34251433388454
36028116,264.5733707290743
87330286,421.20481284407344
88119407,229.41628436221316
26750897,419.3415230019433
49969361,100.65060290492305
97204974,90.05080847427907
99702598,188.69331467044407
52763802,-19.074811036657533
68901809,154.91069669486214
39208673,403.31507905111164
54033485,115.73105825543787
54497531,169.1720622931369
53990991,910.8738046385399
84489537,216.38643896693344
35670801,519.0791556110144
78791350,259.08971180121875
20845184,1120.2805275371418
13555027,209.17023565407902
37646059,147.84163156966707
76127874,143.67931004070488
92134461,467.21253295120147
35770374,154.29008736185082
71020209,520.9986054837883
34171582,375.2783417811787
50654248,431.92441768040464
42458567,261.77964277095754
19190057,2342.455388355781
54080489,176.55786788618784
68542535,42.20865575034769
45210646,178.04959245892783
59714270,143.44913465957384
88185676,295.5435675614538
71490260,112.56306016890866
30639393,164.52850896067238
82576353,210.40786298740053
24335906,798.3805432273807
21049647,238.87167459230986
13781432,107.30831603634493
86079138,64.16991148275085
40000990,1126.3142078860024
73775201,256.7548987653467
35148701,1178.639124023089
81596880,81.59218998061816
94320273,206.66726708285483
36438421,156.20115761136108
53057217,366.94942320559414
25248077,528.7622646518042
73038169,267.78141205941415
73258090,299.8462617094625
87336796,1605.7777179761072
78963426,76.2950102534986
12232405,279.52053005433334
86811261,100.73834571378507
43165541,243.08989873798214
83018865,564.7096323702981
37762842,234.22028087026916
65591705,169.3648171483773
67890361,125.29930895350147
94753186,124.39782070509867
93051402,469.9401988255378
18623638,563.2816850765901
35256497,109.13922215302463
79246585,296.9510859267056
23762226,177.38512652760392
67287814,134.58742237588532
78864148,810.1038244972088
30658878,108.88079058514461
97960066,136.33207740654808
19914732,253.32561167320645
23619037,140.97843198137085
27095793,151.67256893974093
83667300,604.9235392439931
76686009,302.6227589062729
79911388,212.03234553493414
36038618,149.5666232060775
91489166,222.67013191050836
64088644,197.26485387220632
10087238,118.90171228191633
68403788,400.21465305811046
95817054,186.70241598870186
57182933,1547.7186988952112
83941537,74.98340290100307
86909159,762.3562362838792
45478492,564.1640702503173
84142111,371.9073632976315
45223652,1166.3419437373684
15651868,338.3848746105972
48952352,607.9789390464181
53380245,142.4781254497116
56211427,333.1959683899965
66961588,389.22178713080166
38567012,469.4365282669811
74938615,105.13905214903941
81147200,660.8491483392414
74772897,224.24097324746145
80316029,135.36128869173302
76791795,196.09229324037545
95549661,185.33621137202246
91524955,270.63136103782443
93849275,120.44529052522101
61885188,109.23807478573242
17120455,847.4283008098902
71403569,687.2043629471395
57944962,162.07321337145768
72483844,207.2367609009969
45141218,561.5972829020483
47525065,406.807669767129
24379765,476.1528472185208
91215387,142.70507029743368
39945150,324.5222450839272
25481926,313.91966133135776
72167432,318.18041275434916
15652519,370.55536390584257
58079379,121.15151465199908
81779274,143.27705883819385
11313638,1441.0665644748635
82915596,420.2797250097006
12551058,522.2001985180433
69374139,370.12189556799086
27490970,-3.1151681766933024
28663701,340.0153201198125
51901697,103.53496548350624
19964529,885.7864078557561
14203976,404.76571502525104
86724526,178.04393593826626
46513661,229.29546235926907
42464585,314.9977681015409
14360059,1207.1150594602718
72181637,412.56853127964354
78956787,640.3529331092965
30264496,276.13689269131737
77227528,625.3112715886673
50534372,80.89112191845209
12187853,303.60816257723025
97814800,79.61322447578777
49704538,474.1719377429432
31844965,1252.4309012376339
89449307,164.81150176544944
72286626,787.3207222905157
90641879,121.21359043511502
39977212,237.6160581424447
56406335,155.6146467509032
46671061,287.26697011808835
21883230,204.7856571348086
57754484,229.03030079896305
96138639,123.64981684222293
48581654,174.6009562035337
15477564,125.00442423536991
18367532,482.9754103013825
57040971,115.95642965798847
24677280,100.89637044016588
38279741,147.4608371145452
39630161,397.62370609284716
94354941,136.6289540731506
73739305,606.8102833636622
36839896,101.27696357447554
60950133,2927.769243093266
34560824,152.71542406573576
89848060,584.1952821630554
21727334,468.96372639866405
96402755,215.93526683411784
99203156,551.5454149215351
69252455,1817.7488653318335
86645439,89.9751414871341
83677892,211.44178215519977
22897635,216.70131462431488
45288708,1453.5461735544159
59969436,89.73634285164941
94774349,113.84288195646135
16886474,1640.3952852698735
44198009,406.0184045035453
64700341,745.0849506605714
64505698,795.105744424193
77323444,446.68289318189943
27706778,4016.9788478236387
59628829,426.4890588714732
55365465,280.3167639331944
69970571,1386.0198044814506
94271260,249.86658486104457
52700573,1494.9240898494218
45014443,163.85725001779298
71021280,128.1160349711196
51886091,276.0350742168946
91170937,108.07611710064637
92081846,107.60498690022499
95719079,21.42002240762928
12428005,180.83353793918937
38292857,1223.7162518422258
75786036,1116.5769387989326
76868352,208.71359663607416
61787836,463.76682593074116
92993294,177.04006449852952
23885591,342.85116070640544
40800066,147.22373997441073
56146741,72.96596842310588
49447892,113.75548139868049
52965378,112.51166950859212
93685952,113.46451164715945
89649731,165.7752289940577
47102704,197.37927475249677
52908918,125.0688725933701
77943419,1438.2740985829012
92500699,643.5426412297776
51420779,1550.8677926268278
72830394,121.69798184414869
72781023,120.64235731313636
16161212,352.64224935451085
73724856,951.4319482319299
76991618,816.8861500988975
95797758,292.51934107411864
82786703,270.5630507290346
77183119,174.12904210974924
56026782,230.56350088483524
16589083,116.23292614683955
47749953,278.4978861862076
27187508,689.8212750118901
51723171,138.14634975865573
56627258,126.1543918678711
75635227,687.38040384195
57547046,160.32150271422023
36631973,175.99250693638626
17463415,86.33424344593524
26674861,155.37048484541893
56995341,56.959992257900666
26126144,196.79151388026548
58450363,122.7220818940124
89312269,75.39030341572254
16817991,153.51265974503468
84965319,605.0690253227768
43319013,1097.9774793016238
44400321,214.5475016051183
80024230,567.0733091633331
74521218,1468.7118751571534
44832141,111.62462689477042
70162625,83.87495611846774
43589357,267.1276738553481
14100726,103.6103538129905
36520084,279.83865973125563
98999098,107.06096394791943
14148442,108.15013464020429
90033275,183.21190896413367
19819492,194.6651390931661
94929441,1587.5899436101142
64769677,308.5751983751836
80605119,258.01359172071597
61896581,117.99239947241058
25053770,166.8086812650825
74893395,93.16614183873418
53560531,1363.4637459576302
89710260,150.1238016081187
93875018,452.44209307905675
64766158,1143.8267390930368
54305179,194.34961798855477
30403292,216.29917021409858
60767564,111.29336545161104
35303188,483.9568543088188
21177257,285.99638801352387
15350431,76.23618138631424
19112314,276.3037615943826
10078818,110.84916663748729
23150338,355.4359215349623
47635759,376.00394488395517
30605686,203.4466504267587
29709781,267.67667158764556
13735642,321.36010623145415
99020214,98.84612998846265
28873624,647.618715326579
70890497,1616.540237225859
99675492,187.73043501725306
62216584,190.30950529870427
84668724,989.4904177763607
88738488,406.4454117061976
35683009,1900.636118656062
72816721,207.48798540564053
19163259,198.9109849341175
51202613,650.3295856686299
56056704,101.11479910777209
49879334,115.16213889356777
16786843,227.92819869668102
47533115,110.46127627356135
22109413,1172.2646106821003
85518746,148.50469623287913
93362991,106.48747416653849
16124077,107.47772591241811
76182432,101.8874650498547
26790843,295.08644883095695
89672220,76.39853969644233
12756298,1660.1414492400907
16926806,223.258996945407
14000956,-46.89769462670542
36806959,122.28606562334099
87017954,45.9255563815626
43944283,486.67418981802746
44101724,144.86412138762037
67316534,581.8224258608403
88490548,317.03563599527945
88665651,307.30770405754697
83830852,247.722209343891
35512699,177.1995946786433
49228670,133.27911900128473
47172196,413.5586496172028
86195285,258.3445441276998
61100752,80.7763493716583
23609539,494.40654505642874
95881788,426.7417054792803
44925764,399.3512223185711
83971268,114.80657343585332
17370699,401.76023147708884
76384877,307.53746364106377
93972349,120.36923000249504
64752973,82.20869123756188
22747583,1156.665900861198
38304968,72.00855383021812
10235307,138.0623880327091
25779125,116.50361813968487
12843653,1436.9057135739365
78094768,132.6214535925476
10635284,124.43312737439757
13687234,117.34547527067424
53936042,145.84975702095508
82732686,240.4095484628025
96543781,103.63510853033017
82228529,286.8912084068613
12775154,143.78070363905928
55255907,140.0789799883446
32916130,106.72106350778229
18504284,1080.9876313988295
65825890,136.78944365533224
33391713,548.2598819941051
93331533,1072.15834811749
89345152,453.1737792990872
46576484,245.65023729647635
33320733,29.91695837951833
10724817,1071.894595148567
41244276,117.04443518231739
39841607,274.7912936327714
59463885,613.0417941542225
61317492,1587.3346325323203
33725830,325.18053345429587
15316450,113.73240783297825
53318939,117.10397164923491
82300735,32.56970492533946
44927585,300.71680930621926
80951510,273.875441880261
51421456,290.685549742869
67936055,939.954517952317
48065777,28.74077784533124
56103730,265.23044506597364
40566531,522.2441050454062
61129612,266.5916840849681
72015593,297.1236050424237
73826407,116.38233483935785
88021730,107.04999816505683
85653819,130.3759612262532
45194339,107.32311824494587
91086895,190.62335725696664
51919540,194.82271988860225
23157322,1716.3616852168075
51628095,502.9834652421913
96537190,90.82695481590808
53402735,584.5928007709927
36360155,122.51172192471626
37694507,156.00632567204082
83593533,286.2427037714452
24284452,524.4535241506596
21000889,118.6697486741153
18518898,131.16560009730748
11533995,148.50558108215236
91728492,430.85360213608755
32889326,188.67756362397998
16392740,899.8750000037884
93954664,703.4377379846419
40527969,383.8753611437747
13359501,100.3738495250848
54613106,1456.927196320488
89494294,64.50526845450426
43243456,110.52269269199085
49320975,1997.1007456520874
66824387,130.20044730004886
13395531,516.9962939194985
84702746,150.8629264714231
46376987,189.89938692654073
16949551,503.55372863630276
76113598,681.2268438559688
88051686,242.38515678715785
21575972,1769.377860281533
25797068,986.021545554566
46519671,341.3427804039238
62958708,126.12847484005951
41163598,1290.4167973563344
90108134,427.9279942062201
40305514,150.06984060485215
28323820,202.6608400598815
36148206,79.56394010246737
41903222,441.4203550175409
34111269,131.31921948477654
22460898,1244.3851263610095
87095926,334.6882131087293
99063606,816.2183456546854
41090287,614.1869713954738
76553835,490.6459699131446
40520930,871.6773217448888
72499276,112.36789345283324
40722377,139.6137472646975
23596828,119.52982928427754
94118199,857.683279863648
54177823,223.21621737054366
32744353,1936.5163059377553
83540534,902.4816699757242
60135160,976.5532423992098
32215997,791.5389075848736
60591783,212.912668218024
75534413,202.22628810569447
74381587,236.3920805779179
83928867,215.30243781199187
31779925,108.79903403529221
71389415,467.13599059269694
36657020,73.94762640284122
52833217,175.74677755322296
43206206,324.9607998229509
21701449,324.5052595029374
38073031,385.6269788190251
34369333,164.57270000838236
92620587,126.74328218369224
11512547,3386.420676707511
81501365,155.7253917322688
91014044,271.1903354629455
90225400,363.9857679896765
77353219,775.0302800522715
55291546,475.7764990685797
22923482,82.27426571643859
14288303,699.4056106951326
55909136,894.0419582341606
41957261,157.14409327189463
17675131,143.33650392991333
13490253,100.45304022964586
79023756,260.69050524019264
98393510,1035.3483579452597
36169986,130.23465081733184
98879925,195.2960055488007
64713126,357.9648225178641
54807445,310.3256598783986
76751871,193.15717277796028
98441518,352.1609233066487
54149693,416.17286290676753
42794612,120.00459386046174
76036112,433.4137560855322
14657728,469.9347281188169
73292737,1332.8142676769817
37897222,667.3043208491683
24707301,605.0215148735962
54570938,1727.7359392000403
47969890,123.91301416816074
86391847,-90.29554264764293
43251995,313.2445198997552
61789630,178.4664456510857
12601759,277.94777518315095
86045386,130.1042754448743
67870680,503.2525606066108
92603070,135.59383964990602
45118743,379.80472993570476
40352166,431.0194162306073
96817260,755.8479038492098
70031890,1367.8756098928059
18280163,728.9117989311063
84418154,1476.1518573551884
50657043,100.41007843695108
24196657,207.51982903024685
30339428,117.22005195132137
97021401,442.54781627985426
35926246,233.4879915979328
78296017,124.09591763384667
91378970,204.9032934521456
80348783,393.917073341238
90424864,211.0498977387295
65449342,154.14770705163852
50552285,466.7757957844794
96371635,372.38027265537545
72833770,339.24823971581685
94834332,1131.9596951410797
34291304,1361.3607380350024
61020465,137.89123945055994
58556746,414.3382873619578
39138083,393.58721356253517
25334186,120.09120869640383
34764813,125.2228548929185
37404139,181.68254079130824
44171473,402.41954292923987
32137098,123.29933336524384
72644851,1123.6740631106165
57301182,105.43653901711953
68777856,201.81435735460013
46687209,91.0913311458457
69167315,431.4956056501129
82057134,480.73702126688295
28611499,181.89731595199524
73817431,273.75072870565833
66885663,1322.2613635888474
81244724,1206.8653320350047
17815149,230.44231733922035
76792976,170.89569064118507
32232188,797.5879121822674
32884692,174.90387989096033
51904668,93.0855115199098
54177086,1627.7045690806196
79785130,59.30069393590991
24791309,83.33902207694153
79748184,116.826194726967
71076766,652.4078711453308
91713473,108.29566699863142
21889636,131.20574766824362
88684450,123.0267460943576
13868166,304.16799150013367
72609306,113.32504007755114
40230821,675.7602389467767
65326864,114.23104995451442
47873334,124.81253505438285
38502225,20.63390797939857
78086792,438.44752027549623
19000370,651.9579038385162
18794356,774.2877214517799
15695931,277.5140559191806
69820899,263.06441532674796
42730808,171.606072459862
55693372,257.0778554153081
39793167,495.2056953165461
42174587,396.86633837623646
17562701,125.28489047633295
75887228,2491.0415001718093
86381737,226.03062932976317
50478816,197.82666967533888
59640073,-6.705019658160053
76678970,643.6385671041086
23159711,117.37823599389813
74146213,156.6505093041694
73679527,1253.145517260713
83678670,211.33742070664357
82153168,904.434721912646
81585077,49.752306756879356
51172809,529.469954813525
93348209,157.90342687121708
40526730,158.88129151887048
35477741,165.80109017655352
26904107,220.0238253520675
98083773,126.97602728373255
62394914,370.55760230654784
38403298,275.9817943310938
19395977,111.0557720962932
28561023,1853.1387739255765
45885910,187.31081163137023
95086890,251.08968471125004
19776574,95.98748265816029
60586201,62.32031363602037
89147481,654.1275577774933
47209892,265.88185573240503
47476854,233.1182738795489
60953282,275.26317414452603
72001460,335.9917074412497
22546493,134.41121981861642
48912589,495.5903528242459
37241017,117.01647356565434
40152795,248.98115560167338
45771924,290.67525460604503
70307319,291.19522541812927
42825484,100.20813008425337
32535623,444.12191964237127
54789245,106.29733134661527
72682970,298.50068885345536
51218700,688.9860559638739
16039328,125.11079031930157
44678506,658.5964868058635
59530373,255.3093397661798
81467001,146.04114702642616
50258434,1069.9827750722957
27681355,73.32821142927544
69431073,587.5944354293961
93968709,585.4059518609504
56478207,89.56083586678986
19466001,725.6996517089202
45204787,251.84608633649955
44120969,291.75124316106314
11347094,102.16602799016627
33817003,557.0105190464113
84812841,185.53181216596758
82947487,124.08649077968572
22317982,203.00140092484244
95086863,79.5409830149494
73084974,368.3203674937388
96665202,863.8267831595848
52954565,424.1346183784565
22781049,150.88962830826185
39742164,88.17863251642626
20712973,125.57372576036795
76124953,133.26828565463856
53726970,88.90729955646371
30895251,186.8559536248171
87940348,337.8116820856777
95321478,368.10911926290345
41613207,125.85410995925707
64780104,1034.4288035609222
72574405,327.56505791619776
87909513,98.42587522364289
80918662,131.59841340779093
50842195,121.21805956349702
37167999,370.84299742314033
56430683,208.50536106123698
62519911,734.1098848802244
29251792,52.14225794911022
85925973,110.16264966197633
34644536,240.3570148785055
39276706,113.25675282831378
81892516,102.45231405851602
30222761,1004.968081696314
10422044,564.1598915956301
28074362,963.4796165891047
64967123,115.46846690352821
38282963,180.68998787272469
76769818,138.61315391797737
81835353,601.2486189494567
34737343,1666.3618140048454
51032996,127.47561409957483
32565254,492.8967315445557
51764743,260.17964234676606
92831396,57.54225035168434
84077215,101.03359648692364
77480283,795.4609338049821
52724196,55.63395039276348
78039908,255.34970885996748
46605850,1909.6484673053546
61041851,108.98295699021325
10551671,263.0475438489413
84956232,285.0613088527935
93609795,711.1309693280896
63261476,231.27193983264883
78773692,367.1575457180213
41527728,1780.0067077565589
86838609,95.0474978475603
46835475,126.15486180268987
23285553,508.0825627590369
83082562,267.2550558054998
33889237,511.51117230936217
46836989,193.9222032017167
42683388,1993.1083765550063
15212938,83.59440277581115
63857629,119.94853008836469
71736760,386.8246429444983
41166882,242.66702717526167
88287708,272.27736059970334
68218612,1081.028856967726
34505104,299.0753803675407
50756606,276.7115451421234
40004505,118.28602616170885
89798576,274.9881468994436
43860123,502.62424491876965
93655218,336.9314597377941
71051446,609.6791555486658
93380848,603.3373572210053
27980449,209.06122529165168
57084880,230.6845005484052
46438239,144.59841891615216
30942515,185.0202783148452
19590564,248.88190913925254
83623165,134.79250602710357
76716085,78.78549782622625
60666996,93.41808838531252
78361983,284.3615879107197
72701952,344.064650561567
74922910,109.33197726456163
63759907,162.14067621756004
68856134,164.76811107029275
79795778,170.80410466286665
97178936,856.4477265411704
56185778,196.50857255002342
48290079,547.7112687833659
29392023,899.8705828141863
54780943,108.71600765797223
97751068,24.166833150727836
69746506,224.885082475732
55371174,330.62523033729764
67781652,123.10505709186572
78245291,130.59031302856678
64158812,331.23921477732677
60974365,204.36893733315952
12800790,227.07877653517156
96154030,997.4062198683121
98482327,220.64332549895747
17464700,372.1490048975502
56270967,608.6984741956323
46584495,140.58059058474524
72785702,170.71831699864447
41281460,194.19093541038143
80424496,1491.5000706215035
18835766,178.7390622579736
87502261,117.59869220767516
96135205,98.48663125689575
26258289,121.59956211047611
75302604,751.1640382972381
98645752,163.85426808048794
58643859,823.552041069849
90141148,396.16913253911423
52181895,130.24159759552813
16710404,113.69518796108939
26056734,1398.9858628447676
39602380,783.6415988932175
66983144,728.649017740169
52507579,814.4182691835182
97432890,195.48155024719665
85547503,295.05604959810114
63906202,380.9891030490069
84599750,118.96544539349843
84325254,100.9156154566429
39975048,446.38024946405926
81574706,426.1228555886076
30468791,476.9304398512248
97533812,116.1649765001302
18711694,108.04573163507209
51787778,1526.0590240361194
61409887,117.52872854661896
22014620,144.931121803278
38836545,68.85449550381846
87391833,-32.981209839409196
69117778,110.37769987664129
68122788,301.40121148770606
51241051,256.2190662203838
87186215,148.16395656009877
84468326,719.7658229777521
86410473,2043.9044498035205
56236242,172.4663865356414
59626902,656.3747929107096
66112801,55.23591595283143
84626603,67.4338649102365
68630773,644.3026772030612
33563434,1511.5167225897035
52975992,543.6533882129797
26817104,259.657396622934
19501484,524.7671924673189
62595745,580.8079427950673
41563117,154.67832486524412
52796320,142.49962847948623
21489695,260.195875932448
56658010,261.54977563622487
91048109,461.8693661371527
68814610,-16.65813165287985
47089966,1437.9358878959335
79261064,116.59716620680648
43267298,144.22962747454173
35491922,152.2097187434035
91103900,107.94583538209363
81885878,284.94208348365845
10004659,131.0044428966385
49810234,63.8550935503551
65062190,130.11273410364024
57566037,1010.1640398335346
55754004,824.6693293746996
99179360,323.2657096181983
67491962,141.97674380001789
55660033,246.67531146340352
96584547,130.84865274643954
36088377,107.72350302114235
97242422,82.49681334029037
12109366,167.79912255579734
57248099,750.8107280823438
46843789,707.7054388912003
15574311,177.97970280035454
39119987,805.5406120526192
95964371,194.1996062704076
93965777,470.13372375510755
32720737,216.17103045411682
38011636,62.17954242730922
28738450,127.35688965714377
82845868,145.6289340666447
92357814,820.911538694739
94273774,221.42396151727758
86770972,451.0738007120876
95965665,520.2152984232806
80658412,215.72894748601576
11188732,99.51978897812948
78466957,112.3916528933569
77853776,82.15044240067976
81589793,886.502936530951
49765777,131.8049843316549
88579415,422.9290425223034
65011154,82.15903922103989
32352609,278.88897487674205
25644810,254.1193348930732
36867135,161.45438797552927
88848522,298.5407331746804
54293859,364.33375557287775
33019527,219.69513602030142
46924492,181.41249991408617
19488750,162.81413211260667
94594464,114.06297535225391
73247876,100.50186343991628
71373451,665.5910007712059
27655514,149.5848084773858
94112335,119.05533909736786
79135715,259.5493382300021
69231521,230.20415459690847
11994136,446.364268578164
27288623,561.7793375220839
88123955,170.43014930078132
10000265,297.86143489674964
79772833,154.9755925059437
93882232,1148.360708537938
32109681,116.60246098788454
65404136,142.11758389141104
33831079,606.7082464711598
71847266,399.2549038685305
81003839,692.4674257386202
19285579,121.80663682411029
51911514,-25.400425671016922
55539434,2336.2559260168982
44536751,166.36163165374367
70028057,112.06326412080647
86860126,545.6459669249806
64254454,203.66320739438203
98284782,167.176558169204
34610652,204.25696963475446
75568847,470.8935650778375
65674652,109.34712299832407
55019276,541.0765123808591
55592552,543.5127973725116
94267636,101.57017484011513
69222634,128.5197298143652
85591369,628.717095390105
43835656,120.16933128125113
87803052,701.6525934365651
26232040,221.43036088450575
91061668,171.6627703057273
30001734,336.12082935898894
64074995,681.9695927295743
98892450,195.87797053866583
30473837,179.43133626919536
95158643,122.27059616676082
42377220,189.79107316463913
64814717,255.42572850755528
30148862,1048.9347213548756
62010302,172.6467238356078
99477712,289.6441165497063
70875105,782.6879437637112
20465640,590.249390200254
27850961,172.96651262103225
44835254,735.3989417038301
37634561,149.3657922764338
46702648,267.78361601945403
86839823,322.49688492503446
67985741,1477.993117753041
27791703,108.96601672320885
27289673,1052.8314376748017
47043760,122.63382552026272
54808934,86.91950005185319
98155995,345.5540054392358
69341643,191.09462165866384
19401682,257.3661024464159
97496254,157.83502625516164
26009392,116.86867818589407
76357312,622.8928996520757
60644292,173.39597780539304
92095667,89.17353238655176
16021125,259.484973516543
52662306,83.9925901770656
22527415,396.42715309012993
11178457,295.4009507537224
19452873,574.6575407496728
89463603,150.90366115118033
55778959,123.43285558519284
45079947,119.09047352545771
71913651,406.1234855509012
26030335,234.71907771723693
18887144,461.7510132591962
67192573,337.9657211558541
93955593,839.6221976717428
51025425,88.60812831861418
59882564,240.7499862488691
39586553,475.33430742384735
10235871,137.85284250801803
44636319,49.61296225601529
37290007,556.0948151920578
14108687,341.28768944738135
34932666,106.63280671382319
80941617,638.3736647288086
54682782,74.8588068700811
89652985,93.54073902925406
13137515,63.39792909190208
69623259,139.50459110815385
58672181,162.22030889277323
19145583,140.73734552443813
15756823,101.12491163632623
48404289,232.17557785777288
81082424,777.6781123602971
73224913,249.07581498945837
75845341,105.26696106793118
98474913,134.24077400690246
41962691,165.86348954479982
48961741,187.33778880980563
87593653,142.918303314591
84917993,130.06165908828766
24081947,436.42735605800243
54462462,272.9022193842092
51963469,1172.3811992792998
94467679,191.0691048793719
31642363,713.5047027934046
66097711,144.01279494154846
12884742,115.79483572439419
94999391,98.0859038623963
44605879,649.6641445796675
35787017,345.7590313754724
45450960,445.41428186373366
95291199,205.22394443570468
96016558,1614.2072387544538
84566828,132.37695960558617
47412693,158.61364944265324
49029700,12.847772942037615
60010012,5.470587064345312
75883768,110.11177884851386
26202342,404.3058891096778
42317663,143.06304981550113
81534336,509.00426758377506
89007837,150.35324170848858
55830410,298.39872614109197
42889086,315.75510718990785
81610198,283.610183655986
17452253,119.40431728592476
71203731,119.08326077985315
80449971,1437.746511975176
69429731,202.5969105051022
54605956,211.0584029864142
34299688,440.98619775001913
87819668,787.2847634744536
35995429,167.0658297632647
79395935,161.61200269359315
77309412,309.75509479834
43863935,458.01939886450015
25184246,265.4317139272094
36615071,312.00425172194696
38474717,266.8892154210133
93825316,263.24357287054846
33683398,73.98601614763696
69346242,309.35464354364143
59095929,349.93171839252744
87118088,786.292327133779
45924958,373.97608398135384
78591323,150.25505760616443
37759814,1121.4810105626793
79378632,92.23422226586499
74799649,194.71003003585253
53222755,124.2993357207979
36749663,214.77814247253218
48476133,80.2561328697472
49028666,855.2287221955011
74177764,145.80369770832175
14771208,98.78537698229847
53613430,260.2909283359225
58749152,165.2909260442424
32751897,96.22030165243896
26470651,113.11383193269943
35002941,206.77059510948456
18541890,218.94784961300326
57596711,881.0069327291898
24072464,141.01673600738025
31435093,2079.190749276913
30602585,136.25671340078338
75360000,241.32208887484722
46273615,215.4317294327983
95181699,130.48681671195777
91310621,207.52207905268375
82017783,84.29074129370186
70908643,2688.283813065047
15861638,129.94580302262582
50835625,124.64343213414895
28964861,845.7874495134569
29864397,1161.1480596935558
12057084,366.82704336390617
28334945,199.36391074431728
60084019,262.8586240051712
63996133,112.94585183360502
24215888,352.62284507962096
73974645,454.4977941123334
75072747,110.17893985236381
45633768,431.36624687750054
35646913,588.1646224592862
53661067,216.91118445292938
78907585,236.8028166502986
76922109,366.66176186031424
62248680,181.11259964707082
73320273,306.88107857008737
22179940,135.70310907068068
26991418,175.8157798134627
21855522,204.90365488123985
55265808,422.846113426455
58224140,243.1669469262957
19913819,105.88798276339296
90275479,127.52699256160496
97988475,143.83407539362116
83636674,425.6826038731961
19875524,1044.8270916141246
90421480,139.16594532989043
81793670,283.2921193901205
85521270,1692.888139101358
97359529,56.07141815460413
91814930,707.5562589524071
39016297,170.69726373208425
94156929,149.89779304786842
45023538,145.63830374616182
58269517,85.08384059259444
35694304,1139.2381220863767
64951262,380.17456544342264
95920942,122.59547082643184
41847450,1048.8661833234185
15255858,105.7054525856241
95924527,89.07591660480087
12518283,519.963604725737
99811369,101.92017259524087
59569343,31.16049789335473
47206769,109.04490294315572
51079651,103.41716094057053
23194465,601.4153811995851
83356805,354.8192546481134
26586384,57.53774838194569
55548495,123.50666030445942
86324071,45.94801241315026
75101749,91.98617165700718
16463144,115.57058991561857
19396787,142.63784909542917
33279246,314.4347882445631
49233593,184.4970487453228
48210075,181.7612345727753
55054820,312.89374735530106
96257897,467.610017310175
51430742,806.8544272257742
83437485,135.00953648401773
50578351,325.6159069157032
97275251,292.99999725712354
16222585,213.87151857463363
39525336,303.5980891802023
78481250,280.4954672644707
90967247,202.10645428698015
84855982,84.66642616653462
57782649,89.32245555852072
77997002,1151.473256182561
36215630,251.58278763853656
95580912,116.94968046283681
59034107,188.33343108210173
74775777,98.84431075678042
39971311,1121.0381570899215
89020638,231.37151646984282
51169286,174.11756290849735
99644215,154.5238027338423
90744203,113.19022987699616
96320211,927.1895381249398
36465697,252.73775604724597
86214609,403.1028682041913
81033519,152.7708696586968
61860616,-147.29907343453223
11758072,845.523019698287
72796099,232.78552749273808
12154166,453.7857745890732
48588483,256.76039313717183
75800458,167.20096241709876
27360889,102.53958064881633
84455620,637.8401164621349
94594944,776.8102809290156
73063439,165.75613351176165
81513909,449.002275044123
76078349,95.86566141469142
18738053,164.23507385552207
29574045,291.19310476147103
80540560,83.35748062461131
25751173,120.78082029332145
26008933,1569.8856268456661
99638568,534.3212098205386
16106243,554.1629199249127
46712863,183.95656625107475
62434322,69.10630921075483
41483187,811.3716518320794
56776930,281.6680656520417
79612305,128.37253434494826
64780825,142.6626778822087
45536007,61.898008091293484
46661025,2266.2256506459144
77061678,243.30711555927246
60393588,830.882888514132
63346660,334.04216118610026
27845955,228.4953150344889
55504400,489.08350454337585
29005367,237.45465266622577
22069246,146.55547850987216
84008491,485.06374637569974
17133631,429.1086538506172
84832150,67.92042672027142
45723864,501.21212549910035
43493787,823.4399665649275
66097518,770.4893462847543
70168465,154.35820914915814
94063743,215.92219836793143
14576418,763.1631845413132
67277120,227.53699791739794
94345958,117.05948525928976
30685847,136.18479494038075
85948230,191.96889676720028
89817663,85.16286008850325
32957921,761.651208223474
46701128,300.52634596245576
70035645,168.15697167882468
60395047,906.59943412165
88839252,1122.477709362554
84131490,163.4023378630278
75586325,128.14564533008937
80103534,270.35778857615634
43032685,246.35358939337058
15972126,100.97145274076217
41404247,349.77550854554255
38893753,371.40736155999195
73633779,1223.3430560474353
35904393,58.911737702162846
24714022,536.807616950463
19048345,1717.2397827243217
47004008,114.1809774866854
94742593,630.9077731172891
75269823,753.616267450281
25552669,125.83635864139893
51828771,213.78948306806797
70179002,2583.914418057428
38115411,103.8658339194569
40317565,224.10164220103522
21110207,386.86694551943503
84762082,243.17636100260253
48690899,668.3493267686168
76594160,167.47315293601434
54192522,271.2860825720419
72813893,115.45841997782316
21004583,198.8875023984977
64817154,214.22798204515775
42706195,155.28801879398
48103074,465.63618470816084
21878260,1180.1933317431792
36272220,98.24120469574996
13817497,1020.7333358823047
41737305,987.1413813544135
45517239,332.3138795150812
89500514,808.6101640696497
35952974,271.578573660577
79180368,382.62047494032515
49972479,475.1911957541314
16468436,90.22792948320289
66415757,116.82600194040448
60737619,536.4851325539828
61065232,129.8196485760799
40172654,57.58608622591333
89609665,116.95846523226245
23952725,107.41173369914972
72896307,137.8820151198292
43835334,154.29766813435282
15170417,231.09022125709325
67479665,434.23543657772854
33361674,94.89238866130195
44130617,316.64798558640337
51579953,154.62845603099805
75908580,241.28435058038153
55554604,10.73081316860238
78855633,114.22780284411267
16657542,730.179838034706
54732615,480.3617581707113
61746292,342.36512855991214
57869356,324.7732958364992
29926611,274.1847085176505
75275045,205.32267429255123
47886535,184.9228026245556
44918482,333.86356615661697
78968246,369.88050712604326
54136456,418.47726573687316
90807736,281.61699179141095
60276696,294.95070034748767
82048962,148.00620178766118
92669446,149.42339124095042
48680297,89.88906096810182
20902349,168.62841780210692
56991657,199.94228120790115
47839152,106.72593102092593
78844128,197.18741686444613
13384224,625.299067743674
46213331,122.51270878595385
34116626,197.29668568251202
13884884,119.42430948091182
86060261,450.3423856085806
33698474,102.35022922359799
65729973,122.48215641409318
10671871,793.8783302710417
35704807,123.6717856471247
55231783,112.97550887934479
62208192,1289.294254021295
67563103,309.0339576389332
72548470,307.9154012789654
35725437,811.3276808744824
91119982,283.5652512124464
58303560,374.82233838797697
48430844,126.80772475920189
17825416,436.3449031230413
97821966,95.5162321738322
76538437,1078.843992487686
46855429,232.3877142018345
70135617,294.73918606573693
68330883,453.2169346847341
82205109,1585.2798195261628
47743752,84.24235034798745
55059767,677.5055500597346
88243398,895.6973905558195
44699350,387.88523486258856
35330178,376.7227236203567
25203468,122.20150901882559
40479165,64.85107300558263
10947997,139.42094386315443
76351104,575.439778554389
11445786,328.1393924173136
49470754,174.10022782814224
25466549,117.4167947130455
68081302,158.90293222342814
66965573,103.20008198682945
91230160,193.1363604385698
44322697,196.45923120692973
17542284,161.67249213144322
43035885,108.27453269498861
73926094,272.14601743651815
64948505,313.72539206016216
78950808,385.04831203344065
38422125,366.01463817677984
70854487,252.8786852249938
96303461,683.9552364721912
46698218,108.37100599668668
42918073,113.56104593876978
60976113,213.62365505728056
80414616,107.51813231872926
11919826,599.6855230695237
78548658,667.9364533396268
21857739,119.25516627783007
29877271,1070.474242636354
12698388,487.2240028901728
11871707,786.4210345697837
80819542,138.45835530033384
95941128,115.08356703776319
15401105,160.29777460968577
32754426,267.24516159347047
69235267,142.42316746687652
71590075,593.8902482607996
93562904,214.33813894199278
48418506,191.15304067220785
91190923,545.8233547528965
33120061,1486.6156249828252
79992717,229.91243191986297
57263719,251.3045873034481
97902872,844.5700593130758
11659952,102.77938021417624
19463140,121.45758800165633
32523829,2174.42024630569
91862885,493.3628194358656
72799092,515.6418637379658
53477503,200.99739543402595
66993460,137.5898591844566
13665562,379.658862962742
80709687,698.1184413128244
40330962,279.8478259730145
42684844,206.77875845508012
27675885,123.37398209986351
38250322,471.2790524924599
63478776,102.87074372006275
62285686,170.03842675926137
97553472,697.4190860817571
64732641,34.3800798089667
10341748,88.92861400384822
34930451,261.6743514067623
53726168,671.5664965274349
69426758,110.6241841797651
90029637,291.8865122442207
94611401,1168.6869531874638
31394855,110.38971848577077
36645175,123.84701601344324
56281801,490.75157241708064
12148162,210.55112819682378
18771087,135.35660785033008
15509457,440.1174950136804
58811830,165.69163185876744
73003066,100.56925630242674
34190353,229.00210552747785
70731913,354.02526077277486
55320872,955.3518248399917
41886703,161.1271381763931
16884593,121.3516169028129
90415325,904.9446356397217
28408198,62.630710087476004
65914001,367.1404586823295
75122895,116.55713729887621
80177938,1384.597341458258
37984269,341.3128975300751
81491790,244.50066028415915
37294085,139.85215215411586
23335477,106.04970792437744
74996570,159.1980547841715
11602841,1325.825307427546
70152712,2698.344552633241
37504288,95.86914032931259
76619689,133.79706726169917
95075447,534.3030641199325
62779399,884.5493180249889
66278648,318.2687946697467
18002070,92.36178875164502
94135062,515.440424288745
74396322,349.6114611700444
97169764,2776.887487579278
84630384,185.53747767877763
46052909,1193.8579394965593
60213474,264.8571940679116
33797784,89.64773878089471
59759309,384.8277345114924
47001738,174.81102608206464
76899861,91.35417137272532
54444766,1852.3188995886308
26850612,818.6775093300962
22468145,236.4215419877011
39243645,204.49960275525052
35759583,127.4992029736773
92468992,77.38497353081144
68717112,441.6212398214685
47344834,282.073312008287
52115284,260.86337299264824
21042322,78.73376714545005
79258805,1610.7769824296704
51304748,438.9279545263103
23253686,125.6660784800813
43275074,200.7375993887145
81602713,92.7743094050292
60924053,955.8953410682959
50363853,109.60357279924163
28412591,134.29633987071128
65145713,120.13788454956024
47077663,1083.6379412204146
58136966,126.38549098174227
67034290,129.51765149724952
72057747,214.62085755199064
78034116,123.12834214944967
99365155,544.1130481071003
56151729,289.3633164624359
68997667,206.22228211498077
46532370,214.44182670609456
43276809,241.52566491856345
70460118,291.73667216039337
66150334,652.3966115905658
92614050,406.2858941640607
69313526,164.635769566354
70949373,986.4328593962068
98595102,158.4112952133759
57731071,124.46710828354496
58855043,139.51746191034414
45456441,80.39959605031189
39733268,162.05189320323743
71064725,133.28174455600097
29668017,231.78335092986794
94555207,457.413105535828
60811404,1153.4703029167536
53154973,129.54012087088728
79534885,148.19072079634958
82049293,721.5509185509201
19578533,97.56743186956126
66374977,43.87352979992452
16850211,60.32530182776174
98217866,65.21514088939098
33773989,1541.161536993725
14998381,441.4522063394624
92421507,141.61411419438537
66591282,144.2387913484832
27243576,108.7401661103532
58962954,16.62630671325362
62891715,140.5913838850916
40256776,103.56863968598982
92014626,1970.8035870202027
68868046,146.45318931673694
47811896,605.6600742786843
86438296,299.16236458744373
10421272,283.6878152483249
56519274,122.15740730241073
84854339,127.01079694919193
95049673,210.75938556502254
65578696,220.14663191001412
85747970,142.51200927858017
69874974,936.1510297555709
34594425,120.7045382447664
14874183,388.6673348949972
91643227,130.91536297794138
94998930,629.7751729163668
25184219,-5.61121737259349
78637662,1567.9073398030266
40102355,689.2643769097714
33004293,144.45895591995506
85498300,1489.152024040756
37721019,159.1449085395328
78482421,306.69586714280416
81912650,178.7652655171881
86410146,184.77196830775304
69095320,162.30059496497597
56569332,90.43097753760635
97340317,82.5771263166242
37533494,103.3865813889875
55430447,88.9780880863518
45610406,55.542162425321315
64085140,957.7974540943712
81416250,2609.6790778056634
70034683,239.74314384560233
40315264,111.7244989103265
73160601,569.9516038191687
54677638,256.890538733035
90571590,349.5711851282744
84772888,94.01932022147066
90285847,337.0814132014519
80203339,81.50850706817288
73536003,136.99202558547609
56021479,268.4647675965423
10526589,769.9257351362226
23648848,154.21336848918114
27805990,113.44870806300337
46740683,108.35853361228659
66243364,266.9185999709886
88626421,107.77894162103219
81009655,83.64209082824311
47576712,203.70009832694214
73803450,624.9426136856533
47427075,148.1358611026003
72540520,153.82593663979577
55407503,115.29985899748763
49275948,1116.175263906786
74312584,54.7868929520398
84174297,246.56068472758483
96261162,117.79324417864036
22879870,897.7776749387215
13933179,211.86174785540518
20116066,113.2412145365354
38689361,123.42279587157313
63156536,328.2004225020145
95340838,376.6071940300399
75352375,223.54890810013828
48265534,408.755080656375
74912030,202.6449302040321
70071430,1739.7213377757232
87025516,116.87427031615621
52784904,398.2453318976416
96281041,215.9718320342801
60302206,1305.7831411077934
88862209,180.58587365226484
66359731,1458.1216927639907
56582999,136.0707436073354
78391067,44.82831630406866
84566381,338.1345649400862
15548328,224.68751261856073
49432086,184.5471028822115
49054075,115.88530603477378
71689174,93.77108339190112
64196832,196.69180856234718
85965917,324.56253687476226
30935690,846.4578969169696
55460540,108.45838772948284
89457485,72.3220064557702
10188743,111.31889296974147
58823191,309.6838572071419
20643935,273.5860049259265
40325735,120.32486046100338
91136520,141.73166792336718
32259671,116.37167142594343
26400774,525.5176116864969
28057887,2218.7334083759783
82844555,80.39300449782921
51111773,271.7000341600352
42987529,206.0595467210981
62978911,119.51313939198133
11881525,554.1741712988219
86857890,260.5700643363862
79797628,114.70414938416026
80357222,249.1469702514924
35431033,174.91216627243904
99201502,122.06702552120424
90452446,541.5563750899272
18670977,341.36490296469566
66979442,128.36324701984094
93738605,182.10939104734211
29213200,260.86938616812256
31107212,118.00645728145592
91594833,148.31570521293284
82943336,113.4687466761641
68443662,140.5120424148121
93641230,382.54248179722106
50244475,696.5843806717382
87626955,1523.5677731940332
51387553,509.3557178533873
71504785,361.06147522163286
58768482,201.02240020729292
47301702,45.37425571262438
46285200,335.31861642064143
27113638,190.6809755314868
63361835,133.01559594692012
42709073,123.2170232570767
87920715,1195.546369224738
59996173,83.04583948672777
97865712,108.83011970323007
76462362,1590.1880089596548
38643308,154.0219160949966
62694540,95.44315970560805
62141335,96.112294770456
34503041,69.24207526539071
11311229,455.156219732069
51623206,188.85578460508702
28560163,169.56835534478037
94388349,1238.197659848435
86256710,65.30808399301428
61215694,94.78649058470124
80946911,124.05066581522632
35537651,562.3239517474104
66755381,203.97059566494863
73455092,382.3879211565508
34041393,256.3308776917996
30484078,1940.0009841969113
62329986,206.68243399411764
62897188,697.0981787183674
51881772,545.0269208739566
94211751,97.15832003036502
61613645,105.85245133273628
71479652,323.3189180266781
85310501,435.86497309049935
23110318,83.68082048009641
82884759,250.74686839665966
51095836,118.45551464673511
52772048,220.14073829857918
17245854,9.888652278348749
96708865,397.15730548805766
67276218,498.1889796326265
89528454,113.88171762929987
73044839,318.5251051978034
92820854,116.16397473116965
81415527,59.588415260283234
54704500,106.913330898651
62696690,322.4096979803444
43848311,268.2315859657378
30447397,114.34779107949485
96343937,143.949829892859
19151468,856.6340523173643
75047192,151.2158196472484
29891460,68.74631444728367
47625277,272.7191678881321
57930980,185.9763830699239
48354539,86.50941834148946
27628114,161.22346530017637
32690361,97.26996302310772
93744019,99.3646426547799
99861438,161.81352568961515
30181088,247.5713436361484
31181640,212.87190621457768
44766788,130.06155403048658
65594080,376.24681450384327
22508377,138.11030178716584
97181173,295.269378802163
17420303,155.8058673727873
67800143,497.0104178430581
33454469,316.54806291511017
30418520,406.54292732967997
89752463,200.27130611905505
55142148,109.36717597098257
20848293,70.84421888017165
12617495,438.996966336564
20378275,266.8910995475992
37172337,323.9405759509551
21839038,964.7296757432623
66993155,109.83134328273339
41249770,111.02246565960888
80181790,729.6266861259445
36248478,662.1307676797353
99097401,129.1885565550963
16998435,220.15653858721893
28345246,410.40268469861604
97230601,321.53950540537255
67442292,109.82326113517732
54477624,-34.79068114504752
22866548,166.6843648432046
86504569,163.7351753530151
81257074,424.1107928707927
53101206,139.5577969973813
77626907,148.58548987624613
15402267,107.14990173477783
66190974,152.6293885692055
85276459,207.71837853287025
61882567,96.51147241460973
67503548,345.0606037564373
80801220,138.03121273703465
45827465,125.69089306642223
13145303,344.4440789883567
92842662,443.70500692501867
73150077,403.2183580846954
10904048,98.94377951575423
89655386,1801.2564227382618
91827598,85.30295428701346
36736446,240.77912529311104
73791907,311.3276397823352
93237533,937.7801517089902
29020722,533.9253379482001
31344857,108.82532476707455
67961594,98.91857706522656
82896045,1313.0622758623163
79782925,85.53267863492297
65627534,103.07556650551065
51055429,858.7755820127763
24073352,245.96672335755756
63468697,476.79884713870695
69815836,100.86442685108057
94658489,231.42747579503794
89803063,2986.1735154318944
41826065,145.59059291933838
95957321,2396.2169524815413
72164672,114.43655243248304
88171071,462.4639205173033
47273090,130.4705621231406
19574799,96.56750694689846
74042503,1339.3349877913122
73199665,122.05728711998107
32553552,123.97413586409145
99007181,713.2547509096125
86459252,198.0648462329209
33160158,3126.265463915938
89403244,122.84340278290234
83607429,969.1111268480754
54979491,120.47253558432905
34711897,158.40982344142097
76049090,119.91130033502998
38209438,435.1721505049885
43607471,144.78549128661007
37603490,935.1344340226656
28133465,1158.3784625649607
66543688,124.4050821832017
13310180,1437.0410827576738
70639698,147.3597227355003
31227382,213.75015780054747
27953042,80.62191135581122
62042217,167.15665692403564
91860613,246.0362472835425
55497701,331.64322368290595
20529003,593.8954279496758
95270433,507.6818686160838
99713042,283.2744917863147
78850782,378.6555197348306
57339822,538.914281661981
89910926,185.2081899235299
22738331,753.8901456224505
29399410,99.04783872201708
48960030,99.55661696861047
23209349,372.56847539867994
40869262,3677.3879296070677
13469481,1077.9850000039248
37901584,124.0527641941147
15827667,277.6929219958556
36279211,3461.4372318591945
60254169,113.73207626087412
15666676,445.2862634937564
83527323,164.64705301282422
38323312,356.99369475900556
16145827,178.41303935457816
25816799,158.94729522182843
31540608,508.85407799245274
78332853,118.61602213432886
50241601,251.70739455153895
59793938,528.3662168698255
99765396,308.82392889934926
22142241,176.65732586060528
28238312,114.93508464800655
56677251,214.694910923205
79286536,1139.8761782940394
20049898,754.9249089809814
79883465,959.5424751288402
64419086,142.10749940745004
35428504,324.5119178898368
83636473,123.35014350908135
91911110,264.74571016831095
94747885,561.4956571143796
77052407,252.01439714856855
89274668,103.03643121426238
65429257,178.4190670285578
18949424,131.54462318244873
78354959,195.06956893387775
38613499,145.03979320676322
99410878,889.9581289519332
17066881,185.48295640975724
84559340,68.54819778379793
45796615,1178.1424110245985
18650747,193.42505691237955
87098836,470.89452302242836
18956602,154.50243330017543
49896714,2180.9490486563536
51066559,249.88254487398504
72393934,324.28372371734866
63389143,443.16298354141696
35204339,236.99341577861207
51345357,162.76101065177969
46322354,141.2924170466237
33951394,478.64747535209057
41031096,166.4151864539552
42228451,133.58864509006247
41161057,113.45530048014436
98892524,103.64992621582648
19811103,129.60398739371743
65448488,150.22946018521714
32428376,461.37428016239505
85323274,518.6560184434669
92258087,103.70545852297576
79217297,215.3139307975426
11989719,88.67964811670386
28471365,145.069711082928
34542074,149.14365955460508
29164293,271.27700730703305
84304086,787.6728238147147
31817572,144.65547349576084
77771839,2772.4153334865505
14239440,456.0703933989939
46882099,132.5323893791453
38983396,386.56923311609654
31683463,635.438606660724
78092716,537.5604095910405
42013895,233.85750454308047
65197071,111.8687993436332
64495960,373.7028167807989
68745703,149.34973196718195
51390927,155.57501279111335
94850983,106.89209429771309
24328415,252.33441343139575
85572847,1445.593271935281
42303463,641.7194711950762
48215084,820.8114863430991
35427122,490.69133358465825
62307341,157.14317082117904
63212299,125.85513590307414
97856687,530.6160984954056
35540248,113.6242383163346
41303810,238.29336351775967
72749855,222.86714907401725
21620577,140.0175523899198
33846878,331.53388577208386
72596574,154.55669224356302
85230815,262.67710047488794
72103187,125.20369014742165
39368813,126.73981530107488
77055150,174.07349481169854
61280124,64.54292099380469
88442406,656.7824477234116
34283144,350.1772808755485
20283328,214.704002628779
15081148,80.48447168056032
30803223,118.26695025650073
95977285,242.69734882231634
73578397,150.85721913272695
23548274,261.5668547667806
70020229,194.08137869259582
13657037,455.33267232679725
62209540,151.83850628253214
69122837,189.42133486519302
56882140,1182.1017868688853
31090970,314.84826289831597
18895583,308.1895507422749
56220075,514.5309472392693
81883128,365.7220239478928
85178304,547.8568146000225
44572294,419.3694254003297
69139777,226.08008319531746
77682175,247.85387775966407
98697835,119.00724686635958
82862062,1340.113207925298
63154444,459.4800243755846
36052607,183.16865647095162
80221636,80.94077056605973
14612606,650.1732383897363
22793087,1163.9824756733217
27221763,193.0365337761534
85356281,1679.7559642692588
72870330,83.35543766593057
21631750,191.63761478053786
65662420,143.71424880068653
94704718,106.98231995068207
68031612,161.55362794095845
23780065,1229.7687050623517
76854946,91.32893163197551
65320814,309.5304838701195
98544588,583.4792118242168
66236365,115.27050198621784
33614608,265.43109061679996
41538321,177.55926549992873
52604597,136.82294551792398
51929168,193.96212684211503
34989178,110.46031959685006
17968995,201.81847385193524
17104507,584.7751234895676
31799006,239.09116189061942
80534303,114.23715868068692
39486975,79.04834317979592
70473933,2654.783647324675
39315812,134.93833741204475
32664756,211.9756218979237
40582877,277.28299086780464
14853484,267.61955026802934
72018275,68.90439403795757
85501233,283.82036999666724
62857702,90.73689059156422
37589957,877.5186178227257
75861106,395.1244761470501
82048801,264.8729098996504
41226392,160.2260347391192
43191623,2185.108936770026
98896014,134.35290088642745
39009427,146.69893535161063
67635937,224.29004993200076
93989030,2983.4629135694504
58213050,119.20084792465595
39089500,104.0696567781899
48099206,191.99340552818154
65115683,194.81696439316954
19072238,148.9766747585166
50691779,174.65960939308823
74240054,418.59556983508304
57606331,479.99887201368773
50124096,123.61207030314108
50596395,201.362540809731
96230340,92.85336328579099
73626141,93.47296015017437
12420303,121.45368899800161
64008469,1406.559695146147
44066450,112.4822948743793
27734466,890.1261686777038
30219489,189.72205569719335
43296487,503.6004090032995
22060633,1184.062512138209
23197881,262.9171822373005
65499520,121.05763862399569
42012431,432.6674368327902
42076492,112.41605564695094
92931745,398.35755941658977
47924563,145.76015779409107
17036042,427.78819633967237
79903869,51.73738808394768
27876581,167.37169249680377
10911722,105.75029886124145
21207465,154.90076215469716
90406241,180.12687928613815
92048586,110.26357423610536
72112785,180.33503143539562
10881048,267.3652754393849
71511312,285.26978538167805
42854203,454.6146466772357
23271785,880.5763605875748
92261360,665.6152442864
14679655,51.62402019333419
90532154,118.37134174499606
32402071,271.78124378840175
90864060,450.72601096209627
27274358,68.32672638691574
26334631,73.93000636627764
39224642,113.8691900230735
19272671,335.14841023619374
77841869,582.7433698406193
27204546,1453.476989500488
12405459,250.70020730888461
23265034,533.3378433322393
97633242,1347.6765561635195
15746059,334.36021778310226
91462754,240.62720159802157
71359730,101.83008643556296
61463575,1455.3425932124896
66429439,170.515974669055
63351764,209.07754171464637
96265907,141.36894061177077
87085441,585.3949597491065
53920662,248.65601010570498
67679919,231.87772917953757
96779897,121.053290466506
27837717,87.64982630807866
37035368,378.544266793906
26123523,315.1471846686212
79652243,241.9289617180175
91451403,385.0527309215323
29758902,178.88742729991182
47019965,199.72538965214108
14375753,989.0351553598421
85119076,1195.8253218227926
58032446,245.9710715870233
58129049,619.8963458897445
89574518,340.34295019524984
61206117,94.53081180433875
30554474,286.03935408085385
65452020,187.71439072123246
97089415,508.4935169333415
75395475,82.87780984936586
58881030,1231.1232860545826
49402947,113.80820362597414
68947111,151.41152304553583
48259609,1626.9769320466612
46561397,51.013482979433675
99687364,156.42606252020232
91051315,237.91963171924158
88446486,306.449390232121
57583992,117.71965848790066
50054814,150.7736828312411
42048168,2369.7950060708285
49480319,262.71730932648035
72653841,130.75277216715537
93923592,143.0941828131468
60863343,530.1518778162542
64544903,1093.1255720989686
13683649,223.91457196041057
35441685,203.2200412644476
52702103,253.38491017304887
33316809,818.8324293265181
99319395,1273.1072023668316
42958811,345.9499722526866
79034999,159.02824787266513
76692806,399.50536638033657
12247918,83.03461136438187
82872484,167.293105630409
74712172,535.4498391742347
40198101,133.77122688982013
21709825,448.57334129016766
56134477,1090.9099505984523
64741940,405.0474269838704
20094279,165.6368867733535
86415472,114.85794735212734
71923505,153.62051136271654
86463105,131.14970079699586
27182144,117.83199719244618
78605487,223.57560760707287
61339703,122.53493855084737
19457777,121.81048690320416
14282521,180.67645142981655
53055745,120.02843408803044
64045100,169.15202998206564
67336212,188.77978091641486
30110453,113.6657501965811
84766140,117.2295105872284
37132913,199.48560849331736
37337576,2038.341698477401
81785280,863.2956780054479
33749639,161.33515544923242
65293655,230.11791946725734
99472212,958.1335010194632
78611736,87.01554904183308
34109955,492.75769877530524
85732620,358.88652222005425
22271257,140.53003376521957
17111467,90.87895231377101
87529909,138.17435562263316
80109140,843.6073566334952
74139761,74.9998435997646
46468468,1168.306826338015
11871024,376.3252780341194
38948416,2244.2452571020717
79710564,797.7675624501178
76775271,131.9826969146096
39022631,482.8201144828429
90991831,707.7872484137154
89162323,243.7868690533098
23588134,519.1027332013873
97925196,896.0641903619453
73394555,674.2147210339047
81939394,149.72950918808272
34503849,619.2458214453981
97624284,2110.79750762419
83688015,180.4463127832694
26753007,121.54202413771128
87953339,33.64892666356517
63187534,674.4498902747879
67816850,477.885247220159
58193423,480.4716544596505
63256520,104.02279965474123
14482256,236.53124539906074
70047018,143.50486224433436
25694473,182.781363986975
18876734,143.37333057350182
24815106,868.0694526603525
32093953,88.31899330102807
21672606,303.8901034608709
51265019,116.74646950856685
46633682,586.5215955452045
99505720,266.38325565886527
72684116,326.9474636287054
73603518,164.6028087171213
42812113,1162.5016536465605
91497924,170.75469896946518
94645725,117.92271864631827
83011406,718.167016385662
40459671,266.48388367304574
28128683,506.65419810261375
89799485,201.60612762709417
78077056,519.2768614047189
60018274,206.11413360282543
63035070,291.6841867515233
50452662,102.17408836309527
90748238,155.02217140928553
19626211,119.18258781986022
76831160,89.5717611397303
64430456,148.8968825532757
21788725,146.42619170242628
62692428,546.2012602560335
44601450,110.7209909806135
84918858,2574.5910080947506
60654538,129.33518380665663
33549671,38.67573620030079
96482407,163.47528687590406
38139452,232.1357749573676
25148521,102.52153256910073
39090111,832.5239401134507
37364225,90.28792234254158
79808740,123.3695373907736
54570288,125.092252127816
81519320,180.4289073128765
61290981,110.2415979215392
82595740,606.1866171252043
99018938,190.14012919437897
84429722,266.93611017072226
70463415,126.36091169673202
13251670,178.47516515623812
63915791,94.86598450847569
37156544,185.5718652677449
19087720,155.6760898786887
15777066,323.95413298962757
88419707,189.18288083776406
48515636,160.92996875366023
88810042,113.61759517823525
55078871,51.18346365922647
82278966,178.5411490046252
33265741,669.5162195246011
64678931,1018.4331081107077
26504939,79.86609370595852
64056925,515.4524147508456
46046461,150.42618776025768
47352478,529.374236721049
91442238,137.96495038516863
89293921,106.35842381826778
12378808,376.5779218246823
10153799,116.6107146937653
21954731,496.80486775866285
76938502,144.04287057643606
51632874,144.91995401313469
56510091,1741.2684511004402
54773302,191.69220111672922
29181400,204.18326431276478
36937513,834.5113552479125
75732466,175.8575490435863
53117846,329.6294034305447
38538746,207.12334804297478
27988038,114.79112995725218
48886162,115.99237270427082
24085686,127.22068115405072
57820012,1242.5813672977274
46878225,1903.3349149596788
20632751,93.45259244769191
47775231,142.25405271491124
46789610,1572.0660666247093
72806360,402.75933814339675
21856002,1152.4270964659581
42319053,398.7642166103415
99630613,85.39239525669875
61255494,145.87971369790287
76945971,149.25968369215815
40393163,137.1733987018458
81941837,364.7287102202604
45930551,796.4758311743133
24573538,114.58959277222742
52994547,115.90811917753737
28445231,617.6219237755656
45643109,593.5956586921533
75887247,216.39345094971895
46367713,104.85821749037368
12575157,82.66381959994614
85076068,488.4023411021454
84603623,1380.2607868213418
45514815,140.3872143197902
52278951,1571.3239621052269
50360032,650.6254757919141
52896193,164.45038587329597
91847198,388.42243907531156
25179521,227.93949203033318
92545328,111.44915138701427
75231573,91.19645599710806
37926120,626.1595028136054
51096687,210.09240105675616
62646217,163.0219356416643
62619222,1076.420690055438
39457866,28.9517900778681
47130686,144.30449842285765
78763249,441.175782232904
69618147,356.7748153635735
64127746,315.7935787893904
56593004,244.54711078341842
97403924,409.9425058999578
73948550,643.5261938833685
11236514,416.3867401813183
54389520,157.8625884658835
76068841,388.41453626359026
59631248,597.3644353302417
34575405,125.58259688366314
91359645,71.47182402232966
14542871,84.77825684727638
37836409,255.28958870432277
99958710,170.1384784515489
50329848,724.877983471221
55825298,197.7002146165088
43158591,555.1966254671757
95022900,347.7573685969031
11903900,221.4218420131069
59905554,106.03583080956997
33394781,217.47299534598247
85262305,198.02328383816914
18156267,406.24641532526414
77719072,234.4679965046254
72353806,1314.3052509775414
61973490,218.9746958611569
80257850,723.6843458690345
27763246,166.78799303397153
28152447,206.37708124596872
40447839,257.0600504935443
88401173,169.48722388257323
77151749,107.62052679780061
76938434,203.8706453496604
14595997,109.13064229495997
22245783,138.27433252684065
45164346,172.8327332660981
44320199,116.44908341088615
35470526,113.11391944120282
83276172,71.82624450448537
65081928,147.33311569608594
34774976,1523.9689481882701
10096416,686.2245280740583
76574726,2888.9500309729938
88509347,86.78374315130742
11304650,577.3670995668833
26418453,98.25840416037994
69643263,107.74168531465146
30241547,159.11197131204392
89725513,536.1336128881095
32289745,329.73147121170047
33888699,208.993790748007
67508421,149.97805889514774
86446610,920.7185621753957
71641515,2766.7667389549283
46243423,112.6880481340253
86921194,544.9309346556904
15222892,109.86984634911215
29435694,164.8412226506721
35795322,724.6368073953232
39026338,119.17158038206126
27051431,517.2741287958227
91107111,106.73074605466017
76674186,108.85333299354855
17932616,698.1587619713154
86326117,1896.8219794445513
64151997,849.7189850145187
