customer_id,monthly_spend
20451981,1919.8276534093093
23251656,1203.6201002156783
64082260,369.1296211363974
82505923,263.15044084278895
89981994,144.00986561796196
64973937,258.07298333209746
27610278,277.1905631332088
35883083,-9.262319962769084
20490020,545.249452833205
54517670,278.70436847177416
94359232,192.52513326504584
17326886,201.9791956716174
86594167,1926.6753304922913
94873255,158.08462771539632
62944765,1156.0315949084554
95482882,354.6167980541792
76963069,2016.8593169053484
25112257,2982.186952779363
69916855,808.5366194817464
71088357,251.04543884016903
50168897,42.970308345894466
67403679,46.381918733135535
55474643,1233.5482723894431
54852556,603.7893056294273
63667529,166.16993144410537
48025998,827.7460002086498
93351324,416.10330169029476
18887996,429.9628959492794
49568688,847.9638867803385
92911099,323.532246039028
11717924,195.43152783488085
62085471,259.5277468811157
78336143,208.09625493767157
13087851,516.4215637018875
33506258,604.9241501052271
61356554,97.9704758805646
11967368,168.63179135487155
98374877,220.74098388500568
76845536,584.0006616053421
59313599,90.6699333958124
41041059,820.0846379232842
22292838,286.44790798210533
99892065,78.53124050977732
78345355,1893.9521618350632
85986903,133.93625556162095
27715035,311.39416728791275
66099730,756.2521190570917
75346786,239.59182499333315
22860710,109.62875935479275
65958654,82.25976339133672
82607442,129.7209190776639
43471475,148.2209755383924
36465070,1566.0384136312027
21931749,86.23952526365787
66815930,-455.8322023066691
44485157,444.3494688117038
78728059,423.92407566940767
89264710,184.3668912754307
81874643,182.5792463730519
48603927,220.9588603960001
20257622,-347.7070650703599
88360790,101.57530298312167
79411556,469.4917189527231
24819092,240.38487364199534
74678656,160.6579017911049
22548045,125.14697676490579
95827783,474.5322450590984
60019526,201.37777087325412
82548254,1007.9200645279652
90453319,224.36041667261952
15312091,676.2847645416209
34786964,99.18829430780818
46684232,509.92267719816846
84597099,91.223088012721
98134524,1138.525098928599
18531043,435.0568798657059
14953383,1143.6126215524675
80944054,439.30293069664583
34873753,382.9026920442128
95577033,70.8948054138059
50215436,143.35871032385592
95347203,307.9358891225862
58614046,287.7748913418477
40368791,424.16904633625404
23316775,929.1051100549864
23331513,149.54503372434738
40038060,194.48687501633026
22096579,257.99468497127896
24978810,248.23994586907986
65890694,241.52517810807262
47906818,1327.6458189216596
38478694,218.36281739646654
54797755,301.52653339088
44533278,39.67522355945931
58182080,204.3166511725277
67491014,607.0592689895863
45798475,-81.29676602132264
41586132,676.5513070293457
22956540,685.5575557016152
25367334,1581.759481138374
70503250,87.00930399035968
58307796,-362.22563165641475
59859757,426.623617928532
47787665,43.32355599313837
69610612,122.62918011922369
66658967,920.1741744991778
37962749,671.2989665522864
87675902,151.53664627630872
61682179,363.6978603449702
78073125,288.0103208047708
73229345,140.8047119850943
43171437,1170.8834810782478
69766997,-41.44776543066661
14939250,2159.5692011334813
12328281,243.0661590518189
76560997,335.238915227392
57569914,272.0500897950303
20883894,544.1395650157654
22766188,415.6834473767078
62905121,122.91565084828864
36295477,619.7846455519091
55610529,93.36802359100284
40366302,217.23562120121971
18624954,133.9902339814164
72668820,1126.6265622422816
23817472,199.6511341458488
99830054,265.32006727058956
63410560,312.13386377677466
11811963,29.972740772507052
68778133,218.23118481078905
61211015,511.86922181833665
85223112,215.66844730845298
17785980,169.26387595164908
51523712,206.81051490711343
88242319,235.36503915411083
66674532,43.07329965028356
76442132,185.72759363025966
84193848,320.99810853083557
80878809,262.29323700394593
92088473,698.6693916264246
18574912,256.02717818459564
82956926,416.3153245176718
57265640,71.68288296881849
27961225,271.34601972011717
65404075,127.4945937613266
98698597,335.81918640213473
63221757,213.2374301862866
45396691,513.0676824766842
95724535,410.4407828103647
98157590,48.59014503609734
60909030,-109.02752622035422
20932142,35.14674433276912
85604729,-19.484419019620304
25410553,-200.3702981928553
76477501,402.89245348157897
29459273,113.27147393513997
71879657,-263.93234523328925
67115179,72.48368361040457
82348794,-4.600792177361541
32880748,259.5516985089125
36203607,229.28339542733988
20891850,682.0292540289281
94570583,904.4417624435478
47560755,55.3609979726869
39752876,450.79322566707094
68980243,104.22014288538435
71143374,436.57618530296986
89917748,276.6284499723014
30461949,918.9080119208538
67458886,284.67130229182624
44166816,321.8870439241457
48218923,337.5017591705439
83104523,130.3357563081097
23739634,359.91533782703186
45544123,475.15032168951507
72316980,287.4915897934628
24805396,395.2866207094754
85045576,381.56699203220194
21314164,987.7036153703882
52842656,157.43015965370455
12382139,281.9157478944203
88152347,245.04481559721592
49270171,207.5665715725827
20221404,842.9774684669251
25851974,-22.079685727571075
95701680,357.9691658759252
83739665,582.0661951723613
61996348,276.4243840137534
12797236,243.45363145770455
25554853,1063.6002395518474
72618187,-22.84618576915352
77583489,253.74112294853967
79450582,164.56401474125357
84595636,86.12445701921973
89981949,724.672827147662
69424476,308.5432670471282
55064308,123.96844044343521
82956266,381.2360423431262
60185159,352.60985850738587
80612747,175.21480864236912
41303090,249.24954161788412
13517787,152.1742473514181
34078093,222.1374953120993
69030112,231.57667928979652
61791328,663.6862887811592
51789245,317.7038376221377
88068699,-10.409657911384272
33399367,36.92041368977846
79597553,263.4585879885501
70695101,678.7350516928498
98169962,674.3220649984498
89251190,70.25916806500237
53044281,182.5782308758744
73528670,321.28799111686953
14751149,593.9257912038757
61490053,531.9256518449856
51385275,841.8433929515936
41764194,409.9866865277006
96598282,122.44991897041513
96823449,116.844125077748
30931247,219.0186205098879
60872668,791.9012229945213
97835669,1051.1175777532878
36785828,148.47282203924806
25812131,776.4230769016733
38410800,912.5827702626702
33023072,-136.63356017666143
48250594,-13.310170757005665
94891015,991.4180938768295
65307671,193.6974916477741
99621779,270.22531679168833
83959755,247.30667667701744
64535310,303.7336806059468
30594968,1524.0290402374255
10263960,601.1555554485735
60876075,38.553905865915624
12217583,483.0155074173846
29989580,639.5415990031274
31184452,638.6097042264406
16182148,1725.8652884940698
74700470,118.00079031431068
53084609,452.58878092079397
36052930,404.9981962562666
86583512,38.185189527909245
10930793,216.57775012273135
74179918,-34.72486253591285
89853445,490.5997450525166
75258370,73.79315376229692
93197004,572.9847829858326
16551408,158.84534999886716
36115326,262.10038285781195
47243451,1504.0068138586646
90773939,434.59699269784153
30735291,241.76877015935418
66891211,-56.6903491173847
77142249,178.56161315727002
24530798,366.4263483979212
78204046,-49.815094140345934
60230110,349.3545582671064
13017302,671.0894794486223
21044447,150.0011518642317
28976655,265.13157285712396
52214813,65.34635823023768
61575366,245.27927188694116
23125986,281.5794101404199
11614855,169.1456719036538
68090330,-74.46144630132119
31241329,433.5515712947566
21561157,167.14518154713755
61917300,68.37048570345524
82147824,41.26311494709074
91513421,28.51168412724968
30753790,574.0316453246651
33700064,10.25507205025707
86773406,2464.3501499408203
41719197,156.40153959894542
67399596,82.96582165847258
37696535,79.66750860104537
15791208,1178.7402926150387
24348676,194.6219787929757
24480974,436.8585174629135
49440078,312.5859992681899
48242779,1096.3274764095497
13405947,1434.9060663901323
34531671,72.82199645772982
63652222,287.14999011213456
97745210,139.13055008519552
48557187,688.2382976475672
79801016,262.2539572356652
93409518,296.9870940505459
48891463,-79.71742851847387
41134793,163.38163565293303
76776302,10.358571778126986
89505130,286.50145268651477
46129267,353.87652959638433
57862630,92.78258894753492
32227094,797.6169588442563
72887559,-133.38251273916558
97826236,414.3670597904993
40250768,355.0974068831181
56765848,156.52175322657945
11244823,690.765929700385
40189321,203.95234400891047
68120430,698.8424003217169
64917610,487.13317302580026
79290200,1176.2291346292286
13110537,473.24059571080943
56816135,575.007425739629
27525357,589.2982857996651
71914367,601.646512008563
23989491,507.9325632072531
86436168,530.8420855689105
63499286,400.7045780692006
18619374,-104.11699774110593
52222614,261.55462968197173
75467866,174.32013587675556
28926111,148.11763400923155
98661834,239.2932099815937
73087852,1468.2377074901779
48887326,758.7751131665091
87383314,-251.87369347959742
88682579,1243.175873948031
12617324,88.69160165383977
49224165,1136.4681884409642
69951588,134.57820568990263
11713703,187.57304621307935
59435002,1674.163752845548
61153563,707.8789383357293
57206499,2368.2054776651294
89140242,-56.53190760580151
95100771,-72.70113871238897
32638417,-461.2178456418169
61625712,89.55281158670408
61250133,119.35405932381906
17952873,-800.3440109758773
14513813,70.8677250207312
57500282,24.002770856530447
51340284,377.79599972989524
35897956,351.4513294518067
21856280,153.84579545060308
36786275,396.6243821154369
99178725,877.3723769547937
48955886,202.52538137858335
51811678,387.0827955607814
81930210,270.57339661836136
49161318,408.7878428618475
24723720,676.9190575578489
14950936,278.92498223186476
54638593,458.94223064958237
98115682,915.2036875578472
10533857,570.1833570169368
87478097,147.70206195356684
60429975,242.84936341820287
38969729,108.39260317932695
64656132,-9.729442027892048
86963086,226.52309688327625
17268859,449.1874804172535
72142121,907.7963770812114
91574809,557.8482776382957
54272037,4.280737022418691
16058661,1583.9169184788232
74133244,973.1549122626034
14281752,14.521183637447223
46666867,59.23878544342364
75686584,905.9787874645251
25546684,224.88567508913366
80619174,229.15523091222894
61749604,32.83934083178025
38248391,266.6226175457057
16877088,241.3997343089926
99140321,545.5986726720373
15975231,178.72607906111114
40531945,164.85655432815656
71708672,-63.646536598672185
85030779,513.1409480024702
61117487,133.11653683579783
42638536,341.1613562252337
82326061,44.0368157728887
17028661,1016.3315054208108
26048783,76.93993859857045
34262255,141.30735884980686
14326462,276.97444160350744
93816989,298.38124097705133
23690395,205.49219694345766
94999262,845.7968748187689
81971277,350.66086040403604
90562416,60.57004305868145
95799765,-129.14427558862266
89244724,73.83150600512573
83879641,473.8635055431341
96424387,556.5107236628437
51051501,204.87010183495647
29249441,1092.9924688998253
62893412,119.41481955856551
61417835,244.642840396447
62755928,112.93873862205032
66501572,727.4415125948606
76084740,219.76015564007582
27624326,196.3822875655386
86757966,714.428361261326
92455037,141.27622572583266
67852942,430.0591346620671
30696098,1170.5927779859367
44792329,151.65011866177053
10390388,428.28018326055576
17826936,609.0547578964155
71880941,503.06715661699934
98184673,224.62695048893147
60002125,3.0385113417367506
34664804,83.73871964109787
37594595,364.65808899590263
42980815,25.973418983193312
25819880,35.82263549932395
16484408,338.3790581401562
91766904,5.697690627250552
82866803,-188.46066308039053
82424284,1050.2839465050638
72903422,234.97070936949797
11480750,285.43928954269654
96983867,179.0811989636262
41426492,216.73731531897977
24002286,345.353896742508
18056145,-34.94613803604665
72362977,138.35092357103463
15977163,435.63708971528604
51036186,138.49315094169333
34918337,687.3854432234948
20599813,116.25760335716944
19900890,1232.8887025485838
27971378,145.2631682564877
50965403,245.73675291089182
49026734,1686.058895044986
14192253,464.12147999760714
76817070,310.0834616925823
41164681,232.261552773316
94312885,128.32280429064264
38527851,250.4037339638943
88279496,1313.802612539766
15498361,524.2423180777846
17691622,-47.879349975536854
43719564,1800.8370563048338
27861137,37.63727019872272
20308452,157.17084462444666
97996598,137.294486663979
93656677,425.2436658298311
20464937,375.2947823574666
25195757,354.5294587732816
95231592,-254.56636346339323
96604510,859.7084268436167
12888073,521.4753329070676
99408984,75.39126047213477
65238591,197.43830222432769
24114707,802.8329885970747
70796256,-9.18258246671536
64703869,345.5286081113085
35203752,164.47310262233498
47453323,34.124378905713456
12385313,193.23412954181606
54441418,455.5217741990431
83549825,1150.8833733067186
20370209,1256.672829071927
68357218,361.4724104368245
62743829,-52.564696735800794
20331898,389.1201728122477
43934228,352.8732247289321
47620709,208.4772988991988
75355275,56.794909597530875
63446649,176.70915823217967
89051919,2066.5304757236895
92954904,495.9164033796666
64731800,495.51482736141804
27945685,222.7025628244453
98412215,186.338960046049
19535502,876.3784572789784
66516822,116.50602738183443
45373292,123.67528679903285
34711249,308.96818609247373
48370651,1305.1337522149513
71354510,290.3855155946967
56728847,214.42976681131734
40004525,239.7267581023333
94648945,249.23636876332512
62756732,264.3416771360544
80428237,686.1980746915992
64878556,371.26554373574334
30597278,-0.08618518980750878
40357660,176.0344994995471
98010210,275.2486701607719
43275959,127.6310709746997
67938712,329.0292970488457
50506973,126.10289764800018
27421159,233.1405901782316
51123211,-140.85277992805067
51887530,-117.5455504565644
68372581,167.91009289820465
31184062,135.94460915380682
55543655,992.7522873626726
71805162,279.13772528421805
98612541,355.21081816767287
67235486,377.32030939823255
35490134,-64.31116098978754
74647441,1231.4828483664535
73962817,53.462112860373
95192638,955.2631099898708
96803902,1205.7790681923573
97635826,-2.011218447758381
34428942,1395.6605973158364
86699979,194.2812940740905
79766437,171.3510488568037
55732878,108.01854013812101
20035702,618.2146633177682
54997853,101.38387737846762
91776457,91.73411319680679
13967606,1125.7029673200955
88365927,0.6813682882125249
92907413,-96.64460201728747
89771364,682.1478408958544
75648081,1340.9798005048794
97365061,118.53802783285562
29587137,97.77608950426122
22019813,243.6265274138119
29469529,352.90960369146103
66670735,-7.560148027822322
84380411,607.870544942582
17040729,820.8914327904497
25307807,285.74713038578113
33962361,458.6481849860718
67969299,155.33208767843257
38562471,1466.9391761515828
33114742,595.0336317475543
54307298,730.0953582737654
20058700,276.5094262092483
33779532,149.70866580824884
88110162,76.45577733297807
36112292,1750.8389889231148
38475061,957.4154800634929
92644264,-208.6532664093961
92355731,1240.6199693177582
75478249,42.00220646105231
23875741,607.4260700207778
88793850,57.76680788392804
14142195,476.6285975210592
67422773,855.2884262942439
36705498,21.102528379913338
62072834,366.8080057289121
33337577,1098.1209505486993
14298054,405.7618039589456
96998725,46.51011834884565
70579244,201.880941493602
26844678,119.81992657825509
97441250,165.34451013167177
49239286,249.1639148575963
19469855,237.0787037640264
82552850,278.814515705503
60170958,280.980951497858
28237826,292.5586200704222
84208342,1188.7210225963793
28295140,190.4201832444635
38477827,296.3651557983743
54941872,506.6390893562299
15450767,326.16628397649606
93656934,434.74157021738233
54273142,-116.76663354060787
63648675,258.0290752914153
31875954,47.09763631464534
60881802,176.53083871257297
17233443,1171.0158093065047
28953932,395.350109800022
64958348,995.6138925482514
27038940,714.0824773709776
25667330,377.658471809685
89200812,45.817845617226
63109620,398.56179143948225
34692595,172.89339348621434
45554823,-89.47587617256448
50487516,431.9175226025212
37970303,826.1385262619228
20944145,390.9127835669144
54232510,93.4292893136207
58289637,633.9156825078385
70295882,1125.996731003894
11855847,237.4370837341237
26640485,213.33678247948637
92806514,530.9006792416469
43703605,545.0192269049028
75507937,746.3335446691663
21361381,99.31903780563033
73615273,210.79176418717714
92437179,80.56548360599265
57813173,296.5052562874499
99373127,298.3199559717109
95805212,1103.1334989716022
61946147,462.26752698822156
24903202,66.0650243877742
88268253,844.703992543223
45270713,518.0447759337545
67013519,448.2937660305481
64480094,166.66491591626936
18481385,960.3886099562269
69314375,318.79779227338145
58464172,202.42061301974456
57844179,445.47201039388426
65371057,224.99430577115118
22749627,110.7964231813578
64747851,858.8112312558555
35545690,935.746394277654
91575937,253.883664778323
11663787,-1054.636663473668
59570536,-13.535778221951716
53724418,1438.3888542392742
78572661,-203.70153501948812
38544041,134.66379547561473
27091356,1051.872357756765
20013110,306.3626809277164
11862841,91.73294666216373
54926458,448.1134082408946
72702715,944.9639207451248
65477001,567.4103266921921
99407693,314.4253554986392
15192014,490.55274290437876
87232785,346.8201328948984
76412402,-153.44263925624404
49393943,601.2381185519574
53853124,99.24133561101041
17486636,1797.9510169155628
64895733,985.5457088970008
64938150,319.1041621948991
62321885,-72.03104914480309
14616504,170.86202206839516
53996148,744.4854542922744
17209399,340.89886773457215
25102335,487.14399272975345
54515012,279.2938703794464
80596244,352.874811799314
54217244,556.4171553993967
29133774,197.18844609650876
60727794,87.7713340449256
55160698,171.77961827973263
18231141,319.12738711733755
91091163,2560.0200021542873
52747750,11.845481945847268
97932301,207.11233298239824
77391969,1765.9557667277336
64274314,213.68981231593773
82861922,531.8471842056479
95155142,217.0152348383756
57522876,259.53122323563923
46054634,128.54306241340566
32006732,49.80471684730759
62808198,291.36550299499925
60875435,286.9272343609331
15688688,134.58926001446542
13559129,323.502133266899
25489744,273.50127724081756
55669591,30.04807711001672
10763911,183.2576764694561
15579269,-210.43987260674004
18433265,168.71917615338054
72131946,536.3559450223896
50106249,316.99610494267665
21363716,220.03703729368203
80090384,272.62168815801954
37971475,367.82027852606564
31314120,199.57640739279543
73683678,-8.043699669709952
29703095,1370.5658944235756
87144591,96.12312485811145
44689207,868.1527726586637
42450190,59.193207648225325
92653218,474.2215273668695
67727493,-194.9956983973041
55742747,930.3802487927485
96941026,958.6520118625704
89824134,944.131037597534
19822449,1292.3946529633122
18676315,900.643940618608
17316044,170.04710896805705
81559769,866.6195243915338
98912158,363.70698980297686
67772871,55.63533700262826
65921862,531.9062025693555
12636566,-7.528681123250408
88608909,111.22847037067669
43902318,463.01064408407217
59512038,1401.5478328072236
77976362,678.3573427784115
57092914,290.39769637912104
47412567,84.09905046043218
17145991,493.1978290123518
56270450,1023.6238597747783
47467383,830.3868879732102
10449714,405.00277969750096
43156511,55.816412293929034
71377851,354.4748446765318
54093810,110.23029743046698
78096026,92.39495319917648
57320154,66.62612108023427
45383520,125.47961782374045
38351707,481.6618290579588
70796190,188.8082565199952
29977177,61.715064896685135
97584339,69.94065974621333
47886559,850.5569539811781
45622137,450.18745903367574
21500277,108.77566819018574
47647928,319.29105537133717
54496344,319.1430943423619
44268785,174.1464021121593
75946241,27.331490270134566
30459191,678.3591055174222
15840319,190.1782866820124
72588739,68.96084095862977
73017157,237.7558929329175
25420365,408.3555067397542
55377863,439.72334013592035
51370964,-53.55458774366281
48905468,208.527258176803
83191846,110.37052584370548
59334183,428.9081745655984
94009638,579.3633471445393
41721760,218.1158128309271
35401283,535.7994437088116
69685525,158.74023703441208
84271975,300.0156508393661
95753616,596.2534734035979
32526219,-71.30992854773297
64532934,799.3768154142501
76031822,327.0399056684729
52468855,-10.05826794694866
21028902,295.05085366874926
34108713,127.15352861977573
84943048,1153.7626679862178
84439701,-68.71019241704613
16539498,-19.28635225905043
24537949,273.44234819606027
19537971,352.18954952231763
72069403,1387.8162460272597
84333546,188.52937225364133
11868598,304.99102196344677
72165230,871.4942446273808
86606477,562.7041461237042
85432562,52.14962504014915
53853013,-62.53304364228819
87319378,67.69203178998453
32466967,1068.0182929219484
80519195,35.60340531890864
12289146,273.59948881772254
17893529,1047.425337815326
76217556,1281.4146180673868
27323024,405.3842823750798
86557861,930.0871053245285
37601873,327.24356668040264
43146250,1009.0649738502607
51498335,1209.177376106628
46939189,26.363391600193154
36620181,216.7813069302681
59890806,114.6993164137981
19160668,14.6177846019566
94555827,239.78330992881433
73451577,868.136526914197
83828090,-4.975495096559541
92021594,141.71142154932022
15822386,-39.960537374716125
57405310,268.8899464625407
22671359,1241.5038621791857
68101436,132.0144538293007
66910009,97.08985238871361
55778706,317.96538683278357
75120697,-68.28850851143432
12885545,125.80688745541505
28604372,134.02165202711757
97297156,2104.606856572083
18964928,1570.2839249264607
61244754,956.053249281498
45178470,433.60281219862713
65250669,227.24725499210092
75566313,392.5171251027755
25053248,157.60734767494716
71082761,210.12805709686404
25210276,346.1356993528101
39718089,1119.0978435991003
51364178,-119.3070294667487
31211994,-35.86074248090807
71509945,274.72893539182814
98330029,82.4037188860546
22456435,274.798922843367
56912862,315.1397278580015
41548833,576.3337284308315
34760776,-114.29732349343135
54015943,1771.0243887221213
75943554,677.6092572581024
61847706,408.2269994559209
79766441,181.10049295729698
29099073,-7.123198376936159
92971983,33.443765174259624
77042656,2268.3372076282567
41355522,78.00770772767754
37905258,110.2509046709402
62845536,150.71434911495044
70252689,123.38444543430529
69012389,0.5833293318608526
55230723,247.97254277762147
36148733,568.5775590984285
11166306,350.8158038184637
86661349,339.5689082189806
39933083,265.78822295543875
91301497,791.0952633837455
84697954,192.688336916455
16890490,152.90162573973612
46638869,70.67738385529987
44149767,189.05700819586195
18897403,834.6050244631563
77411533,66.80318778234277
62885631,101.80447206568607
34219564,610.7021108438796
69042251,293.00499182237195
24137005,338.26934344170627
66305720,147.69990227176402
17619455,143.17912036514008
63065642,109.43892714686143
43970026,371.5875489649079
78870428,314.65905297545726
72114631,81.8941927266722
84664219,358.48162928275076
25739422,338.65584902685896
54038039,62.43996742093765
55081531,515.3118861010696
45672847,292.5769176842042
29734641,243.27815791599335
63805244,361.6162127206575
82782411,108.58980600199811
64705797,534.6006183250743
59326862,178.16819544850966
48549098,2598.8739040909854
39570097,53.67695858948366
98000370,353.2499315856328
63674921,557.7324508050538
16674336,315.47346708289115
77063987,131.67871894132202
67143015,201.23306878715823
10570033,850.2802626698467
47185088,666.4506389062785
63757190,71.14677345987332
43453041,1765.6599344634692
17890447,329.84147469673076
34735493,151.97375608010282
40580820,390.2671949079556
84776860,1027.3016558822067
34883247,278.4730577045343
75437035,-41.17281020086125
63198281,456.7042917482788
33289878,993.1772613383355
42222441,87.3436776399688
53518898,80.21104146732489
77756377,157.4566198809806
66266331,1334.7941567642347
75207542,211.1702858487946
65741993,328.143239151026
30452290,88.45101860554655
30341625,222.5681227243806
10196118,881.7847874054482
39997400,369.1059999537298
42764498,40.354386886341786
93568775,267.2431903250066
60138513,405.8247630403083
95863174,422.32398143857813
92194956,177.41186619485825
34979379,527.0312109357292
71517927,-217.6773585567453
80092401,47.02862272184177
29853468,826.2905270027236
95595164,81.30513481933184
47277321,738.8823827575998
95111852,323.42825434102804
49309773,288.8074685068443
52060622,101.38867677703121
18920892,478.17959716360417
95549548,437.50411110530627
28343921,178.71236750393496
24575136,158.84297483180558
51405326,297.6633384235796
88024456,936.9802815820608
61475538,1118.198321017449
86032798,155.53261186928694
99829874,533.3296628349852
96251785,1209.4569932398076
11235918,243.62192904048186
41084979,-34.5293903686059
31949326,-17.67162162935972
88425482,38.97697871852506
41724063,1059.4235780074084
24244868,307.75192955773935
96443454,646.9542574654965
83159015,-238.63753887199252
24632345,397.3702535991879
44153806,282.0193405859484
93580629,629.6656836868423
53277959,301.2892611447162
99759183,944.0789608744367
55252816,44.72300913394105
41285175,137.2057209327644
73261084,603.1662954802024
99347555,732.9313513542959
70567494,36.56954162170132
76764787,1033.213979746793
14328685,147.05649927431818
66866287,287.1472983234663
49679159,312.42557974308636
58671247,36.648039505660165
20236719,1607.8655929638185
34585357,151.86244864309242
45051453,290.8278570059143
51786574,251.65078948981852
79731887,567.3546627825982
54354970,852.5651554123519
77833826,896.3087909884478
80242735,141.183215369992
79336488,259.2811361376931
51121070,377.34253540871373
15930057,154.2602446465504
84864986,38.7031167316988
97820091,1492.619146746634
76206876,118.78321679109132
34508398,977.3981488867423
15581330,907.6291968926319
24272114,741.6798771410247
45684128,580.7216126108963
53910689,246.4451430161795
89611963,274.47623879633454
19439294,264.9221039767426
44476677,1242.6991328354375
72816714,1194.4590968296802
74817899,136.35230452807252
24462605,156.87896829448027
62629343,503.72660304042313
60387272,160.52860175364663
60976677,264.65504127374845
25938630,192.07824435667908
89171283,298.23407247322234
23407854,794.8161303909626
84390020,145.6899078829174
10131944,479.6987762621568
61185673,936.2721081161426
76507951,938.2986797104056
92456997,243.86421298395396
27091498,151.5571075409373
22015405,126.34380728385389
64048811,450.506546169186
59963315,189.7476749767535
99392827,1044.1376804281342
52435285,589.4915028656969
68018936,122.36141887873282
92985874,-8.7234938481933
19827012,-378.65821876664376
32076309,21.88411983141208
74459345,140.11043159785288
59329650,270.6167387328304
70105673,198.8935366542097
47359337,1699.888607946541
27991858,279.01707166615165
36755663,614.5848089536116
94560591,603.5854436201221
47944050,134.6520324190484
49561372,647.885777980345
96160989,148.04716101557085
67474261,259.5239084260477
71965824,574.8508114283019
13777105,61.57579612828977
64739771,896.7148349484505
57691432,89.65860086971361
21801740,215.1154066831025
74352185,586.850408386063
91521650,578.9215388072226
64797772,514.617661269566
48820263,135.0054638942264
14791909,180.18751415135011
82868024,91.87858356774541
97971853,255.8987179964762
75654232,78.70548677500568
30725718,181.92041709624516
83442812,522.9087924940955
62376431,334.60952188745614
45295601,266.0583837758136
44038407,21.805638304331637
74138589,89.55414110699843
78812422,216.5152397614155
57253455,907.3023903767721
10109432,754.024370176146
70492234,385.62712795362415
16499768,893.368061429727
29721809,421.6446440331241
99970795,-64.42472632032803
38494075,430.0847147396338
13300921,95.83253758673101
18255583,400.23099584297586
76957329,393.5222781182471
83103502,488.49089420354414
24570014,501.45042059307525
19318542,307.4957376268959
70614169,428.80360299535744
68374888,661.700785515749
10546051,111.36234439606318
82817153,550.7790488374958
26190736,85.1075972192964
26227414,576.1131724866434
55825692,157.3260722523495
65550483,153.91304186747277
14872097,570.0666332487297
32405281,90.53191355064541
37055817,353.3188404862017
42617798,89.25726530288313
30684771,-90.72693038497147
21842298,227.06578384434476
44215525,554.9299819365132
54734331,417.4700830169354
77244965,55.523083058017505
31618537,143.52413513109968
10912371,156.8847248932192
25284273,238.53102470581587
63793006,724.6658492357938
40346903,336.4998889405348
14281423,825.0892437074476
10329833,478.91036167791617
58147868,722.3893032069857
62215262,428.0217531578303
11535494,222.91713093819953
55289261,270.01057493523285
93054393,220.5289264232
15613905,1018.479642042804
52346993,-250.73423905446572
31426410,85.65085837897908
11924915,-127.79475319011775
83461539,679.5423065013845
68351051,629.7945952918079
23144760,1090.3692778204218
97049626,971.1477516042844
94895031,-146.76979440233714
14702382,172.60202748506777
22232789,83.12037356701
14653500,451.9904856190386
45931554,142.5528084949657
39099976,13.705466051811811
65803003,272.5208595092762
56391701,1071.9356710487452
92222330,516.5484750301364
93455198,1458.920994192848
52410336,1422.3831733336215
82423675,639.0757911452051
25925356,284.22302276829976
88622240,245.64169909664463
37830382,114.98399552033953
97198420,212.03256783488519
21477504,187.02007967432212
84142976,1061.8778390360676
96401209,132.50723901635791
18047299,125.86132800788283
25908320,350.4384950963164
69709013,122.08782338101003
63707451,-158.29358134478085
68674616,278.04773120721813
41246291,92.2455862444217
93099265,132.54961380798846
44969882,114.0363186900571
94840571,-69.55754126952644
24428966,252.96871085907685
73406276,254.36517023600288
74093567,55.763689475010665
55445678,90.6709939484902
56770356,152.6331177576552
20116401,100.65189095793994
23989432,228.41300435446226
77573883,1571.773553053467
30955534,163.7811416352224
46007298,208.56774685013045
60038151,44.54082061310953
16169663,839.5535272379823
40454664,-149.8244599950078
62049127,385.1502454777367
19821119,179.75869968749737
56611586,114.78030617957756
55267084,148.09959910961493
55813034,1716.3682943388767
23867957,-9.380423416792269
90096160,152.48445178543113
32751852,1295.5219656624618
21394047,980.4093473621945
80032862,419.38388047387195
22418983,161.2096038944111
52802197,199.20678096557128
48673505,218.0394578693032
14195685,3.922663838559572
22205138,351.32980264527214
96628154,916.9551358331157
44734813,131.61210441074553
55802873,543.0380148780512
41368275,38.77098082614242
67686446,483.5432900473028
97989934,6.230003606936066
65686117,177.68413822779326
45591525,-184.03114905502127
14884094,863.2187529971256
60291749,503.56824304445695
46418453,111.82813852245317
30133967,596.5838412739053
30307611,-169.43582513595464
76539721,273.3878334044899
93325285,118.79697315374187
69825909,424.9746072866884
10220197,353.2578209725391
34178403,-679.2676709100508
67327944,1017.3407682191225
58361366,59.184961206200455
35080838,455.5002985496078
24415695,374.5788796216066
30354080,337.3026695131531
24117628,204.19244496663464
62628994,-1345.5100773506826
51012198,609.7688063486845
68125143,852.2245790282584
94485707,-23.071223569039546
40172711,169.39285813359118
17647583,119.47406046702343
94790367,-91.20058042037869
18254706,111.74252503878546
65733568,178.8176187557233
58357649,40.354251568254426
42289495,363.7057118834025
15020288,25.047283201757068
31419590,1023.4027064079635
37233713,550.5972478640844
26330225,432.83990819235567
73976501,528.7196455925728
90642644,618.9285297445124
63791881,94.6765710971103
40102213,1531.5397811263601
60203926,931.7756852729487
36257216,207.84644937809094
24119768,675.4737349072764
30403208,708.4732682864744
39737862,879.2191982842451
41150683,115.71163741248336
99351268,148.75070657831805
62692262,359.34924730970283
72711178,-25.275352902092493
10083097,201.3913861171941
65370298,529.9449853161665
84388395,198.78956114489336
52114454,71.38324597475128
74646950,474.48651134356464
72720701,272.18476545805083
45732529,242.601214515499
10509116,187.46821496797963
36154567,286.5805823768709
46124383,835.0405037618223
27866730,195.341051109913
62320931,206.9775248818487
78979954,267.3423371044943
52531638,417.00623073353995
70662494,101.38951523476038
88174413,99.61219957895077
21513664,414.73495112473995
26546743,618.0240741438503
89094189,67.86705573088136
34006202,350.54882694075275
44458405,40.24640635901471
46102741,567.4334730560524
80947937,481.55691242308376
73456376,457.25375780679053
27640503,432.33998243924646
66469621,555.876340471584
35504694,156.2890823049304
24815317,951.2369310611593
58171289,-162.51278364846837
18612790,180.70097994187836
63428669,624.5474764927287
57949817,1270.1547914253008
72876573,185.60242457496133
96193736,135.2281183896826
57932688,383.2263372819133
61617398,571.9923165261899
57513357,263.8817945207328
46336493,207.91959700210055
56173102,302.06580614156553
22210971,250.19665487440477
27397907,-27.842148107047592
94750459,534.3148381861461
23197778,212.17921635746586
62692781,103.36586327837068
94164438,118.37391574460929
19395402,1347.0827642290362
94219712,305.6932239633512
33491568,129.0251796283701
67632603,165.22913694080887
19852962,445.1007589197375
73405784,1122.6286969854862
88192699,338.47926430030884
29867417,188.92444463521986
84909546,855.1773482825215
52598919,1060.7176637433045
86077350,296.3945091498201
43929538,548.7332738703866
89992133,293.92690132720907
33643157,806.3719370994847
40190924,138.91650621105453
97098808,317.9690699898309
87635513,826.9253964602201
16478169,1949.7287272721633
79498204,322.3342739799866
62568791,1026.10213147872
36457296,-76.97392264342852
29599077,333.15502868044086
22644116,411.24924034570824
69419691,649.921534341561
21970018,143.10996868644543
31666748,432.8101811643761
84691804,611.8781430830298
19277545,446.41609736053147
78443496,218.33961655499832
92759112,142.31569469419298
49629913,1151.2930442638453
14874574,220.80092464297798
61108399,-93.28952348136505
53618559,928.5392170251228
46977752,80.61068246107192
87695599,466.934266737201
68430793,116.25986599584678
11606038,93.87160156183336
52469720,455.2953639793385
91726930,176.4061865028907
14558288,27.443053160031184
98640275,65.12533149495732
82918511,184.6311521904421
32992592,141.59943144863917
36930879,144.75468460876436
73360172,195.9416877903385
22281491,192.2634272195255
33813436,72.67390134388762
49300946,372.6972658009255
56371129,425.96100066819963
83899433,-24.097159675191108
25827679,1241.8905976353637
16631062,153.57263614807403
86793673,340.15570614596595
99689707,97.56520961127154
69776211,145.4462379189756
55892015,232.99598403113566
19716865,463.35438000209456
46860460,173.53987779521822
66143638,1431.924523649962
46241046,319.06358884391113
47497471,194.1671159952807
38256243,368.2863728761175
90078699,120.0513298840441
66607961,28.560410187243235
15632043,220.320543585809
81498334,1002.8876036786999
82443801,254.45895172748112
88411591,189.14093551912242
18221799,351.5055557867979
30242976,257.04654386816287
66494245,161.19583947954186
49287510,-3.1091722861021935
83370642,176.2233999335889
92348451,-198.39829411842533
55790147,-29.272461254929283
49423398,249.1776961476712
39715763,150.48980740929937
46440335,176.3954619929832
78128236,414.3761034771039
63409672,1199.8608222235111
98873842,279.07736260678746
34782044,127.74069235800454
70391546,223.55135122934155
76956234,379.6631398387484
41544516,262.2081729140109
42550648,368.2446362666806
98465226,110.40397568857423
30886863,833.5114170659906
84535276,82.23144130891558
54301788,468.1448641466369
78637034,408.74348770898644
61387156,-53.66109269820379
71715096,305.67408980278003
47859897,149.6317734793821
59800013,467.0736533440347
95293248,841.9788024943796
11553772,229.2264975373531
91107127,821.6335432764417
66825939,378.66320005610817
33598864,170.59924307052177
18818037,738.7384556551854
86800656,368.60120039695266
45209421,219.0978971102378
99712718,-15.45132897983359
80320840,374.6583386080998
24591401,274.4360961321306
90294177,308.266620760611
14404076,281.92998879163395
60829113,110.10940614762268
22529505,-2.60481593476527
59566170,599.9087734388918
40149323,1121.0521631834986
40382936,367.3373838086537
99300537,178.11988576055398
44631793,1.4668133288040508
49450050,-71.70460322515044
62395628,148.90526527053783
30879014,321.872261368099
85524688,-101.98354028097691
87381496,907.9774623256935
66258576,326.37080869553415
71415255,487.9977360628502
45179604,445.1121196400469
82676573,205.79682164720134
14654038,-113.43435736426721
57261303,389.57732006598974
69037727,389.8361979378851
78583522,346.54208470908054
49703078,967.7006491218995
78525136,78.79482725577583
86407509,294.8630439798176
33024193,869.9404791912796
38535158,613.118371926607
84179400,75.67493053295959
24680896,680.4834790211587
42024082,192.91991511586627
31137878,1058.0626128018591
92689780,258.81635568483966
93487228,596.2408686645233
27421195,150.48816473151373
27611928,224.46063923016152
25261420,1102.6477855179828
46864780,140.93529020175697
51909487,485.9268912301643
37913958,292.6069365732012
74334619,593.5993063883714
24422548,189.74976828296235
58508595,565.4111598431117
25087154,-4.014897522478066
76806766,479.47709649508784
27262464,80.83066832679174
73422693,360.45924020267955
58175270,148.90446640574373
76648743,377.26812017566635
36026120,503.3076414309586
87485989,303.1146980155743
88798255,539.2216907049456
85293030,1432.4267940184932
87029422,125.06277434863404
72679949,302.77433233037664
25871017,235.1798413456197
61396744,106.49045314046197
63197784,1239.6099737838672
49632353,252.62149547133447
65625596,354.1469808185551
86795596,415.3632918106248
81433856,90.1124299234499
87476873,1007.932450661893
98147948,487.6506908248533
99212421,261.88660018950907
78236394,735.8246101252373
60511137,80.12389836353282
37030090,1828.8581241935713
47227545,359.44729630835445
38980163,253.61500897856968
33290320,242.2382279618522
57735630,427.9186450053843
37888473,631.4818795802504
54251453,466.45392550092606
85556127,132.13100767776984
26903779,233.8047074800794
91692809,307.6792697008599
32446203,531.0286239205159
34350235,152.06390009493134
28532174,1510.5293357189628
59869496,110.60485548918513
37887202,24.704466959711795
54799254,177.41154905423718
44298051,886.8121078480481
89901990,143.97750424584603
73292166,393.4796310228123
21775362,123.44592782436325
36884233,215.920737965606
66353025,33.978321800519325
19481125,58.78933277872767
95336492,799.7638392807185
32400462,1101.0618573429838
28975228,155.2750993321324
11320585,699.5869378447856
32162156,135.02424154234666
88724326,569.6511181927517
67650053,302.15167921405043
21038175,140.680242871401
64836379,212.3259412813361
60827779,237.512156160196
88997264,751.351195730794
44622902,472.3447953235608
85670106,261.9422840516695
38945693,-179.17380695919462
69337730,302.3177436968904
22890345,310.2448690255676
93106331,148.86313774920495
56257607,116.49147609466957
42845025,388.43098166519906
10678470,522.5969583525018
35975743,5303.230776035352
44298756,588.7510913569538
66670226,105.46824669971005
37883517,894.4628304363644
62831558,184.9396103810874
25294874,-158.2768631035882
34601413,2493.39067623397
61300626,458.03852367716263
63694211,256.98747621557493
70308634,374.0669729643914
92846964,119.25638490057429
32093061,614.8641171530841
68496425,352.8174527158492
36724576,323.4271878077209
18988842,233.946464291398
44304522,59.18107146570935
91192236,186.17618096352237
27105876,111.82071835515137
89869414,-150.97932860953145
45877010,70.67910066892688
24146001,285.58185449065195
23395701,407.2703546704439
38974456,392.51990801891986
57842607,304.86119677308716
51687346,375.0694588990767
99288080,541.9070373203075
58963406,497.27370123456035
29443260,882.8352491153287
62626422,1052.55055759555
57515098,18.33043223363046
61739694,1209.1863259961526
27459512,-1.6386002775429915
84889146,136.84458170494054
58681841,55.89711269754167
63593417,2190.729826181439
33073018,346.15969962647137
18775917,22.955638502835598
38962045,345.59772974441194
67933426,1149.5440226055289
54603681,559.1028224209892
83399485,183.27070179435123
64199110,-231.8528123199492
82415208,281.28017086152363
87961803,184.7051204555596
44853010,167.35149465391146
59952980,161.25497015826636
88562279,357.8336277467862
55858413,686.2602409708902
61198975,158.9703956351649
37448315,1089.5444102053527
19525923,236.52822993323377
35026025,214.39083171296136
37029910,99.19926945002055
65651564,337.18740658905335
76546746,-133.60612121767238
78805012,417.25414088798345
73332787,520.6570320849238
45937289,435.1974729958562
99048249,676.6777116841754
29475704,283.85413673460107
93694996,447.4185660118278
18159173,160.64703627686288
50435273,-49.3735360406821
56812269,417.34669334911723
10385151,453.6185911184714
74541267,943.7353769585166
16719195,18.462928954590154
48754743,457.3848499844652
18188655,82.25880304452346
32063627,504.35321393311733
95749552,131.29708648869286
95191424,171.54191735763607
79363744,427.67003249869913
47169927,486.3334999874646
77108983,111.91285740088955
44823862,147.98912482139463
81122519,347.65082722829277
18168723,210.50263141804874
59737458,321.7038549722881
12477444,37.30559989397881
89609832,1620.6783988883908
50913652,45.57728706924166
42856249,46.58578257487676
62711409,279.24477172861896
67374114,286.6497217314436
26708384,149.28824966500872
57463109,413.76770933887644
64273952,-101.60822217612485
56304545,-35.93363750762143
82795140,271.3390236311593
14007213,156.92348596840202
54415843,28.405354373203807
54590957,263.09881744337065
67350145,263.84984744794076
74993313,92.72120905007694
62432527,286.83455473512095
33713363,163.3632450549286
80390114,46.85691197353162
12723951,101.39164303957892
71416124,431.29322467400834
72440899,390.89997482076797
60115717,431.56843287547986
26317947,185.68800163466517
35504199,334.5863860996292
30187539,408.61977226217846
55346293,290.52824472083364
90516502,672.634883922582
72045347,73.34799957204245
79850408,98.39803820784556
20443404,1620.274831171518
84501791,195.96211491847816
73999320,54.9172217184028
98913461,-234.1867153242885
37225199,55.81615514987135
16193655,336.3030673579972
72620298,1363.7545947733147
64188152,202.05650131767595
67784083,338.0509499277182
90552658,1147.3727067060822
80748000,1283.1896483255625
38083778,867.4115459725472
65525497,299.01879233975035
19381953,216.1933221872133
65723090,782.5720253129873
76151738,584.2938140397162
48225827,442.7833003755304
27357384,239.4916750158618
72090603,483.25803506401553
13739096,220.95483813374153
42442381,274.07151676763283
57561155,878.9449293337243
35942827,232.43780379234545
89196128,513.9836173789413
90585757,-14.232802638971236
28123361,-36.872529360739634
54892166,295.77602568565305
34399967,96.48173661348153
36429013,229.28311123603498
87308981,532.8402901167111
99529719,291.6166976843723
22093311,430.91910528972255
81263538,79.10915635266582
71338939,348.0823646874535
26758105,710.3574023430408
97028969,1589.8120884085442
64463656,179.21060876449565
56099433,99.22719319620859
85325718,45.612820801832584
44166454,118.2332497771842
36489810,188.81422472682448
33207901,243.01881174051698
27978007,61.21601638293674
81479630,256.2810658046086
51537650,503.2592956998534
45619520,175.00016107296767
38111175,288.4847535728177
52128949,890.5920771762444
25404819,92.27251521188475
76230938,203.5825101965453
35633669,264.77195283884816
17486296,425.57151612333735
26823352,537.4989877314689
24234066,-39.39082981687568
69609466,417.3590003744207
44500625,495.0201190953684
25810885,925.6994606155508
47095933,353.9534278652392
29996746,322.59613144592265
26824387,789.7075424771056
22560248,-150.9398900050812
67043419,239.86152694160126
56128877,848.9891138328744
78532613,-325.8848198492938
63334626,325.83049783316653
41942475,977.0697791869779
71572581,1155.8747223100631
31224917,426.8901666698945
52061385,1162.719031074443
85648776,501.7235325011728
89601046,339.3612221789149
16315474,535.429035758886
90885644,507.74585993624737
69988016,512.0189906681444
55363982,200.9181263682966
15084841,894.6628568868709
85269120,229.75033399548522
31531393,-261.68270861259526
65511292,157.48619239943014
76207920,1441.8338192438882
25765261,989.7379421164471
99628783,114.36220839999413
29123949,983.1716485956811
84071477,598.8502772272757
55408575,18.798048577454608
18563235,1416.7316383209613
32862824,2014.481117451296
87247913,284.0681864125387
70811397,532.9252981958639
79135010,351.24041504826937
95532555,92.4888704743376
91619153,234.17354921068943
85185899,274.84300360008115
45503458,361.3139092631209
40572975,435.6816781558671
89004010,105.38609772952623
34562042,477.83467066187245
63463440,488.0580692462048
64460362,-86.2714546956476
67250925,164.83498186506927
14939721,166.2954942825994
35310686,580.8048645171319
71187848,131.7297213394645
61524357,2761.3736968627086
36782194,475.5820278756787
89842273,740.9120775245153
20614858,524.4893083992431
68048266,38.10085085027691
62462117,492.4956974351545
72115510,415.2428502024825
14057421,150.18881861379623
99878320,252.6728066058812
68934495,235.67702575626606
63897425,495.06014225848037
30823846,-104.53017826738841
45856506,173.67316179726845
36318458,508.6475021766605
54709816,73.12258687253956
58956301,360.3009057737564
61193977,368.05752337815875
94916864,884.1822446221881
95563649,1027.6677524162828
11808364,352.0855503415023
53108582,154.559190461227
37502181,1210.7948999517378
37996385,427.8578504702342
53563779,204.16385620601898
62612706,406.5865082061446
33233317,68.3839025670922
39285196,47.39280210972811
12469660,981.7236345988892
10086272,227.83906595654366
61556619,309.9932901081662
44239580,1449.0415554039012
37303458,267.02992842094466
69742763,573.5128389011923
79252407,1338.1506588404159
55035288,92.84959407757151
22573833,375.1019961401581
73616028,34.553580402782586
72379751,95.00366461092057
63515051,85.65339134462471
43605274,242.84565317555928
94526159,8.732590173561903
87017405,1093.0831169725623
27785122,367.32499136560386
88986010,39.24681739118165
83705830,9.952467553627514
19294754,497.4663311767757
10016581,627.4467525112115
98337631,115.90293296561845
96284977,1450.4715444191231
85120493,2599.3103140710364
76912038,135.96001062117875
38273802,1945.2358776084398
31373003,1206.8375816689825
16311364,724.6925572062121
81773825,38.56384841935261
85451822,44.045367603741795
83837897,288.19773447201896
79840167,415.52227286070274
10053165,161.2957269616894
66085962,190.68625378075137
74446354,1952.8702831110322
71248291,339.22624298376934
13527988,1643.6049693213938
59655162,883.4191620751419
81270080,346.39758099907976
25459024,-42.19122736283964
57124820,147.75203382702477
38744724,260.4680795740039
14672828,270.25789303946135
86208199,357.83558357127345
60804234,148.65238409996846
26637959,328.66086847372003
84505191,337.19879499150204
34949195,287.72767214427074
18236230,541.6079557096846
83633670,801.3657914433838
38795738,-43.14621132266683
57060441,890.611782462842
63193750,290.3472065748525
16584196,-11.549247940256976
97470867,15.637532996426899
57117308,166.9900397177912
28539736,44.70537454155357
42854708,76.96757219730932
74612987,634.6427926731708
18574187,69.43784050839469
82554201,368.3057683946719
63502035,547.2447992800363
91862663,1212.7414629625462
92211122,2013.4743216487964
31056808,486.27074743554874
16943964,680.4836628446219
32863651,808.7088844398538
68176876,311.02155106052976
49131404,341.71807321567826
70277995,49.757503141789186
35494136,221.44775565868633
81234980,457.7976685273171
38613978,4.991463855561221
58078556,611.4764886453025
44540392,307.09215723966656
54581831,238.31892847401878
27711464,-39.0324191716835
34639609,379.8598888955639
61465981,764.3903587142586
97434739,896.1065655422863
11115465,88.76038818324048
73204702,270.62043727887055
43122014,266.4148871041874
82465915,150.18251346913667
70336402,-10.320319281577895
66860305,1646.7099488265692
41500458,133.19876766440274
92919391,407.64238271757165
99618084,572.7635610144248
86909460,137.55603699631752
17337355,27.629421855180738
42353664,79.81846383890382
21765685,291.34681546949264
89088918,-66.8221491046695
35899962,230.89313900992465
68684318,570.0682291086579
18484780,47.44233331594637
87388388,343.8619972519683
90094211,395.45055095426414
16804039,247.8105506456468
91010086,91.91207714412911
99469868,30.97533492600735
37545302,202.52231221073805
71878464,90.34393740672334
21183040,417.4420680872598
35304073,426.3375391293441
50348670,492.8996928888298
34230931,131.64581039966419
48867425,581.6329314645393
35018884,162.11784386454906
82792644,180.84330290210892
55638604,277.732924954317
45618589,-12.12589833338285
94996859,517.8915833505497
59711138,436.4073212190814
20008628,101.72212474296947
74210201,713.0883941374004
71592370,973.8224538929833
91112168,564.1568002984134
86979588,258.3577207539464
77491019,111.7692037110105
82906889,111.67329305474067
47215201,598.144196381812
74482354,230.3576666850563
85248466,91.681932160347
48081067,353.7973100742986
15387364,630.4949400674644
49479914,559.7150073045742
67144063,2408.3742733998934
21546784,155.74220794685232
33690767,497.379858004713
33115846,271.20889095141297
61562965,236.5826184487196
39809818,-112.67581941397822
68123009,398.0954214476485
51851996,1831.7595268392033
14592737,100.56401280567428
53703850,1268.0640796660202
32305458,6.9371075557325526
15802272,553.0591012302301
36113397,184.36505145732542
10490484,535.209243626433
60733954,262.66463655805285
99162691,457.4797361938897
93098807,227.70131843531408
40838545,234.07589025401455
11051825,286.9157093705022
82908690,1033.555959174512
71787511,695.7414072188192
72823966,926.5201519088034
12980060,333.2470481350705
96086415,174.89630077517063
23697274,564.7462155258371
51614059,2218.562252740722
78779574,577.8270095210778
95241308,243.16306163376782
17643222,435.4918059033911
93263316,249.85657694143868
37302631,1.6566693231320073
87271886,131.4517428993762
55736876,865.9463981712629
51594702,553.5167222275257
83945766,95.93530548534812
79078313,15.932451924460338
31277810,217.9702261063636
74965419,166.50385811683293
12557472,-16.773703616483033
61610958,177.43470890021388
87565891,239.93836833805972
69835471,188.85983200262945
50409416,705.2601107777023
77449547,425.11403898477965
97554546,362.33566519764634
15981479,345.616551813893
19522006,1134.315048202095
27996044,71.50338400483298
41161764,528.1725578477785
20740770,487.60283342761375
70042803,152.08794509122993
52210690,235.6881013574606
81657059,128.11885939900793
67733763,246.03095629436166
19453777,779.7168321157374
76648543,76.78339494229868
38569009,460.31177834464086
24713941,133.79119418954718
89660454,16.40478455994389
85740410,458.2533579896061
86257801,626.3699082370827
86873805,262.4366519491264
33399735,662.3554145949142
37535534,590.3373940842968
27667456,3079.5666430443666
61581329,140.5878856537605
51263630,464.370589372386
52033053,71.23306854045006
90888218,256.5258014596443
12546179,183.2594606609406
83093814,156.58069879308596
46297699,181.74335439299944
97044400,424.45906681321446
31763919,146.04942977242263
16008849,233.88777913036006
51084945,184.97355138135526
59957604,563.5371149415045
18780994,136.86216210275165
87997537,272.9810275272765
45685391,60.21592512918056
44441149,655.8262214785136
14178311,342.06515270905015
43522500,58.933511329844976
91025767,234.13543753305225
92328854,37.620888162157144
53582398,204.05563097037464
79088536,853.5664166981783
46193764,137.57577191616167
84800487,29.8790311841733
58906346,181.26533500220194
16384425,-4.832857250294865
31314423,160.604067791602
78713693,534.1532204868399
59579059,-3.9401119737917156
51309878,300.7341603631701
18367921,461.28319258312683
17963218,1866.7164791563205
63773516,1730.2474592938688
43820904,112.49262422074958
61844633,444.5859360381734
97433520,349.5590914871656
67890378,494.2492799466147
84770654,141.5840192980071
56388014,306.61069484872144
48498606,310.83603882411126
96139568,164.13644182585062
23184000,310.06380463216647
82435682,994.1596482040345
84725417,231.53932870907875
80398008,-34.83274241137684
21408816,371.69226912524664
40561414,328.3372212706538
47526789,953.0465973996568
34202671,87.85136191026459
47410501,36.64638794366135
18437030,-33.053795786978924
89947527,871.1371656862759
48179652,2164.1067295842436
43574355,691.2508523736205
93441626,65.51583365108041
49833156,471.2163901703234
27436801,339.3042417119501
43212239,213.31479254056103
57781002,201.8778816826764
80452756,174.73645277727212
69547198,221.81204424668465
92282402,-126.5148094074394
60080700,512.1501241459456
77220496,479.3806989223825
54095090,-47.81624013070842
28159066,48.872860897321175
76298460,384.63314668951716
57334293,1438.4715517125856
51349452,376.73019627336066
57825954,63.32886768087752
75566691,203.88631163652303
21994482,225.3367882084857
15472109,95.4353708378556
74524636,1465.1518821460875
50954892,748.5908980095787
72834699,202.26242000431319
62999750,150.909321567946
33123268,818.5433619640899
66540114,65.25608823335875
54002928,187.76869521628805
55085304,-43.35561933678491
22151066,167.21742405532734
65334729,544.1284326070188
30865724,81.48982642782386
90388666,281.00725044555463
55605064,586.4228485058491
69408128,403.6447943749881
99473168,2250.614154589424
75818797,82.7375800110454
62565025,1623.396682489863
75143116,95.75516438369141
47696923,82.81827580652225
19416750,828.2058369848564
22855194,505.6255236004404
67192782,420.2210846720825
87517475,146.16756437996162
56350089,514.3174905255484
34134972,-68.24576846140502
60576347,157.31930905533898
26319072,3.4949180872832812
88893111,276.9494854570585
68033382,298.48763907017553
94035885,402.4065739068301
81187160,845.0777630510647
28315736,346.3149449149322
22692256,318.9170297947272
37267592,120.83073177648953
91150814,-138.5283870345482
26431305,188.42848670344426
87910232,82.57961027334164
41955248,528.0395839760625
69743430,29.63724839570716
46703259,221.93548818635702
31441294,189.1658564000594
52540774,465.19990952832575
86506186,219.55325962159736
59584539,668.9844288516258
97314977,257.72585000677225
96666615,284.5631939727076
79683457,124.29564835072256
82209443,375.81578625489396
28258830,418.7322133578167
42067661,269.8094292004952
66297804,140.2737864792524
16941404,86.71003103099241
75005309,122.91082074709061
24570745,188.14486582296888
86113362,-109.02214474056166
17047985,348.3366304365569
65773050,177.96049163109456
58445540,726.3937279067611
48523637,583.5960232964126
95993557,166.68299794079746
88761628,36.801993777348116
35281082,-33.81000877098302
63427827,986.9538581582804
38736916,152.96945037999285
86580197,266.85976286578045
23112535,238.38149604119474
70370352,-363.6019167135858
27855625,66.40320853853643
60833031,77.03219411446202
23047956,1259.778412875487
87351286,154.05732294934523
75886001,-122.67070664236033
66301086,372.5557669930215
60935733,232.42435759200725
98414359,460.85286875945803
93169508,1179.2420935866437
77985316,384.64491598448456
22647726,123.86445321491414
39865459,177.1250051370805
81994206,645.9982059438904
62822262,106.75990962312602
85331429,147.5399479650663
75110630,-41.43575763544726
51138756,-22.901812812915352
83491442,200.44061225586972
67891583,592.3590736203167
65475315,272.3399656436002
37180335,1221.076706453667
53617145,-89.28278445597027
66644091,90.54914501268178
85685863,475.8496904255385
67756317,169.3687636622118
47286828,534.050575785611
30798257,142.90444196590204
55429056,1379.862541600715
48423935,207.67796749396666
70215654,2003.0421118814984
84995114,245.00558719101923
34191374,181.90559486915095
94424055,329.336985475583
35266032,254.13082412211315
10282778,155.49839595528897
74509894,-63.2610410329454
62379565,106.0921375537082
69295266,438.87463520618337
19487319,214.91064291194027
80523155,1220.3820265901816
76258438,929.6884609237461
15381648,1083.8595011418865
76313330,117.91292025635471
67909709,409.4671325384329
94172578,195.71680979183577
73730320,400.69273483874406
93164433,362.1427701255542
47160388,12.164772253478816
39990609,41.319874845276104
64566990,790.8757896913617
91126842,364.69087243448723
52824809,184.67448586783814
57254599,260.0199487775027
38718331,195.78136155957532
86095545,367.61356034122196
47117496,-52.8374627375635
38398092,13.86070539101081
35904079,316.9114187871604
90919237,258.824999543382
56102015,1799.6261643267885
71540566,669.4829516157818
10011577,623.527707773844
84723499,743.7198416627905
12437858,255.21201763603779
55600884,127.6128555979576
14903844,47.691272282044
79656066,272.86431856509626
22833793,988.7183689776243
52725368,134.17267349540947
69338616,57.601843268908226
69512258,635.937251912829
96249786,232.96314145922645
93289839,377.8867537142298
89525161,676.705124674455
25602400,106.44267220759338
82687645,159.2462008884953
86466057,372.14007034586314
31039064,0.20359285043508635
38126410,420.2115723600158
98941268,143.76309008684132
98887377,818.5195600957973
19069593,239.59784454051692
48991500,1136.9987868085448
81340729,175.04815924472302
17755803,153.49620014562674
28332754,-421.62484045685756
48710415,166.70715936955787
13552122,150.13217198397638
67175252,176.90767549785244
81401006,1914.4162928822166
87569420,498.4865235803653
68775804,87.14812982875804
51303767,276.04299240239914
36907350,173.16419665428566
11852044,205.7871592537001
57122012,665.7978671375417
42764646,350.6042662421647
23299341,-16.071696321170066
99527596,187.95545843487957
97393585,96.90063191896274
43578412,-40.75095874162082
98294611,636.1362282922139
30924809,43.473886602698485
88121507,590.4870130437278
81094653,96.49224427938424
83948197,-64.70570787043874
53707208,113.58765438243421
72598207,-198.671511256518
96325015,-109.12326460652622
32527392,142.50782180346698
13367283,-113.89613698963467
70926441,947.3145009639313
14507496,155.4529145089857
84516945,316.6355883850074
17478153,200.1287382213511
83347951,192.94228322577135
42507501,544.3465492206395
54322410,74.12442255704747
51129418,187.00828728348984
92284337,1467.7533616269973
56191305,189.87349204577788
69717201,197.81206313194457
77803958,918.1451603353223
30868541,188.59422092521197
21948362,73.6736265956144
64597726,169.1821363585875
24753315,290.02140954912375
83137150,374.91956382436217
87115344,133.87090374430073
99984175,497.5898604883773
78503238,926.7940980383748
56241324,685.5970223550382
44979606,55.35034061749883
73782771,-28.383048993669945
83259646,77.08940212693574
83615385,515.0894634124855
84238097,445.2889046325979
90104229,359.37951914730036
47165230,137.27006569102775
90052115,47.18679045511129
29318397,1761.732753763476
66821977,319.92028491921917
74914365,28.687573501245083
21821045,-21.989824366027847
78077361,86.10955232207567
11290483,201.70887665729185
18150280,-121.12619885821246
97190006,501.8154478838318
23716973,9.275487497546862
22402268,120.19033459005374
22495547,200.05971066147072
62732805,249.1981980636101
35149813,679.4434502426031
45074208,136.05343269876812
16930048,114.41587644145022
37034316,294.26353734833015
41257506,857.4938547249828
37119194,-91.9737680976067
67834562,235.12852952369258
34524417,142.92833299734673
65917034,1627.939116066084
89187031,979.548287043719
38918236,418.9030747704446
15343670,1269.8026476094371
14075655,174.4102287480506
38174910,1137.2776682189974
58723158,100.19225348705652
60249533,407.13331217492305
97281245,916.6364555202201
72949298,417.69793330601226
15101045,-44.81494012945484
28123842,179.61906472236433
79777819,245.11680054207204
49207880,275.63808164166267
80546483,643.9025245910535
64032695,291.462563449747
13192282,466.5555106652715
77309020,55.29753231991543
61977302,-70.69413135931649
97344057,38.492975600807995
30586194,971.8090097512941
56677229,686.2462467899754
22130117,1037.3897291687722
40261245,139.8371325911951
30166032,187.28579200141883
77089984,177.36826332421822
26878900,665.3998880518996
61371436,223.79062202887962
42742062,159.13947350792807
95339974,292.6785474122893
56107946,301.92354718150295
75011328,860.8416689496294
72662754,1090.0875846836798
72203106,-39.869491446597976
70496852,466.3304897699152
13201993,-39.513383070569716
78164844,-1144.05528574528
59342403,320.341322706897
94540895,1186.7448224857897
46539631,778.168824952608
72239923,21.487585019258063
87927143,41.60321531418663
58112642,318.9192288810161
46348606,117.51897216644346
41028863,422.6109702928708
24368370,199.9789353959385
29933781,831.7134624934843
82791847,257.6093766917377
96015529,235.1977810359923
54561874,-88.26847996162013
53184693,71.75765588850169
76671373,926.6693921568904
63611357,467.91167640881883
80706420,337.96800643421284
55017743,-20.478236242736443
80689892,0.21302790650980796
84469446,338.48574418068563
23226721,300.75246134948986
85084580,-31.65554431598514
80669002,369.5125963873312
65745002,410.49680525423787
89007400,452.36210703987183
29824422,525.2448003944822
35775431,748.1273343357764
14074630,726.6983460084482
72325201,945.4535700613271
23874500,699.7540957445399
37300173,220.68419377839848
33493494,588.1085369685326
30229764,537.1785827046318
43966954,546.2815327790013
27845488,392.0632082057898
37461765,897.2763279825988
54994083,465.74226266666994
73747516,-559.599570426886
41276058,388.21953056921666
55912598,0.7897598849694987
60686267,170.10001546650653
32726148,-56.02596568504242
99279088,517.859272305532
28728541,688.4504464521804
13858737,2118.201847446556
21895570,942.9059051256866
76323759,251.96454848647488
79038940,236.76519969472588
29272847,237.61528256841916
98713132,124.49503393797954
92394953,925.1106784597457
96580365,304.2152735347137
44481344,382.4400507115598
16420037,170.80896725971922
93921984,335.9087915572786
26481610,120.62271281016012
36292815,1903.3797073651717
77806189,979.8798155994407
75958945,-14.233754397008283
65456150,539.6350590193938
80743824,223.0874740693979
49966934,405.6152372775498
86026791,790.3568745938262
85816309,285.0751853141703
15568874,694.3924161112961
99556884,657.692140508921
27514144,398.1902037739021
33950340,359.03303373169604
90674412,139.149627714389
31688776,164.12487044946647
58380703,435.60165927170203
59666638,-78.23191524772227
28858647,301.70757711337455
96281488,2001.1668499800626
81757957,94.03406107581992
15387606,95.36385319591676
95978588,173.85943488439182
38876766,174.2938129252218
97177476,172.4670067977121
56304916,594.0636014224897
94447504,3.457789138738974
12858830,-16.17713734344727
29325031,103.8542321700171
45137864,225.97694259344394
40574206,767.7572382733367
14671172,534.3936927503858
79393183,245.11133471620394
73490914,803.0824956407139
74160460,493.8523938071087
44164617,-111.32704788154086
82646950,220.1876447216697
13359174,-24.539865398403037
75134927,346.94013278397483
36042465,235.4882911619594
83839627,150.84278079022397
23668396,348.55884094943974
75299261,357.0413572425806
41480775,8.008401131715289
33690039,106.82000175155144
22503085,971.259905855248
37466667,420.8058231969982
14321282,231.6803033785194
71351933,591.0682823534177
87081502,114.42580840079916
65472553,2382.1931112291404
99213360,60.97669492411734
10832464,221.40796052006021
51819797,756.063734323018
75955259,132.22942069063646
88647663,434.10259577841714
48629803,547.4592158335489
83286245,164.73580546150367
88766577,932.7763957896725
92941012,395.3986780450141
77129657,-168.33024876409468
98212477,52.00750508743181
47578988,225.06069769438102
50209960,65.35838776886453
34219777,437.5795373668244
79439231,-63.291894959745605
73635146,221.45564782966176
64910994,180.02914335703758
53834693,837.4571505698927
11363592,257.0788834700277
10873772,375.07467843289965
87767702,628.2365782010623
23454749,764.6623140505512
58196808,427.9672959947417
68491285,79.27240099601312
92242279,60.16834246208185
33507598,599.000993642032
31155680,145.00698093659764
69782815,690.5350905055832
99510246,74.04415722711423
76945883,329.3720305412444
17094345,-66.98692968222662
46337525,342.60047106177353
28488983,920.8559788865218
16761031,245.6550453042952
79032271,-48.27612437447391
62295468,119.14101255801228
34239247,113.08620721610754
13382072,665.2411736624067
22594211,290.168545214342
57247913,538.6703228534508
91685716,287.0003943583408
17466502,865.4250212575066
33964749,600.8778269948161
51427608,360.8598309837554
24310192,200.62559576944386
31116680,339.38598067798705
11417356,99.17390875819802
62762079,214.76099027195664
42671255,1606.0968519447347
96926020,119.63705126945183
50275050,664.2610831710292
39760605,168.3317856758698
74898826,312.78031709235677
72916922,129.2458511430592
15943032,273.0424209952191
74582816,294.48822486088864
59875250,230.6558470733089
80790659,569.9835653742825
19888418,307.93407921961057
31588130,665.7290616345426
66158465,110.23726134175024
18800645,88.01068451432855
64505218,37.26403830727986
56056799,304.8674915517536
10374837,417.95061585371946
41300143,64.76090518888293
78621253,166.58996162179392
11141195,364.53540647708235
33865847,616.4278487350515
90610974,476.60196759419364
98930552,1067.6527002091893
12727530,294.68508554225275
52930535,410.035211557141
93753865,418.4770973586204
70595210,554.7681759006786
86025280,139.79424478518058
78663509,13.037823817668993
21322626,459.4099231783754
38172344,302.56347813747004
12467923,1265.4978650095813
59832255,755.2132352603817
60019461,585.5488092706753
36274445,441.9155367988243
35417851,956.212306563039
24997453,667.1346946250169
83094532,277.8083947382962
90174488,1707.6559477138385
71319002,378.6705691649116
29621396,427.8443935951068
10011880,784.0167410037534
17190126,1255.481782572548
70424510,477.45727430232205
11417531,332.5235447960124
27554957,290.7283576700072
13689480,871.7798940942998
69613512,350.09656801994777
74318773,419.0806178278443
45221034,789.9994664082028
12200305,142.59855893901272
29052499,167.43753219283667
91168920,-292.28272712662186
99587330,405.2760172289246
85493546,528.914580908145
36510260,227.0598372162848
40370308,1164.8073870717838
89123563,631.5294869368294
68894033,340.00727823445595
73938236,761.9888010208169
25242707,218.54028090996724
87339346,1139.9873417918136
34182148,968.0090676707518
55488547,187.57133718110617
58799207,252.8651608625396
99415472,656.1485594429607
50374353,429.6546190086134
44632960,376.5421190432186
46918499,715.7252305196507
61219752,97.27646995836699
57928854,110.60535161872576
22536598,1095.8207089945956
69936903,215.65853108892964
69696012,-156.7860629357034
75807455,774.9392008010004
31557332,844.9178063392603
98503124,335.648069330913
45347570,235.5427266983752
91321804,691.5034164900076
56392111,576.7358042811401
86308272,495.63967561071195
64596791,746.9522394133649
80652734,572.0569749219425
15067372,14.06381246862992
19485124,68.32493110708748
14453004,269.0196592056067
26285533,96.03435865687214
92838656,54.84733700483059
37408293,168.85381883833315
44619550,500.40632226524303
12229798,-63.87667176142196
19471907,663.7585196320495
79387412,2189.372022638681
62896852,115.15333128350477
45934349,357.717699510623
16860511,94.17004678001086
43506983,269.5548622234427
70740306,220.22842352751525
92814410,997.0771486600181
42104710,209.97106371255404
23656647,1979.723088677279
16622582,763.8186483350023
91730318,86.26446227264256
71502047,365.8955771525942
62198081,236.57929189095069
35586426,-24.689627704788734
73159054,253.78897867768387
72932579,156.20850476242708
15860553,754.6916194513899
76499202,1981.2431618048477
49147306,986.2063025748357
66173222,947.8365826232466
36048465,-25.77249263075771
58226162,396.4785891991828
75348253,359.99666204774303
29406516,164.02107543277293
30120831,303.819034038615
88886135,173.94063207678983
90716300,262.44009508771376
12118186,137.03848888900166
39388114,203.5064628034579
43348151,300.5153901156798
70648988,617.8079237498932
89828759,1561.735132796138
25774436,274.6322038129546
56166234,204.46211928824096
46207048,404.39709515636605
24260337,1814.8795652888953
43372122,225.8288556919657
99211792,347.8553579324007
72425048,456.31753497385284
58848576,701.3607526379631
69451066,47.93645362134424
46571746,735.935642166183
35037281,124.84575472208593
85573733,582.8293064944298
85004009,213.54932260178884
98713147,163.56643629766404
99574842,488.1273893244505
56403873,236.6507222764942
79242881,277.18966484493114
58458582,73.4585735658784
68482067,344.8328708819396
16690135,65.83846736454706
15173091,1759.9923981353072
61448444,691.5918143627482
69237042,201.9193910487037
85145895,351.356855570618
22701271,85.28265687010452
39148372,-92.60397199108007
94500108,622.7752901681328
68415143,876.9883343420036
40595467,245.67407546471247
53076141,98.62136020021069
73641861,638.6687038926583
48605668,42.04379541885072
69923530,196.16434146032407
49319680,340.07355404620796
45928049,78.59228652605651
73814109,268.380045419565
61386764,1481.9272069792078
67209776,855.6188746321811
10596331,212.94324039055255
14387887,454.29496489004873
66568548,66.1233267576988
59240082,276.04860422475804
35040177,263.42020382777446
99480365,437.9499513198872
68333386,687.193086681257
95572882,175.9701445499494
38132096,942.7740271814957
76955826,248.79123823856355
17729676,326.5903765047417
42211142,1286.1897159553089
20158681,231.5595733248457
79393152,609.6862926877612
39911125,197.6191734559078
88836366,1379.036059733642
20409154,350.15628895227667
15026679,182.6431140450493
42131515,659.3086870749748
54650905,143.41494867773872
26838390,106.23938030811019
65068346,577.6165424919615
92979933,-35.34331089389087
95452518,252.43763888753006
38822689,-290.5393890096001
46355252,449.90930595889984
12444224,-188.00911048613764
42979270,383.42713043320043
77573762,183.68740132215157
14826829,160.44908264416677
28709839,556.5004486049039
18829646,199.64360826984114
96568537,200.95897622078166
56829547,133.75665978684918
93979772,236.3934010393931
17626588,785.6753105465557
34011504,564.9759060518447
52636134,324.9643612525232
91687348,441.6671590474351
36508418,230.38795682427997
82621948,94.76308242062282
89318730,53.47422796769837
98717167,17.32319433043557
26278873,127.69240761305929
56823412,1301.2647793231015
75609163,790.3560355192319
90104725,327.961771089193
75874553,332.0820371491725
48469293,197.6500450580129
70313722,2273.940312356467
48269879,771.9723366808873
30338233,-9.097889350749256
32779513,-87.25855269021042
75548478,31.8323968883102
38561257,91.97694161186456
10945373,1141.6474379009198
15756944,949.5964853519674
46940446,275.3308874852545
24659465,140.72854760522466
88948806,942.1926138221258
34164402,235.80233915782446
79477391,302.00977877041066
15537006,209.69873631695577
88911942,275.796648581805
96378293,176.07289160177743
76422231,10.89531227117186
12309843,321.873587619085
96239148,-181.60697813489915
86466781,185.33811069897388
49050128,34.557828280739216
14724818,978.42181806702
56683970,831.1373500368777
98393974,115.51889447801216
84824034,1831.855433281376
92573067,-17.973970279809635
73226546,140.09399176446232
61358064,312.86201267030367
59398688,1722.0555807895198
14969480,354.1266917761361
80588045,242.74748011876716
95597071,221.1245086108081
54836005,485.77458412491535
23220441,513.5937798273525
59018993,444.88567163303514
68425900,182.25103966072118
96400633,133.9665328260901
32664783,516.6236874101845
37951383,313.92852909629335
42701020,145.84774498516902
23132709,582.1582583730863
36039638,1008.842428938488
14728562,331.6845478408645
62765095,253.60428710079384
90518206,243.83339948182015
99330676,855.7205648014078
54002963,536.8638676573048
80024301,203.15114471270067
83450392,129.24198296822573
80827964,220.17062462408376
22623823,581.8109701891399
85154401,620.5952768763266
92409200,510.2984614965417
37461274,606.3624801150179
39412052,167.33670639844786
99188219,181.86221845736497
10533163,257.38307142915994
16576946,489.01080007641485
10571061,1114.0445474729624
11502784,92.64867406950862
10627022,988.3046841764058
66112731,151.43185296138734
12271580,1767.3663316058123
19300863,132.2078245332185
42301466,484.5723128252879
93227392,451.6218715397565
13989390,550.0977319970415
83189444,-216.95611490553517
88982820,1097.7372505467877
86309809,1139.7603612843025
93812427,478.93846533194824
79351177,540.683970226622
73882065,372.86865645831597
85331771,-33.226339415850646
33746879,495.5917547402129
90357052,247.0894239012531
42998447,287.98939762960777
42297649,50.07078767305114
74232297,-56.04417194622232
68234963,262.0015571411303
79955240,78.66589867787138
33685499,-461.040083552365
74031111,92.03859243884199
81527691,614.3811594038624
25578339,504.8603836905713
36826714,251.32460442174045
66720469,94.82102643317774
58271754,863.6757363939003
79175453,153.39344661134328
91006186,430.88595694052606
75399510,182.3273377473788
65438642,147.66768506363155
72193555,498.12611267970635
52661224,501.6198869968247
40274658,168.58422948013333
63582038,128.88659621396647
95316180,157.10223967558807
31722576,-13.340222743026004
51439680,198.64996560949692
92864642,754.6745924735694
24588628,262.52742378885443
62383426,117.72777496290979
91245064,383.29415072659765
61715372,266.33190531211096
65148106,367.13691646807774
91441992,281.5314102809723
49274969,223.97005240301667
33917232,376.3017897761715
83235081,126.59006607932366
40753215,110.55786111622484
70796627,309.36949161543293
73931614,312.6154825495596
56857736,1862.003233763322
54064504,275.68771347904726
20389019,769.3646290004165
57574601,304.3365473535496
16478279,252.29290129604703
68356151,221.691062884855
99711808,-4.02551678531097
98284968,143.2464636895811
30598390,40.43659352573013
55132880,880.2135737210024
34163532,780.9684131484323
40857770,238.3602235505606
79839486,546.2626284070357
78134573,471.2102693019814
96251286,1003.6602867056652
46606815,246.9224486181729
53204628,152.3789382984345
39264189,1389.325063065526
66917873,376.60574797907464
75228206,-83.03168961363707
57466748,-37.5542626384414
75500440,302.8952728512394
88152254,1338.8146708954416
88711927,90.00041706472723
71935730,466.98376044879683
11714210,663.2593313849954
99304127,363.5903256935361
79629484,199.55780012475884
64599027,759.8635751984027
71633685,686.6501679360124
14342958,410.2308838421917
27958253,34.298805242405365
61174518,-44.49620414929905
74916891,188.40246528573243
72753968,413.44589146288445
36262662,18.357134283892947
60917615,-12.01759235096739
99306721,416.706156033758
53075886,329.32180467974376
73928511,159.59799378080868
19965325,225.81466598175052
54826574,1131.1352470651143
64209168,391.2382556585229
34147586,272.6455363521569
98269123,409.9184982419056
97467622,513.7751624880473
85814087,197.47593372655
72333580,798.0174160780273
30873738,458.6053819399069
10331403,145.52055141075869
35344119,-94.47289651736338
35769080,178.31889411608154
21575135,29.566481408899392
75304823,843.6148839484592
23401574,131.31772121919232
83090193,221.79639698683832
86996430,371.1094934055176
99751646,711.1947635492943
23591049,-0.03532475338403174
81709576,430.7190671118575
82444468,407.1496742438685
38288153,3315.8605635321674
87446209,225.73621354409192
12079734,297.5386588341952
25058080,225.61865328375154
89691662,407.01883007257175
13150938,153.07355101072199
36020495,112.1325221671575
54923182,353.60956572199484
28841079,-178.51150290547008
41392965,709.2410769156638
17119564,200.70367589929162
57430704,755.1569895773748
36272284,1105.834113934933
91925114,165.6572566280032
74412922,1190.0360347927422
65743046,654.7139140713637
48653211,596.4347142293415
36332370,481.56481612881976
85424579,30.95420886430901
95090269,144.31273669682378
95971802,193.6802285838387
86256336,657.8412817296673
31156844,821.8802652343995
37688219,377.9610692385294
82437324,-5.410288158127173
21950676,292.3331686692293
54094553,-71.97364665740588
74374536,679.1672340110379
61738687,263.0313763908864
19277250,114.1130427830148
84311990,164.62007261802978
94274494,130.0625388983977
89122239,1947.1775762666625
97119289,696.9924463681482
29959537,-97.07373439682613
22777840,1259.6580308737618
39391011,75.09646473697717
15127918,355.4571092103623
47251761,1345.297125205076
20023773,23.226157687773764
96682736,-19.98828135071909
12309412,116.49287377995142
11517944,268.68985519701175
59425514,1093.7084762565287
28854961,595.7360164381778
63750719,1910.7031006949228
69531684,699.5784710509658
73516640,158.090135464171
92500346,822.6792924941517
66124065,-90.20826830999687
28886163,695.59992934754
19680706,109.18096151233698
83673598,833.9605043986903
85519237,207.4986272918627
37110854,688.5409582799343
96010780,1141.245314084287
51391268,674.5400406458812
17655078,484.15410895998036
26863121,295.69552169746237
30839269,-96.7324999309962
22418770,579.3389581576223
88029081,535.1286494676756
27689636,60.153303045022824
58431423,835.0534146305674
43802347,457.18618681522184
83961382,343.6105871288846
27938336,86.18369025836199
35978100,125.63656689931133
89319775,2116.5861789482306
30362974,110.30805405786509
93105032,1399.7244613670875
20314268,21.06045288362202
34550012,227.89250009006537
28077484,357.26964401701173
64656384,201.18965678263316
48022436,21.022509969515568
40507726,957.3518256257721
10314144,647.1671203083043
81012787,170.04826744549268
45672873,327.9225311300337
25759428,289.92353512783177
13512722,202.83433758291892
96070498,130.76827079456376
21352279,506.3324901207268
54205490,601.2774253631263
44645119,159.95386607915339
37332321,236.92870019242173
54601842,916.5794812228228
60801709,225.04172727585478
28903523,127.37828342238782
79159760,148.00641317541977
20416757,157.91812315782636
38432201,63.60434611012522
60739859,-92.55691507653808
89931987,239.4365768735886
60999736,185.33976910351566
43182602,-127.31586729296498
89739478,188.0308736620227
50450523,169.97293654649343
73950928,315.4319098435709
12330781,121.61070087954187
50236542,194.56038943116107
34912503,231.29435021227857
25536468,301.0813661269992
63776599,-147.22997762607284
56389530,645.6479695040127
60881312,447.86987979318997
94656046,483.83592285654026
84143693,318.22216054218336
60768240,968.6931575815411
60458308,209.67811241373454
53948557,561.7690529203395
11612817,122.40359918059869
71889062,100.47977102058258
77172079,959.4402674370913
34222625,1869.1424124504565
69965828,152.58047244859267
94714430,17.286976591031134
71961534,163.79500775900294
32936108,250.0575207128253
18431618,117.72936655337298
13548537,730.4308455373491
86674079,1864.8055497932228
21748194,325.18200576895674
40124541,593.0198535751505
33347811,252.00661142688477
92929218,-11.574713805144881
72190892,171.3348808755826
66963455,1105.2662772763094
96157867,196.29331529803846
15254705,1180.4846599511382
89064766,143.59777532806254
85305349,515.1506666544868
58781934,181.2406238020866
42553797,663.3147496271524
18721533,904.7909480445865
58244383,706.5739116670654
13696896,433.70572296235196
65894339,163.99633761647192
61098619,375.80207537104275
26018756,287.6003360000889
59479424,225.68737818656234
81738781,21.786892855995404
91106215,589.7453481636246
71223563,243.8165510130492
95945745,288.5486722852198
91424061,106.95557272550712
67135880,299.3509241473388
15528553,872.3598361011941
33657705,165.3585759964709
62553289,209.30776332297478
60993054,103.73700985029996
42800613,726.295147113806
17769800,407.9033350676806
21401202,346.7822138547723
52155473,305.91330314607376
93304650,523.6327924955416
51407728,441.64669773473895
89543732,429.0453131147174
43419947,-533.6983978654908
41488699,28.266565956931515
60974422,173.04299340187606
65352047,378.8367038301644
37012905,300.7727276521068
14787203,258.7171183335395
29417973,138.1961942362609
19835446,786.5316476084581
43255500,982.820183544146
28812691,128.68938241944545
18722953,123.69807470068588
93227004,406.9658229345155
35371569,1159.120277259149
12076594,51.76392149695147
17330331,65.80468511984111
70946197,28.672974782496965
44132847,-50.77865430312772
77445263,93.97166983668427
56880921,1983.930981025545
11480304,388.0731442747916
44407005,1029.8472688209156
57603851,193.5299222031449
36951093,34.65606820291924
18651476,609.9442863591801
28758403,1124.1832312217648
29842235,8.78990030385171
80915194,133.48599394242217
87361082,189.09715444973892
67711479,608.6106016030707
96493355,-82.70371627873362
60783295,1072.1031496855917
56178874,112.74378294892193
36921713,782.7016307024473
48581624,305.69970181783276
75576141,348.98645381287383
20755403,282.3981545501782
52097748,123.29884376079076
30927924,168.56834496029342
52924618,422.9801210324963
23083091,-34.64544210559069
10593933,616.9104604448413
14984647,30.45381034710863
50764768,1230.5045373681792
42909851,113.06681682255021
47962891,-18.603691587928893
24155862,296.75694041751785
96222874,800.4872047227245
76243625,166.42157133464207
83785580,354.95609834496247
68046684,563.5259478742825
35026518,520.2178283341904
21144795,315.9688053539029
42304823,296.99378923289896
32449171,0.017078056244656636
67804951,470.0600141007525
80988109,399.2865150639269
31562948,744.780622733394
80571715,340.91034080334987
91879270,233.8179488522236
80331872,79.8978197927105
39788137,612.2106594731086
78186126,270.7124433926143
34300076,-115.5360607195729
70710711,-21.251313828294258
19520201,10.198368948473842
75968232,292.31850554558764
62441830,569.7437516465579
87704160,206.79496785646938
38039509,371.46005234493043
87299257,205.5920392941399
34604480,338.3656271771197
93559487,539.4177662250042
35225951,206.3682579926068
80500038,152.48719812315142
88587318,797.4352118474576
72460444,144.83086723378722
28502361,248.25984975497204
91781888,425.043748837317
83528344,1762.656109270711
15266445,210.27467366927795
83532377,425.981619437056
74780110,277.1893554902466
88664511,-84.47764106253442
81767501,258.83494572954396
41015579,147.9883140350786
19338404,289.7781063102698
14667759,543.8428917400189
66260119,1335.580151471822
20542479,1154.9351569867783
54097170,-116.26262638190235
35669653,238.24342895969733
94127563,-80.05375813338128
81488029,134.6336710335744
93329952,580.9977147836059
57217043,224.2558886192113
65522547,375.408732376698
73695068,12.176035407076256
13539769,379.49681443236614
44056017,658.7457140702272
46617581,-65.88144198244026
68464888,80.13421673977336
45303083,468.0054367381724
86984156,71.33588501962453
56630529,293.07911803372906
78254395,6.7294618727081
30913049,387.5443982997035
82688614,283.21153108543683
88893045,73.06940562431305
94639808,454.45978736436746
52742143,728.3864143428698
64260968,1040.5624203530583
76546956,51.675001182177425
83523035,821.0116364365233
11013053,1326.524618849969
44130994,196.21381796690355
53796074,647.1189070100844
35498168,651.1421543136705
63562445,100.34124432001846
42365113,201.80642654723545
54613679,268.67283734969897
69835682,-399.9024515358642
40747675,59.93061639220815
37071709,732.2982015940568
11644754,1541.8969638237172
29456046,156.23274844820662
63575365,273.72762889691626
62030210,219.81516641808878
84640048,54.44241358111117
61377846,356.99681832481554
72441550,1441.7286222956882
11270022,597.2161587671125
70261792,-470.9603040270258
52404988,740.4567612321061
84003906,770.745233264166
31204633,469.4980144558366
75242666,464.0360598216081
49434528,136.2650806041829
42863318,231.4757916743123
47571305,610.4455751624605
66490879,183.71888431615503
82396141,157.84275612161628
96803616,370.351508802102
10584088,666.1667187108139
41994657,168.08366615000602
87186973,1.9876912888694847
71213873,16.196136346283026
49764305,-39.85587947022799
43725149,461.3423483085812
83812129,448.94020308634015
63290164,145.21832133267606
79318573,423.58081257187223
10844028,-117.61102546323247
19798231,1198.1272131800129
97056407,-97.0164477131845
32215003,454.03732729260287
94765090,239.38349459205142
47235057,350.9059485541319
94429036,309.72840533201224
19267342,195.87712799158646
79884507,2292.124008596101
68548734,136.5632807053522
64679483,-133.16826955918467
99761027,359.10251737134206
77538039,784.7785479164102
28035639,54.43097198466569
66579510,154.73768944572316
50333547,137.92322713230124
30957545,58.242871094125746
87343589,645.4417402485121
45470859,59.9583955275848
57383256,482.37069897308936
62753404,-36.54698978941116
65906932,1675.529805634898
54060112,1867.920583921638
88317327,288.4773611501116
46875481,1028.1059914590596
86614127,646.7361958271817
91675434,494.44466192811524
83895227,860.7941369252112
86365373,148.54791975481146
19948626,66.89086415503743
79630167,-12.940300156271803
89106944,4.255332383614757
46083057,149.7087938624178
96150610,146.69980731551846
35015883,42.773032008116786
69747407,25.525136856821746
55538576,1276.2047253598853
97411049,16.379222658835886
11519556,265.3995601895433
81677533,68.54695316114277
60065328,293.04846311271353
91824420,543.2641806943757
72549395,82.53561617507341
75208950,337.78620877381775
54258616,238.62677691720467
28371507,249.66386488863998
33800661,747.1405303679969
94718676,548.618441652553
98426094,121.98832715647256
41019343,316.4934916021424
55953203,323.29290010633713
97258831,234.82893428769557
12406914,20.655200073714582
54260975,14.57822844094028
17839314,316.95848113236775
59228162,29.88708332988847
53104947,631.178323737536
13405871,1054.6336123400317
30540873,290.87834999209167
10681459,417.2746207275371
88488173,13.968429937616065
11138134,739.0135800060937
55965946,372.76733680888935
21024415,342.28626680189996
98633407,631.2564549486752
17665044,164.3443199929236
52365929,-22.504019588646088
45919010,165.46854400627115
29159751,301.8274320711878
25938815,-131.44604024361325
31864619,146.42727663530343
84907440,1260.0653199489825
55408023,129.8535732627587
97513676,540.5377036580104
71808636,299.2421953848574
37329985,1171.0403800026638
66719590,977.7346768261177
19832352,886.3306315105635
63673893,830.9510364026094
54185196,228.69506033926461
66171184,462.1872940650113
15702584,303.0921576550144
26362681,1561.531014260998
15300602,217.06616578954083
54091216,422.4632916625567
41649165,218.69222679786617
17221791,150.16599990246493
60925601,118.05568882864458
98579259,145.52910723202842
84327985,548.6649764789757
42373455,206.48486090594042
51759034,540.7287664433601
57369993,575.6849742850219
86174456,192.28472590915555
40095064,151.0768387954489
36904267,574.2523075679973
95653857,-85.24877280804793
91047161,119.9202759274134
24858933,141.917223066853
43668504,81.48336982299014
64688863,369.4365189052104
19394328,957.0955570506178
90928544,47.38085327589056
54501975,81.59297518341106
55816692,122.49245478741278
54235055,154.3418334199639
54802075,407.8325700276065
44582261,-39.094830041679415
30580440,286.26003097760304
53586985,-344.6356951592505
45293131,242.51283556145881
61623792,-29.174751968417354
12664255,403.24287409931435
99282552,-41.28209684437098
57422029,151.8305033733343
95049365,-37.352940361837
44630924,293.4530890566805
59932513,205.67387443246992
79864196,400.41602629452495
38025450,384.84687224636957
43187524,42.45987868958201
85710350,215.05911862660219
39439329,339.5872740692672
11767243,599.1485612663065
40729807,335.4717025124771
95837440,65.10984999566006
62785546,47.49633715946254
18032525,1187.0855467896888
78515248,735.3801093906654
64000264,346.17589085671943
70932637,1145.3053200306717
56631286,1937.0727688316988
82611641,685.5551088054128
14610215,92.22706440743542
65282606,167.6520688873087
31080502,290.8254164145725
66137109,546.6844558018513
55286917,340.43847930589766
19462876,430.320630215631
37235871,789.5028830105994
53584009,-157.93421738110925
99377565,502.9437282556205
82994298,312.19020836761933
64250472,-51.41017169589105
61269314,533.7177851203946
26299312,360.2244295711663
97300018,728.2956845662598
74523665,306.0831634489979
19970243,1062.1833185058763
14406104,254.0925489041939
87865772,485.3867578470182
12224440,180.04507420504865
62628011,113.7993485228393
30735313,352.0730529672592
12214322,189.15579264459154
80943078,326.701239240939
89421265,1075.5347840623597
72762674,30.854225460303837
55920835,351.39627612846687
95456446,782.4636405841954
96630600,236.30546875273694
20077759,372.4917862075872
77066065,136.18113777312863
47856776,603.1705063226213
31685937,426.07276684778776
41522098,839.9478933092992
30032101,148.33209910454275
91606427,270.3711808645113
22900349,157.84828940905163
43552678,471.8486162584136
38881909,408.8535203213213
77508029,900.6423599733116
95128506,159.51309995101042
64627729,163.90319894081983
56744301,191.11986700284967
59338251,492.2726268415
19662574,242.3765009898882
92971829,185.74850878246184
18409584,824.6532355158431
71760159,-1108.3632362594813
43660858,512.283330374324
77997629,92.58838897529535
33928732,319.3486297148428
68629875,808.2304624004544
48480450,284.0980104432225
54283664,292.398709274427
65942293,342.3040887659537
95573502,962.556147228508
45086632,125.04816198973896
23012000,237.43129007745506
45395839,512.8500683009746
15432712,517.0524743354113
72298046,358.9950953771214
84408769,105.5147304720245
25246226,269.6165245203631
20056705,-81.12217854044042
67856036,381.7554461128358
56138985,121.31774227704665
89984541,125.70050605046077
34860961,752.8345666830232
55067089,359.30079725935786
63717753,486.6930394223199
89165138,242.6003921572932
22336894,107.11351736233348
23089519,214.4861173398067
74572156,383.3697971895824
96120368,1248.673913281643
70734227,1385.7366269709719
43842124,226.60398962285535
98567604,623.0414674255384
54538757,88.96135316624623
40105171,518.5019972606786
12135438,383.89530396255316
73738446,66.3058729761147
62385208,265.1377958048938
56062641,220.3903590586467
60234485,185.80223286699288
37490148,554.9876131239312
73644773,163.3934853370871
25147876,273.2860745901305
98738159,58.87501457317916
36202424,270.50925963235306
90053455,907.8848308271981
34861961,38.237959703816614
40235987,-46.08176052500488
25289802,228.75581762650052
72831408,1114.7425298818341
62725172,393.42538693680433
20547868,539.361948278355
43821417,412.69761060886754
39911650,432.56151898482403
76282034,-8.349399642199842
93532589,256.61303173759586
71389546,648.440115211429
26491098,41.92754761177298
63364173,818.1486381699174
74256814,537.5424530753255
35509595,-83.8459553543118
18139863,361.7860229105545
68577776,1357.5359413009958
29522715,280.67299223936107
77706518,153.5910374410638
14006179,482.7916628269338
92579248,173.3326582506079
59229974,124.51946829886566
62295609,801.403954451361
84259414,390.89659291265025
47815936,332.0716040223383
81563963,2074.288798181844
13005852,226.85765143089998
62738558,77.58496108556682
57070759,199.53866694750513
99600292,158.24656499855234
94306787,345.85157392615406
95225104,117.91751907291399
55330216,-284.88766592349845
36532262,131.5816034197888
46565446,746.7351951825412
49087723,187.18704819826485
59534453,289.2753841068387
48055811,220.99624965911062
88400730,325.75665965375174
99040799,1159.897241201898
54783545,-5.138298257235419
51521420,203.85857587986368
62125112,573.8627685967624
41533842,99.83259596969117
37548888,58.14500304897609
15800993,818.395610642264
72777210,1119.4307451875843
27213732,997.6436792640986
86541928,165.5434108580946
24899277,215.62614383046844
87153365,408.07601960507384
29377093,-27.94345499306513
17126249,927.1870958358352
83735200,103.59605496723071
75294081,1630.407402139611
50305812,19.486812246854186
80598326,-216.61558656138052
73085224,382.67842154315406
36011967,254.28448987385536
27344122,491.65973025903315
65167661,1780.3593884988304
22697886,774.1115165286772
79772982,211.07572876332574
75656583,433.83028771018814
28706133,142.7322668718523
94307664,1464.2852377107947
79181014,102.4682374457148
64940514,1008.1534731074873
42076518,329.9735705936014
38290514,213.44290180798646
12647465,1010.7993756805417
51615379,853.3016350703947
58583551,137.67563565329488
89324282,252.19811565521468
53391853,34.97396879018868
22488467,1787.2601678382553
77912827,704.2035976819832
92699296,1444.589415746913
98391080,333.09535430855396
25085429,230.5286917816377
58232338,874.8854650564283
40856740,983.5690899482795
86463099,627.3746951506176
30661871,299.49732860696963
43294411,364.37078224966433
95379944,139.98504993590439
10473693,141.28775730504947
60542399,657.3513507092778
52521598,9.32311667455366
78214020,335.9674613577455
42119756,115.91268590299063
74645008,354.4254600645793
68736704,1432.2115960244735
13851365,100.85102163424051
10956933,1123.0637736368792
76588396,222.8929703475991
48664414,687.5260213607974
75409758,214.2156072175684
60867152,345.7043513349256
49408128,857.7708592151932
32398201,391.6222049087445
33820657,-29.187224575741368
99096183,1203.5523437761763
71729207,17.347627446225886
13424233,-88.97002917295191
69313487,536.7837679433324
51427900,229.2786868344432
20461232,1301.3509569666892
63893951,219.30199577935218
93871936,244.98803578986622
63699477,-54.350767745670055
96362629,476.39979495024625
53928117,240.92718311161786
41164553,265.1140931192315
36908648,198.43512761096804
29666927,68.48814051943964
11938394,574.1485828866098
52496134,93.45652338901726
32481667,-15.648191398427059
61487441,653.2932693941862
78992007,1152.7883170154555
52895411,194.96612474202846
58726779,199.38597530528602
20458217,165.3457731187201
60265538,203.46414965470592
48479448,122.88671751824859
72404425,369.368355753234
91400370,252.49073921367085
56260955,-53.07068146388326
65491665,346.66055944134655
11663385,-59.60074596737172
18615500,1168.492346726703
87935522,-43.9151976149285
58889457,16.945214498990083
19169471,356.2581411912671
66133962,378.0168033979305
66731452,535.6501340292973
39410896,354.2706956658204
54940054,122.3792250527934
10662394,1075.3032375844716
80972130,110.52795937953192
45235634,1079.8023534102301
32971413,587.5077233959652
79283360,354.0374673144139
67055260,328.02963870859355
56118755,176.6851066343179
29230461,1385.9392211386023
37178907,311.8133425753383
80400106,234.9844616850553
67091284,395.53276293452234
54160936,1917.9795851515792
26849200,126.79903577869715
49585462,330.3488299669598
29429374,119.79732442846563
95616903,2548.0493482699912
40605040,170.33941195526018
77364221,255.43674514744544
63366619,406.8342150321239
82932107,317.5592280378147
11504000,194.86794515008944
66338948,311.3490183294448
17704772,537.8705016560501
70406271,79.81011105543541
78457345,1450.4212304313098
47160363,170.39749342773553
76792443,448.7746162410846
76133904,188.25134964050847
30534387,163.06795583789233
27949452,248.4912365637225
98920505,483.0718705891562
79101538,-40.062615011371975
41201623,221.4068251563674
16952322,410.5860012390641
97020909,465.38048151102
76043497,316.07178007531
34495964,458.09446411309534
68971691,185.6613318615348
68553106,126.8358447608586
90311747,232.7424134619015
89361909,-179.847846094917
20406930,173.0365539274801
38933836,373.0187089528491
38377549,252.84539206469776
23346090,262.3510844270097
12625694,438.8815512632923
57311677,225.73222266327957
53924641,32.37817708581912
36865701,612.8521088758164
22626294,253.40910913265645
94697405,-323.7466667962585
89675917,318.1995311985187
28055737,38.326645571159304
17371555,591.036475361462
31452123,267.8357047988484
39910354,-20.449228945154175
16661684,-26.44085728477961
11696365,318.981676205864
13890760,60.231533745940226
23308655,33.31201563247936
58265470,-45.01330298428451
23915393,88.80286592956526
47202387,1725.3708956693786
63170132,365.19943087734475
85663208,377.9890702645872
11731667,-85.90341765213196
96387342,439.6299529795141
56912577,1691.9275621653874
96546739,277.52673873663457
56118135,-451.0580684634722
65848480,192.72877731354038
29524312,198.84487926962595
61207733,1456.9959427082088
95068416,-30.461057657030437
93730714,118.57752242718567
58209441,235.66064451170666
77468100,332.38558055579233
94556768,477.94074939963457
66214153,427.8153708137022
63178801,601.3099804319588
47025809,647.661199292399
17223815,433.48739890016304
26808769,355.51430920882785
25114626,225.0788241732173
33184251,322.69371918060665
38562723,524.8653352607629
19383477,161.06097547276215
81390291,411.8831543189415
20998216,635.4842266450775
95233875,565.2440991906999
36756234,412.14398073684185
80596646,473.57273965810214
92304937,429.93085825787966
37613954,339.2527756739969
58590718,188.33503407703165
53992915,118.10227647215186
54005253,287.93628378076846
68781482,78.89266702282254
70720914,-34.95272289834662
29283338,338.71928816558477
71373910,91.16420396732008
82737999,76.71479670801182
38789318,3.845784279764814
50526394,516.2591168749485
24047944,127.80404330033656
56710540,49.80329312496127
18038779,380.49448639122625
87817642,593.1172187511512
54364617,1602.1537177832479
49277751,191.96799384917824
50647092,177.04989946915794
74938295,540.6899219372388
94151619,383.2185451551703
14146499,447.37487693016726
44114070,343.55111026220777
71013634,32.698852270321424
92727921,153.4148469791478
23408005,373.6662568658206
55353418,267.1469493580753
42627732,1765.4614278253457
52380113,939.5852867853557
76380932,872.8518090323041
85051446,452.47863581985257
13441812,723.6414463702572
75634466,254.67867491674565
77418032,47.34409465006797
26069913,622.0142281511578
56951161,837.608088658566
65568116,201.25253685053167
61527594,244.4268238604866
17428821,269.6232718326082
23710142,643.4775048483446
95218141,247.89696228414448
64929695,196.44010252946146
16991389,295.3160531181602
28240625,1314.5276919930125
27547150,883.3178897642904
66381811,144.91667064703358
33749942,67.18771108717459
35190059,295.5162169859583
63026525,416.6741997065661
52393671,305.1460629870338
32813270,242.16093125759767
49072955,41.29536066241968
39300176,241.72912902728888
46915044,94.65106277109697
59260240,382.5656594914341
12697027,212.75602497053296
52828733,288.63504622583343
73335938,449.848864143028
55961268,221.6169904749105
13325471,246.44959302495795
29398613,65.3131164474882
27052291,-77.72310010077115
15955952,782.0223002821028
23271818,981.9346465927883
99724134,1593.0282487662942
24071058,104.23195702422805
31560904,239.03698402114412
65419988,169.36753465779088
15085530,480.11016839129263
19942722,927.2919850998842
13275930,371.51022587856767
22982323,841.9230792344306
36522599,249.87581593675873
82021909,1191.8273868179183
68645790,434.41057696062126
54788650,156.19326236365794
42678082,804.3292849628842
60925510,25.008152961600274
88286089,71.14537961797947
58263484,588.5770326894144
65619117,151.43331681668224
38104250,247.974314606564
13756583,576.6817358333941
60053914,601.4006112750641
64871810,281.54483990733274
58457956,372.9302174385638
46159970,69.96357995258336
68250229,144.14055257515895
47390028,694.5971305429657
32969075,360.22779305701033
53581810,223.34036238453007
79530731,1392.0531648636095
24487509,393.3809845653402
69933962,517.3124598592982
65663302,768.7431278528018
12423653,215.98080888853576
58871872,199.56678070689964
58171151,334.93906814259526
30617224,628.8519693709752
69106909,210.00474975177895
13212070,633.0028681378683
68351771,119.15723760521979
87624917,102.18637624035568
11970895,269.9624099728959
44431758,1555.9871906559758
16633955,494.91837378233856
42590404,21.328133720526353
86953915,954.8057280213909
15250738,372.863583488937
44832140,150.0675241521168
73698594,412.15339995016484
42128660,218.0551922858126
79549553,188.2266377460303
71619272,-95.28201570014244
42016649,1448.8100346742413
61877206,180.52356197489962
56572912,202.9858706808127
71598751,573.8656994153826
34544077,646.4859306895659
28672236,1486.5594237601908
68689312,316.29027567845685
20267244,-2.673194104080096
68781454,1425.778664390053
27270801,146.2615231952543
37219515,405.2247013912041
12011866,-53.070647020401736
98392715,40.73872249089055
87201351,583.8632256894916
14908777,829.0196052611459
34723195,284.65430998319164
27339925,193.0819750675023
65420496,22.573371473882958
40933008,92.85991412471719
47440503,169.51809089169728
94970875,16.916212401178996
91029594,706.6893004244366
65336637,150.13036417612102
82023374,321.84296781292153
11380763,205.96772088196644
99699540,112.21128927851743
52649545,105.68025133527095
46299510,151.461571061227
71452565,848.7804679918818
67641699,269.7896382950544
12714684,154.90375083186154
60016742,189.9520032664342
53641525,777.3403210762749
43542290,120.57132962756043
32126954,843.2049522576442
38213318,461.8951925471923
19971849,640.0097795792265
69256669,714.1851069412339
23756854,58.23875703637373
62908704,221.56026936860894
32399173,359.4982534725002
39238887,1472.9862542092144
94428578,422.09447386566774
52458139,153.11671859880096
80574227,-26.35473393482124
90487261,-109.01614009690644
31852005,468.30456163679685
24086418,490.19058891328336
82209864,221.9559273230957
29014855,-380.06231229680577
56782601,188.71126732913524
24702075,200.25161563403822
74660449,110.48802983076786
40117654,131.24978095657963
60385260,1400.4020313191463
35958980,738.7504548232898
69458629,299.88956765848945
92886159,293.6001654909469
97734269,108.07384193242979
19053695,389.2253314105817
22371112,360.3025815643292
49183639,1385.0124558136474
53526975,263.2252954479409
26290335,466.7725911693984
13359830,410.3348477301863
39340686,-70.91311634745603
85521089,168.181257117702
26704193,886.6416743747236
86626423,649.6161781300914
80675333,347.25281219469764
38369741,289.3783917779065
10428306,383.60422255129004
18197840,131.5576235500008
78586780,321.6535879065707
40311310,328.9132053704112
51507375,292.07043966918786
10857110,339.74048282876265
88736789,207.54568096422327
10823128,195.64337092922074
75933085,2155.3058972946915
87766438,162.48299674362272
64406530,143.39434437073317
33833037,685.261681691544
51715740,145.31371005921164
59611801,48.22906966390343
74340374,1172.5389424231573
55507333,862.9430792293954
10416536,399.835240424977
43556040,-49.203686616670666
63137873,1038.5087690530645
70387789,289.69933840213525
29408506,124.74954090266226
38244388,267.6740262214478
26541311,-164.93402580739826
21032019,205.6516350088283
95710332,403.4006329724341
80660421,1680.9521039361225
81086775,14.895766086223887
14692465,-48.24582600219355
35590067,139.408556580673
37534494,-216.52539329242774
46669694,429.24895539361205
68379291,55.820864604407404
28943151,-95.53647871008252
85214973,505.0104191740081
49160221,53.995742372576615
57027484,178.45526774326606
79515834,368.7809613653135
48903593,508.4226217894194
49944843,987.7084263160368
15919205,456.2575182527387
89043859,969.681139884424
22557888,371.7841387299741
45588391,1191.387033679066
67323319,165.5993823236936
67813677,398.6351081802295
94570366,220.1798084565105
99333664,361.25619580146724
62452475,377.0266976829979
27164888,181.67489565069513
13777597,859.0459371351944
58863729,123.94710749742484
75372835,414.09955770867657
46531922,1119.6569279895969
22638297,146.24463676711878
43377425,296.43236682022484
45061752,27.333494170135964
87232001,41.41553409926735
99721166,375.5772272524565
63930988,588.0465793939351
67323116,117.40416325680502
90199043,22.52283764478659
16025812,111.18721627395615
90192151,592.0302357110144
85194090,-185.79692609894352
82716623,28.58622276662601
70041588,14.361722038272546
10909503,130.98149667950742
38910820,302.4337987346354
67605038,-198.5246669099473
22421268,159.81404517638748
12483701,50.81877148513951
99756084,270.1578693103156
72806047,-95.23103923280729
82569264,402.65892276246984
85085562,207.03452134588122
51688242,264.8219983395196
67031304,26.10891952410435
67620733,1489.3452252859836
15399183,192.43066463498428
83228475,508.567433395476
59551778,-174.3570161740548
58024179,731.4179599706044
67130514,321.89003858988303
36292117,446.8818247484428
40708056,508.42829712540095
16154757,1228.4768521056214
56077131,251.3234968959756
24589481,1040.881947361223
73507348,378.5402753075938
98283340,209.5366903036812
78682956,398.1933249483768
48031966,331.00735209932327
54069937,156.69110340443876
12509398,567.6233047743679
55254106,290.01282646951563
99797445,316.0174216465441
46298966,537.3407393478294
97439691,876.6670040536701
77392495,145.24991928409543
20307174,385.77898688012397
99295729,22.162954107595112
13479279,-34.998870569580106
57906842,761.1153603111966
11957267,-69.50130713025874
46011088,-78.68224967275466
40051988,1026.2595645638537
76565808,-173.69324534036502
38007540,308.87173713742243
79111798,645.0590835024886
44170417,212.0931179515553
81747003,659.4597402239842
10689207,-157.6220986499449
68762949,697.0894197783653
41533253,122.11122658435949
72624609,563.311840734242
95729378,889.2860511954875
63404247,249.85997987747385
66851416,376.0003948100823
52878792,714.2456127899093
69816189,181.29771291439158
93215948,305.34759910723346
82196067,148.31795987694727
65951347,-2.4304947249470956
28150709,1167.3070371751994
26445964,581.2721959275951
59886188,191.68547932052536
47858132,629.1916501565089
10617528,1502.595208799108
26555436,260.1112663703518
75176293,1195.7347007827188
15592659,572.6132670819608
17002563,205.99460226848328
65418918,1034.338526406641
50328250,41.393409602768315
29587649,30.837007713102253
58771361,255.75858099913364
11138502,549.770539165465
87806628,349.4253232037653
92541302,47.29628214601996
20045193,-338.27863356433096
53943287,440.38280586325504
72973012,346.71779451977557
98243897,822.3135580069616
50425980,375.0260251583644
53891279,162.28519714120887
12653293,318.35088667433706
79516817,-72.91508178302536
57736550,90.37791391992539
68504332,213.02124653297108
51418176,652.4799160209984
52844688,343.10091488618275
14924228,331.83475764755883
17385055,437.34827018522765
48584675,171.10367590931799
84113591,517.7324726265116
24176804,1064.8490165745695
42578288,-200.77495466255266
22976178,273.98889957765914
59427067,53.08885513805296
62214101,182.73827063460487
31095835,325.10463991750646
61084952,355.88844318654196
24538640,260.8437413989909
17397516,593.701998363119
53588939,68.48145597895103
64801503,127.61392794099413
22306102,543.3132723099885
73464976,138.6701067350366
25265317,2171.1935801274512
67321055,263.96647054482753
52652991,1387.8845554435452
77364707,284.10896939212455
28941979,723.4994391879627
74248679,1102.0522217532828
67415672,158.76899532016807
80048641,63.1531008088711
42348096,125.26467070599489
76460518,73.42094207947792
34956566,334.7899418574723
77002192,515.7160035251628
88577445,727.8199235599075
38297974,204.5000864564497
97975641,2255.855507211434
15692698,1146.9535007962113
83507949,360.4052470124192
91740530,682.82460704096
37895673,-82.11903425092936
19139820,246.07588198614542
89742287,276.58678782207846
63175133,496.28924356764844
52867973,454.9371257741602
16690451,274.40537351055013
37055011,179.36205523677825
17248647,403.10055717554997
17328412,165.6689030494092
63923102,1758.0489554442079
34421040,688.8293545858203
99940233,199.93667630282846
45814646,278.5105942128131
58613984,127.71725836011427
31285738,184.2954143077859
35071743,212.5139270795845
52223959,391.46912937488673
61904367,197.15352238094874
31525138,226.7925097866015
73171290,381.2809536663732
44582195,157.68166672594793
90109527,64.76031602383694
26952082,50.05654740665011
53620380,216.71764001024837
94287883,833.5394373706899
77186365,273.6566513894602
33864808,82.28092166840611
70959138,215.78627889610107
52099246,596.2705967260101
22249291,24.962323858167792
48803280,388.2125391655379
89982531,23.927085570018505
64289923,1078.9179588327756
22000557,-606.988886667083
26219747,199.2234073906809
31130738,461.11315621638335
32445244,203.50470809472642
75236281,113.99991000668774
13587715,420.603860285192
52514750,151.66093960907506
90786271,7.496398346641058
15005065,79.12753675685951
20097518,-56.21956471254259
50625868,374.1135297069361
84412981,54.77456794814884
92773944,67.6141675853521
25312123,64.55965668178658
70396417,264.83452006860125
54865863,697.3726493110405
35803808,232.16307968484512
59597265,522.9448406148308
93311848,-36.07182822706261
32340446,173.16778308861024
96794801,54.85878937528122
40380864,222.60450991143227
82007689,119.16889677085095
84851707,127.7578445634228
83174692,299.53653094632796
59083400,5.758362134275615
17580169,-68.133952865217
18219500,82.34555759940537
87811781,-144.5923363078249
14088369,169.47264209422735
67659430,304.4863072634497
42456496,177.0178511788198
87353322,540.107969129084
13917344,69.07722497972281
19886405,35.7738310321858
77800166,558.5458460759968
77068569,228.17093327747523
88362858,-0.9659317836961918
71241476,1143.3158479244898
24814654,187.01540545417197
46691706,480.6959179816221
79162545,297.9712344125862
42908985,-31.136339427501866
74936566,248.40375499770062
19620916,131.02926387153502
54347722,373.9446096453082
90271799,817.6057333785941
25414359,430.4474861267935
35809369,216.59892636847746
57731323,160.08028720707046
37887687,1251.0866987761433
76623206,57.55768240525424
69954876,160.27361864897443
78180146,2176.304036451787
90681578,-234.64772760461125
41794614,35.77867427320365
83295852,229.89464669205415
31156145,89.13486055713793
62711916,299.2257196714621
74676618,189.31082753589658
43248708,155.47476121081877
69180825,224.06841677328555
75624999,363.8717748403352
37667208,705.8726676592446
77810578,384.5770209690911
47115768,143.06312442006197
81589304,922.472336573582
74472711,104.20237450490225
82711188,340.38986324258906
55272778,127.62049526372783
98229885,50.48502161775514
70058028,187.0304546844502
90729377,157.97019014119007
13401279,445.54491999932543
85519612,828.4919807790243
17006769,292.2176552711677
99888523,216.0216064301294
22354297,427.0268248281087
43508583,2249.8258418027667
96795828,106.12799435250236
96608998,-36.77385862761349
67452091,185.00385459096663
40571985,1232.5856897095487
15232782,1560.7867455396083
86789043,250.71978548906577
14046478,125.41655161529462
45515801,-64.09858448232325
26318506,1482.2531775044843
34584473,217.93942013907326
15369631,182.99444020666704
26479383,-107.40191083146226
81346470,327.1720658076248
83197984,-65.16576465947009
70331904,839.3985825140294
78907246,1124.0323890199293
42709019,861.0484868912126
97184353,163.9264235979191
35589537,673.3539068320083
83942112,343.9965786226294
58293013,253.65824966047876
78567689,181.54227302676475
88610012,235.84187294950596
68628621,105.26523780302983
51584806,182.39941042510088
29419986,44.666867953558494
21476578,310.5578132005751
77370060,189.4411967020327
33607448,1640.2847110896928
47890072,545.3436224704026
11234362,159.17818330109253
70681971,232.69546463920096
45196219,627.6443837888427
58136807,-59.34712598917997
21383428,211.42176308411592
38088367,297.26670585699605
57071133,228.7171398801604
83834449,896.5883238799258
72194210,860.3293766772158
14582584,217.24831269687536
16017322,-56.92418305845172
18598541,296.310546953325
82812670,421.4533434629376
53563234,310.12509602986995
63779141,1046.2258815336859
70854456,359.43115990579304
83535660,-98.85155152885307
51099419,87.16660184884097
30503407,1488.0383671115724
90802363,185.01859166423242
84057874,184.52821456604136
93637941,-141.47788988633184
33888588,-25.178061612847443
78183407,-61.06002237480163
88497510,1137.5583018177904
88829918,506.41314771270197
72639649,225.93732453430744
15627595,236.56658509109616
68832460,482.11113939818676
31734310,-12.722566437780074
69212161,173.24870886950168
62980146,81.71483835675343
69972227,712.656501714959
53162285,150.36157510882492
10963473,181.91973932798453
65276908,557.2777106988673
72611634,310.77057177726783
81292347,384.4564957000115
34705944,591.4089656656726
54322977,138.14303402341022
27155431,359.1698639328947
61373056,373.4126740607977
64530093,102.9510741859014
44187538,424.31333084066307
29110806,113.98931832738913
34026881,1072.9531534987807
67734035,238.83548586783672
90355788,242.26332818036792
76930932,301.72638248248086
31194080,265.184899137363
26948420,946.083916493966
60117998,32.371154966434005
23540580,417.05415873525635
29255361,136.66169598559088
47322059,754.4427206457374
50570727,-1.5408865018154074
71874386,-31.24702775638451
27325447,281.58914038979697
92986477,295.68918972552933
27856293,68.45053235117979
55159001,183.9800409500741
88660196,154.29836198936925
82148252,-71.4354300774425
15421314,873.3685979527868
27620141,52.16988711308653
12348320,291.8916628668302
84344897,0.026234187160980582
10950855,156.43927505089687
44290434,413.2667380484961
84843689,142.433896795466
85814690,330.54067967448555
60406086,321.4690680619376
35395832,112.95606426811855
54621645,531.3295344686904
29154162,186.95103124970728
40230589,408.3329437271566
46902130,375.5035378998149
70579622,95.04681186136094
86272378,14.01811252982884
12294631,208.34608271019897
29412564,679.5073823297832
88089176,339.68365674784513
91193188,350.9630312894716
36523137,272.30321012236925
54050884,401.5944529542793
19187985,941.4358030597236
91884750,1157.1816604770233
77985469,606.4682835442771
19362736,1470.1392155201995
37641826,-72.56655251335394
17997673,94.30754349147537
12296621,-58.626700100440644
94210085,-15.933342491680548
84475360,169.52821030899634
44450631,190.38237733586288
96917819,423.81361117757615
76581579,224.06671365539341
16376842,144.9177977626664
20378565,510.0602894738603
67149501,644.5264470323423
74149592,-57.56785692781358
55437574,189.3771609043231
86258875,317.7945523679624
25154125,1086.532670320028
64289878,4.705046251311217
59484061,8.589771886620326
39600891,643.1699069627982
40907835,119.56714396479828
47183606,44.13720619196664
71132260,679.1909245582051
19424487,1112.4300445724032
35720925,-104.54990688284789
74210516,160.5665864655814
53089641,146.71456302990794
27778699,240.3298546700429
73489375,446.5370967280501
46042524,482.95924770907493
59554727,229.6622407955956
31273971,92.22149284054456
31543147,-515.7669879063847
74490349,134.553384323979
65190591,906.321750320993
21122660,510.97863997093486
54597323,1488.5359702230917
77569150,58.626899350820736
68093533,688.4790091143302
87099884,31.174084440140405
64825958,898.3854185594641
27545112,394.2888886630425
87791632,279.29503036886126
93384265,394.0218265013593
64047299,395.5227995036753
23357980,216.71624572648102
88585802,1128.0102874835502
26754357,42.48676980438597
99964380,130.98492114223126
63611208,780.6635070040845
10618556,1226.8466788671658
12155276,81.8128548463306
56528554,620.348430383757
72203638,487.54329895097294
48174886,187.32311405659323
25749233,260.13565639484693
11912269,-165.91968564497358
14181748,1126.0443708384946
77013810,531.7657566892933
59885886,146.11547910945887
92982194,314.1513670769426
88065861,568.2721687628826
14857189,189.4149969474082
60358916,505.60808916209055
72265262,1427.7021644488002
20471623,2532.508231442429
88951362,76.06351083167056
22364003,16.39552312742012
85137999,424.0210529314671
84176549,385.0132504795416
25849299,175.95288372815196
21233903,143.56986098092955
95963515,295.8144911212713
47630408,304.5067249982495
38763223,265.24283351776376
34812513,108.14378816524919
77372953,967.0641249832952
74724495,367.8270938730561
34162435,112.80786189313932
60046268,841.8933235760906
19475755,209.69791173132546
89620481,1872.0804065230736
26981207,168.49705049068336
13918048,429.4873026390334
36590125,249.21796446321014
78119113,177.2270582881688
43245514,-32.71760833179343
88082339,-230.8302023976929
62738760,78.4619734283147
55254407,55.49615162361545
85112378,31.562369884116777
40490983,154.88226028841711
44048989,552.2708425194021
15551565,267.65070498501507
27681538,-0.8777274799963948
98232104,-383.05017883950205
14018289,225.5376571966583
82522150,365.2279773782967
65483357,113.93041857750063
94158408,305.93194936109296
50266167,71.21754746765151
28805175,1063.1861522891243
93929668,952.4426370727774
15540290,106.81252747419649
98661090,539.0047445791662
50074109,662.587710002874
85017115,168.9505303142646
99914220,843.9948114200618
76334714,193.27408893024585
38140938,395.9621694645065
93933852,456.23507355407116
13190892,1148.0185087285665
67747085,478.70170060246744
96389355,439.5095751778081
42380180,433.77198805752494
55522772,347.5240146747899
18839853,-83.37140441990334
93030803,314.4484803276779
19574384,211.6632995001944
17501488,167.9965148634035
92757638,232.2215515506731
47546392,197.07043730665362
56569095,136.64247818070453
34392418,1084.73064539896
49367171,441.2535145429217
37669142,143.48766819492926
33580264,523.8606068971864
52617381,219.4053316518466
13011861,906.1456200949535
97498208,99.9015167070973
53388262,129.877878150495
63018369,218.23254414871292
59266953,153.21428015164236
33256210,-97.69204379053775
26585585,424.87232781903845
43342989,763.3970379228324
81962175,96.25205263825325
54752385,-38.871532684489125
12906623,444.09696808981187
12144505,389.3566039058811
47329191,95.20938089191691
35302686,89.49631352203903
29541158,575.3575720105961
80447228,145.7522323430902
56399590,39.02944950229039
44327442,562.8311267004258
65756284,716.3382378331601
13967851,646.5640001670369
33766889,234.31013719540817
70886578,190.87011083578057
85448456,989.6285953807546
24208719,633.957986488903
72059158,109.67033531347488
30666083,259.6015188536346
45090209,316.55323997682285
79520644,923.2391267956993
41015799,456.09888410204087
22610356,260.63241038463707
46940244,155.4028255014647
21443863,24.97285281721122
63769088,204.49793604031072
32298027,214.69482925811326
26046152,342.2084198473948
60326272,311.5236236723267
24693880,95.71051061190826
18317166,855.7312329894135
64265688,331.91577141539267
27910854,312.0902915441826
56810750,-148.92318396007403
97007881,428.7023219464447
90317702,489.0747235037951
81231529,153.0946359929302
85899649,123.72554529523609
92087175,102.05755953528387
24070483,219.12839844113557
87629146,384.64929261030943
11101794,328.87775170776456
67889079,935.1292118532599
25576186,124.96925230731887
67657245,219.82717413353305
74992266,-338.4934535450967
83091668,328.1965418725147
41547362,229.41583246547236
75141878,215.62851277117602
11562295,831.8092006357208
23748006,564.0059783689716
89825179,371.00558732104014
46505766,2168.8252016605106
36098274,17.18455783539497
61326956,1667.405697902226
69020339,232.80650468893816
35844282,564.8649716057279
86014291,170.17450866205388
72500654,564.3255657722186
11567986,-174.6946681410273
95910506,151.24299058418285
73565600,226.72355746720905
83729347,1142.5165832403673
39689433,1471.6827706490412
26513864,868.1981283639884
20449852,652.4164224636095
10382065,426.70053135078297
61096786,272.5139160799314
40823824,-24.280958789694637
95687753,467.2921815766787
88043962,136.03356566209607
43192291,293.09146989327314
18631499,734.8079328492045
27194752,182.06318292953927
48023684,289.8127612802559
76180232,16.22750315678985
99345059,476.1939924553586
46554999,400.93034265792437
57537267,-68.85309832660329
72087202,-369.8705696426381
60008708,542.5919688155558
13534295,246.24551978588102
90971189,161.5029963034924
55662480,228.27654071166512
81189360,421.63460827936444
49401774,230.38323924564622
12131946,1250.1796482238178
78732926,581.9156680771266
38392538,1046.569429538438
64273801,715.2613372001601
62858255,379.910989512592
13288053,209.56179056540486
80940080,205.74623662224894
73197703,207.80356260775
88918806,861.8185199290649
45088467,225.1339627291111
42105313,303.1256206263728
51515302,82.63524529631178
85071892,662.1479727310968
23401512,76.98652183708236
70514922,232.59906959777118
53367560,386.3195575414845
30799466,1029.0785599524618
87442307,213.97519546154808
84081332,-83.71304530456138
87505658,393.3623592284031
10151086,366.8633133346209
19254776,720.5919493864724
38019521,809.2539630931085
40151098,3.065425909974806
75965212,582.7417422545756
38667600,268.7616505927426
55646285,-4.492721394282739
35548301,320.6858067902307
18737005,253.5302131006689
76771390,748.8914528446423
23778594,10.718156114323449
63739797,150.08612767082047
40559434,273.6186186042704
15970404,403.67420600143623
41963393,387.13695542208495
36850376,1071.459689789558
30703622,166.89443837526892
53681130,448.30565480916766
52524172,454.66531147792455
78986568,367.11635125057114
60868659,268.1820565432314
55970571,172.3162088594213
69603000,176.24074424254718
24475423,-36.44049623227397
30105284,216.27606045827918
42638975,604.2312579867014
54205765,334.2601327865615
77026950,573.7439074583596
55738198,1543.1512910947329
49309757,323.40388950396516
52256145,583.5239806662263
14972722,402.10419396045904
47613103,197.53899437332916
31244414,81.80957057112425
67669646,603.9136513635561
85221335,98.32244667691253
29598209,455.43539432267426
64960038,199.50754484064942
36072721,214.27381884474119
48855526,116.28702319211277
40290168,298.3097906420878
84094689,48.537464034153345
64780070,-69.00740006521698
62238032,-460.0334542879034
44102009,324.39897002119324
13443938,371.52887371012696
27288438,318.4567307528167
26505769,826.615976612625
62425735,34.530712718511666
41742405,416.0919938293199
35508108,192.66022358106898
67267851,267.54625634450315
65786198,680.5202287931345
69652252,-248.94200148561015
78338794,972.9178458305089
98205508,208.82282716239047
90079134,169.26427762201035
89240929,-35.14834829409017
59365630,823.9219331921588
16423455,205.08328665869738
30410578,311.1124805398372
41943183,144.82946910453734
17181615,58.526459599531506
31537031,102.09738885406335
55634963,313.9760042245042
14790401,356.52480614157264
49470022,188.51779946864713
68137744,341.1266563593987
10800640,206.94118162749714
82878129,144.85209905001932
98099360,123.47790139442242
36414556,113.57160478652065
74858657,89.21000091265557
41406039,59.14618109977397
67297495,193.72965637791378
98019387,91.40271846739927
17133275,729.6693928225757
44434588,741.0740615304055
23385843,238.83343504296806
51805988,345.49365068909356
65443150,219.61141641188635
77624321,1587.6908182934656
80056192,866.32130519422
92008819,78.63852965897757
78973038,55.29741784445383
36356168,238.32842490810742
23051465,313.28937503647205
18225590,646.2322549412349
30705007,607.9962180607873
51916309,275.51638432903746
49014177,303.4778217082203
46939883,-147.51259020504483
27552020,85.27677539409268
76064439,559.535686585556
42732794,1002.4906927514321
78185687,542.3751584945694
37150067,542.3897288208301
60216204,1230.5988312738186
67861895,217.46105766181665
82668831,88.65604648011356
26865256,807.8947772155295
20296005,634.9852376168849
91164112,466.8202863777858
48751412,206.0762253950462
92672083,142.38432140429063
66451503,-4.577175424175152
79223008,321.9224687733782
86295795,-7.5082624584460405
12188395,1191.5709944083708
33148873,142.39051971915228
18236078,221.11201615481002
53763750,234.63594669021757
90278346,171.9925753428729
23921552,1304.8333363301867
60806947,520.6677192998288
87988487,-268.01817387881925
33594333,152.5857885779327
51767697,63.37067286779518
76176593,217.99237265504212
20106678,531.8915937989066
89323122,127.4504034202476
15084276,-2.39302923056664
46737280,503.41276847394624
27725859,126.98789237138419
47502584,439.9315853020023
89375361,1453.0117065892468
54279167,443.9137478954233
62834953,143.63613806744138
51358955,193.42578642704007
43105700,270.2441926206574
71610282,416.9711645136375
79952909,476.63475365819784
86913278,446.42738494470007
72344233,142.6113262593326
41143291,219.20856058003858
47312733,331.6170241815412
73376655,659.3822651890346
44219943,50.164312940890966
18665144,597.2181445717895
38016360,293.687818485369
50277432,204.77023084756684
14668690,250.39220944138788
44041678,365.6593264608764
68597599,426.3724645258658
55600173,-90.06416745108663
78109218,128.79827965989438
43432402,-28.330168621598432
57793276,680.340979132086
82143513,500.58031519574615
13373907,111.31949891649634
78336625,511.9878602176103
51821030,-122.97882707107144
57620512,528.1104772596971
94840760,736.8494106677813
71866671,1028.151497547257
12967437,659.0352374667834
94620585,461.7140012966445
45148967,303.4461077602647
28096166,138.1845945456314
76948857,959.4606868121609
44584760,189.17595271128403
36577484,-55.90777043659972
63103602,351.47491990507876
15647671,755.5279405077927
86020607,-86.77748599591581
80235014,131.08324357238814
40496834,356.5560734921859
98549441,285.3301307053001
71915619,394.97833250811505
27813348,521.5758059863774
48090735,399.8811392591449
91818207,395.77192943104205
12597429,425.8190715289725
99318296,116.85076778537967
38085169,267.47298830869966
38823071,381.5322357400702
61630311,110.09510123554651
78195551,546.5989981299508
88131419,296.64397256950076
18300026,1016.8238687170617
99585455,541.7235866309386
51530595,713.3564767203868
94166971,122.44458511771438
13633057,453.5978852198448
68298368,240.91556144512015
69215865,172.73818799171465
30064972,237.16463991213288
96997224,104.51982052508168
45138943,277.99655530307666
21749235,466.4808789038136
62856234,335.13443423514354
23982292,62.93776812735803
17686144,404.6866882526539
57256437,621.8905838606822
85469927,33.66634187957044
14451732,523.6486043262971
85268432,1235.6457269711375
64602955,194.32271991116966
74101500,150.5564293499109
80083521,452.65185282431
11433359,1399.773277861132
99198713,408.19906887402317
12281135,374.5444005846132
60094475,769.2671430885109
18817746,280.83693517836514
80803307,1002.2692426070055
50415370,26.713178731824144
65098425,217.81518174431176
52785060,115.97095395152928
76797423,-46.114915553885226
57752962,1100.8873448751033
30340212,220.5596829214761
17309152,153.41229998335007
29046975,96.86387449379964
58339630,183.68602232359058
38269849,343.33862323104233
65498444,109.02596562175563
56278811,440.0190300038505
65904109,-45.107999505327484
34436387,80.72148652567978
83162633,220.46655337418758
41922575,1175.5537371485557
67606284,79.70461878783175
74148614,3396.649191784893
31898202,877.3997716161541
12816787,509.17024604976507
73390625,146.73090404212326
44602780,555.9673564300996
59497966,495.53978750664317
33304284,274.2848166130891
70931726,291.7363818604149
44381487,199.50345104146322
55483533,41.469501175343055
41096987,242.5229919676134
60844342,-55.302202973539465
46382270,649.4580041760744
41975761,566.551043144437
20086347,130.59850729831464
82572177,565.7982239464826
27871083,363.14964420293643
47060550,40.93259661502816
44062914,390.93608133160706
29352791,6.671797829050263
42368060,78.36869530923587
83186065,222.29787383443897
86750602,398.63569531695407
18043718,153.2092554668509
85319365,398.79070952218217
93521329,234.2550910228248
68774400,1831.6647701170846
27686846,184.54527878730255
73144512,328.71863273472627
47707941,288.3154024054161
91947483,334.75420735828334
54467473,210.27474691190798
25827075,484.23162831663547
99472188,736.8003707675964
29814538,173.68755974389967
98588385,101.82284736354069
15032563,621.3273730369692
73738020,118.1581788250449
11480212,160.81567676532882
75221745,107.23750052119118
19968090,981.3492288487325
70404205,5.943630501165217
68659791,370.9415041915689
33092757,409.612455217082
78193594,104.68894404236426
98198145,388.9435138702619
99767011,647.1497174174098
56688046,123.81386629767411
66475382,149.36229054945727
75692782,1393.8093553638755
26808729,99.98325673796069
32171695,147.15499777520597
88456703,241.5904419463003
20999557,851.9968330305971
28934979,75.33503050807849
37107836,-62.72577061503466
50278467,49.209795509929506
61940174,587.5382962005363
17559774,293.0088615884275
21430086,333.7027987633413
10776426,356.1329757344396
98097088,-37.252889603536914
43113087,217.69036996973023
12862019,199.06729770239235
44592366,280.1037012119806
96886172,305.93754945451315
96480201,52.94803698860886
85983502,446.54278982349285
23038927,194.37323614465095
53573032,39.92594200701484
34553934,366.5763967665373
51249487,246.60058039327907
85349173,151.01321881533977
40895869,291.13589520841685
99256510,10.468234029017935
76469230,223.9891646824699
18165718,551.4612238164341
96264289,216.9091310408504
20452221,101.74486525229378
15739031,324.67088707477626
75157790,362.43856011330945
28901434,259.54874897455
98941473,142.98927883668375
84489512,534.5250319630177
11168890,167.6151527964255
45041073,171.4118468322515
85582491,286.2048298287925
14863106,422.06111501771375
53607444,250.2741421339739
39640829,268.22606527813775
83896205,546.2605949782087
66887097,-121.1271056559616
54562627,189.3014674233615
60923346,632.1666423426487
85626709,319.7680611247164
11687354,281.3353797322636
99055900,347.6287961750452
94176139,330.2765569682439
65142810,1051.5412201084343
21025866,113.67822066385065
86231352,548.2767103019745
94223565,206.86700556317635
53094412,186.284561651447
16579300,226.64798871056257
68788821,129.29035038591013
22347006,174.2735776807158
89447420,181.52744151260129
92132840,1051.695007427369
61120099,194.50903562033886
66390529,313.20394616245824
36752526,264.98504901054787
28673093,93.04727610406388
60187719,37.359609696586574
47937195,316.6394416209921
18528428,1173.082236480468
72855294,1122.148386999013
77314174,449.9322504615001
74208091,354.601573987357
25265856,417.2536911946165
43541187,913.6156736964183
22027673,504.89264246818004
39533389,266.53729898312486
28548263,1237.0817212591721
78891989,117.38453252067723
68562696,670.7970127624717
45297826,620.0413330523221
14532340,592.1193425117319
42487332,709.3939845781244
79497837,349.6074982922871
48787566,439.4781602233671
43024895,182.23887199624994
54043001,713.6876822811389
18517095,463.5183053107562
42190640,1424.3483474619034
81702926,1312.7865080271363
20584669,41.95021453816645
48104361,313.0627110956875
95781341,203.02244761480654
42595500,677.154567701019
34081689,244.06581108788976
18465181,137.5919226917639
87028165,116.48343069578686
25157413,-108.32552149846668
33500861,224.1016298910049
22501784,312.03207343245833
90954690,245.54897126414937
12079890,824.1106138110945
24560931,142.25969119033596
57180097,239.20383112248612
53805689,141.34297423186968
54653374,30.134798329686475
79714919,174.8535372167728
52629831,71.95117024670367
30315883,2387.1099963585816
55900800,132.55458919972335
62528560,275.9808604234561
17439043,1.4534091955247277
64302335,551.1514474655496
53498595,12.734098467022761
92248005,182.80250065924986
65132848,1314.760014982033
54712644,54.86264539917306
26501578,1184.0236181891137
57973578,54.31016822652458
64849387,1055.805833758466
38331875,39.136147353817535
84564845,-129.90238788483646
34335614,581.9007673967035
18851658,484.4552775878997
10997678,189.57077483690364
40768250,302.8120606474864
47646719,286.8261907538882
92937467,821.6610974427706
61661397,173.03021423021448
48317061,165.2310738117268
97216589,330.05143379680464
39977323,260.46502050233494
46445975,1228.5757788267406
94283551,182.35158309569943
49677766,85.00218109604327
85991335,-32.498714811494665
23059563,91.99484999670426
98641777,697.0156366425583
62115510,152.01321929868016
63322573,797.0088764877794
88463974,307.2673289566811
29063398,519.7108553797925
94756964,944.0407403633487
84286445,1483.2820819686076
86644899,1809.8469638579031
58366829,25.119476332229624
87935193,568.6641789445539
65710078,217.18485792019908
55211028,1025.7097033254643
20090342,245.138964332093
17885846,476.5551941965829
87917108,283.9576841354675
35243872,435.8822987656454
78681572,686.9819464665202
36496663,356.2670705150724
88567292,616.7647597851583
90883683,665.6223528114776
77163639,-405.63393724254826
70680981,2090.363775763604
72230973,88.29026648044066
13786940,1283.9163322820027
56650323,275.0564221812617
67337097,-151.0703757502008
65297160,166.6189425506659
23393351,174.02847179800995
43711949,-79.21498051134182
45998905,211.56606173900593
94413146,437.09174695194713
30684529,98.67200983448328
28147355,1526.8704598795728
14737001,263.23721547533455
55758535,222.60200412153642
95914131,-94.22241231170227
95400320,214.22999189886684
29157079,109.90689414151052
34838551,40.50315130872417
79573538,64.25218545729291
53853858,767.4096823907705
46958037,622.5577679592565
40355076,1212.679106000974
79162800,71.8942657282509
61449541,115.28658777521184
68870249,341.7890956225883
13256146,-34.00562829810502
23687793,61.815346645319835
49330994,-771.8650540807046
47955268,405.64369817491286
24572229,379.78219040632666
85493065,207.41355410121923
95994562,202.78719892165066
86822089,79.8394019136665
38878729,232.7249871736651
83459912,297.7928608098948
40295244,264.453453336772
95702507,533.437199560165
97865744,659.5708630249287
81724417,160.77097095540512
22296895,558.3460567934558
25100739,932.8129789133252
11994578,333.6554886160304
43823713,330.4020148943107
57595389,251.3076148405827
37162594,979.3669573768909
51432674,587.594740126198
96977947,484.37129173234814
69353041,72.06805685748765
97471377,462.1316185704409
78888703,559.2003650313193
58472902,862.3933221793952
77647159,336.8314722722208
63649430,1140.6787683379182
11295973,1001.6479387106494
11886952,1284.4629697087626
31115337,330.902482822181
53945582,1809.3187074955304
73391100,21.338279123672066
16170017,447.5454288976314
96391937,26.217832932923216
49663888,492.78021517835487
37966282,510.55488371991544
91789209,597.0313629026457
47228126,296.3581412116258
26588476,677.6228730104235
87591569,38.663232482377396
15315145,155.83571933613564
70198893,436.0766931009156
61666968,-45.3260968324887
22175686,135.24924495223974
63396595,546.9635751273902
18727617,672.5957783376869
19777468,297.37678558401683
30527873,257.060979775741
95114158,-81.53112423427928
41739701,561.4543082862373
11369670,75.33426908012643
74973026,304.8478822770725
73622781,338.9446049682689
52281834,124.8962082688405
16897176,49.55563287945512
63339672,1092.500844560648
94319057,187.017405276143
89357552,140.97505607598862
24886317,349.2762305509242
59666869,1019.9449928065299
72430983,656.9616287940914
85345596,1051.37050383554
24218852,135.2125090722759
82044920,161.6415938115773
28204462,847.929565125504
25544623,23.289999867251936
98645538,151.8320926008812
35786181,830.5786559162939
56759514,500.2965764580217
94979414,48.266821612359365
52508190,388.48982000277726
49317061,229.16109404752297
76293520,212.75249792681825
67067662,0.441564021772308
11847526,137.4706316900316
14139283,210.2088974245571
35602964,271.03013171398516
61092334,104.68273203507738
69270579,99.99149889834865
47517321,391.5307718701837
10542988,41.26234534666088
66912082,182.77601600768878
42445139,1221.0221646858595
73053729,416.7440100930363
96699423,257.8981814988432
18843679,358.98922281439127
86433075,214.36401288977095
26883104,1128.811065614122
19601132,-54.227233369544706
37017650,259.2443100491354
83138933,118.28226630575313
73247661,182.63339788396001
59307450,480.49311186385194
31131827,161.6531197191954
69966233,966.1522205191361
40243877,908.089668324852
41951589,254.82120606093974
36031262,217.10440831590938
42623413,635.049739744983
67891203,589.0013557674857
51970188,82.49199121698808
24213498,1095.5216845000139
96242069,102.83785080277806
41943430,1323.108462693349
89189267,1414.2078431641162
19898345,30.39024538338964
60572858,618.813127410943
34988552,212.10948102066527
91110384,578.6566142144857
75957507,203.21738854492935
64422949,-156.24740254198204
93823627,82.30210603270461
93745711,164.29571988589998
17782008,192.83684992227666
40016743,694.3430369440314
78676337,230.8890392389543
96591242,45.39546351646874
83545822,234.7759716289545
89501773,806.617146800497
19293886,45.77039371902089
58534753,517.2579636624151
56198063,472.120634802735
60777659,-60.16481464937107
65431978,188.28530375186756
94604898,129.40477473290963
76197738,711.8739051596747
81980523,492.42885576887306
41676275,-43.541216732340786
36497965,1310.2309060015184
23177824,-14.453042048423754
85192608,24.024343445142563
30289672,202.42129853345273
98138275,652.6211586671402
57817320,344.4635905679638
42234307,1346.738032289975
35893634,158.66182695563418
18195993,182.80948927413033
98403244,330.67946247265377
63004294,47.07072925185645
54567579,636.293885809254
91568379,160.52154611831952
82476880,238.1957200538468
55652262,480.19998958778194
20373341,98.35189562051255
58632297,374.55055133613644
24786934,828.7801817748057
43722745,103.0107301059358
87508719,401.2162935556843
80752603,230.06745115330727
16698668,968.7249834146414
78798734,346.5164581336097
18461999,477.65571205139827
81299277,508.6059133533256
91417891,220.11978727272458
25190830,665.4519717687763
73164327,231.65515793069142
92759943,448.90866942883486
18785269,115.23608699506173
67717385,152.32873440138007
68136920,21.97749019076923
77810360,209.4340808691761
62012820,233.11232808828538
55983128,159.51893252027207
28119370,392.06103306529644
34978717,186.65049202639057
52374215,472.4623706454163
66651771,801.5118587163913
49306420,754.8415730814454
57524470,569.7796282838382
50884173,148.99906502892463
41477733,249.203259101316
14875840,271.6965216052174
11186021,120.2495012434834
36355598,840.5287069501389
54557949,-69.346672532345
69426516,150.31506816012154
92092667,306.07437388970527
52668902,186.90167042674818
63561915,-185.57056943774924
11154750,141.957177330852
48765039,108.47241079852978
91136342,521.134014386558
41265217,1197.287973900185
25331950,90.65139394195972
59339185,117.05196624428186
59925803,180.99442161454533
15169957,787.8319626544273
14437249,873.2487894856106
98971521,49.271216788555705
26418410,86.30182766187562
85892267,13.60376034336906
29358885,392.73029866767513
90069301,432.35969610622544
11408026,119.37832094574196
77952900,256.9261537457728
83752708,746.2225498441715
15243872,232.6998417978615
20649757,320.36721917328634
94157069,475.94037227724505
80138291,446.42001750447923
79658232,97.76486381609959
20876663,65.01048362663778
66248879,229.2804859954066
98196787,143.84156434617898
11070217,363.2345068160454
54123194,534.3008483695669
86862821,644.5390107554264
40252559,-413.72416126049865
60519623,-154.39610340785484
11098932,107.68179389712935
77544004,357.56132273785954
43855714,-82.94265715820097
57112829,-25.16419977652123
69104738,-7.104899646242131
51426009,92.07124920809844
96759585,884.3326848759425
61695552,806.2847566980679
29335973,83.25422465239626
86711404,232.653188200013
96132003,1686.8530692643062
71930157,718.9669207589372
24207989,123.62188829062626
81239737,86.48099409959673
19246532,35.17572495206451
12541440,230.32610036577194
10876544,249.48709985120956
11012723,465.5166039605049
38854043,609.4952767887182
78679072,229.2791528561355
39567200,143.69750837653453
59107952,218.7214907183677
79981461,223.75896589875128
16385065,108.73980362778173
42418677,632.057012503544
26750207,129.82458729714006
92430939,467.5881355263616
22967094,173.10876036992488
40195159,348.11985587217214
72466218,232.83597554070332
34482136,152.83768851911384
13940540,278.85651188952966
22725269,555.2865756828255
78995555,1214.1811298449647
73638726,189.01648004500362
64722395,236.39059377885405
89563722,464.4325575076258
32568591,39.66325586709854
45801232,50.20040370749871
20301291,1073.8603111436566
40244043,216.29785873205537
64129406,819.5547098482518
72297320,162.96014822179825
13456518,160.0179900684766
27325248,-25.289416131696726
33468754,-2.0974925363865395
60910395,185.58070410185883
32681832,651.5832490012872
21428869,82.88817979136451
86653666,293.3035073069508
32786522,494.8408401761005
64027869,372.39077305574654
34126567,61.804955697840114
42278394,284.9180192996247
95376056,203.70827720058628
99562015,442.2651662731321
15133980,772.6382001607124
54026308,149.68421379124436
76441994,38.61421158576081
94110128,-79.62280374803953
20201258,457.67011210992064
84604326,144.34218144046451
27309117,629.0900430696341
85307886,265.587065433376
68918906,1651.0359355742185
16328223,363.38172350409
18599779,213.76923589570436
54032168,-7.277782372401475
56206271,442.70749535055586
20991939,272.6934000398642
78007881,195.61673735004
43136632,431.9687452056976
26961880,1164.7106388346888
59246484,257.5267144444148
97485255,232.9300438305928
21548886,111.25099531744661
41405520,71.21289444387526
17265204,-128.42072676906255
57594370,126.04747619329652
86204456,73.35952392223817
47896500,180.00462525813532
49072175,115.51044790845657
57819104,877.5627319318623
38029807,674.5933918003798
72219430,1168.9397724357536
51835434,148.5379084726726
40820294,621.0877393330219
39676991,239.50514742779114
47329975,362.2382431653373
40515929,439.40343919388545
49496398,505.62026258970945
79829278,17.580808996000997
25676253,363.7619028056379
83511561,292.8350941151224
97282391,14.149256244150251
48159381,964.1181683213902
26133617,201.7656932602215
14830790,243.71463656616334
38458641,137.21458987534504
92902816,287.4881461187007
67366474,1053.6395480155554
12931119,342.1665310578686
29119450,393.22003834379257
69182586,272.32179839980734
95601790,610.5333688313356
37235321,158.19116734163435
18453791,2059.2270456289925
73959998,170.09820840790508
85145437,78.65569983624658
20490331,61.628775398189816
40505076,268.7842379782112
39895736,2842.636424884074
36927127,664.7411991841961
68104733,447.838823294407
65498526,307.0860086559536
29077796,104.8857258804864
12700500,671.0775396878425
23234787,202.08669281010827
32248328,-64.52086378359508
47710917,1108.9796081005688
53904169,72.1821812482388
41795394,604.0533194258984
81931808,323.7914054739035
89546300,82.07505684562915
81512800,2327.9636436692595
74490322,84.08279868060896
77716971,499.4721986957171
76509280,93.2997907787593
86774198,302.8923132181002
63795592,201.913465026444
15728342,794.6711681744414
97525554,614.2672887314125
81201227,518.7770258973237
98995752,223.48116625564273
88336972,779.0158326343883
56577963,119.61294605505987
73375002,-17.499490739763814
92846400,345.9433450900402
63160455,643.5689716752544
31277941,113.56285692987962
44244750,123.7620662911379
46198195,1017.9869909982956
92939641,906.6788669493149
97399227,-160.46026126785347
32829265,38.84966725193243
73813213,261.32388700921865
71142772,-308.3939162120539
26186456,1138.8764992834608
86118507,297.2917501780962
91253288,143.51512852096607
16739260,-25.353942408938053
97712970,171.17604482739387
33709101,798.2568891959388
97473173,89.90102221393192
84445365,102.10640958504655
33683407,744.0970619771426
55156833,196.88061882416025
39198647,-60.29283295838917
84859914,180.06882204916235
42321053,177.36065896484558
26496602,-188.49583536033168
87373088,180.44645733624748
18576200,696.8976604856559
30304669,-18.766071191305514
97043852,241.9707931463979
65885111,254.04534209206315
67235670,674.8235698469775
70791484,214.5093624914898
80687580,137.59348940766097
15865255,381.9212826525272
50517128,332.7018591142338
72791395,476.1045248687657
43267986,67.24735115699423
93567577,455.0969546610422
15107743,95.55500490130208
50225644,741.383690612683
50174181,757.9596175620388
41401409,759.9827676187692
80395755,471.36359122117574
58616743,185.6199628115653
62863764,831.4516408842771
54033467,318.05408779257493
36905471,-53.142005524582714
68728934,341.0008179535181
11399296,199.66653763633758
42319589,233.03022330300064
71193471,511.33524964101935
67728154,535.7876891762867
99252537,114.82522287068343
69554397,281.9919754804083
57406844,979.032500199615
17460622,1598.959856356627
29136908,340.750981682679
88836387,236.09178454001926
56749521,1152.6235568996537
42038296,1036.7727734384644
27575312,815.1834833216401
27787635,-38.01274149391526
22639453,1966.8495401977298
95074248,1165.0176142448877
62398547,64.6709349091687
48210895,706.8457978940405
87163679,-51.929132509371584
84638479,187.56722898522423
74277222,678.2488532968489
47124707,98.57247702333507
29597912,522.1886210657731
73217471,528.2380956386735
54203733,878.5701295054548
86493934,309.18397610857403
50925419,251.3810174200711
36161210,369.87804078787474
18638157,32.97003397175604
95763224,251.8794316357206
92017449,310.98723554011326
30955049,106.94611828086767
88464978,470.1627538112399
81709003,271.19089203789974
94640782,34.78397826668521
28684873,1535.073118940513
82032258,329.1430940306085
81929396,141.02892882761785
69137949,1812.158535055496
58556748,451.3484794529336
83494716,398.01200884541106
51219421,690.39298230084
20118968,171.73215138127557
56424305,590.5217031483435
91040440,843.8614627372453
82249910,467.5176881859487
65005094,864.4588094910205
14333847,384.50787284056526
79940622,579.7576215922732
36407377,-57.85787846794511
16485177,124.20110290205787
19967320,228.4302064140968
86757224,185.90994774379078
47859734,129.8424533632891
15329881,244.70608938929013
38097629,85.90447261390347
63914375,740.0337649410069
68107359,532.7416800027823
30898448,-154.27516276774017
62098958,-38.98082386779339
82555231,950.0843532560684
74537472,776.7884848382043
53883476,658.3562255449756
87349008,318.7685363584302
60387770,-35.46870262951785
76029782,555.2364166214985
17330605,174.56550388698201
73592240,575.300825432712
46762043,296.73691127611073
35726404,733.6922512754782
19188826,54.76444525632775
69934099,2254.583608961799
98236292,82.54321401600396
66601351,634.0134744063914
24082367,633.3002532904909
86399833,1149.0546805516597
29406161,328.5663500008394
77568118,253.95037462489574
68454220,275.0838993354107
20326815,1024.9169336960174
96392075,232.3504587359821
43846930,1600.2637378076636
64059970,208.50835896400156
59660323,141.80986025561572
30664289,-260.8440150377883
80504110,173.64573252345906
69214158,380.77561924499344
37153701,970.7851043093146
94463524,115.47238636693305
27069908,-117.09737462420816
19881454,760.2249280782903
62073736,577.1538303590673
81301863,144.62336365760007
84692821,372.34195431640114
18061173,1025.3673300876053
20396165,141.93791357443035
90290263,53.083485533722694
53205197,64.65049794506336
71639333,1125.3790475340188
26581527,922.9745674413384
88753189,657.4453487318779
12152481,499.6041201828027
66369748,477.29540110108144
31086360,348.0088811625586
68141078,92.61801912214548
87072389,42.76467129043965
97229380,52.85355907460428
14239930,126.44711009982416
47067735,858.6062996100661
23013670,872.9111709390413
91166617,451.8209215301936
46464430,-38.786570108150045
48307993,35.407279519576264
65322743,152.69414287157622
50086685,799.2054211178784
65335801,230.315366629776
83887090,136.37582226487996
79333390,446.73429759810494
84490520,182.8146494505403
90753494,1903.2853764620045
17091898,472.88993634845735
94064213,828.5057312683191
76172003,276.1806513568679
36639874,-28.534973711418388
93190659,655.641980787341
77671761,131.6259730180667
64459243,351.089436266803
92415904,26.17080163366529
22451687,220.1203418441296
99098676,437.19142458512
96250656,125.5284421505545
43637666,1101.922865231163
87755511,761.0848901355196
39642098,450.52408801968784
29533984,219.61715709588702
57860445,175.36319786425088
33335103,4.044838074056088
40928352,427.08413472963684
66938624,110.4979465142693
97908221,162.4630044415644
32317269,607.4279248601425
56374872,801.0024774484841
56164704,583.8674906193448
16557670,213.43666759327584
57350487,12.366032560135068
73640189,18.47713325854272
28886856,413.32856453064096
66838952,-26.554111845266334
73125445,982.3493466595648
89817544,779.8886348272233
69175507,172.76056805987173
93099722,120.53472183434604
42498618,320.02248918519354
58133975,796.840312501296
50823382,174.7711149297843
82720881,280.49443690800206
47566077,280.98425804121484
77236358,234.86390433574547
24977235,306.1228678242186
82212369,214.258692304001
61416619,145.39446304825287
14011629,392.66200232547646
47820649,506.8214565248734
87027470,1302.6920853091417
84406467,-55.411085597792066
18483336,31.465276700386767
11745857,92.47588037956604
72009137,248.05119624070244
21373342,92.79812970892579
50764118,105.8321587302562
17876513,251.8275928171539
21573530,1022.65254539067
62535056,493.26589006002655
52924658,230.92497139520276
59116751,476.0677754499251
96464552,-158.6812986520914
41877592,351.37138505075495
27556664,123.19018861793967
82049392,537.3026456000334
21890177,71.4939025106359
84019657,86.74490751993318
70836939,294.7785736831504
73269246,177.65946798735888
65430516,-57.699038865370085
15552867,835.9432065179685
16632045,88.49395284568709
58510236,167.07612008223487
94607287,186.4609643890243
16582909,1598.8942791873767
91254889,137.96550933760557
52951693,363.2920024193063
42015762,122.59423130620496
39537878,26.37927920157432
75334066,366.6714372125849
15509168,31.498953584585195
21848464,23.440815579151945
15512926,669.8161883924802
19852776,-42.72069008785235
98991290,-160.66189088236214
67867067,916.251557181889
75069265,221.91253671094444
33163007,-3.0323852401755857
72461037,164.23070317798556
79368575,80.37096415216132
19283832,297.03632646766914
74686369,335.2894178155691
42431987,373.24802923852485
49107046,146.05656540223947
21631633,476.83955529322486
57757752,984.4700707147376
64260092,518.7910376210297
23733208,89.5544804499441
81359267,535.9916302915899
78964700,313.49777618494875
33821569,1175.5539940715032
52189182,210.12136164498588
67362415,-27.307514661920322
32252347,1127.7756497452422
42461075,119.82018206471031
42564953,950.9713988900676
53441096,240.7449601031975
28942045,59.19654358853927
92173510,508.9604232354437
37939234,245.87503759837534
83072941,848.6684648981311
72001493,1597.1131157877098
88722560,198.00909858080786
24458695,77.5198453216779
34236973,2473.597864593792
63527431,181.9536012788742
35020078,-275.3574644821265
96240931,669.8257579998258
96449025,1052.126903386202
73324268,67.78943605261844
20943504,1730.679517140874
65163807,162.47520261077568
65735235,588.8623913689739
34006121,410.0643059545563
11206259,740.2890126983741
21142225,411.6652053062114
43933688,568.0015382547489
20195114,181.96709539603035
18089453,300.8188709279416
87927482,2292.3711694504336
72119177,789.1502685907722
68722653,181.57469347869096
99012228,527.9718400884324
95191404,341.8365536837008
68494900,63.31994602203622
11789848,747.6264961107861
51367435,421.35135514553417
83199690,94.42487580254658
44222449,18.220802487547815
97059152,271.38422761483434
21321783,163.89433680809987
89238156,236.30460017814687
75658495,122.89445854542942
80514422,-194.15693057987758
80098101,426.33992640423355
57507250,340.42558752794537
82869937,214.170669321824
64737683,819.4578930878886
64663030,268.04389744646267
22362250,-50.49302562799727
51054867,24.627977036634434
60302181,474.40391215507964
89897892,648.7728717550301
99745406,445.07971602887903
52137793,870.0955742124547
94617943,287.9693608235842
92402481,1184.200781061713
29177060,154.75181987817973
96789879,21.5591613499264
16733828,61.26871661703365
69997197,1069.0869482970638
80009529,151.02996751473063
70971147,98.85632134910259
89268742,260.8574469303219
81559172,342.249499748891
19799436,1111.7443768119247
96316683,951.5064695212409
16202604,551.6278568875115
99234264,115.73710102762482
89790861,719.8840445436833
80624261,-48.04564922621154
98327008,264.30043952553035
43114030,192.947486559097
38992659,1329.3835653530791
26185292,90.64984928515577
84958392,112.2286125424402
63532044,-175.52248455125238
72780852,78.03204103910082
63755363,189.6444758639176
63435369,35.07403819975326
49085103,249.1116176222198
39826465,397.1140582439458
89335030,1801.9921008731217
92393797,-77.97054499186174
36385689,55.35411581581735
14218024,303.8891934086903
43067447,251.968247072017
11821155,1480.0427754446082
96671043,309.82831016653233
64977532,135.3649861061474
51923648,279.6571492978827
52082499,255.1840144763121
58693008,712.9539108077527
77432555,90.27199336893125
11692478,554.5213244688607
88536020,104.06453488383488
13996971,265.6394445143254
92291100,1087.3800516924002
77799089,-15.99839017260706
46970679,175.41129421188384
96819382,38.621396298632476
25751312,495.9863101971446
89990705,229.8128810610965
52038068,827.293675373747
32344173,821.6267045757486
33993191,127.29416432828316
52279123,94.52893461104753
18496274,250.79407961743368
89490563,332.2407460020331
17329696,98.47733018773022
16967446,440.4062467437726
80888202,715.802372425763
14661504,66.80821172461305
19604443,241.0175300871092
37821572,630.4974346571427
88831769,49.02923596281278
32405077,423.2127745837945
52763362,1450.7540621920527
75573252,801.572918496
54781465,757.3515677409846
22599480,346.7388491832876
93311234,240.4949655071722
69925053,413.3583400883066
12598333,1135.9272379396164
94909106,293.19246915235067
86019408,114.77060725079997
96477826,812.3850438551251
47575439,74.01281577783948
44219472,286.6799318689517
14808414,203.37160612766775
51535602,315.7329774150245
85960705,143.94503904785392
52391461,63.381808911696055
81172596,137.88619183623962
11351493,676.381517114592
72733290,152.0252225276074
74877854,368.2559646554914
27680792,530.9359443179751
44946524,381.377850313263
23475779,503.55275992660256
48465422,80.77339360987895
52076835,515.5912159820028
44646564,280.2356836354403
87277346,121.69562754831696
47973044,313.831012660782
75500097,134.80722004294518
36145678,189.22606474573342
85625020,63.88383832130302
97404967,660.5326901998314
11411712,40.394719825647826
80164594,57.89712857240528
30555374,-161.6178806538842
93243676,104.5037493306645
12801610,909.8587888961554
58651288,53.28538608057778
52409464,531.5292205307456
26481577,863.053138040065
99557550,1080.2929834679867
92346786,1122.0647402136651
33277389,778.114800628457
78792921,64.61146250218633
89378277,-22.345271583769772
82856305,434.5029416560037
30767488,714.0254410536984
36397903,1248.0274436885534
64870928,57.8918789872273
11575457,484.7334386931857
39041845,862.0340145988309
92898654,369.8532717049917
16929732,221.7576409232289
33334714,628.4307580237778
12221534,365.00674627884496
73945645,-73.97145097703736
68971550,146.34024456176508
75565371,704.2280117339076
59677619,122.86166267038294
93539814,234.25451334109812
24106217,-15.609159052782104
55020351,421.8074968197809
15672017,466.6167692240649
10841847,353.84989245404427
86946687,348.49520527389564
99799054,334.98205204462295
81128474,230.8088207520401
80366080,211.289490396867
10218336,316.65615051005636
72351128,560.9580682663338
56132260,10.030956167465831
99301338,555.1371751072311
84453738,657.3819281909891
58188871,-37.75297398944491
81971342,385.4435485163747
94124547,9.008947093129734
32266038,220.38800838442864
71760843,391.16893583888395
77203995,170.8605880874884
84611651,-120.76439604337094
76627771,405.63336301704624
12653847,399.9506248580559
43336328,377.5756335831911
91500607,57.92777737179682
68213549,933.1754066856784
35549327,699.2623023641277
80808916,92.98439349070213
17110481,1506.1418673652831
99587119,274.74456818196927
92334856,650.4650705101292
53359226,20.849727023592266
80618402,168.24604086678187
41703808,438.59074349423645
19195409,9.946622085410013
76941149,102.3138361533608
97584818,1091.7566189560773
56683377,187.4159163386022
67011320,226.3160009687541
15480221,-12.913486963300159
68081328,210.81562795502066
55487684,559.7496439112398
74199206,302.1238158508479
90165063,178.12765456607065
36193583,87.2433245159965
10917950,151.10918149451095
92870312,539.8998378886978
72030717,964.7657113760847
17113758,937.9508980446449
89153386,35.230282391760966
45809568,212.41802974643338
30803532,380.6636390303785
41936053,247.60985250322062
14429173,93.80377139027621
86629786,567.7441809390418
60024688,289.61001684749544
75100924,693.9984621571928
19587468,-143.6904286364138
88088850,519.5991380971653
14339658,451.073182379781
93643220,54.6434095158146
61257147,136.63105247046508
47372664,219.8667851219376
72551157,225.5932578672074
70006271,523.497962165071
66160499,344.53337933091575
14115358,328.19658249537645
24138292,585.0806690389618
81649352,377.32795653808876
86450554,401.248171465675
43772724,16.41546966122155
76147600,276.0164681934733
37814705,483.6985832309625
79438450,647.2259133835203
30374304,1129.7976745259116
54234194,889.6631431391536
94516994,209.44233544081567
15639119,474.0741833396736
98234744,393.23728122377577
84292967,213.46998399021004
14583946,7.68214770839603
74680521,593.878364447665
10214287,134.9319233986355
43877051,234.81135282819832
28904050,877.7880764866684
62063260,197.67953508927974
50651267,62.009812735607625
76093719,614.8163918970511
42788012,445.8370479011754
64271564,348.4366532486689
36033563,-203.58080468154398
32364760,166.2686407883491
82718318,61.85873988519495
42781597,594.5187375453498
63047151,1092.0186689304626
54331908,391.81821406462666
88556646,784.9093053021916
80038856,164.03069909766123
62561061,994.536251226064
65834717,248.93029851340202
80358828,-105.03897245406137
35099840,388.27658641047014
50872993,-11.4410618513661
80223193,-133.27929961446034
28448374,474.16019157045514
92231676,468.79135838263835
65717894,132.50250203254063
86298764,174.5079614538106
76299579,-4.57372855866862
15449921,-109.46620624817706
44677435,816.8709007972175
75188492,117.11609001153874
99785392,502.5646856854704
27084775,98.58733294929186
34483861,86.01929137036808
44135541,33.27647840696085
85537076,469.3256807657858
32577802,191.34989220839293
58632323,94.89822141647392
65794441,1316.4944462117458
91626972,302.17138744050953
80568466,333.33292869515606
19317452,41.50111627813925
19462773,329.36396229680463
16861573,210.69202896523473
61543398,760.5338343447438
67189144,544.1379219823668
46184090,470.3618831725414
14969625,339.8906716033598
12339000,222.521490040152
87651999,434.6943387510902
48444572,174.4866171427576
43026767,-10.873814295595366
25666315,293.3377037871826
85141494,62.40955155487927
10196732,384.5083259704828
89772932,40.5364018937492
76197106,756.2498942004297
35668637,331.91565537801944
47789451,55.35522610825382
11772481,803.1689815173418
92352486,-146.16737109432438
74959731,510.51042962245776
24006644,312.15624217266804
70184471,337.1781619999829
63616459,3296.0723574569392
65420176,-59.53854553021728
52778454,371.1362085251742
20334394,341.3153409556105
29566160,461.86088592519695
41218910,1083.1001923556853
57645530,225.5128777201395
32753016,167.45877766499996
53485349,647.573306459491
99359057,1339.5190373608339
50033107,33.3542106958846
21562381,1898.0977761286554
77828671,68.14413415944739
59082786,66.17296516584906
99756703,489.60649864220636
62477883,26.15736047160567
62194095,1656.6822473432949
77240295,359.3108030045712
78173906,109.01199751731582
51850860,340.024028113241
36247163,63.68478488534771
80372868,312.29000290964325
55810884,383.0732898270976
39425335,413.43616981502817
64769998,119.18579884032329
74184119,456.5291832583223
30910517,141.82421847340993
82036794,263.9671607450672
27288556,180.9417115207243
73750248,919.8491885535734
93836103,1314.9505895123834
21006367,698.5974467796625
93898545,161.13988800929144
94582565,259.7376355528063
13137522,393.4515247370573
31604761,548.3631007200295
60718232,426.00579569059425
22356430,801.4939221486516
39386475,178.3950961293748
16350350,260.4309978241465
70755780,264.27858850528696
55920671,366.0120642425287
30409198,229.29845815518695
12366994,1512.9252072680672
99624161,313.57879037211103
27085439,727.5122795231737
26222780,440.5896774026263
13513100,574.6787539357458
83619693,35.03612454354737
65230131,426.01874994078787
74197231,822.2842656256325
16535315,981.4169249061763
49313519,261.92606838070174
54192335,483.68552791977015
80736897,373.8098812502287
99406225,166.04266869397668
67818530,552.1687684733038
84284655,1065.2341932521408
30897932,793.756702397576
32254189,54.20395871806659
31849680,45.50572800702105
41359333,80.06137687554883
66456629,307.13172242435735
68729486,326.4669459893622
40630348,411.07890211827987
93988333,540.1490012598625
47811524,424.18087437137865
98617237,829.328712577601
20362387,98.14451961698717
84645660,376.70737620862633
16861971,175.1830474765976
34588999,1401.4047184830094
53427517,1548.8034471347676
42513475,59.047157296213015
57705547,112.30565383783471
49742880,62.38528068338201
66920323,542.5010414117155
12354776,767.3653544103693
25840613,586.0525060685052
45114259,276.12625220711857
49079923,626.2417400209563
63116367,267.92403030929233
63802912,8.02378527418648
48974796,269.3470524273433
30061599,427.2633692850602
68578654,365.80466530683964
54173227,77.60548413020047
96680380,862.358755230465
23868064,832.8839070742231
51824090,1934.6398148950384
34839733,-291.9400432974363
80054187,130.72161929493177
12685572,696.1183769316997
41567061,103.98494218739103
94877842,75.38673527441176
58492968,281.9984319925228
71326484,91.54883674409405
70920278,91.54443474184706
54663137,144.89516382320357
32126460,151.96471993562375
54874790,-85.89767013961927
13538436,1022.63194495479
30100038,71.70064025012795
80017866,383.51744549434477
64347455,286.947048133311
13683069,2079.714014219127
48039428,3.4275970791819077
99567150,362.13313841056015
85509215,204.28665528667693
60668698,481.9079419203682
12191456,486.7315068486449
77765786,45.69019632997612
12528361,86.98153673610909
58442957,1032.5528673479716
54303594,168.76021875005813
27681147,2028.9667322010541
69098569,1062.0576387181952
95221316,646.8097130537565
40109548,-26.264396986514214
55576313,19.184525620478325
53153958,1135.5525318078442
21200840,131.575725642863
50894265,402.0028017072701
23626838,161.9508752196807
12418418,487.7671794732505
22706358,72.0682450397278
45395670,231.99520081367575
87327017,448.29982158831535
13017114,136.70585097274625
32271547,662.5090001626515
74538679,180.1360836917196
39506103,354.3275496964902
46816166,-57.098045226244494
66503105,165.4963784527913
65579176,-38.98783549742717
40074247,395.90341137031953
91310031,-180.5274870221194
77444410,462.8792081684436
69955281,575.7218101661538
67331105,199.1508544187286
45643632,179.04773194861207
73282363,360.0022260079144
13642505,139.8729499825364
68901430,304.5148491857152
89906679,315.86143114077595
52711886,205.1130484799471
79575331,876.2381615048207
92616283,1039.8447101609154
30763055,992.4569015417874
16611953,336.1309456953047
33070179,532.0709588664962
80347205,830.7868291578075
83995335,87.62241086064347
14535805,-154.0312105317316
84879838,311.0192345547355
11864901,1164.410574834023
14658965,428.8781572974823
24293507,779.4400924563915
70453525,21.329607447358683
87798104,165.9972943913366
19197193,439.05511284566273
28284548,246.47803205551554
86044842,467.63093520406846
23057275,-50.81554806802086
27985337,1384.8363353771688
22587547,544.3759871231064
12855508,281.17887227377514
64337495,121.74933091679765
86712331,397.39770017729745
61189156,1337.70140214901
91594873,342.3956032744819
54835971,734.3570704966639
44370830,180.85524513408825
23684803,174.84589251858233
92481929,2022.9262589331433
35638424,226.58065583353414
25657749,99.02749310486581
39381975,22.828058496796643
72999107,261.7059015045196
25818586,120.99318143797507
58036789,191.42998047007472
94320377,173.7024172175012
47110506,295.9778886924296
66399362,4.495417074878901
68909982,96.90207773620466
16073310,-25.172250900819506
43288405,657.8071145659401
71579560,555.8550643058787
16507355,1176.1458716856243
48802207,801.198214998861
89915294,171.563398618826
97679852,54.07464794382713
29217698,251.782504638334
27435911,-71.50506113128154
78879242,1283.400107201308
27175130,494.9212538521791
29020135,601.0741958410414
78626569,720.1253194466976
71067812,-43.807872366281174
96690513,810.4204292183981
95531962,675.6210131964165
98356800,12.265302935529121
86104439,744.9268687643703
55595900,220.5912727687637
75208610,220.2079666292534
15300209,701.9027341041874
61949363,204.99345222720183
65881085,400.40034503323227
66803690,161.98219753928424
71508510,189.62100463039496
77429269,492.7940887749114
70868754,255.98735860120496
93223292,1360.676413299726
70378280,170.54791623148242
72142932,406.7942394830575
88911193,143.58971471744633
89761834,151.01443629715777
36836619,463.9709165670122
53134062,82.86907403847323
98828461,151.9008597642661
55370391,634.2149598783991
69978664,195.6319161563673
48824111,268.6212462855316
11383415,580.8659938985126
89041808,657.5711816212447
31864759,711.9445697332492
85436725,536.1121978650831
12287678,188.28903376529092
54577919,249.52938385118568
69095778,261.08514307504765
86755087,235.1613487162041
87570494,87.00258756470441
42971075,339.86957100999257
19251821,421.12504532487526
40154766,319.4597575747897
86599495,58.097096058103546
88331508,-126.33873325215535
70254717,488.0873871125174
32105523,152.88286845584355
42241465,305.2795084778072
66334048,690.1108926400141
56657286,894.2398041544911
99489082,761.2321789012119
89634976,181.5642169883729
22529712,210.9349623194945
93452559,108.68183237982436
75276107,504.8095883354657
57620607,489.3095544889626
11822194,299.9502692844633
85101585,481.47649484646945
73640715,202.2253950956748
18114714,275.290877256847
62352450,229.76920436375053
88096618,71.57665573089537
76855836,-60.29128540987841
76968795,403.6908861174046
19089688,423.52661748168975
93669020,367.70730074261087
32221954,137.61689641093824
80149491,1161.6139006017988
90863370,486.19978046507936
18955449,339.33906307363384
46106075,436.8766640118424
64362412,375.2509270934421
13228942,449.3591652447834
18238798,15.216148324565268
17197174,234.33072990810172
56883307,382.7132740947235
43838074,572.3802370735272
94366977,100.52985333043841
51114116,259.86936055577416
91929625,989.3757786096396
72617691,228.89877619814013
18081983,198.64844421966632
41430371,67.55102373617956
18768333,351.20135817677556
97670981,267.71427090849
33138884,672.4623765734723
54769750,196.22414902003788
89191521,165.09722442793202
68771611,443.3894399350918
69658524,198.07200175332844
72361657,288.00844115266955
56548670,183.64732006280076
78323750,349.34099653736587
30772189,301.4574912507361
48525110,-72.1686433528796
86995869,140.44256584475022
17626486,1467.0684108141108
25200634,252.30490909483274
42675735,218.59745837773983
65493081,290.5946823372867
93613666,1252.9194638605106
70416961,-91.22633458293694
29938065,526.4618104741754
49578380,1205.0345909134169
98870679,208.3926457319394
69931311,442.78818563896994
53406287,1656.8857038061888
84279248,309.10373412260435
95721664,563.1037418778423
86560148,1423.5379277468692
54643141,381.9821036091148
87296829,181.42198961997428
44687814,30.624745509510433
17812890,23.724434896147784
55517272,83.05319037765196
83984617,221.97492089004254
50681051,330.678565711194
74119296,292.8430425836207
67223450,886.815204294219
77287132,625.7861161522017
36264517,207.5260616391629
42898261,373.6551372673463
62830950,305.6962678650034
34861949,416.2145836627583
73511243,224.08890046677993
21486168,28.79005080617719
99309538,1005.0311435501981
42037617,211.35686996093568
54746843,737.5551429796849
47539615,120.71071451680399
84768747,430.64998596560815
72954519,662.3354872048792
86653160,412.5768785275883
24350012,220.12229803240245
44330162,201.7150649084482
40410889,69.64331065665846
14017526,447.0322230380725
18494070,695.7186609099178
47916307,655.8465900479728
39725498,462.41290368814214
54156054,297.63901851756975
49589662,668.2092641618858
87793535,357.7681862185525
25123851,358.77591504212637
55319133,1482.5706944672288
35955058,452.00043698560455
15784980,193.82978299303318
63967490,1293.9728292316415
84366303,-15.062568030466764
32211409,1195.3448626751633
27475512,1077.0988534753326
98385904,36.24030951394849
74274926,189.63784225580798
26137274,1078.7129492704112
35706395,339.55523037749106
25432073,196.40917346670665
56493804,263.0422287276592
21783642,275.7615484231824
24274717,246.17969058580854
93363592,299.07470814186615
50359798,1079.5962841974329
76057356,403.96713479984214
34577569,477.35950907953895
13432670,318.573414024322
36150614,439.3974731022979
95883486,22.199389886267284
17035345,899.1253307646361
48987823,117.2098834116153
18853302,232.89677057690437
70059479,70.81357227886872
35830006,611.4443056356328
83058209,270.73233451667875
52239160,100.22088436838959
24939237,330.2190075596686
48271879,402.84894846915677
58898302,73.34833108496241
97505252,357.0473135344348
52580265,27.822143585282276
59859756,110.21150252184856
59531100,651.0346654488042
82820692,119.05623480969746
73015543,1741.9314707416625
50663543,332.90113040847734
61349439,114.73682476861427
82745505,1.5378949262333208
91058293,239.5409522100473
17937997,680.6016286577369
48025378,757.4302577193284
21558049,375.20390625171876
51468147,807.0336133228923
87943582,66.70282450676422
72989675,39.09753964070876
10828659,-88.30650347723918
78868242,247.4843553337182
63610417,632.6504163778145
13037947,254.6979810532173
63051485,-56.51458838042345
42637767,224.4650187979181
66029975,143.5998419344212
41368516,244.23917805983933
75570412,-364.17573042068926
58832659,1044.8931471167093
20746324,-84.73245777005536
41047714,946.2923751316978
41430458,497.875571488437
69198371,221.7050049917725
46430156,804.7582160063271
42120705,684.641219231818
67695943,299.06826137174835
10655846,219.97631630660646
56387239,12.374838748734703
73136827,44.48428945770985
66107772,399.44679537032334
41597595,282.5032951149715
27035754,212.52214310463637
94233303,58.810320820722154
72371862,310.9175210873575
47858586,194.10639031786081
50074731,158.5754740485835
15840349,279.39357276920805
27527024,1422.067977486231
51445447,51.98915046268064
83042677,235.40372350801056
17433657,274.5381654649217
83477453,621.5015896167922
58980418,188.5121233239771
49038207,272.27172635479155
35105997,-33.94944224075897
88328473,185.57509882634508
49929992,323.56251134822764
12057690,50.65851233169491
22485986,255.93219796131496
18944255,817.0723057791745
94296460,-239.77038107696518
15325948,817.3295750330622
80036637,1289.7020884654971
63707416,223.76168529626682
33357067,1096.8600674161523
76260292,290.5232259449091
88542794,838.4631678710525
36624049,521.6115309479414
85370002,1002.0693313742202
70947321,486.76908152838575
86215831,1374.9748112825894
71799918,503.42773767664835
70779429,442.82813474676243
28177790,597.0062332987462
33416701,1330.6589392119806
32210074,541.6469512920027
91177225,372.49138710543355
62230096,82.61020330958831
27830922,503.38473975628585
20292159,-223.88654094056957
72135125,346.7354317277261
41060839,848.1254660341633
14610723,236.88674096411648
40291165,-50.394063392467444
76063806,-71.467379278836
21250419,148.1926284866645
67512417,207.8049038571013
33443292,429.51099250894345
33660955,5.743601750285791
33504001,70.29412850768358
59014872,251.22247087535277
48423806,386.1053417063508
81227220,556.4904157378376
97904600,1.6140630294272
80141558,142.31435942310588
13290868,59.081837301015696
12913192,969.5419621666647
94144440,1125.2291746919345
53033174,330.7982795493816
93735706,862.723004316432
59909555,398.14298656983635
99555121,201.60389741295762
13256013,281.3027612147836
93540353,359.49426441409787
97837539,-33.42559575393341
35669129,226.6459014158678
50012137,164.93637345766376
68173579,2700.4224493235915
59440623,261.094464950502
48714672,866.9819948236591
86973367,1039.9842682794153
28395212,1407.3971130208017
50017530,107.38054855706179
48045601,308.1579907893488
60427063,243.26990238791188
49061177,-188.67017110085064
42896715,728.9796340239564
97451418,151.8043273431682
53456411,1293.8574042366618
99184358,1037.1154896365522
91879007,196.16136509562511
76424273,515.4623843079966
19529774,239.0733725195529
60604201,151.7494177332079
96265561,12.16918087292629
84388943,737.9187686428088
22143961,117.61183121287172
14880373,1918.7526848834486
98124884,548.0835173167375
23434755,811.0227172712362
36626131,807.2588593526393
86172967,244.29301064853928
89507826,1079.1067369352527
51984404,-27.257862034096604
21328430,58.23425650083482
46133239,178.1068854541969
87118588,58.4833776331767
72466804,81.82630176389165
90243251,383.05464645541645
31491219,100.5224146390143
83702289,1187.8231400906895
78369132,835.0582684982021
12074272,155.60580614173261
77297832,59.114905803149384
91732264,1089.3285299325808
51116865,224.62714708894896
81826443,377.495239341396
26192585,1001.5913475443772
72261842,251.27608436197113
40619619,126.00482326871759
89999631,215.99173346479438
10490133,-168.61512143720435
90054183,923.9224868859251
62212383,256.2816024342952
19863611,312.37964708986397
51025893,254.99323560920084
83280839,304.7530371450832
53701664,114.25154550576286
70474564,535.2315564361985
52730115,545.6105548391312
28945671,124.93460945302468
76905104,385.09256230760514
60340609,144.30621158803854
14262244,336.66558300278723
86114877,374.64088050589476
24582504,329.8011196567779
77544375,256.05255818513353
18212637,411.57072356364415
31107635,323.1056999533565
73185236,1150.4435132076892
73413665,4.291142546557239
31204532,236.8157028031368
16646519,904.7570972958677
59819313,297.6166220643097
58041963,370.593517749072
73177607,126.99400239172138
65489959,392.60205612540494
53892134,1120.8908964259667
14638825,219.05510145692267
61652212,487.8249287342212
69208062,28.66758570995978
98205776,128.35701794528603
91953270,267.02633239178226
95708788,458.02973517882435
71079776,94.4933945689653
10948901,1736.548887089666
79084173,601.4122904433057
41410746,71.51359759270491
50927968,175.83859245898395
99511873,-530.474267180306
87562260,459.46925966188394
48098997,239.25189978663457
77592143,292.2277718759416
50298301,277.5687988978376
95160336,440.71864291478005
13581567,766.8018064112673
76106706,779.2324105208688
53880590,73.44326067120221
50270200,207.02091648690885
13098948,115.48349182149656
81835258,-25.16189278136278
14238786,-15.30874033725678
65288499,348.2208891124801
29149871,316.0286412227289
39551396,866.3574806418621
77375335,953.075150831386
14384374,-269.85982342930765
63368293,686.5875556109575
25141477,99.58658073246988
37822276,78.7166924914867
62473299,45.718026637559376
90467887,1065.6118162706093
62270028,135.44735989162734
62101686,118.39739181736314
51642126,477.8578643320932
50281814,629.0298579982515
34969698,654.7386641031262
46962155,15.90780594348655
17638609,412.96608235082897
59977095,168.542588826852
75196820,148.6021571247719
65141041,298.3315911882396
65986306,708.1106790500314
99818911,32.71764690578999
38328534,399.4095843185968
31204739,890.5431989509118
53082885,409.38321020520857
76244528,282.74954674471803
46394887,206.69294167602027
65939511,20.05863954835735
96048217,177.25464028491
60425489,31.252311735098772
69419323,269.6330906011401
15008203,281.6101776218851
70058997,584.0090279403042
44067940,462.59559817190757
47031542,289.84948554340144
28929546,617.686901124409
34548603,787.3005729164415
36515676,738.2441633329838
42765717,164.13241938779413
60296558,-449.17581604933804
84332226,304.2018762725594
76539663,544.8687858516716
73504572,228.54089204960678
64646486,197.65033171553932
28262602,158.72400371112883
74447096,303.03047997337
23247586,28.720480432839622
99044390,1545.3548962720802
66743385,1055.532841874863
62841747,416.3805000064507
98271312,8.505068935822578
54969068,815.4368581968106
49548078,159.56031619912926
47147429,293.45379000580454
46113098,106.14529665323306
52623517,16.855204440525313
43618531,20.07493127019876
54174309,392.035656852402
21908078,-135.72339661333902
56753065,243.23007854320292
22723502,700.0830587440857
88620530,1115.76789615926
38560702,769.0668129654227
66126723,-76.05294207371571
24731893,301.3313295591405
19472558,556.4256998988517
44766250,108.44448642447179
75919229,2658.711769398853
27459467,380.1611052495815
85529275,-26.411286864608826
88503537,809.0362389875997
66147417,206.76589586372415
53916103,268.07263299511555
65299077,15.981897294888654
82070950,398.75266235277843
69058105,247.21536837043732
89985793,224.43516588855607
38430174,761.7563463375541
24884771,74.83414073710873
37414962,207.4635442390993
35739187,162.57399650632283
52492779,467.56781575191235
70409358,307.3291996484511
38452011,155.07054590537518
43879270,98.87404300404927
70351120,173.58985143298582
47671157,265.7308683659344
60667365,743.8191644318438
85223481,280.86978616427905
83739939,857.6774721892443
36389934,906.0493277299515
84194560,209.32968383182583
66937745,347.29108442851214
82520946,521.1232055838452
52339932,226.31847770544402
19641281,674.596389748209
69795343,5.268223785539874
99135350,57.446840244403404
27549583,6.866081042874043
94476832,340.3402576791266
58221865,121.87965052133899
25319395,174.09724617493362
74970303,309.5782805747573
10305170,384.4099776227166
82291258,871.0729292660392
81383048,252.728480188184
79987158,672.5660854572577
13533229,167.0359641205905
40426833,469.7695657999633
79077516,-232.6754738473149
49738320,146.83473247709992
51126693,289.6204875664786
52635836,1137.0071065935836
46715477,158.25102396308762
82258908,482.7212486760044
56878285,1267.774612021169
19130210,-293.804496391665
92849186,1220.0913101455535
24338810,389.8240379865856
24758650,575.9448920565916
70913184,81.69714401365832
37987399,969.7451555286686
74913796,628.4428438425472
17667485,-219.29714141440064
64222955,184.98393981790537
96958008,160.78363332309243
10416049,369.1725437179849
60398901,293.899823038142
24738469,200.406815410401
50592747,185.3953375571159
96289055,1233.1455293153992
38420705,315.331907844845
93968498,638.9083685948963
79579077,-45.39310243481219
66828068,1491.8290946281527
96166759,153.12273868428497
32805078,303.84450933290555
96021280,148.18051916998354
73914137,739.8589978335569
38819078,588.9480649587996
26837951,716.6481408788311
86644106,619.5776371332739
55183461,645.3596543177047
52422099,791.1774904909948
83190904,560.4404213715562
80939883,380.195085230574
12388368,337.5675436157625
15537990,457.8083286666441
52619092,162.6589660057781
14251589,437.035324719816
78390765,431.28868148352444
43497859,369.8370861633399
18381852,521.7078672309741
53390528,1440.9522580802848
32023086,-92.61688284404477
55881129,-5.656553224930462
56955427,277.4242013143821
78797526,17.75042939837499
81441605,430.0600669575367
49418138,284.79967597969085
16343356,299.05540203220244
50953620,110.63006999528494
80530984,196.62539288805385
92363214,252.13869739903498
11505021,749.7212376907723
10464949,172.44204380455108
40174242,-36.924754985302
46922794,641.679994192699
31165878,840.645902830732
92160351,450.004212722769
97225599,232.12418533077778
57289385,373.8232744659276
10490505,419.62220755697786
40593414,160.13294143477788
69535718,556.1880278782334
29927353,538.5723096273479
65834728,368.4112845252796
77297694,289.16548846311696
20453767,238.47242637874774
38742201,191.7633400184319
44178016,1838.1379177745875
26155961,346.276311631917
85037563,862.057745913997
13481675,-0.352547933867811
32710978,320.53584069394503
42008191,57.10420052788737
13117186,73.85071161520682
32427009,411.1330062336317
77926757,658.0779614235923
11233435,211.26871905955954
16522541,638.505339446382
63770815,77.85447441649688
77164558,-58.90707760890467
74405387,892.0808970139421
74698287,406.70040880381646
90725998,504.7307967202771
24204802,1539.676531938681
89034765,904.76098847198
34875172,500.23085070171976
74411316,204.61477103532366
81157871,579.9266874968367
44232316,527.9243588436414
48083558,-456.83561083498705
75280463,624.0294214216642
11329117,459.1423021940159
67082756,470.7179863537474
11237434,1307.7288743389618
69921139,104.47142683190685
68448780,172.37402883089624
77761059,396.67213915191576
29006434,1092.742154470629
30190038,484.2352558388318
28376932,48.81274186533284
39355382,443.0022455885115
42494595,427.96386007412616
16756651,1018.7511381692254
78115658,996.2344727481798
27261411,533.8510624748291
71919180,-342.9660008900197
99090920,527.3848966399743
64351618,184.3430024134518
88658759,1069.5125820407281
14195927,725.042267332919
63820196,156.55064420657004
23866225,1907.8506846495861
50484100,441.7662017663872
98406048,215.89129290150743
64139858,467.38194230945885
93302980,105.16840276578455
62155483,56.488351261588605
69791340,790.4177512008807
19631546,171.74471760332437
26192431,121.7732043799457
68268852,163.5686165986681
14862183,238.9556802431831
50141937,380.8143297251405
85256282,128.42276540880403
11027564,1867.800444743054
51577553,142.40107865933635
77132573,25.163143380316058
55254268,491.1241256451833
25529214,192.5616281563914
89287048,481.6047574812874
23253967,729.4427393603296
22644692,177.07822407437607
32245140,151.33783197258606
82072504,121.9728611975496
34678460,1249.9075457173014
55373081,781.9823587100327
12138481,534.7488569784217
23632970,94.51950762685806
44285474,249.55240063803421
88075177,-38.37816182450308
13117787,1180.793555697203
14797111,267.6833515757854
28697695,-3.346048794176511
34748486,1054.9346592115799
30506810,560.5288631675452
57410372,161.96828600289598
28776122,896.872760057048
18346451,506.2623919138656
29932007,1330.7042521143192
82654800,390.5011137056433
67038086,1436.7847066288452
95282943,-96.72068900884733
90723621,1177.2996826678961
37760202,-31.207569068886073
97077656,1235.22292426664
67823833,519.8518143862073
25222231,-48.062199260541945
63451552,927.2716741809495
66552053,205.22435747643124
83488554,370.4643352755712
24886655,180.9149140637985
83798512,383.51760550689585
46152763,416.89557247880623
96015866,334.28810709328263
51731151,166.7210771371074
34899750,646.7316571229486
55529926,167.3203546629727
95405536,1387.8621954103794
29288544,-68.97606684639709
50076589,426.57713172760316
37886285,221.39889416335336
69818934,124.82534559999652
13957412,336.97465689548926
27493225,299.0334444030399
81186892,516.9732840131982
72734336,76.17248022800601
20148129,1050.9937843164041
23391747,102.92702139859813
45833590,409.20923242529943
85777842,37.432582244854416
92975129,758.1487442761945
33382289,807.6801913764054
95953281,27.988914245281478
60074802,152.8890502407046
23912733,-3.4791565863003484
31346779,376.9021757592317
25605125,67.72402387998352
96288207,188.51027455110398
44535745,266.0058324585584
16008313,1235.0019605118214
91365542,895.3025026678745
67385764,242.62183315655068
31465116,290.57434777117396
99474816,31.415238425288635
26141909,167.0266007463183
72548314,253.516089379214
39043955,863.3364461897938
55963655,75.40737670761405
54632315,279.1494584129241
48726285,223.4088626530953
76251227,380.9125482534665
83562410,603.2566546197401
93775374,97.64511018264386
21446329,510.3917906328388
37345001,330.7775653885525
49628614,278.88831928477964
35767914,1719.0355718458209
10876536,326.5492994437941
47339936,209.68649764425413
89347542,1742.949445275231
22457603,595.1446794948579
77199929,54.568908627175915
46378399,285.9038920405774
70602262,47.32270300846221
54666534,1565.309026968019
56421405,745.4070005472186
97652177,137.03470479473424
15442637,19.9030126157038
92360497,30.82943378908584
16847908,756.9891414195677
14220385,474.3908101449624
25905603,257.5839402691911
58331647,213.8072130121443
22292196,739.530164590072
37237832,404.1992738426518
33009500,1625.8991309168127
12533428,1470.4474676192704
46939545,94.34492702041013
41868505,352.85517835193684
75616535,690.9582960805201
73878512,601.1613563159866
67270933,163.33390564100262
98281662,104.73276297323514
66553316,459.8025102970006
34303551,731.5594942010312
82645628,632.0928691758024
57257821,216.42761123003174
21288888,781.11450088315
85963653,214.24976538957867
47876249,2222.5841151546642
21439489,322.55225033993565
52566254,-415.33280674645164
57084214,298.4421578638419
16925768,272.90480202034394
32782035,100.93566941001001
31791186,113.14804575851599
62797819,1517.3833278981772
35384978,225.23582663323998
21945105,1244.1003072115607
81557774,236.28038054307592
85407739,72.85464722502007
86085126,140.8545801454428
95296354,481.71371933662476
90881439,101.76025490119957
30757344,486.75245420980605
48457713,210.46476863453245
89571542,32.943927597553056
94067050,30.868522082400546
48271561,1138.131942306037
69357732,109.2357292634606
86325273,263.3444736348532
18152649,356.13445799028705
33899410,109.09882258324183
22781669,-2.6687918743012347
17283281,424.8196338106641
51785872,1249.6544451963962
33104833,845.8225443765778
91682435,40.191901694224896
70713314,179.18760095770665
13110268,446.8819233556412
34642793,1392.4405461904346
41694899,41.69816518118017
86278349,36.30809570653713
11717089,213.8479022962066
59185456,194.58699578148878
59344396,78.41813168158751
89922228,654.564070561808
62027210,418.9379024046983
98523447,180.22170355347725
77330146,1585.1500616042713
78386939,1033.9771174467344
66831282,274.75433034135347
17596778,876.4075637700182
72290481,225.66657433243745
31606355,592.8668322315584
72940683,65.94423303955051
24736121,1140.624496910148
47814214,221.08704775249953
39410982,718.6688539680424
44151940,558.4746514585323
65594908,464.72988678729666
79125454,304.82303966601637
50322107,581.0830314982893
76200003,16.202832398735325
85059302,387.03379406614476
95450721,-43.62039539191585
93253826,242.02375486894778
19723778,558.3354427303877
35980406,-47.054576050001685
67285479,335.7259179694886
68864075,310.4120624218092
37422791,-129.73951011229883
73798025,1003.4396651447519
97232135,-158.9503751300282
50064513,1437.428208167494
75638682,204.99221874585749
41937405,476.1927814278728
18443662,235.21592350493165
68899727,354.56211148582383
18388313,320.35095624662347
69521945,15.52211738429952
31596715,200.43918149570027
78472605,199.31819098555547
12713963,237.47970144493024
46768823,484.1318229800904
27538097,504.1886542752551
89955366,301.2345875642287
94081889,380.900467798602
65214899,109.55246123286747
95205973,1511.6568028764623
83140994,204.04689420264503
69014391,138.80050119213297
66919280,359.16850246858655
86299194,442.4438075252982
14394397,699.5921861085751
88465251,138.7861030840694
82447513,365.29034228623493
90676745,17.281724840022036
61229086,651.618928548342
30557316,425.50829596465746
48578361,57.204908694740766
29085329,-75.55129364794493
99539415,770.180078838659
33750162,499.2498941368151
51880900,204.747052672314
81942693,728.0707386170013
44828087,363.2776879388624
80752087,270.12773616465495
99218652,538.3823794640582
37433425,960.9672509375689
39115683,25.013744588886425
26601986,6.803279369708491
50469308,131.25992847860397
69872975,612.0799019879493
18483245,573.2883364848628
12588982,311.96443636344827
79454705,189.58470088103854
76523232,253.35017439384944
96131595,1247.6840596594116
99680250,213.9075307876402
82622915,379.6269993528622
11290284,585.7524808980094
80057162,481.61753077492597
72165316,540.5535321569372
79751433,207.85561367105709
33215554,158.83486971074126
42852506,239.38437143148542
56093872,398.1512797729082
64167041,274.06508064265154
83380458,2110.4696011034166
32651438,-116.59602331288141
38364846,-73.64538178138565
74621857,-14.51239617994463
62748794,128.27838150074183
71435421,-57.61387093383934
76163868,1129.8730116904726
14677956,356.4060840668078
48283664,259.8427986784935
93787027,364.7523439119864
75353617,1117.0966351702375
44130726,287.1566736346964
75634285,1466.9106794922398
27969925,114.54907435312407
34662422,291.18921948770753
46428766,261.3638816228579
40279741,112.54694406646496
58991338,1586.4488914889223
52295288,154.53956523482498
25429358,772.3943658589408
91223525,152.10374710253814
80429592,329.10864013559353
36010937,354.4231739437996
61652867,913.9644510785176
34655678,416.2895292344283
32281319,824.5954305822534
74717544,752.8800497942354
81780208,351.0573911759435
74117270,719.7653839038383
94663011,128.70161282865843
18715534,308.4983728462896
89926226,281.2328626808917
31441075,-306.43323427620004
85656066,459.8725261263314
63154501,-145.81903808008448
56954947,819.7655473577888
35193891,370.4508060848789
68045567,-181.8547922913066
75523548,201.19835944502734
80044768,224.97195720025752
80565568,110.16804895185857
58680458,819.6941301328968
93434632,341.3805767857764
38164915,293.1441506018541
39561694,370.90571623641495
23940974,1068.7845379069379
66689621,25.99145304260867
91586014,232.3431443350603
68610549,134.63817735124348
44648566,163.16101691928748
68443861,196.5189956467251
95300751,130.520852378092
74650313,185.08712740704027
78190939,787.5471038243666
79583687,114.06003575737907
78744133,210.65729308895777
19424377,-23.88627504703237
74426958,90.84068753151399
30714675,109.54071204785521
20297631,129.3359165793492
62326689,1956.6199762939818
72851226,111.99639782004874
94924877,-31.030640626342915
39912297,558.7223648384787
50554145,-72.67231542222089
51964385,-67.73806650430748
91524053,630.2666638923098
67059408,197.7205370628859
13707505,-8.371425966987147
96336923,541.5485721899
18937921,252.60869345302444
23247466,257.0795329653779
20718626,597.0757878314841
62001591,436.9401006565017
32183930,1987.4842354931757
29520078,184.48250416229462
20246948,898.4868703321379
12865925,221.20329335701626
75414040,772.6865245916374
29805887,1082.7203050012731
91828173,306.9830601064268
92911827,587.9397518743026
21259879,955.4324800973816
27730704,243.68749385506635
10805384,1001.3263692824773
28772124,520.423699724162
67895243,628.3608236571531
70282510,917.6088173998257
76926492,959.7936122424585
56029416,321.2698410658494
42166025,768.7304238894374
88855559,711.6536997415317
71679738,232.03379893803242
95011645,417.46313582784467
23391388,209.02261906386377
97276431,1099.9483944120016
78499453,1575.5291754765813
50845143,9.399907958730978
63593365,-211.7089694059483
44645094,363.02660415510604
92805008,204.4983635639394
95966284,227.77803240788035
86968525,-207.58007876191115
35459557,149.08782118153135
16959595,119.64184561793093
66852864,911.9717065601735
64976874,304.14060259716473
90803282,139.84961651511958
32597480,394.6315453408306
22525205,505.3022038567127
18357388,584.4956441748851
55224009,-172.85022889187854
12066751,248.13559497392407
51600054,390.24336492319514
33097870,976.0511315628235
44165189,115.28449998372008
92174554,140.98622162604727
75685484,127.29253130631622
79648156,138.08421220383536
34473914,786.9562028380019
42069298,144.05759086159742
24749467,109.1538995135598
37024144,858.5760379202306
53463208,903.3096235471512
61035399,1081.3451729492037
92975059,323.13439650112946
16258293,185.6108090757698
80353068,97.82784973215911
69637564,224.02766367331708
60889557,160.15105230666813
45682120,1311.820713409826
62566155,135.43300771713393
86829598,-67.45748847755732
77516810,1154.5438786301754
32602883,1332.2282125286772
99658649,62.45819227803895
98115366,1340.9890607663738
40551984,202.3491591720333
89171680,122.30656592199932
78104461,806.7247076493989
80805720,109.14826302555866
44701781,133.22048275751422
32357693,613.7680005471601
16257080,691.7145604615769
63758432,1347.550596549977
86560064,-3.073487211250722
76704426,353.30714831218825
29021087,130.74929286299567
30903210,472.1696016195549
59650055,297.76889721322993
16537007,205.57087023784572
44043751,-164.21601344421143
93550246,241.50907284014886
74795536,161.6984258233049
36252893,457.587138220772
60712266,213.6232056818235
54795015,810.2705736094454
59038432,67.59297976566324
53101267,567.1699113555433
96137757,299.7846043589915
61894184,834.9513605782893
56980533,79.20393705671546
40911725,-62.5520562326754
78253728,1505.765937189634
46517280,1171.5295580817562
98578100,274.7814195901848
92998542,137.63473251234723
85778453,1049.539346030235
67897199,169.43907289972572
37385434,181.06062598304754
29978687,493.2672194385931
63462293,373.34589091962096
82610119,373.7709324061444
11195863,456.079928420172
22813157,208.2872255426089
16061850,62.071997609439734
25000757,-193.12154393677505
23839386,100.32336149944103
62901003,209.49396128101853
85332734,128.07048494928375
41185457,126.01808815002147
32349244,650.9197641523531
75213525,1643.8152978418364
24267861,115.26867706270355
80759464,123.51901399344638
38052934,693.6714008429776
36983078,287.7231840624826
48438532,223.46573053308782
98811621,267.38314083170155
41602835,1250.1378077193654
79191702,1214.6642345140513
91526426,901.9635058198458
12436955,521.9539586405604
35460655,188.70111400980397
24893618,294.5860673051983
12318894,-18.615791398573947
75385870,170.2487037277025
24016887,889.3492667557257
93798376,474.29909558483644
10041197,483.01189155478335
44196192,550.3767650759969
34259961,1109.530559403413
79360399,1019.4771287146946
90648365,222.72221579031998
32784142,149.76750772358162
88014206,1797.7157866516295
47541115,136.64750566536406
81087277,793.7425679950261
99414879,805.3361606421076
96312378,203.66425162903295
45292998,605.7452261022698
62464969,288.4231681621894
89056154,87.92636920793973
43815757,230.27067089348031
36326737,-11.598560000269572
66733240,-13.780291039532926
82154113,718.6084598329003
75774127,-24.119661800456868
99633023,375.9547113202359
54243966,177.14613219420414
21507777,709.5276489794683
89526022,162.0465393794451
35342783,108.64282427893039
75576574,23.158602513526887
86207238,291.09884557541045
11999604,126.1170397791592
64241630,982.6806944289572
49681885,298.1287531220023
20476163,701.8003849585255
82534020,220.54214637824532
80449403,208.95226320567065
91978419,714.1988392376647
13134274,-5.098935208797229
30921031,332.3787420760309
35948510,408.7744332502605
37862013,1274.895936343177
74364264,-23.444446602523442
73089121,222.51249800372818
71120219,142.11130653713383
81357330,1058.0772867571336
86696339,682.4345028461632
32694372,627.1434692405034
86397240,163.23948005292004
75410743,285.84434505711533
54107967,-31.86777874113642
53182244,3.4087624849736926
84949062,273.0359696008551
17578514,-66.77265053897389
66553240,145.87713468419224
78244783,269.92575003733066
85750494,249.70930328279803
26835204,254.5145310391415
25568634,111.69313690288851
62833472,359.39000569816824
89441409,-62.7297737047341
30957350,126.09463015911047
83492659,620.7345698365366
14123667,364.5515381837953
81332426,680.390683491227
75963486,1315.8827487186136
97473965,175.27951223515993
52550411,326.0401411478889
38852859,92.37161297249293
86945814,22.604996249449698
99213841,50.0112266581246
93296884,1658.9524534756245
74681265,342.32720908240685
67628381,81.33234841931971
53194004,139.6151759981949
79129949,1009.7404927591131
21417992,-115.2264566708655
65584374,256.0032792702526
83994457,227.59070749404077
79552394,1240.791440249324
14169455,372.3964762284646
11006346,217.73570280257252
55920445,135.37652573632676
42183979,-2.5032201357153667
27236753,3.325757685443989
38623845,282.5077438436057
56539617,597.5948210492843
89514584,248.50502323037324
55800655,856.8326294064286
95341263,235.89425302845962
90170967,628.5442819268014
25603899,759.9304227156922
80752063,272.44355436415424
74272993,210.5267801776871
83204984,459.75458370788976
56041749,153.20277259526415
99929710,200.60345212976415
24093076,892.6346522535846
76171771,231.98258855327595
87313105,346.48588183506286
13150529,2697.19115917244
85314779,368.9831593422664
23218937,-2.7213853247810107
15797769,134.24619678740504
18451890,795.2793329588633
23712138,85.5998310515642
40201741,983.8922104371875
74044702,495.77714833518235
91758728,1062.642016159888
41605529,49.84478987309802
30345669,250.43531027902668
72490311,686.3904253829603
11341429,114.59722647210793
86562367,-261.9040921047414
65741146,91.31502224886799
28059650,609.16028681285
36854120,122.6100260053791
70514815,-51.245452455675604
28991223,566.5365874287951
34210782,724.0263081926926
97420540,1077.5443229472062
53582966,428.1875831865434
25471995,227.3778280152037
40521306,180.6222849166562
18442744,42.75349902637106
86475933,130.6459880929965
35156621,225.60361105108495
92398280,57.571696704001624
64419847,42.78765730413119
27879667,99.4840721071406
33454324,249.58578811812788
78234554,29.988246001542848
37295459,87.19694321280616
76464828,123.62503644529517
89898019,497.2162580264703
94459827,51.54405045976057
30672049,272.75485683629506
93226295,-20.944016891774766
66733496,184.37407302350846
24799537,451.9047888440515
30909458,215.8204945626485
20815913,1064.0278496353078
77231006,250.75152232604626
63770561,105.62998164393468
61281100,-101.7597610585625
25443496,873.8159190673057
90941407,133.85016774243297
85217471,1035.4860665845895
11330523,106.25264471206674
60135515,138.1869600044139
96537329,723.464264214015
89713236,220.63444016618473
87856838,480.44984868336894
68427758,-16.957175694268358
35697471,174.41287254821532
30758105,225.0361798586905
66828597,368.5560526041843
64179941,40.43650504955059
57531913,123.14519715410341
82276369,308.79053167386394
33117908,180.72117682344367
23807930,604.378377992124
58313771,-201.70419938220044
86361973,589.022350123872
54136725,632.6427624324839
80609057,-41.91203959140188
23386046,-365.59717274577486
88923790,661.2546702130082
50739054,1290.3799384367462
85701835,51.908968684677745
11164690,227.404459316592
60686704,454.1939660559209
56500955,377.1793776094869
92377094,343.75961291203384
27377686,439.9462398224641
14820376,-46.834883424816496
24454653,365.6020591904173
49068691,19.158592749465527
68870887,-202.1646674798831
40404763,157.9332063707517
53993271,288.1815245826509
76624283,-83.59245622120983
84681113,773.5295248591246
39182711,381.5172256834529
99418549,-7.588499800820102
54009403,776.5679643978349
15732665,-12.957298091476503
21105712,-39.800998368206535
76841454,66.47275813163145
77456803,420.7862773750202
94681649,241.01887554545567
42127705,294.9983907712725
86327920,163.15245182769513
49706768,139.62805089472988
47210863,40.2285149862023
98862874,186.3881115829589
80625113,310.48812280509685
13147967,82.74976747929975
79644262,340.35965088904527
40821766,14.520271578657287
38964351,585.7691785672491
80037468,242.01412327739945
10709528,249.65267156310813
14006566,161.27757485947802
84355937,148.69085740437833
68139676,267.2335177101903
51613745,399.93993156249564
77042505,55.58391352257178
35307179,240.04742578489038
43137990,935.8522181977171
60366178,632.7486648847429
28449137,485.7274442670508
54714633,786.8095035825113
86469326,267.07000821900374
81392986,-26.637677231080318
94816275,82.14131177639308
20992851,208.79115788724414
33220037,194.2833043956923
52922027,219.4597092251912
70522751,1168.1352609597889
35179027,279.6776117871058
11006610,-40.761785565075456
97027045,157.55975859384273
60842426,221.86876531150847
37962781,111.8184294667596
57446778,174.0040989337882
46803142,2052.931675787874
96412152,279.51824088909314
41948607,242.9882487638663
30401183,409.76118477068223
82446721,778.4066568439039
98640166,127.09479782657866
16426411,553.8159104428601
40919986,386.3563751215521
34959842,305.6560704407282
76545890,698.5409818430787
38671669,330.32700656140764
74577885,618.3842230689453
77894868,201.28020342716593
44132106,418.3145626323512
13303745,217.63071208137967
82202428,203.54550404937322
69359286,25.96973622305046
49249118,826.3708532736837
65186472,238.72039267702462
86728284,845.6462900077363
89113200,432.07628966814116
64085288,123.01613764558658
83095293,204.5325537709699
55834975,595.6017838016769
12408851,234.53683922581524
45102161,182.53757597905508
21425066,404.44489722714843
49253416,78.17708512076592
91720337,858.3293857008498
38125202,219.51803081369656
76716879,346.0165943973808
75093314,961.0203081047864
94720863,144.32660329672012
69306868,29.909541292744677
78783123,294.2434218629659
31503266,671.4158090251321
51221256,146.61399040624963
36978860,227.75084058217192
77102844,-84.10166877763453
85218856,333.84094430654966
64674000,237.97577613062606
71928536,209.34593922260922
71632516,762.9476235667464
44645677,90.63621196276694
27089889,224.41056310357135
85001254,356.5405735941405
80789294,480.17610739215297
94921905,857.5236359035193
87557595,293.5974121892758
27812172,799.6633266781332
70326518,964.018337617867
76820242,-110.22843493621377
37798149,315.07560927054874
95689974,793.7059921804237
86698149,-105.18036012794317
82332389,361.4088775650413
38769988,164.44549705153656
62104171,166.51544977869344
20008764,274.25102225795604
88250848,1315.7847438040667
99989436,73.3318830352714
20654244,96.49616059988767
63645129,327.1763024798614
66237213,574.2251997866579
89366030,587.6744879365401
43885604,414.85632975972896
20777495,127.71397135066945
17630232,421.9473875954993
41034819,835.3786265890703
30863558,1064.1512012517383
30990096,367.98624146494376
14528263,598.7654473148663
38046616,1204.5095585645665
21720690,88.23196520136446
41971276,52.75284387015273
81966182,350.2137467648147
81876034,274.947396220795
23233042,140.53953128431976
59959368,216.74062534426832
25429816,463.6790091865953
40884180,314.814673487708
88955672,769.1922169570485
43077536,235.95948008878804
22541133,1049.016498937658
98515757,148.58407902578028
96170890,206.19630339626747
33994765,168.6434305751958
91089578,96.61896435817187
38840418,112.2856340135844
92439017,214.38769592059055
30192634,252.67758919946573
30769461,134.554760280403
80205723,488.7949377725047
55131937,237.55685837022634
29185681,873.9006199891317
80773149,552.7519640847652
84757256,305.9245565559178
81505232,31.535931010987042
57555020,79.42412386925429
70106520,-377.6794637661767
43240131,537.1478001304239
57158414,108.86122791620039
63966023,258.8169611637236
46075950,172.54335628445278
47516649,34.12612604150178
57203804,26.47950176069412
99285503,436.57397639851035
23511969,45.06531120058281
78376646,646.68035782441
48884000,412.3700089255045
98727752,1050.5047044699822
82907215,462.4575706715283
72719170,442.9478851939672
39149918,-5.727795974959918
85435767,361.3289864006748
54111802,310.9246809295513
92599919,690.1345121847598
24226064,370.62260302186894
96829833,1259.2385192318036
27301621,80.65272292256418
15887246,452.6067921472196
51726302,219.38050778741808
51260265,1304.08026272327
45934883,-674.9004145002286
97289930,615.7129100155952
42847093,442.54622485885807
13695159,409.19668638128803
21664737,346.96627306129756
72162540,458.104249499169
45972276,415.49782905873246
71222059,242.60081812743715
18901787,-31.852014791244073
64794868,455.0953154651885
96040179,215.56698232811482
43891507,265.968969719984
94649367,355.24621204622156
85490151,102.2304633894409
51948440,304.31293132680094
44237958,232.74532031098352
97658202,477.7101017125617
77699657,970.7066290915916
23252427,1297.967095741828
10697423,309.6648545560579
99095154,548.8295647139868
86344123,136.82275208107023
32740825,118.9435970911926
39699187,325.1664312330963
79334316,596.3976450273193
13862142,150.28234193176536
95022546,8.672212907410596
85671131,162.42086607920373
13946093,276.5446041058474
71911642,759.8068341843536
74557358,1117.3349230974927
76424216,122.88932728254076
60569056,514.1941737075127
21429356,429.32439931938404
37147011,197.01137224901242
22363795,220.56997210503175
22711721,299.6428063804592
32781826,293.93706191409126
79919377,0.3008782938866261
95950869,670.2208378932885
67975454,460.7957091706737
61846310,844.1451817511554
47190136,227.23521799520142
72140487,723.1921328117253
33356353,442.51536609623565
57558815,223.21778001657663
85765913,254.72408237720936
67405346,-90.26258316012371
47178751,380.1825077873615
92743619,513.0600376788881
67809997,648.0017184960045
95649734,53.2493845183364
35761786,-14.793103753028333
20333506,346.0756551092338
39856656,484.769831531784
80659941,203.37654487993075
72539676,388.80409951627087
34808508,379.7030200629307
18684795,1289.9219012787996
60926773,318.6181955280981
25343604,262.09994120431224
85280076,-137.3581226779733
51516725,894.3849661289919
54359603,878.8523758178915
65763192,253.89262270787617
53926540,124.18014024110136
77237054,58.27119614310698
75498756,129.69117473389696
99166662,365.63102977180995
72410551,524.3650451461933
82923327,380.2130187905499
46066488,447.06215942421125
33059137,326.0563079046792
51480279,70.97155917929803
19373977,1052.6838977719785
90715980,207.48448482914364
56492794,17.850865913307985
46037369,184.35993431251984
22743995,592.2752361964993
42553042,445.38031927264944
36975311,647.1030327128119
75351486,-71.63651580708438
30981897,817.4519133456263
35580501,338.7478677624971
40483549,508.36027959530395
64819235,339.0926183438819
26688957,362.00259978610404
94904538,331.0836730863
46754012,-66.68884831528692
36796857,-33.053440518780576
28461943,103.26899900753659
14026453,407.706264364443
69053024,105.19372789567456
32733126,385.0577087818991
40931025,92.8200470021012
19427950,-35.44665260583503
84597120,788.9918006585576
18811334,95.11275064176982
78324699,1316.772417692009
77953974,-2.9617720416840143
27862041,270.66361559063387
37247191,310.65242133340985
25562317,-55.35693125603126
73172608,411.12675791439835
33104896,326.3785323250793
82319650,191.4105254274623
21799452,189.44503173110036
64888946,-74.37193383884136
97264595,282.8481491972485
10429454,15.85770653009547
61575325,573.8877885664222
56897257,157.0223291353517
37059519,453.43731849589244
52110520,551.1145014587664
81197632,229.60178634484703
78041929,369.1387308628988
62481600,162.0059234094516
79068390,164.92206557071347
35652591,-41.154296251227265
39694436,432.73988198173106
95898355,439.66741630221406
80006639,-35.50150921934704
53958546,2283.111827162033
58986255,178.19386281872937
35034634,310.1808547395833
21845497,229.39381925958696
40578913,373.990827468156
52684708,234.57382630178245
89834641,-7.6252178122861665
65511611,783.1848364835353
65731676,256.02489769587453
83770991,799.0913205909135
56280602,573.2883059620632
44140498,143.36192319657493
52748496,138.03686414038498
76136540,200.06445681421508
35483441,105.58220314575004
25193108,210.04142460643993
27434478,-229.79665682965464
84357441,1014.7006705184272
70840263,-14.524134944765422
45633382,189.5938135438695
68317032,151.62136651725154
73465107,235.29662293817546
24929921,545.3668458320018
87300428,983.0155564975987
69871020,152.03552113510307
23755175,329.8071913554726
91971062,200.5165179788255
74483617,215.6343780681135
89642342,178.89752201657177
33276861,183.21153226369643
18861332,258.77632341586025
77211245,371.64604123858203
52041127,205.00438601295548
95864050,432.19564044253787
82528777,140.3938718831049
62702832,573.1640562108119
24146181,105.84346859928809
90263367,101.46976555857736
47033948,136.88557928337707
97856612,216.7570785497611
73014333,1997.8199373574998
46731094,453.3006193562477
15781171,552.7681869854558
51156245,246.93044781105402
85958922,216.0032442710766
52550761,64.88263564229896
15567593,289.65540623170557
50279318,2539.945724083061
88796422,14.498068237965413
66724358,127.10880764237498
51443999,273.16852626577247
32661637,191.7440782701559
12999579,481.366423200441
32460111,20.949630535336212
70354263,-11.816260716306829
99768418,25.233972297096386
93597400,203.54579363252242
42968448,176.76404614482112
11447851,621.8344493354292
76146411,302.8733085508594
86917958,1624.7453721331055
57526187,-162.7693662507578
71062405,335.0772049910978
72847399,483.29873616667123
54891075,87.18838346122004
89841901,105.14729081971967
90056417,914.4913555332557
77892346,263.2183808054041
31627402,-126.34978879180406
78864638,134.04663084078652
16022883,290.95118287108266
21980955,199.68729429526525
98291218,73.22111631924218
37406677,1.54053710369692
73253470,124.20665346935931
80239984,1860.0636240820127
60323265,-361.7176639176249
93655248,199.50190012711073
58796215,-221.05370028907453
94203496,193.68997611368616
89472702,169.93015804252366
29142290,160.95257326325031
71021568,183.95330437500888
69197364,415.6659294572165
67499939,430.09536703556705
51780875,178.4040480946569
46941857,303.93226334109033
57911836,1540.116440695081
38559875,170.02798583408276
81398050,126.44151133792855
75334315,133.33467535894334
59308610,305.415344672335
16247087,507.1694372639587
43247285,1120.2564517452681
45215633,1294.6666332160867
40481058,544.398245083188
40365284,417.1090354849373
92836079,1092.917897797391
70303716,487.1789459395143
81749724,-96.64200378028096
41853820,945.1207171961012
81440480,124.9793649848092
84996580,201.82406252937153
35919442,788.2261445502334
19046260,-536.6838222218918
90423631,254.9027342688429
92961031,-19.86458481028029
89855372,-28.14381177950355
77816576,133.7454377381319
12194715,149.6782586258106
20115124,643.6750985699406
73703358,317.96122530629475
89792966,-53.96556001893515
43706254,348.00227087904125
70266281,58.06589052708205
78529732,119.60508884049307
31638825,2.068068303797645
58167471,227.55857531165566
93767960,0.7874891206507755
55879589,478.55760000122905
67388602,345.9690591805884
86008328,191.06862822905282
53844650,177.81767334191045
86660948,345.44906083074136
39941650,88.21735618031443
44395757,354.5780538019193
81989533,406.18919667435307
46504700,-49.73941269969083
39402032,169.15711649726995
85919943,256.6527625892189
80733130,244.41250822490667
25189661,362.5047749263616
14623666,185.37360355952478
70848155,259.74306340152714
68571484,834.715317746984
51228995,1228.4558249279671
49683485,553.975347805816
56036763,1914.6291227331258
32459332,-67.07277838436738
10860915,152.4785373015784
43696664,149.76822297435092
87941364,222.23652285058688
76183083,89.40215738430385
20966309,283.5963414424159
37699108,206.64901994901686
55952526,339.09849654015966
15616438,52.23628523611387
86514240,573.3693586002394
92945955,165.844339389295
63145934,477.0899202216319
58853662,824.4855448696751
79304271,304.9355221507585
24276255,584.6145437857294
43245413,630.0726649873268
59024690,685.8824868393074
13551336,130.56363979195265
44848614,-93.5719598681265
61087377,41.90297036205095
11885900,262.0510074610796
92535927,229.48661690963797
21708152,48.59021626399101
45352808,343.8597256836182
75624156,634.1850210900111
32001265,293.1862802383689
20413825,397.87303197719075
40305802,161.78309128956334
61861688,2002.1919051038067
33441351,132.20250027662485
30365812,-47.295549882380215
43625038,87.3674627469079
40659534,64.64373321701339
72885406,71.61437820052583
55817366,285.035617885394
78604997,233.8988450254502
14364198,188.1730978123088
70814486,9.07724423339647
71030650,642.6221028126862
93257457,192.80141632117954
65515227,8.18814081084804
23048185,1087.6913328415408
64021401,281.53078524497437
81601136,268.96745922030743
60464050,101.89526053268315
62126832,347.8387137313247
76122802,122.6511699024544
68619547,505.399697293807
69931017,182.15894665056635
52039321,651.3619807749214
96748453,1433.1400899898497
40650345,1086.5312219140226
94190496,427.53187234540496
40034795,109.77811879346336
16725203,168.3688789306708
37869032,881.8889977853328
87784983,844.5907044628987
67445694,138.50497975365306
44138052,160.29760721866035
56359862,178.2371183772059
27113776,245.54718273822016
73853459,-597.5168678345058
76284169,378.0041537387614
42581373,1091.6252115639113
74617250,387.04722438706926
29606632,164.24890766038698
22328059,375.41622710540423
94596005,890.3475173116242
73640300,318.72852418620164
52511016,918.2132162376488
63643579,155.07966108567337
73979691,435.6945888295219
76806109,169.4353777324077
67084872,531.3756387207234
94616960,-69.85104225800654
44018639,430.81074116145226
10369424,-35.49229996960071
19417264,172.31401670525918
77137301,210.5102716876297
33598935,51.50155756134973
81379316,384.46326254057567
67627945,336.2424986019969
74067952,910.9623619085721
54161507,254.7738619276845
55930611,83.29476776942067
64919315,452.2163746785558
92109871,233.6245646523521
88653847,400.2263739805403
50331596,554.248108259766
68139580,1095.8721325863687
80241693,242.16763030322613
74034028,566.0168346198548
22712040,424.524542179539
18212521,381.27560500363836
60434302,143.68275890727296
45427525,209.08337940613535
95853311,178.96493735431181
70857259,56.656737492458774
81477083,172.60751681038914
27723524,30.352893055753384
25206032,1694.5423637394833
12102381,491.8997506846762
72428170,477.16964889499013
27672042,941.8960572026062
77000429,306.35297162421034
95589605,101.59342765515152
44647376,701.4533271735042
21338536,197.08155730047838
13820529,64.64064015282014
24568041,370.16120879824064
90117191,850.1666460441738
45800664,-93.33972663863267
13557339,420.8142128503865
19087413,734.4913010558046
11616417,985.0837938816285
22015830,487.7644981216715
42617304,267.1807181749392
72598754,292.4257954715606
34839793,420.7622126493022
77660297,111.77983554903074
13706769,141.4537780992821
71694094,244.03227471976038
26712974,141.11462944326502
11161484,259.4698829147236
92404281,564.4207593540274
29267516,-153.04567992088445
44574998,89.29288773923025
66291057,442.43606339898304
13701175,51.82653928691394
24177160,207.67072185467862
81405301,596.8048724548935
11589439,78.42415283687393
17537269,96.15223097488115
98168887,570.9481842804588
57508409,174.94686932914374
83408387,460.3819245383737
43301435,716.5708677463258
49258344,277.4283204108392
98631322,244.60083910808476
69659096,185.60204717451813
99106028,176.17124197540238
37856658,136.5404981721249
42881579,70.3551779182809
77859891,345.0041177918165
81041727,255.61481070994216
47217829,406.8086420511895
53083229,320.7357523737385
79619006,334.29302887743756
87897995,2.7512735148120555
17964917,671.2001066592402
80568888,353.5452345816177
43042929,98.48877930687433
62796073,160.9282742587502
61083401,83.67514148573406
14141477,197.03164171478886
68306110,49.82916935133676
43708354,-28.8544437501194
73883907,162.75381758903166
75966104,106.379711300179
55672599,40.749835500834024
14917596,259.67879291242593
65294870,110.85701172865362
14049454,97.87216740047245
93295381,511.92162946715575
27730907,1546.0435361075906
52543486,434.50874972888255
79427440,69.5533845116239
46627987,-25.402122888613462
63096372,740.7719278834472
21047227,25.558696506655963
94588817,265.12426760973335
82925355,456.06662679536157
20239710,230.64724352918915
66560522,215.7025759837138
34394729,184.4841514668626
74199492,263.5422265858972
59577067,-77.70136684555274
69919638,1138.1578692431829
46718033,769.9595726471962
84917912,290.8248315113826
31599665,115.53454494824535
39056365,334.89582069977996
48895978,99.06928117321547
47094246,1092.5852556260381
19549587,433.9472382660132
18563899,-19.64201408333355
81642903,188.83529008670712
12095543,586.034335620675
67140026,142.76987915600046
11054636,637.3354245363786
21698635,400.6834820279473
23623849,403.4368972393778
71392936,43.64504453008408
83425325,582.544079088237
14553390,-45.17880484367299
70274030,504.2064960750463
19402442,190.85187555063624
11041677,-3.3307192215103782
77513563,117.50014613272151
87335721,390.6815494411039
17466406,42.60978161114491
11267365,237.22545046532593
89144675,159.3982867111024
89338457,236.73759703535734
87803439,371.9239061820052
20104582,201.18783497565664
95781089,163.21502641168706
66358482,-36.09325161833789
62863016,296.7072926601071
92557337,1317.2388722778671
10876766,469.1825749406079
70473205,372.76315911504855
87569671,1250.2095208876076
61139578,140.41926073434
53121878,256.5477123787407
15430462,235.14095334335047
67332796,728.124602422833
75641163,298.53539693850666
23552924,1380.368189174046
56332291,118.0193756662274
83472051,235.14295245388723
73213649,359.85958421714224
47802315,593.9005298233909
42459098,285.7793357331956
59654537,477.99688463567475
49312825,423.8377711081831
80983900,74.45226297360011
58178507,1700.3145111305298
50382416,200.0624833018245
66073034,400.02727990524556
43848284,244.8241431550921
85092410,310.421077256177
22321014,451.9429101954902
31162245,157.9079090320265
26802981,591.2703766850442
89737386,-122.8089295463671
22704344,241.7910548884737
56000373,72.85296528307293
96310766,184.38736054100605
70324095,-102.88590389290266
86441629,141.61470683050266
12514793,1374.2725805418236
89583392,255.9279579838253
36498032,764.6005939282963
22072881,92.9353148387001
23992589,200.37511371157518
25380807,108.7008201715667
30026993,63.242966621218216
65742850,-19.427256268836743
33236806,-22.248476804100278
64518820,335.5961474635284
42371713,97.7208729753832
47924596,225.99952469897835
55469978,982.0119039471542
29356220,430.6360521023737
98913649,573.6857410467991
22201860,12.531727784103111
17005574,428.46189198841455
61767605,1089.4383705941068
63003964,2875.030366216915
52904792,58.97428054991434
87014699,711.7891236183955
60476269,803.1570573245958
23374773,351.1616661121699
12887652,-256.82724214927396
11366466,-6.380216272773566
62053080,68.87186490076675
21354279,303.3352351113032
58635346,399.34223800322434
57475663,316.9506918969381
44627129,275.63006880959665
29419543,2349.241980686
47538164,392.60213326856206
19854086,68.47982156260838
63381374,57.29273204963431
55348437,114.30343387030865
80254443,892.0447868862282
23105559,467.17304480640337
25129271,-53.06126751421067
40257293,381.42037217550353
63509506,804.2625687834025
45432136,979.7279336770619
19785631,105.4949761030548
22859019,369.622286215333
36147504,233.08800585821132
54449509,373.2179796798006
81205631,474.9063883573732
98103632,186.5062845615397
32691265,132.804285998875
72768344,1512.179877047603
51890279,99.48649164520288
48043615,106.80159554532605
25374441,92.40754009043513
59962384,1065.882452421918
28910995,448.68056576264587
13141234,-9.353879608421835
50747063,207.4668814345963
55252279,147.6674831962588
52007426,1296.7605007876787
30847276,187.14884044752512
62106368,239.77659427101378
60214573,470.6680865346989
40002314,1429.2548176806686
32428356,356.8069738217715
53658343,681.6054259402883
29161839,165.9748284554064
46396012,168.3881783648102
62360708,315.01515111156914
43297939,-33.69637275169271
12562149,142.84125175614918
36028116,278.34827597192134
87330286,611.2203265487956
88119407,285.93085564911746
26750897,407.9526137165602
49969361,115.59319407239514
97204974,-377.1243757623313
99702598,247.13816303988722
52763802,-60.124240105333456
68901809,295.76939414363676
39208673,532.91927722533
54033485,14.88432205257476
54497531,54.425416741829395
53990991,873.649570035589
84489537,332.4923437676887
35670801,543.2503381305678
78791350,269.91356684944117
20845184,1062.2447828471463
13555027,361.8262038326666
37646059,30.06096313737089
76127874,74.62848553491125
92134461,440.89715934400965
35770374,358.2248995268395
71020209,537.3302823821238
34171582,301.137995905873
50654248,713.5273990654321
42458567,281.4931247458941
19190057,1608.237434579287
54080489,199.8963070585686
68542535,269.4752659512359
45210646,268.2998361910837
59714270,162.27711760116847
88185676,233.630516050035
71490260,2.7102598885679754
30639393,245.59418720975452
82576353,231.77120483178112
24335906,807.2777493913607
21049647,247.14696650998326
13781432,72.72410219061953
86079138,-210.46692281317928
40000990,961.2759038549164
73775201,532.9495057541764
35148701,966.9218677517206
81596880,-28.051585903850423
94320273,202.78265107607706
36438421,116.92216089141232
53057217,350.4005713286127
25248077,429.29527416474843
73038169,339.327964806395
73258090,285.30771922401857
87336796,1256.267215119976
78963426,14.329729265511048
12232405,276.8954079243838
86811261,24.71783426411207
43165541,203.55145149076395
83018865,1032.7220895708351
37762842,262.14107466130497
65591705,209.5089869513704
67890361,116.60039477546297
94753186,81.28674794723605
93051402,482.50776499812366
18623638,650.2205177051421
35256497,237.08126335329416
79246585,295.5496692510601
23762226,219.2680369245195
67287814,141.79302756663753
78864148,710.8739213125461
30658878,-23.297593663775388
97960066,122.95000901161563
19914732,293.16823476396644
23619037,104.35401830111266
27095793,34.94777169289341
83667300,573.3133697894676
76686009,243.4701390392746
79911388,173.36334501029035
36038618,210.30184394410594
91489166,237.78876644207674
64088644,508.95638062735713
10087238,158.34985199118887
68403788,655.4931809715381
95817054,189.68429715377943
57182933,1081.3934204633915
83941537,-105.9182258712043
86909159,592.9091281414607
45478492,709.9892543742992
84142111,447.75208854140055
45223652,1056.9915292398744
15651868,439.1848146671007
48952352,793.8918509352704
53380245,148.14662839185576
56211427,315.9689863224104
66961588,1047.7881421994605
38567012,546.1633286139078
74938615,46.841578312621664
81147200,985.520989340403
74772897,185.03688207438893
80316029,74.7043072053566
76791795,312.00615160418363
95549661,191.46467775835708
91524955,257.1796642439522
93849275,4.079162724349942
61885188,-82.93856481921415
17120455,838.2460006574213
71403569,626.6129255275406
57944962,195.85563043941863
72483844,197.45338488837103
45141218,499.5769552258271
47525065,477.7505436795161
24379765,484.7618875501955
91215387,178.88459137712903
39945150,389.387222951244
25481926,410.47029947192493
72167432,411.54335310888825
15652519,546.6548304796316
58079379,153.7127236802927
81779274,242.41955968777904
11313638,1294.5049552226105
82915596,448.53302478363025
12551058,299.52317218486917
69374139,429.5709205062292
27490970,359.9091223604522
28663701,365.85746599774495
51901697,331.372946184826
19964529,820.3766519284195
14203976,392.34101163048524
86724526,172.84344832223303
46513661,249.42086022314572
42464585,210.17876912894098
14360059,1464.3574083391943
72181637,465.5866659261852
78956787,679.0142057490543
30264496,311.0067943833843
77227528,1027.3559234397264
50534372,-333.05737896994987
12187853,504.096165153641
97814800,397.51591484244443
49704538,807.1888631445472
31844965,1010.8868991472366
89449307,39.95744972762367
72286626,879.7480661048348
90641879,101.25215552552788
39977212,309.3875039282012
56406335,105.99445806006406
46671061,156.1955455554746
21883230,259.83814287204575
57754484,278.253133404771
96138639,174.14068648846398
48581654,229.08958430167968
15477564,143.40025869740475
18367532,522.7999285172185
57040971,53.9563186274309
24677280,191.26151455481806
38279741,190.35128057042823
39630161,493.27166417336196
94354941,-14.995207504849361
73739305,579.8632056265307
36839896,62.211140186126784
60950133,2072.6928994505615
34560824,171.01779463132334
89848060,890.6290381927324
21727334,476.91829154309494
96402755,374.027281572726
99203156,476.1520402946437
69252455,1297.7544797281503
86645439,37.73437328783302
83677892,322.41905089457
22897635,199.9246716059447
45288708,1383.7545308407136
59969436,-318.04826206517623
94774349,25.25247331810351
16886474,1528.1325179785256
44198009,524.9975379191188
64700341,1022.987365517138
64505698,791.5784774457393
77323444,514.6864093836967
27706778,3067.6894086695092
59628829,467.1361350566806
55365465,240.6241894055064
69970571,1656.3396795471647
94271260,267.5303383291506
52700573,1576.5303286263002
45014443,250.71229749352494
71021280,76.14970812888959
51886091,277.1864198153813
91170937,71.23253038215063
92081846,-110.29717728106357
95719079,-90.2624746171283
12428005,82.2527374365987
38292857,966.2005861495034
75786036,1120.4627949859112
76868352,253.27695881830346
61787836,442.26299109835384
92993294,250.80237235162133
23885591,366.4519234397201
40800066,160.4323072397725
56146741,40.45055533558747
49447892,263.67369187433474
52965378,156.68523673973937
93685952,-29.347601187586463
89649731,235.79386712778182
47102704,296.34479654890595
52908918,242.13663960775364
77943419,1312.7140661277836
92500699,673.0806375706898
51420779,1145.9851019835578
72830394,74.98554250600262
72781023,137.4505322004611
16161212,508.4502880349976
73724856,953.6708219468908
76991618,803.0741177203472
95797758,329.59010860792614
82786703,253.02486450315166
77183119,277.92650865252756
56026782,230.96083075052002
16589083,182.12642025715434
47749953,288.63881558417893
27187508,790.7065548201379
51723171,359.9918190318059
56627258,4.26990197662667
75635227,777.6686159787857
57547046,189.91874655492325
36631973,158.03010734556176
17463415,-271.8203666143637
26674861,265.68947098999047
56995341,-250.47793169093126
26126144,300.25997604169163
58450363,194.22377629051664
89312269,84.81301594166166
16817991,224.75578925416642
84965319,699.5471214171562
43319013,855.4310981952633
44400321,136.92416062210714
80024230,736.1936879244547
74521218,1248.6324409307815
44832141,86.0829514949283
70162625,-36.06909892142539
43589357,359.3208817447701
14100726,16.939864728314546
36520084,282.6679280473942
98999098,135.89407973434515
14148442,120.24591101896476
90033275,192.9781908727
19819492,202.63195905853274
94929441,1326.4144938640168
64769677,348.7839530395146
80605119,324.09033201476325
61896581,24.914904814542695
25053770,148.46867224361597
74893395,86.15661866114641
53560531,1098.831077338814
89710260,462.8460541371368
93875018,335.23969010921667
64766158,1016.2806066525766
54305179,120.98172462566549
30403292,188.39095855995697
60767564,66.75197011387587
35303188,658.2957530210308
21177257,334.855069007908
15350431,8.847521377552141
19112314,393.3277292898189
10078818,60.15617389664925
23150338,552.9804651948497
47635759,324.72591621055574
30605686,171.38741209132536
29709781,422.1101809138388
13735642,373.72687035095703
99020214,7.360922084042841
28873624,558.7910148144242
70890497,1456.7439517767498
99675492,163.66362934316646
62216584,281.5606452371925
84668724,914.4051341094005
88738488,399.8997303726137
35683009,1292.7877375289768
72816721,299.95472460665326
19163259,248.87172059180546
51202613,683.1387442153984
56056704,41.84405415414051
49879334,182.95058422824184
16786843,288.38190528430914
47533115,77.71610766265928
22109413,997.5465786330271
85518746,174.22080605956432
93362991,-1.6015364869522273
16124077,74.88639519992472
76182432,-16.57676543759493
26790843,371.7444935147947
89672220,-134.40114489489733
12756298,1431.1905265626203
16926806,86.73367951688272
14000956,112.904678540404
36806959,-7.737233057345691
87017954,-96.89771889607732
43944283,607.625963273835
44101724,258.92612717611996
67316534,614.9551155213666
88490548,317.6480494132003
88665651,314.0450861503365
83830852,343.21890534663146
35512699,83.56236988388929
49228670,122.65354404990359
47172196,440.2692700870267
86195285,223.99545025476073
61100752,-125.52509946584092
23609539,496.222208961437
95881788,427.3895017405955
44925764,474.4738182750217
83971268,30.957573693718928
17370699,435.85874243199635
76384877,292.89206216891387
93972349,53.51574706404352
64752973,5.274092346596149
22747583,1124.1566759781174
38304968,-37.187298357576765
10235307,142.8364088112545
25779125,111.15423344330208
12843653,1183.686355444251
78094768,87.21506284251421
10635284,156.87421345277926
13687234,83.50521580709875
53936042,198.5487196410662
82732686,293.6369276589471
96543781,-58.848116602514835
82228529,369.5662732904161
12775154,259.5141425084586
55255907,37.25064343512861
32916130,18.974233189155996
18504284,954.4896290925117
65825890,191.37840641485377
33391713,570.7458600335392
93331533,899.2463438501845
89345152,501.2546237928947
46576484,389.65399399189425
33320733,-81.76090213466188
10724817,782.608837657624
41244276,100.79954896861733
39841607,331.8813843035176
59463885,721.8922825186298
61317492,1433.316657416666
33725830,301.14227448970144
15316450,-137.03495505729762
53318939,161.3035043385429
82300735,-52.29075734682198
44927585,349.86478893965113
80951510,745.6933791931801
51421456,419.6312719316627
67936055,1015.2670864290496
48065777,132.07956325415046
56103730,402.44667472843685
40566531,659.1305597316552
61129612,358.9995156832234
72015593,260.27439854173974
73826407,161.3478579808126
88021730,87.73638828211341
85653819,95.93475140117079
45194339,90.1331076089096
91086895,201.33199811561417
51919540,239.5864754482061
23157322,1489.9921982537305
51628095,740.223447266213
96537190,-3.4394658891775975
53402735,523.697772171876
36360155,47.260929536111746
37694507,122.65665587937946
83593533,246.8291282475069
24284452,733.8238879731748
21000889,324.1075390458001
18518898,165.55942906680548
11533995,211.38804708003693
91728492,427.7133254433852
32889326,232.87308235797536
16392740,897.0508986210618
93954664,864.2219411859826
40527969,358.1814246196042
13359501,183.29307275504766
54613106,1384.882370165202
89494294,-135.86273010622014
43243456,-36.16781880137063
49320975,1500.3985842932732
66824387,197.07713138596034
13395531,649.5572956356486
84702746,118.2159790370539
46376987,255.6130068638904
16949551,457.7287307258475
76113598,1048.551143659262
88051686,300.0880666191956
21575972,1346.4229311874294
25797068,1315.3336737420282
46519671,359.14743412630844
62958708,62.287285670802476
41163598,1070.8488183741704
90108134,513.3611041897552
40305514,213.0238619815134
28323820,140.2204157108788
36148206,155.76688665849838
41903222,645.975278511553
34111269,115.09367343389113
22460898,1171.0850651827493
87095926,257.81774777391036
99063606,666.0013475358987
41090287,487.6696072092368
76553835,488.1341512392178
40520930,923.0013231077273
72499276,10.723871332758506
40722377,90.01303429317329
23596828,-12.938615471321896
94118199,798.1757995194253
54177823,248.61095983555833
32744353,1486.722996099036
83540534,1089.0613795073732
60135160,964.1552782078609
32215997,734.0614765812568
60591783,109.27317683707315
75534413,197.92900166369714
74381587,265.09965450707205
83928867,226.79041342323887
31779925,20.34781067656445
71389415,483.1009722666406
36657020,21.312178423576825
52833217,314.6129977908694
43206206,410.9824665366501
21701449,346.86118166613073
38073031,411.60739410558824
34369333,126.23894853788806
92620587,132.46637513412009
11512547,2349.961417761431
81501365,167.4229928905072
91014044,325.0260359924191
90225400,585.7594772192565
77353219,695.5753364254861
55291546,653.1568359353255
22923482,277.46270728612444
14288303,632.1539941478502
55909136,762.2564666081801
41957261,192.96969234369885
17675131,226.88668065297236
13490253,-22.517294362039195
79023756,247.16139995975414
98393510,1023.5508584758957
36169986,151.63361435036302
98879925,237.77502223224656
64713126,487.9809342038229
54807445,391.73510748238755
76751871,181.08168158371484
98441518,520.339697360311
54149693,420.03697832503576
42794612,152.66432783345886
76036112,453.3927051501895
14657728,624.9868031486208
73292737,1554.6979137996047
37897222,748.2021984296146
24707301,759.2019894575997
54570938,1433.662887628756
47969890,23.013017567314193
86391847,142.39647471429578
43251995,289.860097563271
61789630,172.72790992433477
12601759,325.2209188635916
86045386,157.3137117543555
67870680,405.8425369982598
92603070,76.54759280560171
45118743,443.3056848420075
40352166,509.60308756872746
96817260,727.0660075783892
70031890,1263.4914470500387
18280163,1073.3717998188295
84418154,1459.3845234297175
50657043,-20.201694464178445
24196657,213.9205509152465
30339428,121.39288937672592
97021401,480.65567100694307
35926246,365.2084566929266
78296017,99.43821521787982
91378970,313.7152986172406
80348783,367.40508553200243
90424864,220.07183149754349
65449342,235.5618131704215
50552285,497.236324345616
96371635,341.4291675311846
72833770,387.02063149248886
94834332,1032.533840238391
34291304,1198.5642175618154
61020465,200.56643681034825
58556746,376.42556316836874
39138083,435.6332443927828
25334186,210.66890484550993
34764813,98.39399450639968
37404139,148.45560828921873
44171473,422.3215447554944
32137098,119.57753477566558
72644851,1109.6084778500099
57301182,-17.64578793347988
68777856,305.0853154274689
46687209,-212.59189352650043
69167315,401.8629042676008
82057134,544.4026330631837
28611499,176.22279878122515
73817431,279.5535869739622
66885663,1052.8376272130522
81244724,933.9425767585578
17815149,302.6248089364202
76792976,238.02676843756365
32232188,1113.4095281411464
32884692,218.109994239853
51904668,-26.469353393605502
54177086,1510.799231348961
79785130,-160.33546313203124
24791309,-77.37176410826203
79748184,97.08671763113091
71076766,602.2462278371186
91713473,206.87177961941234
21889636,93.02993659851722
88684450,86.39722847044919
13868166,597.4860474442454
72609306,19.987123826992274
40230821,667.7556160234112
65326864,-39.70374270265165
47873334,-2.2515156990724563
38502225,-28.125011326190133
78086792,509.6926060802299
19000370,1009.9067685788737
18794356,969.78729387934
15695931,299.57187472130624
69820899,323.2743411217833
42730808,198.92365649661247
55693372,348.30115987989984
39793167,588.6468572190902
42174587,361.57152911333264
17562701,114.62319888724119
75887228,1838.9916181136218
86381737,112.13247396534712
50478816,277.8090580111732
59640073,-160.69406200583433
76678970,670.410427673839
23159711,48.33793719211155
74146213,235.67799172634977
73679527,1304.5192127234807
83678670,89.64511885526224
82153168,917.0428479307641
81585077,-233.94595518782864
51172809,506.6952463374578
93348209,164.26829350349226
40526730,115.41560942787152
35477741,417.44406890943196
26904107,382.23969405378136
98083773,23.475234062161803
62394914,268.71868159768815
38403298,444.2382077025869
19395977,143.77011775351184
28561023,1346.8265125665375
45885910,101.07791340473091
95086890,312.42747989597024
19776574,10.79606906608899
60586201,-284.12966539708873
89147481,985.9963975304802
47209892,305.95675578475186
47476854,162.70157752928355
60953282,263.1861634464882
72001460,411.9145448539616
22546493,93.50327444062555
48912589,579.2111874455841
37241017,-16.196215856700007
40152795,245.50498692950487
45771924,360.80744513819445
70307319,428.35159019758237
42825484,137.3103153123235
32535623,527.2026837138114
54789245,121.7195570163575
72682970,432.4215909984247
51218700,649.8146438146227
16039328,196.76956689065958
44678506,613.3487117496708
59530373,368.09882306722625
81467001,91.1344220893339
50258434,795.8254703034468
27681355,83.90599045165692
69431073,609.8950901737248
93968709,617.8490219922704
56478207,41.26988752878731
19466001,717.9776964580831
45204787,268.51547353499325
44120969,375.03351460300485
11347094,-11.212109238421192
33817003,506.9510789418953
84812841,265.7705897284709
82947487,164.89730039677966
22317982,365.74337325697354
95086863,-45.13043977355761
73084974,255.50178663022484
96665202,885.4217555870998
52954565,488.0180138627843
22781049,83.20017375336988
39742164,-50.281630179331216
20712973,104.03932076849645
76124953,137.1567482728318
53726970,36.57775863010721
30895251,243.56669311685505
87940348,389.42581556894174
95321478,328.5100742050231
41613207,118.05297785316861
64780104,894.3334615614724
72574405,848.2319068902805
87909513,-62.62535759617026
80918662,80.41797555714402
50842195,13.939492049256614
37167999,367.2978936645426
56430683,336.5720277893356
62519911,861.1504852630717
29251792,103.00650750467389
85925973,115.655549256082
34644536,409.68311151940804
39276706,-874.1986361891258
81892516,-107.51212070095522
30222761,871.6781279122317
10422044,662.8901509517837
28074362,965.6037006147938
64967123,96.91395568807332
38282963,232.86519658020234
76769818,222.58720145524262
81835353,707.9487954350225
34737343,1690.9669781624061
51032996,127.91775536340651
32565254,444.1041537120361
51764743,438.1354984606735
92831396,106.09159893084671
84077215,133.79400703047105
77480283,925.0108387937632
52724196,105.18496821090241
78039908,265.8875963425729
46605850,1427.6966151421316
61041851,180.90372976599656
10551671,-30.700570168087552
84956232,436.26149658257657
93609795,735.1870684391079
63261476,218.4306227185175
78773692,547.7779455791159
41527728,1998.3477209833704
86838609,154.1893942243405
46835475,105.95906624320747
23285553,514.0301491196649
83082562,398.9859973276896
33889237,504.58223038061715
46836989,212.60086995762185
42683388,1484.336936130271
15212938,-105.25537927639834
63857629,74.64434135045718
71736760,378.4942539938892
41166882,153.4153190777239
88287708,276.15437615992937
68218612,1011.2297162144318
34505104,242.60414763012227
50756606,310.5233663303577
40004505,142.7962756859796
89798576,243.02120505457174
43860123,459.4038715372441
93655218,261.2508301793324
71051446,580.7612052551862
93380848,585.822290115446
27980449,298.8058713102546
57084880,551.011133276538
46438239,184.74166410801593
30942515,52.46583200432593
19590564,384.9452887816335
83623165,126.40996599718284
76716085,-370.11118916089026
60666996,-46.35559509841272
78361983,459.0743755092435
72701952,472.2635132759167
74922910,-158.5411646139212
63759907,144.0676318390631
68856134,227.8171980003233
79795778,108.66812822717714
97178936,971.7223245282444
56185778,126.55012288774736
48290079,352.0250152752044
29392023,785.0604065561972
54780943,202.0332674189725
97751068,-81.91344592869467
69746506,256.24624324100296
55371174,303.31263140607894
67781652,85.83959889671002
78245291,118.5360320434591
64158812,226.3855795922542
60974365,274.161076998589
12800790,234.6269290024153
96154030,858.0394814152378
98482327,354.65195062478847
17464700,404.086852615766
56270967,474.0502479732552
46584495,227.3913651333114
72785702,66.02892121549024
41281460,36.169688452286834
80424496,1914.8815948495903
18835766,304.02919620164994
87502261,27.974386588134223
96135205,-45.03344706860133
26258289,54.074301377800055
75302604,891.6281579109755
98645752,146.59725669666773
58643859,961.1835456450856
90141148,287.00658871020585
52181895,125.57156793829517
16710404,45.741326681706994
26056734,1212.9221828509067
39602380,822.0966006583526
66983144,667.1241409365398
52507579,930.5245167465928
97432890,67.0180432304781
85547503,476.0048483072435
63906202,357.5182410738373
84599750,90.94601740319848
84325254,39.21075206656326
39975048,106.15324397483522
81574706,403.50672222654646
30468791,743.3081638944575
97533812,148.04223638210215
18711694,27.817523842689354
51787778,1560.3936393976767
61409887,153.45169292891114
22014620,181.24281226690664
38836545,-4.625893226644166
87391833,174.95683441367726
69117778,300.0434867433032
68122788,341.55846727314054
51241051,464.01923472564033
87186215,88.72708502934267
84468326,616.9002933450679
86410473,1593.737855558725
56236242,186.93985036806112
59626902,649.7251284240233
66112801,15.837532878128513
84626603,-44.60056028340472
68630773,791.143339116941
33563434,1041.3435029451946
52975992,606.6202679850493
26817104,335.54002312733076
19501484,774.3633101559783
62595745,536.9319227358604
41563117,230.95203853958446
52796320,152.95162389465327
21489695,314.2931443140328
56658010,205.6263224988852
91048109,593.5792351737808
68814610,-199.4633117132477
47089966,1263.3973621650373
79261064,39.09733295463451
43267298,334.4477372094834
35491922,204.13638595919133
91103900,149.5896471033251
81885878,303.0487009792955
10004659,138.93045321555496
49810234,-32.968380258136506
65062190,134.97052847820476
57566037,860.9262584441606
55754004,803.1633011693916
99179360,430.4539478030048
67491962,338.7436746016658
55660033,286.9674498583769
96584547,231.79114894988038
36088377,119.09833165162149
97242422,-168.55178647204912
12109366,157.09280537448797
57248099,726.4664870297352
46843789,790.5312815340574
15574311,233.7338675140793
39119987,617.7002054347296
95964371,211.30957104615993
93965777,343.4184689385452
32720737,258.0520691402138
38011636,-94.18303561075288
28738450,108.91425667844192
82845868,379.84435933291627
92357814,1202.6645386321431
94273774,209.12733094956388
86770972,609.8115759483798
95965665,472.8923755511105
80658412,175.02673236761177
11188732,5.302580354068766
78466957,28.710988766694413
77853776,137.48487364784194
81589793,1149.743318277749
49765777,81.95025653802969
88579415,396.560902036347
65011154,87.07549021270569
32352609,249.17501817499362
25644810,273.97889513494727
36867135,233.61508115427728
88848522,219.0250606612492
54293859,493.9006388273847
33019527,220.68663090785878
46924492,192.6707225716109
19488750,133.11526206037962
94594464,89.18024440026238
73247876,17.027401608313482
71373451,570.6989726755097
27655514,72.95033196425089
94112335,144.1818431887317
79135715,170.79284071376878
69231521,281.83526200418044
11994136,675.2544202142221
27288623,564.4933820298784
88123955,181.64659631676102
10000265,278.4951689647104
79772833,200.07724318196676
93882232,1320.1431125176944
32109681,184.31267457132333
65404136,209.3349110138762
33831079,557.7176438285395
71847266,399.2679790003124
81003839,754.7574585797654
19285579,-9.884892307330233
51911514,426.30032907005864
55539434,2064.3057128896107
44536751,230.25035539382895
70028057,-21.93598452550833
86860126,674.1140650253451
64254454,304.6431892277295
98284782,140.5545504165524
34610652,150.613601304643
75568847,566.6865057174116
65674652,-83.4786639733216
55019276,476.72821785189353
55592552,579.7753530396578
94267636,38.59907371667191
69222634,73.77873553665063
85591369,593.5083494473822
43835656,129.95630298171358
87803052,573.3915919429664
26232040,188.60057038613775
91061668,168.0245356903797
30001734,436.41547946451135
64074995,803.1340021885364
98892450,191.6165969041126
30473837,155.93241540338101
95158643,166.24265835116762
42377220,228.89665070793876
64814717,314.3696620061136
30148862,1222.7616772310612
62010302,208.41457898669478
99477712,381.40585795550896
70875105,1022.0771606263963
20465640,545.4376604613084
27850961,509.2049315028722
44835254,995.0135773082454
37634561,166.92746973135934
46702648,382.0296757554818
86839823,457.5929230914228
67985741,1445.9536472884706
27791703,-90.94916409058135
27289673,917.7430412552017
47043760,165.7622579729201
54808934,-111.90653333146241
98155995,279.346375134234
69341643,725.2059189998874
19401682,312.368404725883
97496254,232.73286957640744
26009392,-39.947127610437974
76357312,511.6160684718335
60644292,190.1270089713098
92095667,85.89180003034176
16021125,319.49620183854734
52662306,209.99361674703857
22527415,629.5058593288778
11178457,462.36544521756707
19452873,607.5040944378437
89463603,281.3047999818531
55778959,73.68401623359023
45079947,141.29777254922863
71913651,453.5678087711208
26030335,184.20685690674702
18887144,446.2059937657207
67192573,370.99122528238695
93955593,908.71876924809
51025425,86.67602863628025
59882564,472.13753499959137
39586553,426.86962823275053
10235871,57.7785439510788
44636319,-147.73736744707185
37290007,615.5288479590687
14108687,466.41058415613406
34932666,36.580458625684116
80941617,634.7153920011972
54682782,226.28937342060112
89652985,458.98015436761295
13137515,-25.20762739754656
69623259,84.9163304552701
58672181,228.50713632078134
19145583,97.66404552244711
15756823,-174.48418864238909
48404289,213.58885326480504
81082424,690.7296480849107
73224913,371.3820302570497
75845341,-28.913449682214775
98474913,51.88853150312315
41962691,165.42441215869485
48961741,279.672753007658
87593653,138.30217916208392
84917993,82.57078774624335
24081947,462.97632416000545
54462462,254.05426016813192
51963469,1087.5591097063207
94467679,136.21108786820832
31642363,771.8092613958104
66097711,106.29396604929673
12884742,29.71235033337797
94999391,106.60562733853158
44605879,816.2124144128677
35787017,404.7757658704221
45450960,635.1796893206878
95291199,215.71678700428185
96016558,1351.0664417183177
84566828,64.27884220503637
47412693,125.22314597624319
49029700,-40.54294710854407
60010012,-47.05506536788698
75883768,147.8994941816569
26202342,670.9917749267111
42317663,253.33010051201006
81534336,559.8800846673399
89007837,179.82042494722566
55830410,253.05155446679316
42889086,365.27584245189325
81610198,310.0782941409792
17452253,175.88405020248854
71203731,147.81232347939454
80449971,1293.48604486035
69429731,255.45342482235185
54605956,128.56501261044156
34299688,620.9735740453123
87819668,1149.9948843139427
35995429,236.8153921793006
79395935,214.9333750390906
77309412,361.20332098285894
43863935,526.0838458950748
25184246,189.6451794605855
36615071,404.71548177805084
38474717,262.90234692653576
93825316,338.66056619480673
33683398,-153.60838649101885
69346242,441.8586591400382
59095929,470.56642944945986
87118088,668.4240545214464
45924958,244.59381620763406
78591323,91.0416192873459
37759814,991.2075495657891
79378632,-100.157476844033
74799649,225.88150783929495
53222755,102.71868426193714
36749663,320.39548156640706
48476133,123.79634366924267
49028666,770.344240473644
74177764,186.19801747504164
14771208,33.703743797291395
53613430,312.95451955051635
58749152,196.67393438511226
32751897,62.36746715726332
26470651,-106.37619298201611
35002941,232.1817421253004
18541890,299.886445237222
57596711,851.0923466049439
24072464,153.52138296662417
31435093,1535.825049586909
30602585,133.19810917594737
75360000,344.88892345727277
46273615,168.58612053765762
95181699,91.54024850682379
91310621,425.6787855910168
82017783,-37.574171834652816
70908643,2524.591976973379
15861638,159.80211936725243
50835625,155.33128690177784
28964861,944.1099199023847
29864397,1405.6911334193405
12057084,566.237145073087
28334945,229.151880534886
60084019,380.1701615179095
63996133,65.30418871530225
24215888,256.22494068420417
73974645,371.43982335471446
75072747,135.86232655144943
45633768,436.8236871285093
35646913,479.4732596147412
53661067,229.9935278486456
78907585,299.2448067010457
76922109,459.35004638823773
62248680,299.1271875414519
73320273,181.59016466347452
22179940,156.44593170957512
26991418,283.64986723141567
21855522,305.19740074469564
55265808,370.0270509100566
58224140,439.01300371056254
19913819,235.7494323800987
90275479,180.28114423241732
97988475,125.81751092483262
83636674,331.222155143593
19875524,1539.1148263568643
90421480,96.92481762422517
81793670,310.5154792711386
85521270,1361.9534856816247
97359529,-264.2802276815661
91814930,822.0411127262512
39016297,195.07524000145975
94156929,294.75851909641676
45023538,97.4596374127583
58269517,-306.6903085677511
35694304,1072.7147613572847
64951262,333.8766667309636
95920942,107.95893921765787
41847450,929.3042795994709
15255858,-122.59945439976002
95924527,-97.31330196777498
12518283,513.2655077695855
99811369,-41.76399952484451
59569343,386.8734744724741
47206769,-6.41026666614124
51079651,35.622739873916714
23194465,633.2389077722013
83356805,436.5562986670608
26586384,-112.09441183178592
55548495,39.354531956702886
86324071,-132.4616427425737
75101749,91.53133354391787
16463144,107.34073433198364
19396787,136.54204501745778
33279246,227.1607265210083
49233593,203.81096011553745
48210075,134.65424978180636
55054820,298.19055104718257
96257897,489.53942715914116
51430742,1062.0615864289703
83437485,1.8965110777809286
50578351,422.08282242167945
97275251,545.6806448616725
16222585,66.35381955631539
39525336,346.4503624354986
78481250,388.9212592244613
90967247,278.17710711256893
84855982,97.80685302422836
57782649,454.9952713863486
77997002,1602.5930680229974
36215630,267.24149725219024
95580912,146.59733129619985
59034107,225.30845643854684
74775777,214.88591508682407
39971311,1102.646376012184
89020638,186.52325364618537
51169286,109.17517979269218
99644215,145.29016584104318
90744203,106.13063058294426
96320211,1266.582379545378
36465697,157.21826141295776
86214609,546.4037891317744
81033519,627.7136945785893
61860616,71.91611877930177
11758072,663.3127188092456
72796099,593.42731803843
12154166,542.8444874628715
48588483,431.3853889997465
75800458,169.25245709891828
27360889,9.251903480514954
84455620,526.1098964204793
94594944,1060.344692442693
73063439,820.6713645903549
81513909,481.26311291618526
76078349,4.671921053873973
18738053,64.7256597921849
29574045,757.7009831065029
80540560,-50.056745378824246
25751173,44.9643237205147
26008933,1521.4561794353658
99638568,615.3053991334037
16106243,519.0037796790381
46712863,218.35406554386793
62434322,-39.49388870712386
41483187,905.2036817544206
56776930,410.1476972454742
79612305,134.26635780625037
64780825,200.9391496839214
45536007,-219.2406953094765
46661025,1926.1143549075605
77061678,299.9534252955092
60393588,870.3980131296823
63346660,345.5996001585179
27845955,225.18079975663068
55504400,675.0085541523608
29005367,298.11063904154025
22069246,189.09814717889606
84008491,738.4865809942614
17133631,360.27072476606065
84832150,-20.117390878671642
45723864,480.2152476726437
43493787,734.9762419795231
66097518,631.2703157427302
70168465,318.7722385454807
94063743,301.2751823216528
14576418,1082.167306807393
67277120,166.93443556577813
94345958,86.16773960168342
30685847,79.12802402499165
85948230,103.3237442459689
89817663,1.1498588092014188
32957921,852.1242777643831
46701128,484.35398283842653
70035645,240.76339632860936
60395047,684.826658196457
88839252,1116.580905576439
84131490,216.53932937661455
75586325,167.4351665929546
80103534,319.8484586763449
43032685,391.4030133775458
15972126,31.4623404620624
41404247,356.98253536177003
38893753,649.8227137659126
73633779,933.4366527779566
35904393,206.78632663071392
24714022,500.3344242822993
19048345,1424.1130130485467
47004008,54.49971778756145
94742593,601.493755647997
75269823,981.5732904767106
25552669,78.03366758714031
51828771,209.3122716353064
70179002,1938.0042412174266
38115411,4.920766794337965
40317565,236.57064658587467
21110207,488.9228907520421
84762082,245.9223954582012
48690899,781.449593349096
76594160,53.37331532517953
54192522,360.86553404534334
72813893,-162.43354893095687
21004583,297.96023803211745
64817154,269.90177198742276
42706195,145.06926952940944
48103074,1092.9089712887312
21878260,1019.8712096452227
36272220,75.03709173207739
13817497,940.7527480542549
41737305,842.5843631616701
45517239,366.77841450093206
89500514,815.1682596576713
35952974,301.5630951301937
79180368,286.829341562693
49972479,589.5609355187912
16468436,-100.00804363980444
66415757,47.41866161786862
60737619,791.905166749204
61065232,218.9424535472756
40172654,37.977764994290396
89609665,29.060687037323532
23952725,-164.7395873015103
72896307,68.52358838048218
43835334,205.04546173679046
15170417,349.3683710730255
67479665,562.3800498265481
33361674,-116.98066894805788
44130617,386.4917247843225
51579953,167.6535151789186
75908580,268.43780015802906
55554604,202.12094517761477
78855633,-18.968325523380088
16657542,869.5751434863857
54732615,632.7957161132618
61746292,453.65070803514027
57869356,570.5004907585068
29926611,296.9439504674143
75275045,266.84161966838724
47886535,241.02929860237043
44918482,430.218765241925
78968246,395.91002216948414
54136456,514.9435159455838
90807736,120.80822481564451
60276696,414.0278262217404
82048962,84.09905152042984
92669446,146.243736365122
48680297,157.594129027363
20902349,178.03809742095905
56991657,131.73461702354905
47839152,118.12053114656499
78844128,233.82388884209422
13384224,734.6994074429133
46213331,155.59589162838267
34116626,162.8562227664661
13884884,64.08326649258566
86060261,467.7341671604188
33698474,172.26989701221476
65729973,117.48020993192267
10671871,667.0980368152366
35704807,129.0971492334623
55231783,102.15011552237308
62208192,1039.7954754066748
67563103,373.62327936316854
72548470,352.63089742727107
35725437,805.5874867655052
91119982,396.19880488787817
58303560,379.8625596766417
48430844,128.06443978374642
17825416,441.14253062521993
97821966,93.73568479221905
76538437,1027.9047589915378
46855429,297.6890550129317
70135617,369.2065954638904
68330883,573.5940355616399
82205109,1146.2356738042356
47743752,-27.371943003617787
55059767,677.2202606726669
88243398,852.9710819509
44699350,447.7554738400863
35330178,347.2506700730248
25203468,96.15062307976638
40479165,-90.6763105455841
10947997,165.90782067117937
76351104,523.078065236642
11445786,503.44595886061336
49470754,198.20286383495113
25466549,83.65991585698043
68081302,225.6465099133576
66965573,80.94750547038029
91230160,253.98039397552168
44322697,236.25774191387154
17542284,279.5030032222643
43035885,22.93044188697729
73926094,276.41756621673414
64948505,628.8519940374465
78950808,370.7360999279665
38422125,282.7465860441431
70854487,250.7090816604092
96303461,584.5077571690736
46698218,18.305231857950673
42918073,175.18644366539115
60976113,224.30762954529268
80414616,157.77136484668642
11919826,586.0558644964729
78548658,633.3269040200119
21857739,-181.53744117720686
29877271,1098.3431417205884
12698388,540.0823215906817
11871707,765.3135618914864
80819542,212.39059783916798
95941128,162.81754068408338
15401105,157.48946912292706
32754426,269.515304178007
69235267,57.80285356155946
71590075,652.9941908932465
93562904,538.9415673237195
48418506,199.79448225345527
91190923,505.5819275002674
33120061,2136.591150927065
79992717,282.2754734076725
57263719,303.77975729403306
97902872,1115.7179944750053
11659952,57.815202588589614
19463140,155.71632149789468
32523829,1843.2267166786123
91862885,727.2374528071377
72799092,395.5954773979287
53477503,125.9130826932759
66993460,133.94893396412027
13665562,410.697693414289
80709687,673.2815579624901
40330962,268.2699827327772
42684844,131.5171386556454
27675885,91.7070207602494
38250322,525.3819641587975
63478776,-16.436788650142546
62285686,205.11443738450873
97553472,745.0392733412043
64732641,-24.104623860407855
10341748,664.3549431161994
34930451,337.3894336739138
53726168,701.3227547667107
69426758,127.07871974011135
90029637,459.7283836587619
94611401,976.2311479551856
31394855,20.278514793381134
36645175,-69.53675098893092
56281801,940.4067675544663
12148162,200.29956084185596
18771087,122.51402413697537
15509457,504.9617928811746
58811830,109.84073430549489
73003066,23.48120023239761
34190353,225.69493444888917
70731913,333.990227408559
55320872,969.430328176536
41886703,158.13850466611962
16884593,120.59261003204165
90415325,1656.506810677051
28408198,-301.8044780253233
65914001,507.42030314661486
75122895,186.48895620298367
80177938,1484.6919198053051
37984269,429.6530719228134
81491790,188.82669079757306
37294085,218.78988127084506
23335477,90.01686361210949
74996570,206.95044017557063
11602841,1137.9228574121769
70152712,1938.8892436887231
37504288,-446.99206751907707
76619689,87.20135032192843
95075447,719.6425396655129
62779399,1227.3231458918751
66278648,370.1084423343699
18002070,-102.11180460887817
94135062,973.1856313986314
74396322,372.793007448543
97169764,1902.0633506141867
84630384,345.0935401497318
46052909,1422.7649198748072
60213474,209.87352776047828
33797784,42.5775752784553
59759309,250.80054752665467
47001738,94.37379116885808
76899861,2.5182583139360304
54444766,1399.669259865638
26850612,813.5828958190077
22468145,232.2933590277313
39243645,263.17056376953553
35759583,142.9691741307438
92468992,42.50375418345226
68717112,380.22729759763024
47344834,333.80451352992816
52115284,233.3465879279014
21042322,-118.67444264341924
79258805,1316.7865468064788
51304748,510.0231006485159
23253686,54.08381600550268
43275074,261.3072087630877
81602713,405.51934680823354
60924053,787.971247543335
50363853,268.26710049312544
28412591,114.15245311505197
65145713,250.62527159836088
47077663,980.8375718077918
58136966,147.65102647582376
67034290,151.46469173758646
72057747,286.2589171739197
78034116,96.94578545054605
99365155,654.1346804683164
56151729,287.8177692709098
68997667,230.2735520362561
46532370,271.41259748164794
43276809,150.63023196365407
70460118,324.41560955623413
66150334,687.1027970534685
92614050,552.2553837719486
69313526,86.00500917934977
70949373,1006.9281178891877
98595102,175.73891393308475
57731071,154.3568115079023
58855043,169.9610075580107
45456441,112.35514677186177
39733268,178.61532232320667
71064725,100.42459418764224
29668017,305.02739091987996
94555207,468.94141979485823
60811404,1153.3780912791003
53154973,126.49826500311599
79534885,194.66714042124408
82049293,649.8151153951287
19578533,-116.54673789720107
66374977,16.108307245904598
16850211,-105.52336999075703
98217866,129.22269387588665
33773989,1508.949241234777
14998381,550.3149580265451
92421507,159.47398140034124
66591282,203.54885440741305
27243576,-66.22885659796424
58962954,24.109058336810676
62891715,157.25639338019005
40256776,-33.17816281902708
92014626,1658.6661528776835
68868046,144.29357453488922
47811896,766.7836777144837
86438296,284.7573781741712
10421272,362.36596391966896
56519274,172.1791945668075
84854339,120.89832780262384
95049673,178.03653367025595
65578696,290.66311679178557
85747970,139.7225134563471
69874974,631.3429461196248
34594425,122.14588773440823
14874183,452.8612552870053
91643227,260.18599528197603
94998930,990.7681127591284
25184219,-387.3507246174892
78637662,1846.7807683237475
40102355,611.2735615818349
33004293,97.1134536706511
85498300,1249.9663463570516
37721019,179.19125953140883
78482421,158.1454529490304
81912650,215.875368089924
86410146,286.925325600026
69095320,159.9235254776088
56569332,31.067727703671324
97340317,-173.05508685893219
37533494,111.02556190687432
55430447,353.75857099933046
45610406,208.7765990113503
64085140,880.9031354919468
81416250,1810.447434929823
70034683,293.2679657006488
40315264,84.76075225280107
73160601,558.2635282378203
54677638,202.06044819355213
90571590,376.8690953259709
84772888,37.61781599722883
90285847,381.97731537551067
80203339,142.49828166301177
73536003,20.937795103616338
56021479,299.69895251576486
10526589,648.589119805454
23648848,220.2869872751745
27805990,107.15982240807335
46740683,-59.490165317242486
66243364,249.58991080189298
88626421,88.08984730999754
81009655,-224.70733170846785
47576712,368.4681494742972
73803450,664.2346306029433
47427075,69.83199697141532
72540520,157.1489245141962
55407503,18.456642953988762
49275948,824.6194527507305
74312584,-363.9777756419989
84174297,322.1809000894076
96261162,281.0850240387558
22879870,988.0358600220491
13933179,206.31429251441966
20116066,-3.122378569242187
38689361,137.03546476051486
63156536,314.1953115815452
95340838,396.68027305909675
75352375,388.79057112648206
48265534,629.2145092472036
74912030,283.9946182925431
70071430,1653.4773375392913
87025516,30.395102287872362
52784904,629.9374395389553
96281041,269.4520544448417
60302206,1121.7009431474644
88862209,126.33557223036786
66359731,1168.2411395418799
56582999,104.0630802113995
78391067,-133.2247066619639
84566381,350.790484170912
15548328,200.08009632946175
49432086,259.9465863255166
49054075,189.19884555476426
71689174,37.85312388872393
64196832,255.03851748555473
85965917,344.48614203294403
30935690,1012.0422582302072
55460540,95.55294792884996
89457485,53.023458159681525
10188743,182.97638250780324
58823191,416.1864008254663
20643935,398.95768541106156
40325735,-35.010548377362966
91136520,150.41419590305316
32259671,97.40496065575564
26400774,471.11019111301607
28057887,2580.425389000563
82844555,149.8075859906786
51111773,304.6821142193419
42987529,180.8609452898162
62978911,90.48118198266485
11881525,492.6074351798177
86857890,271.5879053443308
79797628,101.32715871528222
80357222,202.1576900475104
35431033,172.26688565898598
99201502,-6.435234572244383
90452446,761.6330875790827
18670977,361.74868540894624
66979442,119.5251308758206
93738605,250.67218411439046
29213200,338.45257118827476
31107212,110.30132284145901
91594833,171.50448830316077
82943336,1.6871061023419998
68443662,151.8098901600472
93641230,356.8694134568058
50244475,679.3498066496725
87626955,1220.8251199696447
51387553,366.5763575747335
71504785,662.3303940842775
58768482,272.33595134642474
47301702,-13.75397548087318
46285200,482.00650014737437
27113638,116.01899951315187
63361835,83.83050457943926
42709073,63.404446135760224
87920715,969.5721627562357
59996173,65.57257369484216
97865712,-8.460903394513537
76462362,1205.92193932533
38643308,162.95582189779543
62694540,2.7059366866291725
62141335,263.75461199511267
34503041,328.5679168539982
11311229,498.4399704551146
51623206,302.28585916969996
28560163,257.61024380084405
94388349,1048.8207601720544
86256710,-8.516848533657878
61215694,-73.89635057786842
80946911,142.57630462562224
35537651,454.0007238188805
66755381,362.20570598684264
73455092,528.3092163733479
34041393,334.5712504612244
30484078,1422.3278700995936
62329986,27.84474011129913
62897188,699.496849601449
51881772,569.7889397060078
94211751,57.6385960531029
61613645,160.61384717871158
71479652,345.0710583996479
85310501,533.9316811474372
23110318,-36.2990287474945
82884759,261.37173547148575
51095836,3.7866699528017875
52772048,258.1998381219472
17245854,-61.134672150225754
96708865,455.4549462213
67276218,555.0007112774239
89528454,32.12882158509126
73044839,366.9914033538354
92820854,178.15475823681663
81415527,33.37721461418073
54704500,108.41856372230802
62696690,416.979326841274
43848311,318.90524147758197
30447397,105.18124890406648
96343937,59.37912681378174
19151468,763.816423368351
75047192,141.08345152048435
29891460,69.05319378228205
47625277,328.22020960411464
57930980,239.44923667440253
48354539,-58.37623400966356
27628114,430.8912588378246
32690361,-169.19213619296664
93744019,-54.404650543984474
99861438,263.1474491600351
30181088,290.7746242304173
31181640,201.11494124112994
44766788,266.20101478808465
65594080,340.0981245801481
22508377,102.1120091859197
97181173,474.5469281815284
17420303,160.37267759400697
67800143,607.2299690264858
33454469,396.5092269526782
30418520,437.2750994889601
89752463,250.91589048840228
55142148,79.99258517889439
20848293,18.901394415204322
12617495,879.9159120739971
20378275,409.16718735476104
37172337,325.6885551672905
21839038,756.3609928501844
66993155,92.53848246485467
41249770,45.18848171054316
80181790,632.4006175059372
36248478,649.0145409921793
99097401,92.53125866973085
16998435,279.937730207879
28345246,581.8639119013403
97230601,325.14993381378054
67442292,69.92717673032928
54477624,343.8082944712527
22866548,200.98354942258868
86504569,74.83289017365803
81257074,656.7184970722603
53101206,-145.38651022030857
77626907,213.5212730505508
15402267,24.094599330007327
66190974,266.0515620925928
85276459,254.85462918882058
61882567,13.622995279959525
67503548,422.7377235998971
80801220,254.76418415360558
45827465,124.0020048813667
13145303,512.7804751840242
92842662,518.7165063755439
73150077,399.44428567642274
10904048,35.414405021017274
89655386,1312.7346634957048
91827598,162.77081141033636
36736446,309.51713117299573
73791907,471.35674572572
93237533,1182.9985355760457
29020722,435.34942336196684
31344857,95.8289362268946
67961594,135.9997544446038
82896045,1053.349313100533
79782925,-47.10492738231483
65627534,22.06805148144838
51055429,1061.7665477025644
24073352,210.17440055524253
63468697,373.7784682456895
69815836,79.8639980131826
94658489,586.1654607971874
89803063,3918.476963009351
41826065,204.01171296643315
95957321,2111.3766436277488
72164672,62.32823401424071
88171071,474.45028189713923
47273090,42.230949244233216
19574799,73.02817737781942
74042503,1120.9250377516487
73199665,118.64205377722845
32553552,138.1281978460105
99007181,723.8836690985042
86459252,353.38834307614695
33160158,2351.4028973833906
89403244,103.2920155294342
83607429,1290.151347486851
54979491,64.16388597135261
34711897,367.20991556623824
76049090,149.35118808424772
38209438,504.27424324946287
43607471,208.1635073057198
37603490,1166.1405973875615
28133465,1731.4268206496108
66543688,135.9417160943533
13310180,1414.3672925567748
70639698,207.39068543307383
31227382,169.63088575704478
27953042,-101.2130032431836
62042217,255.00631721893262
91860613,315.71908897006665
55497701,543.1651865293971
20529003,652.5845169221245
95270433,557.0421539440055
99713042,223.36899176410884
78850782,576.3795378147016
57339822,751.9832900161018
89910926,242.5026062978559
22738331,1356.5584431706789
29399410,82.6132799050755
48960030,97.98268199658867
23209349,512.8026409875274
40869262,2369.931824966698
13469481,846.6429603175227
37901584,163.00498250018563
15827667,189.5702270751359
36279211,2465.323275495609
60254169,18.00535770562999
15666676,425.04258607618715
83527323,215.39218418875578
38323312,456.14126751191725
16145827,53.81249210271983
25816799,145.16254787333492
31540608,435.9550894852483
78332853,106.56218670826235
50241601,224.83073514660862
59793938,528.8952625168466
99765396,293.04074862351285
22142241,297.46764901583947
28238312,79.36867046316507
56677251,278.59535508458737
79286536,1135.5622058360498
20049898,954.8773757119538
79883465,1054.5978794633656
64419086,187.39484881874102
35428504,332.7164180687681
83636473,134.86621555841072
91911110,215.18949714301675
94747885,569.6474198241492
77052407,190.97699488966953
89274668,54.98336232211153
65429257,246.38999139692828
18949424,218.25169733708447
78354959,288.789932209777
38613499,191.41232252806617
99410878,767.177191225531
17066881,263.88994547607183
84559340,-132.35230112441522
45796615,1155.164893067367
18650747,221.2373384325865
87098836,355.5355706887825
18956602,241.6947881344987
49896714,1648.8346232829208
51066559,414.9974151380783
72393934,339.4726094184382
63389143,371.1428516834392
35204339,382.4009410125708
51345357,-61.7285490470602
46322354,204.98153089650395
33951394,474.53434687152435
41031096,46.24026717893446
42228451,72.96755666779495
41161057,167.22195913393398
98892524,145.30877794416517
19811103,57.01264307668282
65448488,274.36380965687715
32428376,449.76068296196706
85323274,504.85310970314026
92258087,-0.9616101898151328
79217297,260.0649989185697
11989719,-5.6832545887886
28471365,222.81962579689184
34542074,50.94997271951246
29164293,311.00325094264053
84304086,959.2718217916779
31817572,183.291177502952
77771839,2319.443160326647
14239440,536.7293573258319
46882099,149.64988687538096
38983396,562.9478335901001
31683463,576.7578835174768
78092716,684.4852334853908
42013895,129.13397040337486
65197071,58.03738666912284
64495960,475.0818444467998
68745703,246.3873094216492
51390927,138.73510896268613
94850983,-54.74238611772927
24328415,277.65583799992237
85572847,1471.1485066511627
42303463,780.5557081251538
48215084,804.3184102092689
35427122,577.1451384256965
62307341,191.38142894415728
63212299,185.7548137539062
97856687,745.0961288448482
35540248,69.87484195948741
41303810,275.8775912714657
72749855,429.4756735382218
21620577,202.28686764784004
33846878,397.08071136829903
72596574,136.46820507723328
85230815,252.55362456698208
72103187,304.2226361090409
39368813,46.793594002045324
77055150,191.8766341305851
61280124,2.075977440729389
88442406,682.8150895061756
34283144,388.8698071980733
20283328,200.79423117274666
15081148,81.44954521713925
30803223,369.0513357631103
95977285,232.53048362443542
73578397,179.39401547301782
23548274,262.4098963609164
70020229,255.4312253817567
13657037,523.2810413158919
62209540,211.8446169787445
69122837,254.59977942524313
56882140,1200.8484336996985
31090970,256.7993954577257
18895583,404.5441157598615
56220075,608.1803795137713
81883128,293.0312765506651
85178304,642.6230351109092
44572294,595.8152169539441
69139777,309.0046351801293
77682175,382.9444927040522
98697835,13.424729351110102
82862062,1501.060750742984
63154444,513.2271436640084
36052607,132.68544667061968
80221636,-107.86350703539875
14612606,852.0711049179963
22793087,936.9471770908508
27221763,258.7077858975575
85356281,1457.18328954577
72870330,-55.10271529059537
21631750,263.8323420676048
65662420,140.84477017424592
94704718,13.288816160771091
68031612,226.336121947847
23780065,1181.0440759713179
76854946,-515.7886398348696
65320814,488.5735333503917
98544588,610.4299181862056
66236365,159.0454664909447
33614608,320.02671865613524
41538321,147.5977218394038
52604597,166.51605705690383
51929168,216.3181014000064
34989178,70.82982614375214
17968995,280.77495926070856
17104507,950.2228715713898
31799006,178.44445815471408
80534303,18.937924238524488
39486975,25.78852059240836
70473933,1884.2811806112618
39315812,158.8947259234942
32664756,113.94378091085122
40582877,474.45742476738724
14853484,358.0395589216805
72018275,3.4074917170598837
85501233,320.68943846530647
62857702,383.47259678132457
37589957,743.2657605489253
75861106,475.0136904329529
82048801,290.4138617086305
41226392,108.49260097124437
43191623,1942.3715366654014
98896014,392.9913032144759
39009427,173.1837938614858
67635937,320.4754982006856
93989030,2393.1674611389953
58213050,135.55130800624374
39089500,81.59587046358882
48099206,229.61972327683497
65115683,161.3726260587108
19072238,173.18268236747213
50691779,284.8968824150197
74240054,398.9069223498466
57606331,380.9110441072687
50124096,51.94400186424315
50596395,229.9373786037362
96230340,126.10086614535413
73626141,33.7094990774487
12420303,147.348008335107
64008469,1044.7794440592015
44066450,93.95493091371037
27734466,1301.3570382617158
30219489,333.3433267704344
43296487,447.20900091564727
22060633,1238.532518550581
23197881,231.17580104083117
65499520,111.769898145598
42012431,575.3172461626955
42076492,33.69142130884978
92931745,514.0809459461994
47924563,80.825728919038
17036042,499.986759802493
79903869,285.48534327066636
27876581,450.0488936924721
10911722,702.4664201720066
21207465,150.89972400495049
90406241,313.3205223748122
92048586,17.9226049886567
72112785,90.16897211377193
10881048,243.2693457793423
71511312,591.1249658141826
42854203,473.8402881254251
23271785,747.7915913649276
92261360,568.8361546128497
14679655,118.58859440392513
90532154,-8.227470049242982
32402071,346.6575507631087
90864060,545.6221820739752
27274358,-87.77974893053249
26334631,143.60050898826603
39224642,181.04824719547685
19272671,404.2857615961659
77841869,575.4183345409668
27204546,1112.2936900291297
12405459,295.08429173030515
23265034,499.59579455002176
97633242,1320.0100811477112
15746059,346.73420487063925
91462754,224.58020290479737
71359730,271.5173046744038
61463575,1162.0056317225672
66429439,175.90369848093235
63351764,286.08571194534534
96265907,146.23799686200982
87085441,682.4909187115456
53920662,364.9859057032236
67679919,306.78927983526046
96779897,92.88696747380988
27837717,240.0823602294737
37035368,365.0626566653003
26123523,325.99493498598724
79652243,363.4868919450297
91451403,363.51829503539466
29758902,188.51220880759752
47019965,232.4005883824933
14375753,856.3180053839567
85119076,1023.3508505533437
58032446,416.3031536125228
58129049,535.5180337607599
89574518,465.8464582336702
61206117,-333.16918317741823
30554474,365.8674965778255
65452020,310.23379423218864
97089415,459.4459601832773
75395475,13.080717632194592
58881030,1123.5839611508286
49402947,106.17971002046107
68947111,171.90327253179862
48259609,1266.1532974600657
46561397,-789.1434929827853
99687364,178.02726073319207
91051315,310.3133083176883
88446486,399.5373307327984
57583992,82.97204073430754
50054814,174.15447588202835
42048168,1784.667698428154
49480319,355.4025659511109
72653841,59.07606100439932
93923592,193.65927701504074
60863343,551.4189767400161
64544903,885.0056490644795
13683649,232.24890204095368
35441685,243.4547324438529
52702103,351.32544827037896
33316809,970.5870772814874
99319395,1565.1465204787773
42958811,312.6685675854193
79034999,199.7244118073038
76692806,354.6048558208864
12247918,-50.30999622604634
82872484,210.45055023956297
74712172,860.6262570506901
40198101,152.4580994325081
21709825,451.85597377170575
56134477,909.5407537099954
64741940,548.5764946835258
20094279,195.009868291295
86415472,151.86656765373937
71923505,268.43882139329946
86463105,19.777820170901123
27182144,77.94920816784537
78605487,324.2340239691771
61339703,59.47318911487264
19457777,151.37844366826982
14282521,134.75565862845912
53055745,133.29256130188838
64045100,211.56667187801224
67336212,219.91277725325597
30110453,77.93121112964587
84766140,91.1351814153087
37132913,262.8004019587747
37337576,1624.3340880161127
81785280,769.496340610551
33749639,130.71904008867585
65293655,197.11868427465333
99472212,903.4472323462537
78611736,126.75240644833849
34109955,387.047587521345
85732620,342.36805439899115
22271257,92.8256476664829
17111467,77.4970547615091
87529909,149.4650987367355
80109140,735.8190777894506
74139761,76.75233332570366
46468468,1324.4158367360214
11871024,319.5743447857112
38948416,1866.8804684076058
79710564,908.3814022509441
76775271,210.0518176856591
39022631,487.1376895600131
90991831,779.1662270334057
89162323,346.90683415626836
23588134,504.91644229949134
97925196,822.7979983698997
73394555,976.6420031976215
81939394,158.06939815131602
34503849,1175.053561384709
97624284,1643.2082761887143
83688015,358.6093862849376
26753007,-100.08976792224962
87953339,191.71295536307196
63187534,759.0880432019665
67816850,307.66257146261637
58193423,650.978336368777
63256520,10.700434391877593
14482256,302.394545676417
70047018,237.02698068352834
25694473,231.86923726044324
18876734,93.01416389218156
24815106,669.1198367819372
32093953,118.61004689497344
21672606,358.2858966284516
51265019,-55.42201394412899
46633682,551.9158630572996
99505720,294.06582379943427
72684116,359.90035216856495
73603518,190.01360398368172
42812113,1067.6764097953792
91497924,228.8171208360476
94645725,-88.38347953309716
83011406,806.8413732018303
40459671,133.38108149198956
28128683,473.38150900577443
89799485,106.75327478351403
78077056,403.9262808564263
60018274,240.04985485341047
63035070,242.40193321976767
50452662,111.79062452402673
90748238,32.823967442298965
19626211,34.42415816003802
76831160,-51.34954364427972
64430456,228.38552761988092
21788725,384.256134260467
62692428,398.27909976749504
44601450,57.718234460920826
84918858,1835.7438102449964
60654538,69.67660114332318
33549671,-115.30122777702411
96482407,181.76657909479923
38139452,297.5891283880561
25148521,109.5668783820135
39090111,802.7935378175457
37364225,-92.80123858826624
79808740,26.63037280518222
54570288,-5.5165284064599405
81519320,302.0321388670234
61290981,49.93976566484457
82595740,506.59168942707254
99018938,207.04020591712322
84429722,487.01590970837447
70463415,-114.50552535233311
13251670,193.0415632666777
63915791,142.38429967426623
37156544,232.58125592046724
19087720,44.41106027339504
15777066,323.5274135945908
88419707,261.120750607378
48515636,321.8178309754546
88810042,15.938348358995029
55078871,135.92725216922656
82278966,276.48177752222307
33265741,672.5644700001656
64678931,883.5235171368499
26504939,46.33401750630168
64056925,475.5444168569659
46046461,143.23235268650137
47352478,553.4422510362839
91442238,8.642692145276612
89293921,110.4510556412792
12378808,418.97734415436935
10153799,93.7685125097866
21954731,488.08776393430617
76938502,224.9702475346694
51632874,160.47696811457263
56510091,1897.5746125952987
54773302,228.63413385541196
29181400,264.0003901861089
36937513,789.050387422739
75732466,225.67011737737005
53117846,261.0162203774655
38538746,253.1040600414749
27988038,39.07110086850622
48886162,160.55874009274407
24085686,140.06047836380344
57820012,980.2261665166898
46878225,1736.247582415413
20632751,-10.281790806051788
47775231,175.9588862348994
46789610,1258.144958786466
72806360,501.8829076058348
21856002,1154.2681895139524
42319053,221.94520308851736
99630613,243.26792103520734
61255494,201.1304669957077
76945971,123.9596320949995
40393163,134.8050770859444
81941837,361.1494897599548
45930551,967.7617433664548
24573538,292.21557059920815
52994547,154.62985781446662
28445231,731.7527565885407
45643109,477.18765403594705
75887247,315.12745686596713
46367713,155.27161159047625
12575157,63.03320291122856
85076068,472.18393318484414
84603623,1355.0495797618585
45514815,66.91980865633519
52278951,1407.474077454893
50360032,738.5347682402421
52896193,160.6186268897212
91847198,395.5030855013812
25179521,262.9321321523196
92545328,-16.77416456099928
75231573,173.71130066432602
37926120,583.1602552046392
51096687,247.80681462785356
62646217,145.01296872212492
62619222,1037.8414251349768
39457866,229.71337090204918
47130686,322.2728658081537
78763249,513.3201827015916
69618147,532.0099982696598
64127746,361.7311392759017
56593004,292.2735159278225
97403924,459.71299635506
73948550,723.2564071716599
11236514,421.0232397470777
54389520,163.39213993099168
76068841,327.2651166743317
59631248,634.4200174506981
34575405,80.43555267018547
91359645,10.589484494426245
14542871,-19.662810710098597
37836409,358.86666933428216
99958710,199.60652047032295
50329848,732.4079158685831
55825298,269.76055439649804
43158591,621.8361750436752
95022900,262.24825510569565
11903900,248.8682864091743
59905554,54.994157733774216
33394781,174.83320897765873
85262305,268.65509620053274
18156267,358.6745629734313
77719072,276.28685482706373
72353806,1121.6909516308444
61973490,249.18220049276772
80257850,639.8713240575142
27763246,95.9800832293858
28152447,212.88537449584328
40447839,236.20917856328674
88401173,222.12081355429154
77151749,-33.45629113961843
76938434,225.19564487440937
14595997,-130.9306791129504
22245783,202.79024063312022
45164346,252.66129779103676
44320199,126.40861742716953
35470526,27.988826629457265
83276172,-98.45459859453916
65081928,102.49547056461131
34774976,1342.000248745437
10096416,879.8764051491637
76574726,2121.5026376337337
88509347,230.51433118388115
11304650,423.5899421314922
26418453,-106.91508947514126
69643263,-43.96975754090988
30241547,207.02600781651063
89725513,877.8415998303881
32289745,366.8945115168714
33888699,217.10407704490888
67508421,125.95853386264957
86446610,776.8149711593533
71641515,2587.236166425618
46243423,116.36348684708287
86921194,533.6994224622285
15222892,173.32259378968251
29435694,273.4425367622795
35795322,760.2382413762907
39026338,80.8736680501504
27051431,517.7752760150702
91107111,17.266835679039332
76674186,212.4086858735509
17932616,710.7715339215029
86326117,1541.2787449126113
64151997,790.0482189455006
