customer_id,monthly_spend
20451981,1926.767439328093
23251656,1191.1086091010056
64082260,365.3712801402331
82505923,277.9329146375878
89981994,141.93583628187542
64973937,223.08792986973924
27610278,284.6853527497325
35883083,-13.867851248616205
20490020,501.0119362437564
54517670,275.3773160046394
94359232,162.9202227235004
17326886,200.12397989345487
86594167,1876.833175551482
94873255,179.57178930436334
62944765,1145.4992414425321
95482882,372.33786118827686
76963069,1948.6494862230763
25112257,2953.1838677889828
69916855,800.0247886803227
71088357,276.09493578267904
50168897,24.3079798785937
67403679,65.87199644643886
55474643,1237.8509468181733
54852556,596.8186081910499
63667529,182.54176263338508
48025998,795.775984988471
93351324,417.3600617872196
18887996,429.3137799136417
49568688,851.1442557954431
92911099,323.4327104751949
11717924,198.58850600748627
62085471,258.364853118738
78336143,204.05684334747514
13087851,537.2514867949544
33506258,597.6330289753461
61356554,98.8971128039621
11967368,196.44096001965033
98374877,115.9697081467259
76845536,581.9584602045637
59313599,91.82503706426803
41041059,874.5055964855273
22292838,308.59111466088075
99892065,80.4119798588502
78345355,1829.027021753029
85986903,130.67284928526573
27715035,313.14730804132466
66099730,741.6411821970185
75346786,244.44736075972105
22860710,111.36418422360964
65958654,57.612987730827285
82607442,130.2801325101836
43471475,151.83870392297553
36465070,1556.846862814643
21931749,80.04806999962165
66815930,-455.49465113078395
44485157,443.24609274674447
78728059,439.9449139690229
89264710,198.93687092917884
81874643,205.3019961145584
48603927,222.44104699614627
20257622,-349.9592348573208
88360790,122.12074031954495
79411556,451.68822633018704
24819092,247.70651525889082
74678656,170.8426456700895
22548045,135.8057815722335
95827783,493.1735342622353
60019526,208.9099657660708
82548254,1010.1544007539669
90453319,239.94878776682094
15312091,683.443791185674
34786964,105.43761985859607
46684232,476.51281973924563
84597099,78.46969949081944
98134524,1115.5153946063472
18531043,355.4909691083018
14953383,1168.4620959178237
80944054,439.349831188999
34873753,374.719722380082
95577033,101.31612732901226
50215436,156.42194862762585
95347203,321.58807693365634
58614046,293.3277261149741
40368791,394.1455568920194
23316775,921.9970512824802
23331513,148.04002067934545
40038060,186.35396401296344
22096579,291.61660142882386
24978810,262.9701853672377
65890694,258.1085152694674
47906818,1323.1283760613628
38478694,197.30670947591688
54797755,303.26465838660226
44533278,42.07057404554695
58182080,203.6518501847571
67491014,605.7783409394394
45798475,-88.21600636335654
41586132,665.703151523223
22956540,682.8394269935588
25367334,1590.0735362688938
70503250,88.63182164667177
58307796,-367.58475141055925
59859757,429.3503041326478
47787665,42.778623937022644
69610612,127.64285559081958
66658967,938.8150907802044
37962749,673.9978424861159
87675902,156.5328716459972
61682179,381.02082815903975
78073125,288.2516362639551
73229345,138.7760382088302
43171437,1172.3715001168628
69766997,-40.992180187417716
14939250,2246.5442500368117
12328281,247.8739519189612
76560997,343.99595293593165
57569914,270.15536570458517
20883894,538.901885015064
22766188,413.79128402718356
62905121,111.97229684750869
36295477,589.3660909939388
55610529,96.04668013747948
40366302,235.11223837624027
18624954,143.2398192757978
72668820,1125.36329035618
23817472,202.5812395135327
99830054,217.09860986886127
63410560,315.8909787209732
11811963,24.86641125123765
68778133,250.77192272489492
61211015,497.06430527983366
85223112,216.36676995446066
17785980,189.61067234424524
51523712,219.27197217156385
88242319,267.53711311930465
66674532,46.15228072909633
76442132,187.0517928050994
84193848,322.1821021430352
80878809,264.9055803138514
92088473,679.5581596502922
18574912,200.8389948336162
82956926,426.8914646301198
57265640,67.38082281174616
27961225,247.0513743852946
65404075,120.90619686572018
98698597,333.6278409713177
63221757,223.42744170322771
45396691,514.8001335631393
95724535,414.3706461540402
98157590,23.132919180382146
60909030,-79.97568654983897
20932142,71.17304911155651
85604729,-17.976018852386517
25410553,-222.57345999770092
76477501,402.59198183831234
29459273,127.73716028921177
71879657,-283.86720244682016
67115179,71.13598850334012
82348794,-14.24831890871161
32880748,263.0947765919391
36203607,232.86988576597832
20891850,682.298466060435
94570583,908.4237556490061
47560755,57.46225022639379
39752876,445.09714866545505
68980243,107.55129550589868
71143374,443.4241610885574
89917748,243.905289279062
30461949,883.0677420021875
67458886,284.7987606001393
44166816,313.45590897952525
48218923,316.23223255756295
83104523,142.03538457779172
23739634,353.0294316323931
45544123,460.5543473343429
72316980,283.0724402831321
24805396,405.4475538197016
85045576,381.02688742344037
21314164,996.6516179157466
52842656,158.82434539103548
12382139,308.1769476628583
88152347,260.5786714496942
49270171,161.8220666011842
20221404,807.6724313880561
25851974,-56.404862664409904
95701680,413.66466078243934
83739665,523.7730158684991
61996348,253.42104773375502
12797236,127.54256269180257
25554853,1055.4653163195815
72618187,-14.649452192797582
77583489,259.9074895079091
79450582,172.43220027851186
84595636,84.84131359966648
89981949,735.3646609226928
69424476,308.776820954679
55064308,252.2476820650919
82956266,404.0348333632493
60185159,374.0775982896595
80612747,177.93256197889093
41303090,247.98077154009195
13517787,150.6658374227424
34078093,250.00413052441547
69030112,231.46272255452038
61791328,656.8171709851637
51789245,310.7220619321482
88068699,-97.1333956549581
33399367,37.73634356795969
79597553,260.62924418612977
70695101,609.676821649568
98169962,628.8254603172938
89251190,68.57654021323822
53044281,182.19952045691042
73528670,225.93001147517566
14751149,596.7879637789193
61490053,551.0008447086354
51385275,843.0793433991944
41764194,414.5541435715935
96598282,108.7922525656814
96823449,111.0666538691276
30931247,229.3238486553406
60872668,780.4154084276743
97835669,1053.18681328098
36785828,151.00498101480827
25812131,765.06242490012
38410800,900.5997285975825
33023072,-146.58344859082246
48250594,-7.988411988029952
94891015,994.5662628231955
65307671,200.15292861193439
99621779,305.8655075019516
83959755,293.41746590758964
64535310,313.54603528257064
30594968,1509.8697360962847
10263960,600.1365233672002
60876075,21.929307832465497
12217583,475.2981393068858
29989580,639.0967219179115
31184452,637.3292779106332
16182148,1758.1709043558315
74700470,137.9653945029899
53084609,454.5842855657845
36052930,409.16139210040717
86583512,48.23711169809195
10930793,238.28289659615712
74179918,-22.458565474204647
89853445,503.0889013940125
75258370,88.34960268818747
93197004,557.5022665412077
16551408,116.35987114420669
36115326,274.6428549073761
47243451,1490.3849357772895
90773939,425.8107156659231
30735291,214.1102171917001
66891211,-42.38726857681513
77142249,179.1410148319593
24530798,372.7021314211473
78204046,-24.50051656070758
60230110,346.6932180454279
13017302,676.3921451292782
21044447,156.21949872664737
28976655,265.2020709240704
52214813,37.01195925480528
61575366,210.75336776602143
23125986,280.1179929557121
11614855,190.55241432957223
68090330,-60.04059797219986
31241329,423.8718749610879
21561157,139.0667322796171
61917300,75.15727051828532
82147824,42.005067973571954
91513421,17.78739353560968
30753790,548.3758394387323
33700064,9.456133816092631
86773406,2374.60902688688
41719197,154.84493712906072
67399596,86.7146403642422
37696535,93.16825845077443
15791208,1217.4196169457566
24348676,198.42624177117148
24480974,439.96915263155586
49440078,308.9848426743538
48242779,1101.6754645995832
13405947,1445.2692102849571
34531671,81.5094087055723
63652222,290.878282711138
97745210,147.2215699976531
48557187,714.615797827583
79801016,262.99861029363
93409518,293.7923258844943
48891463,-79.29208542219206
41134793,176.45230052749724
76776302,48.03204706563821
89505130,287.2054855835456
46129267,373.81112679463934
57862630,69.34760973228623
32227094,786.3714883522848
72887559,-129.99592458649798
97826236,411.2057664408368
40250768,362.90250577844074
56765848,169.19709512102634
11244823,714.9144473571441
40189321,181.32465002352052
68120430,692.7794490435199
64917610,514.6489517199409
79290200,1157.944141317367
13110537,468.803922525772
56816135,582.3296682806392
27525357,585.1488379386033
71914367,600.9056218647811
23989491,576.1970804338546
86436168,532.3751018055267
63499286,366.536720049044
18619374,-101.020532518593
52222614,267.59021381466584
75467866,168.42936195751452
28926111,117.16812278549247
98661834,250.27349875511084
73087852,1455.2630029636134
48887326,756.6091153746397
87383314,-242.15611548627618
88682579,1232.8605317951212
12617324,92.12118127904785
49224165,1139.082170912747
69951588,142.65511456414794
11713703,181.5266535564253
59435002,1748.8902405717931
61153563,703.8024760075544
57206499,2337.3644639915046
89140242,-47.58835016691586
95100771,-74.1791787405358
32638417,-416.54951980174184
61625712,87.86180972425046
61250133,132.99851578064403
17952873,-896.032787627318
14513813,73.63071649610936
57500282,26.886066419787426
51340284,427.95053922351985
35897956,353.3585525241483
21856280,152.46206612312955
36786275,429.97906275395803
99178725,893.3257341275878
48955886,180.24309350150173
51811678,384.92174041941144
81930210,273.9065786148975
49161318,393.8903802728181
24723720,683.7662592939286
14950936,286.6800854099333
54638593,460.28400436447544
98115682,919.4198136893726
10533857,639.7116238675482
87478097,151.91446075930685
60429975,254.73221140475846
38969729,120.40220712372655
64656132,-30.00993427200939
86963086,228.14077165392553
17268859,458.62769769901286
72142121,921.4590940967869
91574809,562.8077676930437
54272037,9.206029080371081
16058661,1573.1738925311847
74133244,1008.4255243031594
14281752,-9.832638944852192
46666867,107.62110890062479
75686584,1171.2893530414378
25546684,224.80750784308975
80619174,235.4306222906306
61749604,32.92605419862548
38248391,263.72562620480335
16877088,179.42673094449003
99140321,543.1756626939444
15975231,179.1120394445113
40531945,167.9436882901142
71708672,-151.5509038031247
85030779,508.53019696593424
61117487,125.04904864584461
42638536,330.1220062390238
82326061,46.275639828176
17028661,1017.894136366619
26048783,73.48131104552397
34262255,128.85637067245648
14326462,246.6873895300962
93816989,286.8889083529524
23690395,192.58430639239515
94999262,844.6250414173121
81971277,354.13903393300234
90562416,52.550731029141446
95799765,-150.96521816645912
89244724,67.50316945398589
83879641,475.3498679785763
96424387,549.064079213575
51051501,203.94815084621354
29249441,1072.7807494790836
62893412,132.81342967337065
61417835,242.79346526654194
62755928,161.30754376085378
66501572,719.2790698906867
76084740,253.59615332597514
27624326,193.49544256666246
86757966,715.1795031045269
92455037,129.08212007492824
67852942,411.9724636337312
30696098,1164.6694802843988
44792329,179.3681585409396
10390388,422.8778811736395
17826936,610.2275723519166
71880941,506.6504965269837
98184673,235.69782155142127
60002125,7.654386382514019
34664804,97.22492554600535
37594595,366.3503206477375
42980815,28.575105643667882
25819880,54.8074098457314
16484408,343.7004222381463
91766904,7.5188520706822715
82866803,-172.74477950195262
82424284,1033.4931615382045
72903422,233.2163390274527
11480750,302.97544945764946
96983867,188.59455230005562
41426492,195.92697446301213
24002286,347.11798114638054
18056145,-34.67311366623568
72362977,133.26343049380972
15977163,433.82781244868977
51036186,141.61587870909943
34918337,684.1540832482908
20599813,137.31130993359704
19900890,1221.2794887085872
27971378,155.19441471189594
50965403,247.22332994747114
49026734,1665.320987740944
14192253,466.8322270407525
76817070,321.8285228375188
41164681,222.27049867595008
94312885,112.29171113302823
38527851,252.35843120049356
88279496,1297.58622693484
15498361,526.353972027445
17691622,-67.34285990994084
43719564,1793.0159391742334
27861137,34.460505698623194
20308452,159.0545649834133
97996598,146.30803917907969
93656677,424.8212245757542
20464937,357.0526891979272
25195757,340.20509018022403
95231592,-250.66040428135403
96604510,850.4757592894266
12888073,506.0437084310943
99408984,87.62294600708793
65238591,178.35674982088324
24114707,794.8163268611038
70796256,-9.437713725784079
64703869,342.7974359581125
35203752,162.7652364077664
47453323,38.89071962484019
12385313,188.34332227339036
54441418,478.5668112560721
83549825,1150.8475379682898
20370209,1250.5630844930206
68357218,338.1162306175552
62743829,-57.68541413937089
20331898,333.76456291218483
43934228,354.70016639444293
47620709,203.7306425867601
75355275,55.141253643986374
63446649,175.98106369645387
89051919,2059.6493148190075
92954904,480.9386904400793
64731800,492.05303843666854
27945685,239.47745669008373
98412215,174.79812947205045
19535502,922.0236807938402
66516822,131.8584490243536
45373292,141.96014640646035
34711249,320.5517166944277
48370651,1283.7948185074715
71354510,283.86230476777973
56728847,221.7527689247234
40004525,237.91005518977
94648945,265.6454384998407
62756732,216.5534712306753
80428237,648.5653200544381
64878556,290.7693416752064
30597278,-0.023654042927432783
40357660,184.46507369146815
98010210,279.12694070156033
43275959,124.40575143632219
67938712,315.1911696473255
50506973,172.13460481151083
27421159,253.60349664893602
51123211,-154.4122953553653
51887530,-129.02592071380053
68372581,149.87810149077745
31184062,133.38422889842786
55543655,978.2254153190956
71805162,288.786913413868
98612541,389.22158110926694
67235486,376.810322928662
35490134,-62.11134440960706
74647441,1209.3544442763412
73962817,50.69661052294907
95192638,944.7472779344039
96803902,1228.4083747520233
97635826,40.602835585383616
34428942,1508.7104839456404
86699979,193.52098983825903
79766437,170.7401421434646
55732878,112.6136129226914
20035702,602.2132126694289
54997853,107.6710104042258
91776457,81.83742061187519
13967606,1128.2500949395267
88365927,-29.8316525350308
92907413,-101.43974026482172
89771364,651.6350706861172
75648081,1335.6159250809358
97365061,123.60386298894196
29587137,110.25528069627092
22019813,227.3616562297857
29469529,375.8252320852406
66670735,-12.470941481822763
84380411,605.0206215751639
17040729,826.1164175419319
25307807,286.2445211049778
33962361,476.3740280664249
67969299,162.28461775997522
38562471,1455.1431955134706
33114742,597.7029828657382
54307298,728.7665502074617
20058700,278.8987696096034
33779532,168.49391575059997
88110162,76.93391084889106
36112292,1744.9899715749218
38475061,947.3800806010195
92644264,-203.1093838512299
92355731,1312.1940956903225
75478249,30.048857558218458
23875741,610.47188228391
88793850,56.05757560918431
14142195,476.9228294789441
67422773,856.2919979069509
36705498,20.961634224170382
62072834,353.42889232072775
33337577,1097.4282301935386
14298054,389.6360555258053
96998725,30.649751429940693
70579244,203.7239849146835
26844678,135.04932039798598
97441250,164.21822634928714
49239286,253.10382005286465
19469855,245.66409450734045
82552850,273.33391571594404
60170958,280.4311847304434
28237826,290.7659004770029
84208342,1189.1476572375504
28295140,199.1767681572166
38477827,296.99297751820916
54941872,510.5411700214099
15450767,319.60226470155067
93656934,388.94987143145454
54273142,-97.7064439648218
63648675,245.16459567233642
31875954,23.150482898140638
60881802,207.97313464569834
17233443,1178.629543317015
28953932,402.3920339300013
64958348,995.6636670227917
27038940,714.4541790882695
25667330,351.02856876198234
89200812,58.509736571804126
63109620,371.07857666913765
34692595,171.2237280699169
45554823,-127.47850729268083
50487516,433.35816446740716
37970303,821.9984047735136
20944145,391.40839682558476
54232510,117.20888586160083
58289637,633.0730068228551
70295882,1142.3851778125302
11855847,253.88242108065697
26640485,211.34708470996986
92806514,493.8373274590315
43703605,541.3377951678224
75507937,744.623758456052
21361381,101.8348031571058
73615273,187.0395919947493
92437179,82.21549477320644
57813173,291.925548151601
99373127,286.5208512356737
95805212,1079.7484145597875
61946147,477.2517483864706
24903202,95.10634076718253
88268253,842.4099488423394
45270713,515.7281808695326
67013519,430.30474492973167
64480094,224.06717362644906
18481385,920.5990048103142
69314375,319.12698965566426
58464172,142.77824725707086
57844179,456.68536509528303
65371057,212.9487161002309
22749627,112.1383026694325
64747851,797.5201775627831
35545690,933.929426960608
91575937,247.63633683181945
11663787,-957.379650550712
59570536,-32.49699517308528
53724418,1478.356007488836
78572661,-211.28408802099744
38544041,137.21425735833458
27091356,1151.8387580436954
20013110,322.6634897198228
11862841,100.56289549067827
54926458,451.24764290258804
72702715,922.9913987612811
65477001,564.7262460825755
99407693,315.06067438497575
15192014,484.26813090681776
87232785,340.4642967717259
76412402,-158.35199461527432
49393943,582.6251309187236
53853124,56.341985695207995
17486636,1769.1529260580653
64895733,998.6444947287407
64938150,340.3646454598636
62321885,-79.4130019577338
14616504,149.6010083191764
53996148,767.5047297169622
17209399,372.66239968720527
25102335,488.2896297212392
54515012,283.3698882857924
80596244,351.7307940197611
54217244,557.2318197043185
29133774,195.33787745114614
60727794,40.28798354345753
55160698,173.80062227914408
18231141,343.9017012855004
91091163,2590.884439443461
52747750,11.506623874580953
97932301,189.5044700463846
77391969,1684.3682755412387
64274314,209.0719936919836
82861922,542.809101814976
95155142,181.00687332041042
57522876,272.5197436167258
46054634,142.18086437071662
32006732,37.80140293481804
62808198,308.0022688333353
60875435,277.85544697191506
15688688,156.37690882249882
13559129,322.6527244293453
25489744,281.8872132921
55669591,24.42019464829582
10763911,176.73289006314621
15579269,-259.8032974972616
18433265,167.90349074308403
72131946,528.9528338833001
50106249,331.84400960087805
21363716,221.18476899056452
80090384,274.18777174064667
37971475,330.58993001092836
31314120,214.44834083082537
73683678,3.6033444707369426
29703095,1479.3759707668285
87144591,110.65836917752102
44689207,861.5003473521747
42450190,69.81746228509445
92653218,460.38435013834385
67727493,-262.1782825843819
55742747,1048.9783273027758
96941026,951.6419088836249
89824134,939.6957781194626
19822449,1294.9497270246234
18676315,891.7262399919819
17316044,179.32239184926277
81559769,841.2245335321957
98912158,358.6564833883383
67772871,78.47134204787648
65921862,521.1389287454565
12636566,4.937132921583611
88608909,115.32192341707196
43902318,477.24899989407834
59512038,1459.0043612576092
77976362,695.2492136208141
57092914,287.2054629525602
47412567,82.70280413110407
17145991,488.07964902872686
56270450,1021.7738225304863
47467383,818.2623492159521
10449714,452.31049990520137
43156511,64.96547257072729
71377851,347.05308941742305
54093810,109.2454858945868
78096026,108.21261316903309
57320154,75.78687595986833
45383520,145.60838169473948
38351707,474.8031125044308
70796190,183.49838941852295
29977177,54.454654137901855
97584339,62.0289459874337
47886559,837.1852374928128
45622137,459.4231623761069
21500277,40.505209461888796
47647928,312.0987777529597
54496344,338.37882005474296
44268785,156.23970415261084
75946241,-0.7386042417477938
30459191,685.2820172658355
15840319,188.63917334011325
72588739,64.73945532371687
73017157,250.88477328772365
25420365,411.4510874473318
55377863,448.441964207728
51370964,-55.105391807019146
48905468,252.80224748784838
83191846,121.26113942439702
59334183,414.34342285663206
94009638,611.304280681992
41721760,221.38163414363032
35401283,549.1917223888792
69685525,162.72013993735754
84271975,300.20328053012713
95753616,600.0374793889428
32526219,-102.1498503013047
64532934,791.1599683187881
76031822,322.7987373685993
52468855,-31.846586123162012
21028902,309.9016361601306
34108713,168.1352280129242
84943048,1145.7519547963352
84439701,-86.91732675590777
16539498,-11.278192209260283
24537949,275.592722180715
19537971,357.14031568850976
72069403,1472.6809710919163
84333546,225.74452093401374
11868598,330.6076466820807
72165230,856.3928793232801
86606477,572.2827677630169
85432562,25.420414940702415
53853013,-65.35994074105338
87319378,53.70331584972706
32466967,1068.715869574256
80519195,38.400144188332774
12289146,273.7805372775109
17893529,1043.9199913667999
76217556,1268.619375894243
27323024,381.2951749592901
86557861,926.2480907823026
37601873,343.48312926702727
43146250,1018.2492404237278
51498335,1216.5462216821352
46939189,22.188038584232572
36620181,253.71311647180903
59890806,114.46579095967866
19160668,12.432763646597834
94555827,228.43683091660262
73451577,880.2572660989617
83828090,-24.99964437556696
92021594,153.63113596758097
15822386,-46.06621345694447
57405310,267.2943835965683
22671359,1226.565832929998
68101436,147.5932144232521
66910009,96.33926106990543
55778706,314.38615833260644
75120697,-68.27495927559698
12885545,129.29265510665635
28604372,141.1636137016775
97297156,2144.0190721651197
18964928,1486.87348114491
61244754,951.8265845173012
45178470,449.8876757603466
65250669,247.83325398126817
75566313,346.88034601272454
25053248,157.91070401540617
71082761,199.84831048759196
25210276,337.0568706266764
39718089,1114.2124965711014
51364178,-110.65897174104163
31211994,-38.20447049229813
71509945,269.6791607672486
98330029,84.12197480092652
22456435,253.36692442403228
56912862,307.99461730412656
41548833,577.8820493400694
34760776,-110.96084664816038
54015943,1733.568610564691
75943554,674.7886121131577
61847706,428.0827728100875
79766441,180.4752593267936
29099073,-11.891134973766668
92971983,-8.939185439335233
77042656,2274.5347496760796
41355522,105.21453331149127
37905258,116.01545944776484
62845536,151.70505035216854
70252689,123.09628958580305
69012389,-14.826012915206434
55230723,239.49012787907725
36148733,563.6779853718785
11166306,358.1869751498688
86661349,340.42943773704974
39933083,263.39263451353395
91301497,788.3865755646436
84697954,192.09274918233245
16890490,121.90532498444685
46638869,77.17756516473895
44149767,186.51972922402194
18897403,834.2539323505985
77411533,65.39807154454087
62885631,96.19087305171536
34219564,597.1320356435995
69042251,289.0189308044188
24137005,351.3214702543561
66305720,151.4376344252795
17619455,158.14250515840246
63065642,108.60771848840233
43970026,376.50643994117627
78870428,328.07110341545865
72114631,99.2646280503202
84664219,363.1459637081389
25739422,347.9136019358293
54038039,59.91454171341189
55081531,517.0896164305889
45672847,290.46971937699107
29734641,242.6241836120223
63805244,354.91147387881256
82782411,117.08168561066157
64705797,532.7305879746353
59326862,194.38749147699502
48549098,2614.465438977656
39570097,80.27972037113648
98000370,351.8011462266056
63674921,560.8524732392275
16674336,313.810515285678
77063987,132.7232357529893
67143015,210.71330947784224
10570033,892.0324035542967
47185088,662.5283559900411
63757190,91.15227849173988
43453041,1752.0166391528599
17890447,331.8561515438163
34735493,119.80515266464943
40580820,396.1160765986044
84776860,1259.6845427648898
34883247,284.60688871733225
75437035,-42.11660093801845
63198281,453.8601251945787
33289878,991.427621474641
42222441,111.34342221171613
53518898,80.71180566455581
77756377,176.86532310156213
66266331,1330.5340377969594
75207542,211.15092255495506
65741993,316.23888260772856
30452290,85.33152308958034
30341625,237.8556129817349
10196118,883.1609143890762
39997400,408.7551631000074
42764498,41.94088089598341
93568775,262.73856590089576
60138513,408.84730391608934
95863174,407.6849971598534
92194956,168.84853517752765
34979379,519.5520759644126
71517927,-176.44147670569976
80092401,41.51656341492867
29853468,772.7135050845218
95595164,93.05444853818653
47277321,737.6037962721657
95111852,303.63811325930646
49309773,293.29043991004073
52060622,102.12807901259362
18920892,489.00834994264574
95549548,432.0217453775664
28343921,188.87232127657308
24575136,153.03746425372475
51405326,293.7049523010237
88024456,936.4236558706355
61475538,1100.9661130531804
86032798,178.12749538376988
99829874,533.0611956647888
96251785,1212.1401241366095
11235918,221.81931586327818
41084979,-32.1616033561433
31949326,1.2382243045327073
88425482,40.94650769110689
41724063,1199.548242083769
24244868,308.4185263846807
96443454,570.4993953883578
83159015,-243.21943932827
24632345,395.86778372667175
44153806,268.00675470921783
93580629,631.9187922038091
53277959,302.12312500284213
99759183,939.2968067022
55252816,43.8746050875331
41285175,142.1623704217634
73261084,603.3088870489619
99347555,733.4128906543677
70567494,34.333261710141755
76764787,1032.0505002156008
14328685,123.36544466348647
66866287,287.884962574509
49679159,311.71625136506134
58671247,34.22852365240021
20236719,1607.1196512842685
34585357,150.65718947938035
45051453,291.54857025332797
51786574,277.70819787387336
79731887,550.6117429341036
54354970,861.6095318677872
77833826,893.4411026068831
80242735,143.41443210373382
79336488,276.8223442369922
51121070,345.07216766315867
15930057,151.52149341833257
84864986,90.28452696473016
97820091,1478.2195460574019
76206876,120.8489157862735
34508398,975.5150803573363
15581330,902.9845423771271
24272114,787.7935789374785
45684128,582.3696473230226
53910689,252.627839611858
89611963,229.78574141904926
19439294,257.76758269934555
44476677,1236.5712436260535
72816714,1165.4491654850208
74817899,145.924767918206
24462605,159.39514481344196
62629343,503.5724412106798
60387272,139.47808804090323
60976677,257.4716206954155
25938630,194.47820884576095
89171283,290.5673449426498
23407854,780.5606133312224
84390020,147.41374065713438
10131944,483.2893662684851
61185673,933.8180314285773
76507951,930.7000729994495
92456997,265.208439749259
27091498,148.13911479564393
22015405,125.61712863284225
64048811,455.8212241841553
59963315,186.6911172544721
99392827,1035.884943947044
52435285,563.4382586151287
68018936,153.9018543145337
92985874,21.393911264586507
19827012,-381.74660234925335
32076309,24.797749103469528
74459345,134.8386800784957
59329650,279.2390919125568
70105673,233.8922148587975
47359337,1692.8188269964037
27991858,297.5579074556681
36755663,604.7293008991453
94560591,585.7212752931855
47944050,78.45804431227583
49561372,640.4271228849362
96160989,165.66474045488388
67474261,255.73880005933904
71965824,556.7831088673261
13777105,72.78533001014591
64739771,889.7128831365137
57691432,109.56009683617367
21801740,209.6248465389138
74352185,588.6650406228708
91521650,567.0197825791846
64797772,511.7229014588354
48820263,172.77062876669078
14791909,212.86718843136612
82868024,112.10144438914989
97971853,260.2177156365692
75654232,79.22042625610663
30725718,188.46356780457785
83442812,515.4321397262245
62376431,325.8816328537954
45295601,258.53828971672067
44038407,21.806430924337405
74138589,93.85250328795627
78812422,216.41744969604554
57253455,923.2363050537454
10109432,754.6382097170206
70492234,393.7404670073694
16499768,888.0040431733062
29721809,429.1915132670648
99970795,-66.6207923549166
38494075,391.119680973444
13300921,115.85035306633864
18255583,394.36150269498614
76957329,390.80031844967516
83103502,493.204232687487
24570014,494.58180579170505
19318542,322.7524512251441
70614169,455.188716790023
68374888,665.4369620286725
10546051,110.95921890021845
82817153,609.3313241377024
26190736,65.55974863682411
26227414,574.5024304169867
55825692,149.51150394066968
65550483,140.41012719124802
14872097,584.4262519657757
32405281,104.5642242556055
37055817,351.0700192215535
42617798,77.87941273662767
30684771,-91.77793006052741
21842298,222.2564424375497
44215525,516.7135543745586
54734331,415.8928929343914
77244965,65.01615368413633
31618537,141.62753273053124
10912371,187.99224553612368
25284273,231.77501429223958
63793006,708.809937321033
40346903,338.16662668849256
14281423,809.8752304710183
10329833,475.0164564797651
58147868,740.5531525613176
62215262,427.99144467533836
11535494,224.34479857494102
55289261,278.13850724186193
93054393,220.45157137925804
15613905,1019.8682894278452
52346993,-257.9144156311253
31426410,83.08796775135323
11924915,-126.35162648688606
83461539,696.3035769147516
68351051,631.717852278973
23144760,1055.0429685336294
97049626,925.7846546158535
94895031,-169.9892763945487
14702382,170.06999030795453
22232789,85.28410184424774
14653500,450.46119487508986
45931554,137.16480010115765
39099976,26.59986758921343
65803003,283.5363286228312
56391701,1071.4802988845522
92222330,494.8442068510501
93455198,1462.4357837610758
52410336,1410.8714236608828
82423675,636.2689058290048
25925356,259.0694966381867
88622240,254.80238024631956
37830382,126.57978271690689
97198420,215.15771207280045
21477504,167.4646315394084
84142976,1052.255492858241
96401209,118.75890069623773
18047299,125.50962669290186
25908320,389.3287388539585
69709013,144.62667772838745
63707451,-166.17296683127975
68674616,285.8431479108016
41246291,94.57220592375495
93099265,40.297424818852164
44969882,115.10353114635012
94840571,-65.2080172220214
24428966,224.0585169118499
73406276,260.6625338608619
74093567,55.218110855493364
55445678,97.2023554113016
56770356,127.30502497783607
20116401,102.85023951075425
23989432,228.82462290832132
77573883,1564.9357788816933
30955534,163.46067421393536
46007298,214.77447925086028
60038151,56.52864037501308
16169663,825.6885679794468
40454664,-115.80691841277724
62049127,248.29938351114947
19821119,195.54446521911382
56611586,110.74693720949392
55267084,159.96064469345566
55813034,1657.2486918022605
23867957,-19.049089161701943
90096160,160.04906005513197
32751852,1262.128366599701
21394047,1007.4439870502431
80032862,430.40640174839746
22418983,185.44696270903768
52802197,199.59504826028683
48673505,224.90947194533226
14195685,3.46932747128227
22205138,345.6978459061754
96628154,889.0285912377028
44734813,125.13698939413189
55802873,543.3223973471069
41368275,43.794293978028236
67686446,479.6886287519641
97989934,10.09075631588172
65686117,183.83257114799653
45591525,-184.11807659632632
14884094,908.9444197177427
60291749,489.40189062835236
46418453,112.1723371262151
30133967,579.9625549856976
30307611,-196.47394997939512
76539721,241.54931305907837
93325285,121.38711791979404
69825909,420.2259575698521
10220197,358.6427510528956
34178403,-664.2859101458049
67327944,975.39474077765
58361366,61.68206994445029
35080838,476.2906313627135
24415695,378.08923941448916
30354080,330.33438359957916
24117628,228.2971397190273
62628994,-115.36320447589603
51012198,610.4455454957193
68125143,834.7652206401658
94485707,-40.4443301150248
40172711,174.21349757814772
17647583,120.94303599007395
94790367,-98.8991559769409
18254706,114.69679120816619
65733568,190.34213130682542
58357649,50.18675942362006
42289495,390.4966607174573
15020288,27.743392980564522
31419590,1015.3639682042776
37233713,593.38021160135
26330225,427.24688778897564
73976501,521.4952706431064
90642644,617.931319589866
63791881,114.44379048566162
40102213,1498.0407589187153
60203926,888.5822206778862
36257216,245.75110651655405
24119768,672.5463073199176
30403208,700.8864455925335
39737862,877.0089150235794
41150683,117.76044755593705
99351268,151.709377502491
62692262,361.11197769476917
72711178,-24.991515212044135
10083097,196.05321465187984
65370298,528.8511685503793
84388395,166.75227890873686
52114454,85.41133214638825
74646950,476.3016249790161
72720701,269.5862089340376
45732529,234.7473710499055
10509116,195.19758378558458
36154567,274.20209235749974
46124383,836.5384941670591
27866730,189.44316643992738
62320931,207.6026481029566
78979954,264.61196304965426
52531638,416.0012000590523
70662494,94.55451570919922
88174413,114.4999637137995
21513664,398.9236573340827
26546743,607.7708936535862
89094189,47.180412180125984
34006202,347.1342935357468
44458405,53.8770301073539
46102741,567.464725275917
80947937,486.44059052209116
73456376,458.9565122667368
27640503,442.31791362199465
66469621,568.6805213799987
35504694,185.2614240189739
24815317,927.727454919609
58171289,-176.21110239554193
18612790,180.78670556714349
63428669,617.4963574786848
57949817,1232.3249754292171
72876573,190.42698692588294
96193736,134.76756250015836
57932688,380.1566697367281
61617398,545.5496981985796
57513357,266.9749281829014
46336493,209.52169138476313
56173102,325.94929745005606
22210971,257.93882142016844
27397907,-27.2461610186582
94750459,537.7742982799399
23197778,238.95135741278284
62692781,107.08511381206722
94164438,129.04519760454173
19395402,1320.1658905486452
94219712,302.66592831597995
33491568,127.06116249396024
67632603,153.1361139286073
19852962,470.4713499941888
73405784,1121.5969208393794
88192699,339.7471836012355
29867417,164.06940139988126
84909546,823.8288359300625
52598919,1101.382630211129
86077350,274.6975536379024
43929538,550.8480183593589
89992133,292.56458137650384
33643157,811.7974087849168
40190924,136.27315884041252
97098808,313.61298156554585
87635513,843.8686756916254
16478169,1891.8134307576763
79498204,291.595622836924
62568791,1065.3273308598039
36457296,-69.94999969180617
29599077,332.4643160585458
22644116,418.8753775784925
69419691,649.3695920688381
21970018,145.396604721943
31666748,435.7967846094191
84691804,621.3169633817123
19277545,448.8263512658947
78443496,215.57619080571072
92759112,148.3779929722554
49629913,1153.6332128014758
14874574,230.33811981811687
61108399,-95.19395704889791
53618559,904.5623942777595
46977752,91.30747187624718
87695599,445.1052561566279
68430793,115.0064789003676
11606038,92.21502953306515
52469720,456.61218028269616
91726930,195.8014511361004
14558288,18.93307912883097
98640275,49.98191830008318
82918511,193.9280214017303
32992592,170.86581518824357
36930879,165.95606088097276
73360172,205.05515376164578
22281491,203.91732757557816
33813436,62.4531713029001
49300946,373.0671777936743
56371129,420.51072674977195
83899433,-38.29360046190618
25827679,1297.576215129163
16631062,85.63901602846414
86793673,337.4893656627045
99689707,82.10016149846047
69776211,79.02736927334871
55892015,247.35340685506344
19716865,458.7246494689414
46860460,201.2093624606245
66143638,1424.997000787109
46241046,318.5032428836506
47497471,200.21434627181668
38256243,406.98104071447096
90078699,138.3934865665815
66607961,29.125063073532033
15632043,256.6278770698143
81498334,1002.3066909565657
82443801,240.7843935286494
88411591,195.72081133919795
18221799,340.62511491075463
30242976,251.78912536098903
66494245,162.0050081492102
49287510,-11.826512403615652
83370642,196.56062577418646
92348451,-179.7250672493864
55790147,-36.082857390923806
49423398,216.23585155727818
39715763,153.55745692785615
46440335,183.88072457191896
78128236,396.3626941636295
63409672,1196.3280612779552
98873842,256.3224602283427
34782044,133.13108134578766
70391546,238.7075134507852
76956234,394.90478261485293
41544516,268.09036277204495
42550648,367.2533896579762
98465226,106.87392712186397
30886863,829.6914388975081
84535276,77.72568629359029
54301788,472.21165960112046
78637034,413.2966603863289
61387156,-39.95544797123597
71715096,306.5015964623017
47859897,148.06146293398098
59800013,397.79843262158136
95293248,1007.033812438443
11553772,227.67986488174643
91107127,842.101729602861
66825939,374.8418321853014
33598864,170.2726644538318
18818037,746.2664809156254
86800656,355.00960281662447
45209421,219.0239092782531
99712718,-16.1408067414568
80320840,360.1380677809818
24591401,269.80297264837475
90294177,294.00001707522597
14404076,287.72706210093736
60829113,81.80963678490866
22529505,32.208267133633285
59566170,597.9582409948393
40149323,1130.4204603921303
40382936,357.0780202243294
99300537,172.92593712795406
44631793,20.072229421779696
49450050,-81.68068339505385
62395628,158.68188826465223
30879014,327.80473699467893
85524688,-99.74988244703383
87381496,901.4645509617158
66258576,332.1660092726704
71415255,488.7766681756241
45179604,449.85272210315236
82676573,190.17093376891955
14654038,-109.0892189876287
57261303,398.3948409770113
69037727,393.20996749369056
78583522,353.0984666272889
49703078,938.1389668128422
78525136,80.1901749764981
86407509,297.7050188334297
33024193,876.7860075096266
38535158,593.9049171304746
84179400,72.6959247967556
24680896,678.8917336681488
42024082,221.4408362489836
31137878,1111.0407673894485
92689780,258.6796311693827
93487228,605.4800989269966
27421195,171.4773567154839
27611928,222.54823657201962
25261420,1088.5989821077685
46864780,138.40958739494204
51909487,486.278165701376
37913958,291.23709207994705
74334619,605.0029165523097
24422548,195.38404732364387
58508595,563.3055615055222
25087154,4.224790335302828
76806766,491.2120106663509
27262464,71.47280981010533
73422693,367.0485579583906
58175270,149.38653623211513
76648743,376.1579618158303
36026120,535.4563503549335
87485989,303.49513341136094
88798255,549.4270086251287
85293030,1391.0251519262515
87029422,133.0955732482591
72679949,304.340046318369
25871017,290.29394235444465
61396744,113.91440348692822
63197784,1210.395365553204
49632353,267.1334850296986
65625596,327.50743170314377
86795596,422.50502849744373
81433856,105.73263690519076
87476873,983.562705615557
98147948,447.49700965696616
99212421,296.16768411750115
78236394,759.1212655537408
60511137,87.07945517285788
37030090,1820.0781076259293
47227545,357.53705403164145
38980163,263.19305111450365
33290320,248.38820668400274
57735630,428.69835373967487
37888473,624.3542946911765
54251453,490.9712195917026
85556127,139.7444456405837
26903779,217.47228610147914
91692809,328.1258821022443
32446203,549.2177655965427
34350235,153.50261717780438
28532174,1506.2667784538196
59869496,92.1488259696763
37887202,35.20546090293243
54799254,171.28926251720975
44298051,916.914946530509
89901990,153.00478372115413
73292166,399.8161920764212
21775362,129.91117289078528
36884233,214.8308257480282
66353025,36.376873488104025
19481125,-6.974794337125218
95336492,812.2067221114023
32400462,1109.145483535635
28975228,154.27344289229688
11320585,697.1915960293417
32162156,135.25702776839802
88724326,561.4719448612419
67650053,303.888610385859
21038175,138.42616890849388
64836379,201.81977199220734
60827779,239.26592635580528
88997264,705.944715403378
44622902,487.1805509129605
85670106,264.0511100809489
38945693,-179.77333355117383
69337730,304.8706459430116
22890345,308.0737229677427
93106331,146.95759452062612
56257607,147.2811147848517
42845025,391.8695635466913
10678470,527.4773624666564
35975743,5176.893079530382
44298756,510.07893361365905
66670226,113.14761804573408
37883517,888.6508403220437
62831558,186.90506837264638
25294874,-150.5361056370871
34601413,2497.9375945594284
61300626,456.9975610984051
63694211,263.12326062502984
70308634,352.31334204124084
92846964,121.39512326283267
32093061,611.6160631954828
68496425,392.2720593815317
36724576,320.01036919176215
18988842,218.40678602431234
44304522,63.558702011814205
91192236,196.60637040854306
27105876,109.72139338212656
89869414,-165.8301625170184
45877010,83.75053064061427
24146001,285.32327617763315
23395701,414.8133302756356
38974456,397.2445262319801
57842607,304.1063077069616
51687346,384.25177002740577
99288080,542.6115893215765
58963406,489.8196170005549
29443260,878.8963560571078
62626422,1047.6962869560703
57515098,32.9123133019757
61739694,1204.2539732887726
27459512,43.81656484651046
84889146,126.90119923516613
58681841,19.522440563206317
63593417,2176.750681201691
33073018,345.359715093255
18775917,17.873258392241382
38962045,137.31087854386067
67933426,1109.5438284250647
54603681,555.6924496741243
83399485,210.53753059701586
64199110,-220.62788489837956
82415208,292.50808289115355
87961803,192.28084047046667
44853010,154.07408507050542
59952980,154.43901058436188
88562279,377.588494335497
55858413,653.0617535147434
61198975,174.12602470956347
37448315,1093.3830278482035
19525923,229.04462480091183
35026025,218.59622123947173
37029910,100.02059303087873
65651564,315.95669025085454
76546746,-140.0379637353369
78805012,427.9736413237529
73332787,496.39816235559283
45937289,435.3548673882583
99048249,668.6320865773448
29475704,290.80260387349404
93694996,446.68408100476427
18159173,158.80142730213532
50435273,-52.44363949867977
56812269,415.1423320806115
10385151,445.4064247192215
74541267,966.0088010938698
16719195,20.881382988517828
48754743,432.9302063089905
18188655,75.21491618483748
32063627,502.8821698159081
95749552,154.35461604552557
95191424,258.47466483536436
79363744,432.7897988152413
47169927,497.93070471186036
77108983,123.41110230091653
44823862,139.1930481663333
81122519,299.99896614673173
18168723,214.6472710433377
59737458,337.39962556754085
12477444,59.70503177908
89609832,1594.5824924178562
50913652,30.415297851639366
42856249,54.63675513293333
62711409,287.39078865777026
67374114,316.1275151975832
26708384,155.11990300003936
57463109,440.5705328801199
64273952,-95.56025586446822
56304545,-29.739647963087975
82795140,282.06208842314345
14007213,169.82819645056804
54415843,28.194629828747168
54590957,263.8797979780054
67350145,278.73347192113056
74993313,96.56504474547108
62432527,288.81470203377046
33713363,152.93124271091114
80390114,66.27486783924547
12723951,94.27176579750255
71416124,408.17522677443515
72440899,391.51851321337097
60115717,418.84583655976064
26317947,196.02910791853157
35504199,336.51844365961824
30187539,414.13700405285806
55346293,284.17667011970934
90516502,660.2991846542097
72045347,82.3460635742685
79850408,106.11158602715352
20443404,1576.2185293016
84501791,214.4181806629249
73999320,79.95004549049054
98913461,-235.53233454101732
37225199,56.10648453917429
16193655,339.9097594564339
72620298,1360.7076028498848
64188152,209.81319812696938
67784083,344.67732915710155
90552658,1126.8380191396618
80748000,1282.116477521892
38083778,840.5088644420771
65525497,308.66365703173165
19381953,225.56966452903532
65723090,782.2113435034864
76151738,566.1234918135426
48225827,449.0099375738224
27357384,239.9929565041042
72090603,505.3223834913217
13739096,208.5153413404813
42442381,269.24853598946686
57561155,894.5653144868925
35942827,235.4730472800768
89196128,512.4737863604408
90585757,12.643916353217094
28123361,-39.17691502865472
54892166,298.5638883230454
34399967,89.46471950073806
36429013,161.72639141353847
87308981,539.9626786898818
99529719,293.5193138687173
22093311,430.99908819086295
81263538,89.62731669540375
71338939,363.9885117474728
26758105,706.1536735516646
97028969,1487.3573727458263
64463656,174.00837372736066
56099433,111.47018420903999
85325718,54.896267002662626
44166454,117.56233439442127
36489810,186.7213490574705
33207901,243.65291479364487
27978007,101.16597665561335
81479630,254.22621990476898
51537650,470.3073499730208
45619520,178.73211486184437
38111175,294.66489598252065
52128949,881.4125376990887
25404819,99.07673432351646
76230938,197.01672663757347
35633669,265.979446723308
17486296,428.0199803438684
26823352,538.3290720972508
24234066,3.1598652987478886
69609466,415.19735831148716
44500625,490.32686244890886
25810885,924.8751685457694
47095933,356.7349187973937
29996746,306.1278354190184
26824387,956.2119724555052
22560248,-153.15540096372314
67043419,242.43559136686463
56128877,851.221146907249
78532613,-339.75593539412455
63334626,322.96610809725416
41942475,986.1130358533271
71572581,1147.1089492364624
31224917,427.78800261576123
52061385,1144.3692141564457
85648776,520.2219153064262
89601046,355.8318245439759
16315474,544.1596782394759
90885644,526.7599123516757
69988016,502.08789655128317
55363982,209.58962453299233
15084841,863.7304136710452
85269120,225.6077173152479
31531393,-252.61895349565407
65511292,171.08462391862793
76207920,1495.970558421841
25765261,970.2048186617444
99628783,101.83657003343143
29123949,986.795075642762
84071477,621.7643660103771
55408575,60.22342850059425
18563235,1427.4317479026536
32862824,1964.8166510922827
87247913,288.5761070835948
70811397,557.1885489346455
79135010,322.69820220896133
95532555,91.55465172524265
91619153,252.58466283061546
85185899,257.6520749585329
45503458,390.1688433701388
40572975,450.6869549364866
89004010,104.74612024475226
34562042,480.31419655004606
63463440,508.5731142172415
64460362,-52.31097267954823
67250925,164.6596130097068
14939721,234.30942082354352
35310686,576.778093968953
71187848,133.80772670351638
61524357,2686.5660793116685
36782194,474.5042378262385
89842273,738.5703926225503
20614858,532.165250285599
68048266,12.430880928632519
62462117,496.1641031256271
72115510,406.0615915140205
14057421,170.2393596803364
99878320,250.43961853318388
68934495,235.50380379787748
63897425,503.8914021569069
30823846,-96.89510198974074
45856506,178.7291849706137
36318458,516.9475941343368
54709816,76.36170715410498
58956301,373.40970912902424
61193977,354.3347569499151
94916864,838.1754361722794
95563649,1033.1856858631313
11808364,349.1636923755177
53108582,154.03226828309562
37502181,1206.4835459949336
37996385,391.1038477323506
53563779,186.83194450846213
62612706,388.97402270029363
33233317,71.37955316615142
39285196,48.5751453015348
12469660,956.9180710416815
10086272,227.8146432878973
61556619,286.86565440539323
44239580,1463.7927982018418
37303458,311.12089373003187
69742763,574.5531219024916
79252407,1326.0648532007128
55035288,100.83987848140282
22573833,370.97460374521654
73616028,38.845258963872595
72379751,119.44357179853313
63515051,68.93329176742941
43605274,242.91769458409442
94526159,6.764899513727073
87017405,1088.4874533406926
27785122,378.33402134017933
88986010,38.02854318966388
83705830,-3.236427648193228
19294754,478.9970585176419
10016581,558.5643177347266
98337631,111.76515389210795
96284977,1455.8033703623817
85120493,2561.780314649679
76912038,138.86670874636548
38273802,1968.993676244578
31373003,1204.7571232474227
16311364,722.7954930026154
81773825,37.7708445391375
85451822,33.655447692498285
83837897,278.5711706242229
79840167,408.08944425732807
10053165,160.83400707872994
66085962,183.21870487585528
74446354,1943.8648698799564
71248291,358.7804722082203
13527988,1624.9292668960275
59655162,867.595858388948
81270080,360.093305097972
25459024,-38.501368393762675
57124820,149.38050778661835
38744724,277.2600485520064
14672828,271.2327887459645
86208199,357.1857937341631
60804234,152.9906368218518
26637959,321.22777528652284
84505191,346.1747937647459
34949195,296.7438448860048
18236230,550.6633545923985
83633670,812.2184859220183
38795738,-38.068119757156865
57060441,889.9246515784198
63193750,285.1798599804082
16584196,-14.481141657678052
97470867,28.46020320690485
57117308,169.46691272931827
28539736,46.96055543327884
42854708,78.08320860753457
74612987,632.1861362125007
18574187,21.07269800665415
82554201,364.9203698481799
63502035,558.9869783287855
91862663,1161.905107560313
92211122,1971.8349031863156
31056808,465.93195519631456
16943964,683.4896335390459
32863651,804.9854696540101
68176876,327.29740516822756
49131404,339.65638419869947
70277995,49.75417435508007
35494136,226.14548380176927
81234980,471.9606328276933
38613978,7.965478457186293
58078556,600.3853985070418
44540392,307.67103353036225
54581831,220.98456382756433
27711464,-25.103396338443247
34639609,381.623019767437
61465981,774.9065052011483
97434739,856.9168446016038
11115465,127.77958049265186
73204702,270.9369405351433
43122014,269.82093712831215
82465915,140.81935407973424
70336402,-22.52167115982587
66860305,1645.2328671156254
41500458,134.3797882430644
92919391,398.1212393989515
99618084,541.1863898699849
86909460,139.07588084884662
17337355,39.99852868546736
42353664,88.94261405741275
21765685,293.54112984614574
89088918,-43.49117174143862
35899962,221.48527183954207
68684318,580.4577715027795
18484780,59.82836743971694
87388388,354.4095356574203
90094211,404.81124683257633
16804039,255.19685724163764
91010086,88.59343666030685
99469868,47.4099816680735
37545302,219.12349329189334
71878464,107.43543915606062
21183040,410.20178085889154
35304073,436.68709242114585
50348670,517.709695247659
34230931,135.76381230671694
48867425,615.4107837655816
35018884,181.84904490940409
82792644,192.33543612204517
55638604,297.87593139476894
45618589,-3.2172062961142274
94996859,473.9998899365379
59711138,457.83608415478386
20008628,102.23008737099588
74210201,733.950853054148
71592370,957.2909582513405
91112168,564.4708300375361
86979588,232.51397227542236
77491019,85.2687674540635
82906889,123.52079984811837
47215201,583.4937701482218
74482354,268.5854401463715
85248466,94.04609872424197
48081067,360.8087771050134
15387364,626.5539131235753
49479914,554.1809533063293
67144063,2387.0357072226043
21546784,147.57597811448437
33690767,486.27199959433256
33115846,285.1317707404319
61562965,213.33001915666324
39809818,-157.63449600958882
68123009,397.27849937971996
51851996,1902.1772856571613
14592737,49.46541128725136
53703850,1249.8405793140762
32305458,12.315020361102654
15802272,553.5420513827252
36113397,192.27955002838866
10490484,540.7714617148567
60733954,259.7655031680838
99162691,473.53122935829754
93098807,227.3123338310778
40838545,223.98876369679783
11051825,300.4476283238
82908690,1022.2926754515559
71787511,687.3233226470661
72823966,954.4571374773382
12980060,337.35385107226875
96086415,173.2123909113589
23697274,529.2906371655727
51614059,2151.477193806001
78779574,577.9137734424523
95241308,254.92812865486167
17643222,433.0032948202104
93263316,256.24854373273183
37302631,-4.6133489035916
87271886,118.95528106614421
55736876,892.3663147394627
51594702,520.6938768661195
83945766,97.37118794997787
79078313,7.421900674528217
31277810,218.53830575937587
74965419,158.63675690429346
12557472,14.747897484515079
61610958,178.4469009045776
87565891,240.99371697967285
69835471,196.0184278426736
50409416,637.8949096960283
77449547,432.1401693625953
97554546,384.3925877059528
15981479,336.8956449926061
19522006,1188.0484546771263
27996044,55.864139868629366
41161764,531.1067104240713
20740770,543.1968812574664
70042803,130.02123544367402
52210690,228.12830233034992
81657059,146.2680334698225
67733763,242.47923317282243
19453777,781.2931595801947
76648543,65.09507169483737
38569009,459.1678650592943
24713941,132.12345157802633
89660454,23.177572039699896
85740410,450.0245128098438
86257801,627.5927278142773
86873805,255.52562559010903
33399735,675.5931846218027
37535534,590.6357053567133
27667456,3000.7275808329605
61581329,147.7694036223424
51263630,475.9127056952178
52033053,68.82665760137763
90888218,260.1518783552482
12546179,186.21040947536522
83093814,155.32208120277278
46297699,191.3198696299081
97044400,414.4514030456553
31763919,154.39230993653774
16008849,224.05382535642548
51084945,174.57909736373495
59957604,553.834415015675
18780994,142.24502877250063
87997537,271.3027147067048
45685391,58.99989328971327
44441149,653.22520255355
14178311,336.02342380559196
43522500,66.02959113481302
91025767,233.74762041131123
92328854,27.24225274300943
53582398,209.55732502594952
79088536,853.24203909893
46193764,140.36633963665344
84800487,32.06727806221028
58906346,180.8013679737727
16384425,8.572681084171506
31314423,158.02277165854088
78713693,527.2224188288106
59579059,-3.84218211435541
51309878,302.6550575550626
18367921,461.99688916874015
17963218,1860.6855187954309
63773516,1694.969175540031
43820904,119.97715112727604
61844633,437.8786404199859
97433520,404.90029279490204
67890378,488.90332938103336
84770654,133.2587963806102
56388014,273.73949180956026
48498606,345.95771172617117
96139568,182.8834029996671
23184000,310.5876763255808
82435682,984.763941893772
84725417,230.36009377343532
80398008,-20.402156216215303
21408816,374.34376323808874
40561414,326.5930488654011
47526789,951.3679020475095
34202671,89.40325370407618
47410501,49.028042778439556
18437030,-56.95245997351668
89947527,885.3630517026675
48179652,2193.5282692506144
43574355,685.0169880458718
93441626,67.91955259952681
49833156,465.39064577206284
27436801,347.34590727090733
43212239,217.6238438942147
57781002,196.71440527356987
80452756,167.9377641261496
69547198,216.5424788758918
92282402,-115.91149259474861
60080700,512.8198976693333
77220496,479.0926193928119
54095090,-48.47097744338657
28159066,36.43864407365703
76298460,384.53772928047556
57334293,1439.513986113958
51349452,394.0275822471335
57825954,63.91055453267137
75566691,205.87248695188515
21994482,228.3511401279543
15472109,98.71296264913593
74524636,1456.5808608299585
50954892,679.5848563608863
72834699,200.70319648626037
62999750,154.84824515913056
33123268,811.1308627703031
66540114,70.41439800554718
54002928,183.26019916036137
55085304,-61.69775257752207
22151066,182.20309949570822
65334729,541.2922040752134
30865724,80.97754534498256
90388666,280.1687228723898
55605064,585.9341135045506
69408128,398.77615523927
99473168,2230.1960931912245
75818797,102.37666058631208
62565025,1620.3028592161372
75143116,119.1670742779126
47696923,89.74612107229342
19416750,830.460964102133
22855194,501.80225188193333
67192782,441.8251052380989
87517475,138.21410819608042
56350089,514.1750490292806
34134972,-63.37026132385546
60576347,187.82266902221875
26319072,-7.518099818528469
88893111,256.455758300188
68033382,294.7462382540979
94035885,416.4284354415671
81187160,848.594039874253
28315736,351.86590986856163
22692256,314.29958581305334
37267592,98.86652706908427
91150814,-128.99551562868402
26431305,187.00722590596672
87910232,87.57309664025468
41955248,516.8201068254291
69743430,53.840066673377976
46703259,226.4295784957402
31441294,192.11472572476202
52540774,471.8381260759895
86506186,216.92026484793547
59584539,673.2524783137516
97314977,256.2998773874689
96666615,283.6973706231654
79683457,154.76885878072477
82209443,359.5004737358123
28258830,423.2441175278042
42067661,285.2110744900882
66297804,139.81005417454412
16941404,111.26580974196935
75005309,127.5467523803755
24570745,181.26396591053413
86113362,-81.81122903795622
17047985,337.7894584204364
65773050,189.7644594310891
58445540,728.6021107503906
48523637,564.4084345119775
95993557,183.032664565137
88761628,36.65161195039815
35281082,-36.00008110366343
63427827,948.818074109038
38736916,141.0164234458253
86580197,259.4796839741156
23112535,276.1145841311261
70370352,-353.7086570999455
27855625,63.3861317133514
60833031,76.31083965415246
23047956,1250.8396756999061
87351286,154.27253641030643
75886001,-115.4508714853317
66301086,339.5849785095364
60935733,225.2071987815557
98414359,471.9994151495215
93169508,1198.4709145459467
77985316,379.3089883222226
22647726,108.94104216169012
39865459,129.12665726324093
81994206,657.1123614152614
62822262,110.82050143730129
85331429,160.06088677038287
75110630,-51.651966423712395
51138756,-8.477990240856172
83491442,200.33400036645588
67891583,589.2622005282218
65475315,292.3258654884305
37180335,1257.5828369625467
53617145,-86.35789672731374
66644091,114.5819688682767
85685863,469.4952090143264
67756317,167.59030334206756
47286828,541.6827906108207
30798257,141.79610278568686
55429056,1353.369301594176
48423935,210.89391994718284
70215654,1994.898917992192
84995114,222.04921332883225
34191374,194.9243747671643
94424055,346.99788620010804
35266032,214.64771729718797
10282778,155.17622060650984
74509894,-66.19699245481013
62379565,110.73848292350857
69295266,419.662609762412
19487319,228.8891775575546
80523155,1182.4447906927523
76258438,920.2056551283019
15381648,1083.6724347803877
76313330,118.72966740194784
67909709,403.4364884339591
94172578,202.30366536576003
73730320,404.16471804453704
93164433,362.2443981142086
47160388,24.024441330514207
39990609,35.21967299204198
64566990,791.6320114536911
91126842,363.8165446964889
52824809,184.14725369278523
57254599,244.5637166518311
38718331,193.03264436060795
86095545,365.954889806982
47117496,-66.7210934879356
38398092,16.68335112607076
35904079,324.6671066820329
90919237,287.4324513182021
56102015,1799.8678853268018
71540566,669.173542733111
10011577,614.764174862292
84723499,739.6298453848369
12437858,261.05281139312194
55600884,128.22456830020508
14903844,48.86283679089274
79656066,275.0102917075237
22833793,993.7008073062962
52725368,151.97189984364906
69338616,61.797267081662596
69512258,634.8408844854993
96249786,240.5820268647459
93289839,384.8623111209034
89525161,679.3515111918598
25602400,106.36117671028967
82687645,151.40647674825937
86466057,381.4393250321907
31039064,15.998129589193809
38126410,411.369315755888
98941268,138.55493816932216
98887377,799.0070718143295
19069593,237.09771589820878
48991500,1122.04811032053
81340729,178.61663260251328
17755803,141.72194888987178
28332754,-416.07210802110154
48710415,177.9297958857107
13552122,159.20459210560722
67175252,178.69499265351988
81401006,1918.7295742061463
87569420,496.01046012707786
68775804,86.4760926710457
51303767,273.2499495807997
36907350,207.64412552301872
11852044,203.57136250304563
57122012,663.5441851709571
42764646,351.4520207810036
23299341,-72.61295443471218
99527596,202.4357592608327
97393585,102.06655713884078
43578412,-60.761793212531586
98294611,637.3564738044394
30924809,35.533738594860324
88121507,595.2513852868303
81094653,96.47583045828662
83948197,20.178722267610283
53707208,132.58777715806144
72598207,-192.11240743695333
96325015,-112.29719702556511
32527392,157.27474087891005
13367283,-113.75716613287952
70926441,982.5680099243623
14507496,183.71938841663302
84516945,298.1840408083949
17478153,222.41531229751115
83347951,222.60220715914204
42507501,552.7484802336744
54322410,55.70482611682041
51129418,213.69415134686608
92284337,1395.0461874222915
56191305,210.6588067833327
69717201,204.9150774849412
77803958,925.7691864506301
30868541,182.62703745631165
21948362,80.61295366007016
64597726,86.65316340323466
24753315,294.4824727438712
83137150,376.3003940518971
87115344,131.37347282525923
99984175,504.04788188129373
78503238,923.567905142254
56241324,566.3869753537253
44979606,58.31941919590389
73782771,0.5375890171445121
83259646,73.31618861389006
83615385,518.2815512748996
84238097,445.9611733305077
90104229,358.97686106144977
47165230,137.7357262266753
90052115,48.26368837459779
29318397,1806.4913843367665
66821977,325.9578190059884
74914365,43.45932407565016
21821045,-61.63430618214869
78077361,86.41119850390595
11290483,199.9788668590465
18150280,-150.1437661371313
97190006,491.5715563879419
23716973,-7.250325803498981
22402268,120.765713290306
22495547,246.29491571348547
62732805,269.2511836325168
35149813,690.1784679070573
45074208,136.648846025946
16930048,131.79369329154616
37034316,275.722989217139
41257506,857.6560572798162
37119194,-96.36887974591349
67834562,247.31285841165231
34524417,135.808570662153
65917034,1597.6147011349137
89187031,978.6340742113202
38918236,429.6327431783835
15343670,1269.568776256674
14075655,182.50219760037015
38174910,1123.8862706147988
58723158,98.89431228802158
60249533,404.89541618851376
97281245,910.4870482612125
72949298,409.92662790783015
15101045,-29.76416774616996
28123842,187.075797633053
79777819,244.04684126078405
49207880,287.9139062208345
80546483,644.7975952054524
64032695,293.6067408705386
13192282,471.0445094044993
77309020,59.175465761490386
61977302,-69.46017113107683
97344057,30.189419332634486
30586194,978.4548727767985
56677229,691.045349616828
22130117,1017.1033108317604
40261245,153.02995520227023
30166032,197.03944076358044
77089984,219.45271007862988
26878900,655.0555593425845
61371436,210.31770883506192
42742062,151.81807217410432
95339974,273.6966074405068
56107946,302.835392316824
75011328,839.3022447206156
72662754,1085.932158015436
72203106,-39.54155361141005
70496852,431.4419668899226
13201993,-68.23060894542937
78164844,-1124.466592402268
59342403,311.52866353721595
94540895,1176.240390989068
46539631,746.6471391854855
72239923,12.83004531313452
87927143,-42.75995164699998
58112642,319.55865911386513
46348606,103.99305220257276
41028863,437.2040608840708
24368370,204.7270414762237
29933781,823.7556590584129
82791847,250.24673321924536
96015529,253.65892107409275
54561874,-77.14656082437585
53184693,51.13939343864564
76671373,924.5169535949619
63611357,464.17954901267103
80706420,343.8798744737826
55017743,-19.288521179850477
80689892,-3.3993848351235556
84469446,385.64331288432857
23226721,279.4857462537252
85084580,-128.01928199390895
80669002,376.2173667175242
65745002,403.4711071951059
89007400,454.53887148523415
29824422,522.622346953383
35775431,754.8573291335651
14074630,729.2751073074652
72325201,1033.3158624324994
23874500,708.2385163676119
37300173,206.83102972180603
33493494,584.1188830711108
30229764,524.0022073294352
43966954,529.3129921188986
27845488,394.25452815873086
37461765,890.3661106038867
54994083,467.241586315325
73747516,-234.32566484278686
41276058,393.0048921058525
55912598,-1.342266045970689
60686267,170.75995462445087
32726148,-61.921609013870466
99279088,517.7694138389478
28728541,700.0141746687412
13858737,2091.036962819172
21895570,930.3167381127278
76323759,293.2859540623007
79038940,245.57327389423926
29272847,153.082314019889
98713132,135.63391494067434
92394953,922.0051177407904
96580365,307.4075682679593
44481344,358.19934073099876
16420037,174.3178692572352
93921984,323.6834048888825
26481610,141.0767022310231
36292815,1847.6308173112332
77806189,938.9456495822628
75958945,-38.41290121497917
65456150,528.336248895922
80743824,226.89291934663424
49966934,417.42328737820276
86026791,792.9281204725326
85816309,304.01238703312356
15568874,663.1074889096321
99556884,654.7198577592623
27514144,406.1821410552651
33950340,357.87630444398155
90674412,131.53782503849976
31688776,174.0034489085283
58380703,443.9661421097801
59666638,-74.16558893019425
28858647,307.7446768059192
96281488,1993.114215054659
81757957,102.44035169192517
15387606,125.67388515851496
95978588,167.59443442856127
38876766,187.36586416139323
97177476,176.20674444419114
56304916,605.3220155849816
94447504,7.021508051668889
12858830,-49.340404354904706
29325031,105.36616394926364
45137864,246.2542138562278
40574206,766.1926534185588
14671172,535.5255162541872
79393183,256.1634035463617
73490914,799.9577087558191
74160460,477.06486401974826
44164617,-114.64596838189965
82646950,218.8536014030915
13359174,19.654439998991563
75134927,352.1044146929412
36042465,249.61634791209258
83839627,159.45354572823976
23668396,347.35621433151834
75299261,348.27388246340877
41480775,2.1412544203449784
33690039,108.57977099009037
22503085,976.7538177825263
37466667,441.8365564959829
14321282,233.1842828924589
71351933,595.9335442091348
87081502,128.380972093582
65472553,2368.0358579557587
99213360,56.60398465784539
10832464,202.87515381199944
51819797,734.361791304468
75955259,120.20971407859696
88647663,460.8681689973164
48629803,540.9419448065232
83286245,162.2406386565491
88766577,902.3583130855316
92941012,405.8792033143636
77129657,-173.1828838617375
98212477,35.295854393715956
47578988,228.5038118455759
50209960,89.27050825034809
34219777,440.9411500557194
79439231,-41.85742165730488
73635146,209.69800274421203
64910994,189.03441060643672
53834693,834.3238741923426
11363592,265.98585072182857
10873772,375.73165501740095
87767702,623.8796158095706
23454749,763.8462820828829
58196808,426.2060084642982
68491285,75.54646488604055
92242279,96.73108070401628
33507598,595.9969712646304
31155680,155.63576426549508
69782815,680.6070182115078
99510246,76.23084584805719
76945883,332.08901107378085
17094345,-67.70640252973169
46337525,357.0940685124367
28488983,918.5945684361568
16761031,242.1168482460165
79032271,-48.52761772801921
62295468,113.02262413065597
34239247,114.47769724669644
13382072,671.1105151443426
22594211,297.11601576024214
57247913,541.6521308982453
91685716,283.8991289615557
17466502,866.0819618319706
33964749,600.0697021467153
51427608,364.56303435208747
24310192,202.56027917832245
31116680,329.2206518541923
11417356,82.32422394308338
62762079,246.39926052668034
42671255,1523.236883213148
96926020,135.049941158739
50275050,651.2728770440123
39760605,178.03645813671568
74898826,310.4075981048022
72916922,132.46211187382733
15943032,287.31085796266746
74582816,310.8247234357192
59875250,207.07050720821775
80790659,549.902781895498
19888418,317.3936149684612
31588130,819.6332568194018
66158465,119.5765721186055
18800645,87.2213736201341
64505218,37.63752687491234
56056799,287.159160520775
10374837,418.5274630310656
41300143,64.84405739570622
78621253,173.7188781247957
11141195,407.7817804263276
33865847,618.165487792359
90610974,458.5337399646603
98930552,1066.440691375392
12727530,283.5619738668987
52930535,398.584741369432
93753865,403.0185746251775
70595210,552.8039070959107
86025280,126.40324895686939
78663509,-3.272677078589709
21322626,459.7152620272177
38172344,301.4681884266656
12467923,1263.26859710913
59832255,746.6096933457741
60019461,608.97434956523
36274445,435.82474768302177
35417851,952.3072909791831
24997453,671.0656697882138
83094532,275.4717130321402
90174488,1756.1258659093496
71319002,391.3971752990485
29621396,429.7862760902723
10011880,786.5660926332082
17190126,1255.0158244658762
70424510,474.966877780323
11417531,329.38804651254986
27554957,295.21602184778044
13689480,833.0475810170888
69613512,361.00712159733166
74318773,429.5059075174303
45221034,787.1327679740807
12200305,137.5801341317387
29052499,165.76527776832785
91168920,-194.03715444748082
99587330,401.8022909570079
85493546,560.2364295354987
36510260,237.82675530027984
40370308,1156.9609046630917
89123563,619.7117118924772
68894033,330.79490676485193
73938236,743.8606657335099
25242707,220.9450579143209
87339346,1125.9691398523717
34182148,954.3975930337181
55488547,185.35899648734784
58799207,260.48938524217226
99415472,665.2113318639945
50374353,417.2919609180991
44632960,380.74101336897127
46918499,677.205437609827
61219752,132.58969919166395
57928854,103.562305790869
22536598,1076.1716344110316
69936903,215.0384951965616
69696012,-153.05267874745107
75807455,753.1528239225113
31557332,873.7898250291696
98503124,350.3323174257117
45347570,239.3064239185178
91321804,704.9811266931356
56392111,589.0255322979136
86308272,496.0938792445663
64596791,746.7964092307716
80652734,568.4437955841668
15067372,11.87237961363445
19485124,71.88985511833624
14453004,278.4252298694495
26285533,91.60519337968043
92838656,67.95396408904628
37408293,168.5035111927508
44619550,511.7081706901073
12229798,-88.04229187642039
19471907,639.5919955636643
79387412,2182.5779289973443
62896852,126.49619958464854
45934349,366.112718832671
16860511,122.54169893732586
43506983,258.487561868523
70740306,228.9612239708672
92814410,996.077882537166
42104710,182.3285414450644
23656647,1975.097231317344
16622582,779.754117330061
91730318,86.74992804579324
71502047,351.2145739696115
62198081,240.8620854638915
35586426,-27.741443750424764
73159054,263.1554233351651
72932579,187.81292042477048
15860553,751.5004418370054
76499202,1981.0325137752418
49147306,973.490343205503
66173222,941.7815377261079
36048465,-1.3240576061815545
58226162,397.5546395828036
75348253,365.33188764989814
29406516,181.6026904821926
30120831,313.976148354188
88886135,180.44860824611987
90716300,279.0239560514965
12118186,118.40749886332435
39388114,199.02800369588783
43348151,319.83973551181793
70648988,605.6967923997516
89828759,1564.1652199528414
25774436,249.63333561999764
56166234,198.57620367031103
46207048,328.31326785959607
24260337,1799.0190454449305
43372122,219.37606158956316
99211792,342.0132847526454
72425048,452.73979063771253
58848576,686.9775635159928
69451066,58.54061480644663
46571746,748.5184816705944
35037281,123.43086895049004
85573733,589.4004456975568
85004009,211.45237484620867
98713147,164.26285852593213
99574842,466.91496147114026
56403873,236.30634813988127
79242881,274.63661706190874
58458582,79.38909972660531
68482067,324.7250695538264
16690135,50.4200641809947
15173091,1724.7006334603554
61448444,677.8420265086995
69237042,201.1803935122545
85145895,348.4740349727231
22701271,85.30282181575842
39148372,-67.44684283843611
94500108,628.5389273477075
68415143,877.2011168886418
40595467,257.5207636989777
53076141,99.0726023225194
73641861,642.1986289123262
48605668,42.86937769828819
69923530,192.17614729415862
49319680,351.51015553162927
45928049,82.34647990814773
73814109,269.10118170617716
61386764,1517.5797619745508
67209776,860.5098026960859
10596331,209.19248278280924
14387887,459.7167787357647
66568548,65.44900168245772
59240082,247.20971657559323
35040177,281.7017919936617
99480365,463.66406088386464
68333386,681.0769569848642
95572882,200.28719382160352
38132096,942.7310571927464
76955826,247.2303228017389
17729676,321.3381550820877
42211142,1283.3407491291844
20158681,214.68177550165586
79393152,616.061140544864
39911125,160.46354674852813
88836366,1377.0027411078952
20409154,366.5805612672949
15026679,181.1246297290134
42131515,652.6139943985044
54650905,132.89529511786589
26838390,116.27187243894701
65068346,573.6781472995663
92979933,-18.544630649459407
95452518,267.95012910156834
38822689,-285.57002974956373
46355252,494.5532811667715
12444224,-188.05103390115042
42979270,423.3409466122399
77573762,176.9997542011606
14826829,187.82072466163407
28709839,569.4196058006836
18829646,197.48370319491016
96568537,201.4327132080915
56829547,125.9637262698472
93979772,235.29328104044077
17626588,798.1665435939626
34011504,611.2423817629285
52636134,321.480030576756
91687348,431.7979888050272
36508418,228.70325200403886
82621948,132.08893111517114
89318730,52.46711962629246
98717167,23.2399687262851
26278873,85.5040152152252
56823412,1265.706476403875
75609163,787.4925988107846
90104725,267.5358684380401
75874553,332.83366391381776
48469293,177.05556382049116
70313722,2273.4419710137317
48269879,767.3863007181396
30338233,-10.107740044274237
32779513,-68.14555993574513
75548478,42.871047095524546
38561257,118.19427422594708
10945373,1143.0418989465938
15756944,910.6661611485802
46940446,255.99308852393597
24659465,134.87772242117092
88948806,938.3725306882443
34164402,226.8921612142176
79477391,309.22913637577676
15537006,232.97416686887368
88911942,285.0878267564957
96378293,160.80491936480513
76422231,19.441405203355828
12309843,289.19876773358044
96239148,38.02187135512696
86466781,167.56537417704203
49050128,38.4894830202698
14724818,986.2366523812041
56683970,826.9970776601153
98393974,86.48977837405226
84824034,1828.6697584454357
92573067,-19.08617343541181
73226546,139.06300040900845
61358064,273.6817667768587
59398688,1715.319161144184
14969480,329.43821703322396
80588045,226.04905169494225
95597071,224.38471124004082
54836005,482.7887723607229
23220441,511.3873912403003
59018993,443.86124870412345
68425900,179.3191858018667
96400633,143.28898962231256
32664783,519.055878976928
37951383,335.74716094113694
42701020,97.29928368027714
23132709,573.686647077299
36039638,1025.1784826009753
14728562,337.65007429613615
62765095,247.69212050751628
90518206,246.02979755256956
99330676,830.4425870333368
54002963,529.9483819471924
80024301,205.89667494870048
83450392,132.7090242765093
80827964,209.37043936493677
22623823,601.3623957389086
85154401,608.3449231738645
92409200,504.62139055205387
37461274,605.2665488424676
39412052,170.78158338473537
99188219,215.20426968396413
10533163,254.97180834459755
16576946,502.3483356835982
10571061,1172.170677128494
11502784,101.31583797316154
10627022,978.2141427847951
66112731,178.62635159503162
12271580,1861.0518096241474
19300863,117.030399889553
42301466,469.688441824041
93227392,422.0902861103308
13989390,543.6841777843189
83189444,-235.67008294431378
88982820,1073.5986762419273
86309809,1135.7149031220008
93812427,439.0639717096186
79351177,531.1822442080268
73882065,362.6086655117133
85331771,-18.548545259599734
33746879,525.6246484046409
90357052,252.64341585207842
42998447,306.5482806936983
42297649,78.40890478675743
74232297,-51.81422931923419
68234963,263.49936706014546
79955240,84.01691376904841
33685499,-464.43557360517815
74031111,107.91401820123241
81527691,621.5994655296593
25578339,503.643179360624
36826714,261.5420560005389
66720469,79.50119270723957
58271754,866.8834856494998
79175453,139.8490358173205
91006186,429.2888928960907
75399510,197.17799947434918
65438642,148.63614678075777
72193555,504.1140663965708
52661224,501.430637274747
40274658,188.4837187097022
63582038,127.82710932990739
95316180,156.79079735766607
31722576,-29.160733115380253
51439680,209.6091507886361
92864642,727.6090163996906
24588628,274.79255924372
62383426,144.19661723408035
91245064,373.5446617055934
61715372,262.06633667496453
65148106,366.97922976870257
91441992,286.3370648406849
49274969,228.53732189103698
33917232,373.2845042884195
83235081,140.57640203971386
40753215,91.58053098417935
70796627,308.0273757147995
73931614,313.859219921089
56857736,1860.2784354573707
54064504,275.7897950264428
20389019,785.1583580144779
57574601,294.073530075636
16478279,273.741957692269
68356151,223.27840858193542
99711808,-2.7681696395171684
98284968,128.44124550896555
30598390,65.88741842697965
55132880,997.8223613027101
34163532,809.7584025466026
40857770,264.3925853568479
79839486,545.8421462279156
78134573,475.5800510816665
96251286,1013.4019638234599
46606815,248.2568913647301
53204628,151.04072364989662
39264189,1328.1524234203562
66917873,390.8048750063384
75228206,-78.53908916765798
57466748,-53.08530209197244
75500440,328.94309002350974
88152254,1309.9637173934523
88711927,100.49010536651292
71935730,508.9675608888052
11714210,661.3032575568685
99304127,355.6800744989347
79629484,210.9033296889188
64599027,753.308128330581
71633685,691.0589823413865
14342958,416.8207156937733
27958253,33.134123994462755
61174518,-42.051585991974406
74916891,189.49650741275195
72753968,447.44172350891495
36262662,35.8447503571968
60917615,-23.57396435442041
99306721,371.39703846651287
53075886,317.6392764767454
73928511,156.78571489839658
19965325,212.67167601492957
54826574,1084.2432345137395
64209168,384.39952613160347
34147586,271.53281450197755
98269123,393.89809771970454
97467622,512.8061776381613
85814087,197.70446097449172
72333580,796.0507925061011
30873738,448.23210246381905
10331403,159.0815762044803
35344119,-95.32031060101289
35769080,190.54441068707962
21575135,21.538455326440385
75304823,832.609021962076
23401574,132.17527092183354
83090193,222.42324918706743
86996430,352.63633068421416
99751646,723.1685649553706
23591049,18.590783488064403
81709576,437.42753116085146
82444468,399.9572135184661
38288153,3283.663656943796
87446209,229.05652527002565
12079734,314.7699540075042
25058080,222.70962040139273
89691662,401.58852163155757
13150938,155.417359666614
36020495,115.99450348551113
54923182,356.8417567744841
28841079,-177.2551422489695
41392965,650.7934676734338
17119564,210.57861416595705
57430704,761.7452017959108
36272284,1102.1705850956362
91925114,189.3187032832949
74412922,1168.3304340886511
65743046,635.1402684892682
48653211,597.0026733672917
36332370,479.64936167894734
85424579,29.460754877958948
95090269,168.37806741246453
95971802,178.2269462945099
86256336,660.5864752428588
31156844,820.5831503021006
37688219,349.13418785103204
82437324,-8.575682975751192
21950676,284.6766412038289
54094553,-71.92252257841267
74374536,664.3217426976565
61738687,252.54477362804585
19277250,125.57294604909316
84311990,173.09173010387246
94274494,132.73034114155143
89122239,1931.0982393521751
97119289,728.5093491947143
29959537,-60.386966301341374
22777840,1263.9548882955692
39391011,76.38840077105488
15127918,348.0882905200908
47251761,1345.6778357452804
20023773,29.66894794275788
96682736,-16.203805065437166
12309412,133.57168133675032
11517944,271.50834966252944
59425514,1089.979532063263
28854961,601.5488558255157
63750719,1900.68143581672
69531684,700.4212551933781
73516640,157.8587727002316
92500346,820.9424921072184
66124065,-83.805052926034
28886163,705.5912950024393
19680706,101.59148678233515
83673598,837.8246438304941
85519237,134.76872080932935
37110854,702.5353255002254
96010780,1152.15800311188
51391268,701.1549019725346
17655078,448.93224106879177
26863121,305.46610512234486
30839269,-90.09444679992868
22418770,576.5107237128669
88029081,535.7551940467702
27689636,53.20684294313901
58431423,830.9380484041212
43802347,462.71949905100246
83961382,346.45559709478766
27938336,102.77388093326817
35978100,131.1907680484071
89319775,2103.841945133513
30362974,114.62027215461131
93105032,1541.4227202419513
20314268,68.36391875131852
34550012,228.84328821649524
28077484,360.843515319281
64656384,199.65941544642072
48022436,27.356810727612014
40507726,938.1553719238359
10314144,653.6711749803367
81012787,174.22797599223628
45672873,324.7627678314327
25759428,295.34636380745667
13512722,206.95768524772484
96070498,130.74724671395114
21352279,498.2787753580035
54205490,600.2764758910461
44645119,188.92309048485725
37332321,251.86987787648127
54601842,928.2982469037511
60801709,223.57723279808772
28903523,148.1689601363667
79159760,154.37807078581324
20416757,191.85449036215243
38432201,12.203663871843048
60739859,-99.50220665354993
89931987,243.90075288477
60999736,177.20817135017018
43182602,-71.64147223896794
89739478,189.32733811551662
50450523,168.4219214034067
73950928,318.2384306761311
12330781,101.33823738495329
50236542,197.47725267691254
34912503,215.17396672105042
25536468,312.9648757745706
63776599,-45.70520121360397
56389530,637.9251279493803
60881312,432.32097158359136
94656046,479.430424555242
84143693,312.97296740807724
60768240,959.9545636883963
60458308,205.53476743707148
53948557,574.5834237068708
11612817,102.36261574387208
71889062,98.26522768030111
77172079,948.2357192696745
34222625,1991.4284448678561
69965828,139.48812259689578
94714430,3.1891884431111066
71961534,162.3337258675828
32936108,267.10139378361043
18431618,111.75413807916425
13548537,681.8400270042257
86674079,1821.400526690393
21748194,326.1149059165044
40124541,587.9837189768259
33347811,247.17302434166947
92929218,33.28455966651404
72190892,214.55724984660418
66963455,1089.6911327798764
96157867,210.27492300446926
15254705,1180.4513653988597
89064766,137.37567381044835
85305349,521.6700683103192
58781934,197.13750822819082
42553797,677.509622974461
18721533,896.0696614654389
58244383,700.4394061471359
13696896,440.41891804006775
65894339,168.68929761960777
61098619,348.3020041703105
26018756,297.45042569080874
59479424,205.07968758088913
81738781,19.211416306681144
91106215,588.5091668770172
71223563,248.3455406485316
95945745,337.5576674499358
91424061,111.2089855979894
67135880,326.4394019444851
15528553,873.3242721161798
33657705,180.8332034526897
62553289,209.58836981150762
60993054,77.23180968879467
42800613,724.1624071756922
17769800,417.79667356308744
21401202,303.440202256005
52155473,302.93055982644216
93304650,513.5173498084123
51407728,495.1131278936682
89543732,421.02894223014573
43419947,-525.9269374341588
41488699,47.26906017800292
60974422,136.18025623136657
65352047,388.858761268908
37012905,297.2304573163907
14787203,271.3536065722592
29417973,140.87682139425033
19835446,789.0720547449102
43255500,983.4538937674379
28812691,137.96710627230811
18722953,142.46428234159697
93227004,415.0643611012996
35371569,1150.3806509745198
12076594,55.41375830786512
17330331,64.85551068629144
70946197,30.205624493224207
44132847,-56.622266689584194
77445263,112.13814379346826
56880921,2120.2365659743373
11480304,410.1581976245734
44407005,1014.8584684621835
57603851,164.81267487196192
36951093,36.256320881187094
18651476,643.6203203463893
28758403,1118.4476765558618
29842235,52.3885599842219
80915194,133.79939999211626
87361082,186.5449021456335
67711479,619.3174354308323
96493355,-87.04935423354073
60783295,1072.3303438943483
56178874,131.04129572720177
36921713,802.7875838992691
48581624,304.0185550554377
75576141,359.90532195942
20755403,274.4664893658238
52097748,103.54409920859808
30927924,165.6697686959365
52924618,423.5713676108677
23083091,-47.88901289838486
10593933,597.5826174387455
14984647,-44.7395335251403
50764768,1237.368483517848
42909851,95.45532760216241
47962891,-21.245382271759183
24155862,290.2055360642378
96222874,791.639572885802
76243625,167.96495899474309
83785580,361.1489310100027
68046684,573.0176536047301
35026518,520.6011819370514
21144795,333.26117338449194
42304823,302.2251932733319
32449171,18.496994942931394
67804951,465.6127889573439
80988109,400.4259684182251
31562948,747.0913867459378
80571715,341.3088397708409
91879270,143.45826192499106
80331872,20.362292019803135
39788137,613.9211202585503
78186126,275.7030351018801
34300076,-119.3434887394763
70710711,-19.525812089713668
19520201,6.682062964692307
75968232,314.3659459512289
62441830,554.8750949299583
87704160,205.49864123863625
38039509,371.0785141643445
87299257,217.89048322655896
34604480,287.2273116908518
93559487,538.103002468792
35225951,206.5691428672389
80500038,160.64873931646906
88587318,849.5148213652076
72460444,142.95393160263905
28502361,240.66240278683574
91781888,418.2122152947337
83528344,1755.318934468823
15266445,181.3757740185785
83532377,426.1700787259123
74780110,227.86838099838997
88664511,-84.95894881505637
81767501,262.8417078797015
41015579,146.96115786974826
19338404,275.87968598484304
14667759,548.8363636809797
66260119,1309.9746119608074
20542479,1147.8886706320973
54097170,-129.80837040197042
35669653,236.4209192448933
94127563,-91.59730955285863
81488029,128.65265931244238
93329952,581.816866978477
57217043,225.67056968593874
65522547,376.9381716976202
73695068,50.94810592695268
13539769,381.0579897902811
44056017,658.0377305730309
46617581,-63.9753316267803
68464888,73.12630458220832
45303083,476.53997802019535
86984156,74.22070235538632
56630529,281.76192886928607
78254395,5.486724669615114
30913049,402.55530796770245
82688614,280.3371094237249
88893045,74.32145404056809
94639808,454.1701792736641
52742143,722.2034848391918
64260968,1116.124205925899
76546956,54.47472309216312
83523035,816.391640033642
11013053,1341.9841722008416
44130994,175.94358332420887
53796074,635.9405119164861
35498168,665.6026835945308
63562445,126.11615463450141
42365113,210.4486772167179
54613679,261.61746285450874
69835682,-429.4589567137708
40747675,55.41172027603221
37071709,710.3920072066385
11644754,1524.7187174167034
29456046,152.26650420485623
63575365,270.4026914312781
62030210,209.2784844744391
84640048,65.28175179827218
61377846,360.1163191144807
72441550,1418.5538786914306
11270022,609.1651651080068
70261792,-453.7061645930145
52404988,738.5398060214882
84003906,765.6568325721232
31204633,466.60505778525544
75242666,470.1927752311748
49434528,152.95453818259466
42863318,233.42320212797392
47571305,602.6499857681678
66490879,215.7611575798523
82396141,159.87059709327804
96803616,365.76435837799465
10584088,662.2961602535712
41994657,167.7889965580065
87186973,3.4162849043647157
71213873,13.21411526814029
49764305,-47.422971865339946
43725149,424.0038998040508
83812129,458.141004036858
63290164,165.03152310577747
79318573,426.6398909648717
10844028,-93.79413964245666
19798231,1163.8439792211366
97056407,-125.11341233576843
32215003,451.2932478693166
94765090,237.6313709282548
47235057,347.79702838345963
94429036,320.60325014072873
19267342,210.6483210452579
79884507,2286.22065164836
68548734,146.22554486846724
64679483,-93.8607192487039
99761027,356.9927191134724
77538039,785.2895681970801
28035639,43.5305658623987
66579510,154.2102497518905
50333547,137.5389866139892
30957545,65.09780292087527
87343589,659.323641149987
45470859,60.17931763072721
57383256,477.340139698387
62753404,-15.943571522229036
65906932,1663.8641779771422
54060112,1831.8725804666826
88317327,284.70102421158856
46875481,969.8277230907192
86614127,645.0051773319475
91675434,491.88290618926146
83895227,860.1868838824355
86365373,145.1112134206018
19948626,67.16485734777865
79630167,-17.67267500193725
89106944,20.417851247533008
46083057,139.04748084105915
96150610,168.11273047892348
35015883,65.45640805382652
69747407,29.186935315754397
55538576,1267.2974343416695
97411049,12.16415313910386
11519556,276.17914839447894
81677533,82.81030019355444
60065328,265.01534073399637
91824420,560.7818554275923
72549395,86.4031465772893
75208950,342.1930330342209
54258616,253.2845620150199
28371507,250.10459732619108
33800661,746.6061995604482
94718676,544.3524699776559
98426094,143.8455977611984
41019343,285.28286758546164
55953203,325.2869863677291
97258831,242.98039224566332
12406914,7.851424598339122
54260975,8.819194514722028
17839314,336.64235214686914
59228162,29.893892009493754
53104947,631.8632254287879
13405871,1041.8518637090506
30540873,306.1013936568979
10681459,417.8975010085545
88488173,6.151752501999965
11138134,708.0416612335141
55965946,395.1093802813474
21024415,353.26660357731123
98633407,629.8444485519632
17665044,173.25959082595728
52365929,-13.596263762732349
45919010,117.14584590095552
29159751,301.02680397648373
25938815,-122.57462660748968
31864619,152.06767698295556
84907440,1234.4896570454512
55408023,128.1240551767608
97513676,542.3589451109941
71808636,276.11863493457463
37329985,1167.7267037654483
66719590,896.0046806401031
19832352,881.952788174742
63673893,844.8218845493841
54185196,234.1085126064878
66171184,453.1936853017867
15702584,298.23436893896496
26362681,1517.5079224644298
15300602,198.6430218331372
54091216,428.3355584954802
41649165,218.41900276773674
17221791,130.3494218355779
60925601,116.33909424593776
98579259,142.92811854029247
84327985,548.2647292811131
42373455,198.42423145981923
51759034,535.9300593589962
57369993,578.2174214541179
86174456,207.78514451000166
40095064,145.8997161183275
36904267,575.3528618159705
95653857,-84.02973514400179
91047161,141.32191140227087
24858933,167.87060675242384
43668504,84.36816006557297
64688863,353.2549057223264
19394328,941.3003861834106
90928544,43.81041275113756
54501975,78.88703015325814
55816692,114.00141173098336
54235055,145.00468278185258
54802075,408.1089247699599
44582261,-39.097539781868875
30580440,375.6976614676205
53586985,-304.3787715145886
45293131,257.36209836239516
61623792,-48.11443555144524
12664255,397.3947440266995
99282552,-31.66556528680985
57422029,157.10090675262518
95049365,-37.09563570620452
44630924,302.2871111513962
59932513,222.46439839243442
79864196,406.650515143887
38025450,362.75382165575263
43187524,42.908113608154906
85710350,207.83434985252717
39439329,300.4601957887502
11767243,593.9965999678031
40729807,332.5119407375113
95837440,65.01160525849343
62785546,54.36698813051669
18032525,1176.861830694298
78515248,737.8831763215137
64000264,352.70861722658833
70932637,1134.3454810406176
56631286,1908.4349883931266
82611641,684.9206574563485
14610215,102.27599315832276
65282606,163.27271913705283
31080502,323.3451153863407
66137109,547.2034612189477
55286917,350.6409667074988
19462876,430.70560173710226
37235871,804.5600644120154
53584009,-156.16669339536116
99377565,506.8778239114289
82994298,311.14926672376134
64250472,-73.12167509190562
61269314,527.5333596730944
26299312,339.31897368724253
97300018,726.2975111978188
74523665,303.68697093505773
19970243,1062.3936768871492
14406104,254.36409813606963
87865772,480.5095193390938
12224440,184.2487396126573
62628011,131.68736925376254
30735313,346.8579644833235
12214322,132.68736588203126
80943078,327.2221895490196
89421265,1088.0419691926343
72762674,28.419409852077024
55920835,351.10710411698335
95456446,805.8008747897459
96630600,249.82357298196757
20077759,358.81349727344855
77066065,177.2413196757355
47856776,652.8002484719412
31685937,413.7458478647701
41522098,809.7117375425107
30032101,154.0036290203504
91606427,275.83761006376255
22900349,172.04958135778958
43552678,493.41715488626505
38881909,413.29766727193373
77508029,893.3995712731271
95128506,53.5128920645472
64627729,173.51119218804502
56744301,194.676741812702
59338251,475.62984394385103
19662574,240.2497099202319
92971829,186.5183321156863
18409584,823.4531221969194
71760159,-1167.5189538813265
43660858,508.0282696735676
77997629,86.15672707206602
33928732,318.7016922077794
68629875,789.1627049758185
48480450,299.99554176530216
54283664,308.40118957523146
65942293,343.1218922013833
95573502,957.4342259618134
45086632,129.7644044058634
23012000,202.42730080062205
45395839,511.50461711351534
15432712,532.4356077130678
72298046,358.9092922191402
84408769,111.55627469399121
25246226,266.5461765689935
20056705,-76.78627296803973
67856036,363.5440888183434
56138985,130.1812728299157
89984541,89.74453409680206
34860961,776.5864091696803
55067089,347.1916912654383
63717753,486.92097799743703
89165138,244.07933574603112
22336894,111.53389419916084
23089519,213.4948876561781
74572156,385.6977039689315
96120368,1229.1153634708896
70734227,1423.8634917623049
43842124,227.39265626247288
98567604,618.1712105910317
54538757,97.85362020281406
40105171,526.6378920547825
12135438,397.4801732012106
73738446,53.077412536292
62385208,253.46895124990635
56062641,271.26680396626057
60234485,207.02107332150354
37490148,556.1422994409622
73644773,208.70647266701826
25147876,271.38702051562416
98738159,58.60834757222426
36202424,277.1106100646598
90053455,884.2960931312932
34861961,68.26785619496144
40235987,-45.91018236732745
25289802,232.51295899759793
72831408,1099.4121928215745
62725172,406.89544553709595
20547868,573.0082690799417
43821417,430.16091557701395
39911650,434.60459511944157
76282034,-5.5986996122828145
93532589,254.17250499586385
71389546,646.0424838042414
26491098,52.79217655292524
63364173,788.881024458705
74256814,538.1796832248134
35509595,-90.32238026995515
18139863,352.14553413680983
68577776,1359.2466222829341
29522715,260.8196160182539
77706518,148.202937160496
14006179,503.2739026751243
92579248,180.09761769764708
59229974,126.00044297411256
62295609,801.3639757354729
84259414,384.21925767846096
47815936,306.11733204710686
81563963,2054.3159573310795
13005852,218.36482029810963
62738558,64.20607447997406
57070759,184.1446240113508
99600292,160.3992556968381
94306787,335.2064783899268
95225104,131.6428943306417
55330216,-284.9397289053819
36532262,133.09099525859187
46565446,752.2497107156939
49087723,165.48808793538979
59534453,294.08695253533085
48055811,227.77972825019435
88400730,280.64089399496595
99040799,1155.53909999156
54783545,-34.066740547475376
51521420,203.5335885420601
62125112,589.6112303571769
41533842,105.97672738005616
37548888,67.29556526310063
15800993,817.4088774777949
72777210,1090.957602886127
27213732,992.7698491374167
86541928,162.97885376823456
24899277,193.93484894633923
87153365,375.7566317961348
29377093,-18.405686782157886
17126249,920.5137895060457
83735200,101.98950344586655
75294081,1615.6879393367642
50305812,13.184981244468702
80598326,-207.89150317007994
73085224,418.7512840446594
36011967,254.8853538318334
27344122,504.4665550490738
65167661,1770.7375150619716
22697886,770.5664391842813
79772982,178.86326965238464
75656583,429.04957927423357
28706133,149.4700138934664
94307664,1499.5482323040335
79181014,95.57792284898761
64940514,1036.9343842989547
42076518,330.29574326257887
38290514,208.30727090475546
12647465,1012.646215528124
51615379,848.6240042379777
58583551,137.76558603142536
89324282,254.9284246125918
53391853,44.290128077698114
22488467,1747.7567720201037
77912827,713.180532842706
92699296,1388.9665478707109
98391080,340.19545462334577
25085429,234.78275612530967
58232338,878.4037235295402
40856740,977.1714531135156
86463099,622.3364437179799
30661871,295.7505848561202
43294411,370.2052667440279
95379944,139.33511182940146
10473693,157.54634569171554
60542399,646.1658093995336
52521598,29.34759049647937
78214020,335.6071766858196
42119756,108.71328898970438
74645008,353.47047759781617
68736704,1423.2830190728473
13851365,95.13673921835147
10956933,1105.4868442027848
76588396,254.6990720946594
48664414,645.4998221862425
75409758,229.20023012719764
60867152,351.01978928014137
49408128,853.3819684110877
32398201,391.80266953358034
33820657,-15.658197092565786
99096183,1198.9435090569812
71729207,16.366720517227918
13424233,-86.79961620100886
69313487,530.036434806792
51427900,216.22355839757637
20461232,1296.3244680423295
63893951,263.93811073372694
93871936,265.8931909845704
63699477,-86.31613004073955
96362629,465.7310653418432
53928117,245.42941431254758
41164553,245.58858070641736
36908648,206.8668101128958
29666927,48.28588025728976
11938394,580.7986491127878
52496134,54.02010130236948
32481667,-18.55912152938231
61487441,637.5641418163475
78992007,1145.0772227606683
52895411,212.88122508295595
58726779,196.20531059404016
20458217,127.7631158939447
60265538,196.51269976649087
48479448,134.86163309471624
72404425,359.15745539319744
91400370,261.9454673345025
56260955,-60.564998977052824
65491665,377.0904885292671
11663385,-59.90793561707238
18615500,1170.4459356566736
87935522,-42.39563064432264
58889457,15.842733356314397
19169471,340.0670963974111
66133962,389.94823578592
66731452,525.2915597624093
39410896,355.2184877215643
54940054,120.10088546968814
10662394,1077.2167723517791
80972130,129.53603436991898
45235634,1072.2642482460194
32971413,589.0295729804584
79283360,362.56384150335225
67055260,325.4739544623085
56118755,148.146684895521
29230461,1383.667392684757
37178907,333.1740105224095
80400106,187.53754897399
67091284,415.22414024185196
54160936,1910.490617084117
26849200,92.6632867757138
49585462,332.0228433803319
29429374,122.85560799977475
95616903,2491.0031970816617
40605040,149.32759928833525
77364221,233.70974355392332
63366619,407.60106209061905
82932107,317.49107292847737
11504000,193.58007334705064
66338948,309.40330952397574
17704772,545.5414400895127
70406271,102.89492751876185
78457345,1480.2036443791974
47160363,171.01177971623196
76792443,443.3991759678503
76133904,195.46305591330236
30534387,178.5158230865141
27949452,257.3774622681435
98920505,475.3278803616013
79101538,0.2934220950356803
41201623,212.7145981109844
16952322,408.64715374078753
97020909,485.3600016776785
76043497,350.19459179055457
34495964,458.5161872922055
68971691,182.5916337734725
68553106,147.79486701622176
90311747,252.07264821843876
89361909,-156.6012971997087
20406930,180.58307635352787
38933836,374.4028355155225
38377549,270.7190680793532
23346090,257.2582081422846
12625694,443.15998154796023
57311677,227.00135628673354
53924641,36.80644339133488
36865701,610.55739016651
22626294,252.1980204636899
94697405,-286.522501301268
89675917,321.7800723879121
28055737,44.97886353356864
17371555,593.3478472669892
31452123,232.47551720353147
39910354,-26.207228924294213
16661684,-34.685526998466514
11696365,303.70684694761167
13890760,23.075590782809684
23308655,23.079821972412105
58265470,-39.459152240143396
23915393,94.26125160291906
47202387,1774.1050712241906
63170132,383.0122665831958
85663208,351.80591886953835
11731667,-77.54895572696464
96387342,441.86111462498764
56912577,1721.5444787932263
96546739,278.2518106776945
56118135,-488.7786935159108
65848480,180.91003706348016
29524312,171.41396865693645
61207733,1456.6068186661105
95068416,-22.674552932368385
93730714,101.03286059490136
58209441,196.35133067241367
77468100,334.57434972391866
94556768,475.61588966097406
66214153,406.39385501052357
63178801,597.2495108845296
47025809,650.0685327683819
17223815,433.4750318253987
26808769,345.71160606054696
25114626,227.65898803142716
33184251,326.4470905600276
38562723,541.0963052265275
19383477,88.11891810589395
81390291,406.64184034075413
20998216,599.3230071549824
95233875,572.5236646041055
36756234,418.68325475021993
80596646,462.271321307034
92304937,424.1303586916382
37613954,344.5734460426297
58590718,181.7301616646876
53992915,118.39814126547913
54005253,296.02831328220657
68781482,72.77805463675662
70720914,-37.21199074335135
29283338,340.51174165366774
71373910,90.36913640642791
82737999,82.15132208507458
38789318,13.282182582474661
50526394,525.5881292413821
24047944,126.33845913360733
56710540,33.49700013190676
18038779,380.1931999343419
87817642,601.5411484248226
54364617,1575.03527914667
49277751,183.60207035216592
50647092,176.5980429227401
74938295,540.3252685691954
94151619,383.8370848036383
14146499,460.55638359527484
44114070,365.5102522300099
71013634,28.411864827884358
92727921,136.67187798673984
23408005,394.18021026156646
55353418,278.81846946001303
42627732,1769.1373184236625
52380113,940.5943026612745
76380932,869.3699167764119
85051446,460.97610596867946
13441812,728.1825689195148
75634466,249.31033592503434
77418032,44.82305655533344
26069913,601.4785950591272
56951161,842.1193837655167
65568116,193.25411356961763
61527594,246.7123831354255
17428821,268.49304138117077
23710142,641.149995633105
95218141,261.981952259124
64929695,209.42420868868464
16991389,254.65870584136303
28240625,1313.8264915419013
27547150,881.3460698681936
66381811,136.0923422222358
33749942,61.07047707772239
35190059,307.5629170745035
63026525,418.88059314118095
52393671,303.83305693307386
32813270,267.42192804681054
49072955,34.65926672214414
39300176,240.9515248012076
46915044,97.43561622624429
59260240,413.2589112134948
12697027,214.4009818704452
52828733,277.7142102283226
73335938,453.6459236233246
55961268,348.1506397872116
13325471,237.4764212477537
29398613,75.02585609758489
27052291,-75.19719047547045
15955952,773.5815004446401
23271818,976.2683072227796
99724134,1593.48220073416
24071058,113.30928053683863
31560904,245.4513841988355
65419988,152.1540338778563
15085530,510.2819626275789
19942722,958.645731753815
13275930,375.4673098727601
22982323,832.0445845579131
36522599,257.8400049130595
82021909,1190.7323144810255
68645790,441.58427894987847
54788650,153.4272894612053
42678082,803.6455499569915
60925510,25.30744042635132
88286089,75.52908743086016
58263484,586.2544007973141
65619117,141.36603874904893
38104250,252.20343413931118
13756583,583.0380973732757
60053914,573.0779083910779
64871810,288.9952299740844
58457956,373.665639208366
46159970,67.67290531527584
68250229,176.76223131565382
47390028,707.5761424099284
32969075,360.14844573217385
53581810,234.22526822844634
79530731,1401.2808914236666
24487509,376.5369472553598
69933962,524.5696790899204
65663302,752.6182962400699
12423653,214.21748006448757
58871872,195.4596210766618
58171151,301.3857644659271
30617224,633.7188141551586
69106909,190.9246240346506
13212070,643.7804166903941
68351771,121.3792235111622
87624917,127.79167351762595
11970895,276.1143054290534
44431758,1650.474606507798
16633955,490.2462141354531
42590404,23.536593707388533
86953915,912.2898931126169
15250738,352.4195705001192
44832140,145.03090498991065
73698594,407.483790157571
42128660,219.1239861800563
79549553,184.7096446378676
71619272,-83.78389290871246
42016649,1445.60093639246
61877206,176.77942139790974
56572912,196.86407981510627
71598751,565.4435124221328
34544077,643.4935744531119
28672236,1447.3642048467216
68689312,300.09365262541155
20267244,10.459414642778768
68781454,1415.224559384357
27270801,138.76282198563013
37219515,359.79686574248717
12011866,-47.780538047135224
98392715,48.4458881846312
87201351,588.3677328507176
14908777,828.596860319386
34723195,292.1483736722081
27339925,200.45578514392452
65420496,21.982489066608366
40933008,92.56764873475402
47440503,171.39460172064804
94970875,-1.6930871751545737
91029594,711.9173847823394
65336637,148.8972234298074
82023374,321.54592443840465
11380763,209.26029337712168
99699540,123.06223985674461
52649545,78.82919690484903
46299510,155.00384851941845
71452565,882.5691490207194
67641699,246.37966868095475
12714684,150.6367729743955
60016742,187.0822230974331
53641525,789.6318430669512
43542290,118.29101902715689
32126954,854.0923284763255
38213318,463.3168951151347
19971849,629.7511690196964
69256669,711.7662321244751
23756854,76.80846034346916
62908704,225.34045151429757
32399173,350.76639066648386
39238887,1466.8205255836176
94428578,443.19611674520183
52458139,155.22539868230592
80574227,-22.34898209859921
90487261,-143.0936686978364
31852005,456.75428558302883
24086418,471.3598435084741
82209864,236.36699551131983
29014855,-377.8975146758678
56782601,209.33633250991295
24702075,197.96866573921739
74660449,110.66879152158543
40117654,114.65983111476942
60385260,1396.0299961523397
35958980,722.7594158976298
69458629,278.70775393401664
92886159,294.83834438270776
97734269,101.70966347988474
19053695,392.13518991206763
22371112,357.3645102978097
49183639,1479.5598192422897
53526975,260.99215261737925
26290335,493.4682160014638
13359830,416.605719844001
39340686,-73.33418915732483
85521089,160.97802793349376
26704193,880.7783229714364
86626423,637.3772766978983
80675333,345.4925715098001
38369741,300.7592407116067
10428306,363.945735614068
18197840,130.3258960715708
78586780,327.0216718858111
40311310,330.0475411631837
51507375,297.02498810940324
10857110,315.022821898404
88736789,201.69009736031552
10823128,181.42690025352874
75933085,2162.7782952361085
87766438,160.2351981815296
64406530,130.10853106765137
33833037,671.5495906942717
51715740,151.30233894508507
59611801,44.48549062653427
74340374,1172.0350741939187
55507333,849.9222307809446
10416536,419.4591974959669
43556040,-44.8849817099923
63137873,1021.6241546003021
70387789,283.0161839139845
29408506,124.74205423353965
38244388,275.1221063405427
26541311,-162.9023953753756
21032019,234.97296706267286
95710332,410.000226112738
80660421,1650.7052141273232
81086775,42.152001907485385
14692465,-33.30946342808625
35590067,146.36043135296768
37534494,-269.4568926466649
46669694,443.67434391366
68379291,47.09666215995918
28943151,-91.97528667904271
85214973,504.5087132709265
49160221,54.18306163776782
57027484,160.13124175717866
79515834,365.9301738247841
48903593,512.8020872456927
49944843,982.4821623448324
15919205,454.2061830291548
89043859,967.6733648361426
22557888,367.10374701854244
45588391,1189.5775216406353
67323319,164.4910713757684
67813677,386.36788235277345
94570366,168.12331195229035
99333664,358.91214229871514
62452475,371.0054763579544
27164888,154.49954953929347
13777597,850.1372129437616
58863729,155.62768149420594
75372835,433.76013358908153
46531922,1079.6663020830583
22638297,153.89571210775694
43377425,293.0528624126506
45061752,48.05113318653417
87232001,41.10128069686766
99721166,373.6733468051041
63930988,588.4310040858039
67323116,125.83186318287875
90199043,42.46025168186537
16025812,123.83416759808807
90192151,567.5315270612194
85194090,-187.86190851308308
82716623,59.55384245874296
70041588,-0.9644746348644162
10909503,125.57990381680145
38910820,290.9489794687971
67605038,-203.04870420002098
22421268,184.53929827584773
12483701,51.46991356875816
99756084,270.51312382114975
72806047,-67.77646686664247
82569264,403.41835675609866
85085562,222.4933452204541
51688242,259.6943928738333
67031304,25.666573543223194
67620733,1477.4499281330366
15399183,193.92201511552264
83228475,508.71692566969136
59551778,-115.39076675419267
58024179,742.0837961393465
67130514,329.4757597348764
36292117,433.1697298068806
40708056,502.6204742785644
16154757,1217.8546360525133
56077131,256.4998857414
24589481,1062.8305469818608
73507348,384.55118882791805
98283340,217.2663323632366
78682956,387.9651438152264
48031966,332.13968530136356
54069937,176.4190909751456
12509398,568.4521431990265
55254106,299.53347081558957
99797445,299.6308702489399
46298966,531.8479255411077
97439691,865.3683729029017
77392495,150.87090919148704
20307174,385.60992814861754
99295729,31.696129484976666
13479279,-30.70706058324396
57906842,762.3887973122946
11957267,-65.03744779423866
46011088,-78.76212803947539
40051988,1074.7950678239185
76565808,-163.23637403923692
38007540,305.49173454854053
79111798,641.816266696666
44170417,219.04577769758714
81747003,654.9474295538736
10689207,-148.75734574754543
68762949,671.5625360293909
41533253,115.46549229472629
72624609,561.4312658946719
95729378,867.1173269794785
63404247,252.1101275247305
66851416,370.3593175445819
52878792,773.2605178103854
69816189,179.12901566055984
93215948,283.6061221598128
82196067,147.3493663428206
65951347,-1.0557933655391025
28150709,1161.7198618952991
26445964,520.9545726438938
59886188,174.32094336077114
47858132,699.5139371909823
10617528,1512.27351590423
26555436,226.19697443071595
75176293,1194.932370055551
15592659,586.9927110059696
17002563,205.6628152577535
65418918,1060.4357251677022
50328250,39.90801062096034
29587649,35.094829164863086
58771361,253.38372389005633
11138502,548.1364970796595
87806628,374.43174813905523
92541302,62.25693983797413
20045193,-354.9775561061648
53943287,386.4784415312622
72973012,347.5629656808105
98243897,824.6003190768154
50425980,376.3050332810768
53891279,154.61909304425626
12653293,322.8508603274497
79516817,-75.20865376617502
57736550,92.45461393980969
68504332,213.6778036894632
51418176,646.7460108027238
52844688,311.1224401577921
14924228,330.6198493741292
17385055,432.62420456440407
48584675,169.87561024487593
84113591,530.0845478501216
24176804,1042.325379397869
42578288,-165.93671789670856
22976178,273.4039436518848
59427067,60.05299623593311
62214101,195.8262906037146
31095835,320.18081796206627
61084952,359.13640093633137
24538640,263.8207160924819
17397516,594.9886861557817
53588939,64.73866111854932
64801503,130.33875982700857
22306102,549.895650538142
73464976,160.25300112064053
25265317,2058.3628184642703
67321055,264.4098948362748
52652991,1388.3521305050042
77364707,301.7388771619768
28941979,759.2358081194561
74248679,1075.1992106425132
67415672,161.1825730901362
80048641,42.79093059279552
42348096,145.54286632572723
76460518,73.69608904621464
34956566,358.92213869987233
77002192,526.271922681405
88577445,674.007905980571
38297974,207.75959603919011
97975641,2300.803128850558
15692698,1124.4353311811626
83507949,359.22591048093466
91740530,704.0957248548003
37895673,-68.24310768923903
19139820,248.364480056405
89742287,299.47913216007
63175133,510.13431155200954
52867973,448.2178133751479
16690451,271.2919315872226
37055011,180.65020245743744
17248647,399.9055822298835
17328412,144.66406897154695
63923102,1746.707588790853
34421040,681.5226527034603
99940233,144.82676120974673
45814646,243.86375519885473
58613984,156.7261093997423
31285738,183.39143395933058
35071743,215.66954378492233
52223959,353.9101876258525
61904367,205.67479686598261
31525138,280.4078251536671
73171290,371.6396836571058
44582195,134.95765490348288
90109527,73.34767829555562
26952082,48.57341569593723
53620380,216.06149387255346
94287883,1017.6010372761418
77186365,293.29918550809134
33864808,80.14026521249292
70959138,216.7055366504327
52099246,581.7109436451974
22249291,29.806085889853932
48803280,402.23599641742544
89982531,25.67772915528832
64289923,1092.3033416349613
22000557,-438.377491195752
26219747,203.82666861746316
31130738,510.93433791554855
32445244,226.90156451695918
75236281,132.03124596852513
13587715,412.03651138588
52514750,73.79519421865496
90786271,-1.3867075596386371
15005065,80.05319925336818
20097518,-59.30788712375198
50625868,393.4487156747458
84412981,53.54840439380291
92773944,79.64388031864166
25312123,59.6899110281438
70396417,258.219293856969
54865863,692.8373081434124
35803808,235.368722137061
59597265,511.1941397502376
93311848,-37.954769373504746
32340446,177.3371903882512
96794801,55.20947790275312
40380864,208.9296448606645
82007689,127.88759908489101
84851707,83.96753866136521
83174692,289.0589127695996
59083400,11.505794651123267
17580169,-35.74483153994703
18219500,70.17667699127588
87811781,-107.60869035523353
14088369,168.93201367905664
67659430,303.66216315492875
42456496,196.53614647743558
87353322,558.7271160083075
13917344,76.28538084282746
19886405,84.17842491325433
77800166,545.1849853359496
77068569,230.57728335521597
88362858,-3.3579313347610764
71241476,1140.7969755389497
24814654,189.06229958931124
46691706,466.2473177606954
79162545,296.71767400877434
42908985,-30.456808972626504
74936566,242.8942013859056
19620916,159.07739800725523
54347722,374.8881437201394
90271799,805.7170228788132
25414359,436.2805509870732
35809369,226.13759647394716
57731323,165.50160174118815
37887687,1249.0314581498885
76623206,60.36777302065542
69954876,163.5977884679457
78180146,2173.910417174341
90681578,-232.35692892791508
41794614,38.03317402501074
83295852,231.4039553156582
31156145,91.27121386160013
62711916,306.5691523776135
74676618,188.26480521438202
43248708,167.6217095146764
69180825,233.98107456128332
75624999,377.04475786021237
37667208,712.0455025307606
77810578,379.1940836961336
47115768,113.55064163931127
81589304,930.9114566786843
74472711,130.86106361821754
82711188,344.7000087896321
55272778,131.8440196146866
98229885,57.1068333514184
70058028,156.79462049144212
90729377,165.87369421275355
13401279,424.5214095046708
85519612,826.7165580856861
17006769,293.02469019150817
99888523,248.2495689476409
22354297,429.5689931153497
43508583,2271.2941507656487
96795828,111.94340716539159
96608998,-51.28167075178584
67452091,186.34350821020035
40571985,1230.0275326683952
15232782,1550.8216572793533
86789043,282.78991925131356
14046478,126.65079011895898
45515801,-93.49087760949783
26318506,1473.0170572505688
34584473,215.60586642300467
15369631,154.49462801525004
26479383,-114.59505869262543
81346470,339.40732849137294
83197984,-61.18696489027354
70331904,821.5024221026065
78907246,1152.7534286811572
42709019,856.2391385483575
97184353,187.8453501110949
35589537,674.6500744337291
83942112,345.2549653359166
58293013,187.49836110564996
78567689,200.8278131414586
88610012,246.3183078816411
68628621,126.64189319501423
51584806,197.03887172836676
29419986,48.27094184575179
21476578,374.938197478637
77370060,189.15489357229296
33607448,1648.5384346769008
47890072,538.516105915169
11234362,156.61350753259217
70681971,217.7347329053302
45196219,577.7015163806744
58136807,-42.12951201841787
21383428,241.51787794387667
38088367,246.00161644075627
57071133,224.595886102902
83834449,891.1185562003104
72194210,933.0558482220197
14582584,226.47827193364355
16017322,-10.366359576552668
18598541,306.9516214193807
82812670,422.82346393883074
53563234,312.44384940348755
63779141,994.6484504350099
70854456,352.79590504980285
83535660,-125.86396512613257
51099419,80.0731420699787
30503407,1482.0387668374062
90802363,186.9385257464005
84057874,184.0284000670011
93637941,-122.76723688037623
33888588,-21.53432107376392
78183407,-69.92091261845678
88497510,1087.512845659788
88829918,476.86802177711604
72639649,234.60644213030253
15627595,240.15537212546462
68832460,498.4632877982542
31734310,-10.06981586157292
69212161,183.9782284846392
62980146,115.99464268080169
69972227,705.4455897915415
53162285,145.72607843617936
10963473,187.30226492185216
65276908,537.773146971394
72611634,320.8308742020979
81292347,390.8250607564222
34705944,590.9898767750717
54322977,145.93464734122512
27155431,358.6187884206454
61373056,364.0029048576405
64530093,132.8171719366324
44187538,423.80284380735725
29110806,114.25898317075155
34026881,1070.1294589154213
67734035,249.5261908803376
90355788,243.61884651066305
76930932,307.2871060214983
31194080,264.03838967577724
26948420,940.3589037426693
60117998,45.15166807986003
23540580,388.46718495522396
29255361,159.30518752019015
47322059,689.7707847100111
50570727,0.421124303623003
71874386,-28.416265830003567
27325447,282.82520743733176
92986477,293.1322332185513
27856293,78.90816855526776
55159001,191.23313430233299
88660196,152.27301160046608
82148252,-69.60684693697601
15421314,882.3118409110855
27620141,38.590372029925845
12348320,282.9951050021639
84344897,-19.682171885356922
10950855,155.17869412468025
44290434,438.62514318901174
84843689,143.05967866719294
85814690,337.62151988108087
60406086,354.74911033242756
35395832,129.8317255842145
54621645,516.7023693579413
29154162,196.54275166603674
40230589,408.9652192366789
46902130,367.77593857043576
70579622,102.72946660719003
86272378,15.448391002376411
12294631,208.99477243590377
29412564,679.4959384532943
88089176,342.23843419350226
91193188,356.84913806244003
36523137,270.1874705044215
54050884,385.1461441005795
19187985,923.6226520538733
91884750,1143.9214865190659
77985469,604.8763334654795
19362736,1467.3584228573482
37641826,-48.74350638129866
17997673,102.67193106136381
12296621,-70.36399994483193
94210085,-17.396221008422174
84475360,184.8008074098995
44450631,181.23442370849455
96917819,410.2094857608332
76581579,228.7992698977447
16376842,143.33078770480745
20378565,500.6442614470892
67149501,655.1139928030098
74149592,-83.07341231024321
55437574,149.38989743918222
86258875,301.27594457044063
25154125,1095.2712746113802
64289878,12.65218140743275
59484061,-2.51646963167957
39600891,639.0931125785906
40907835,116.54836519280974
47183606,45.5335893076508
71132260,677.8722713606941
19424487,1109.7875519666886
35720925,-98.32047654999229
74210516,177.7874172634239
53089641,145.25526207804785
27778699,232.98046807642993
73489375,441.1610357437062
46042524,474.82621069291076
59554727,221.95407038172704
31273971,95.12032382990617
31543147,-507.0543676166831
74490349,149.10263193360902
65190591,902.8946080742692
21122660,486.10951947339163
54597323,1461.2470708315611
77569150,62.75308345214961
68093533,682.7919207556251
87099884,31.325201007387022
64825958,849.9406789083664
27545112,406.9883247086035
87791632,286.81888596121723
93384265,394.1797288116567
64047299,394.7998216722958
23357980,218.62377491450474
88585802,1121.113947713619
26754357,41.24782588409505
99964380,170.0828591874805
63611208,782.5997259342707
10618556,1194.2604433310028
12155276,91.57574781910836
56528554,611.415949608656
72203638,484.4716972104086
48174886,185.9776683672054
25749233,267.02439795416217
11912269,-148.19360292915908
14181748,1090.5380294827082
77013810,535.7157004348428
59885886,160.1100967736395
92982194,321.4653134409449
88065861,564.383319264374
14857189,161.99264302730245
60358916,505.6105666839825
72265262,1435.983202272624
20471623,2501.612628970064
88951362,105.58481692527488
22364003,20.129302281798914
85137999,435.6963987978994
84176549,396.5279484101952
25849299,178.07944587384753
21233903,132.374547148035
95963515,296.90378757027077
47630408,308.4269043840916
38763223,263.0189844422347
34812513,116.97801022505922
77372953,1024.0054921299106
74724495,387.33485076273405
34162435,108.91726077162235
60046268,813.5259564557375
19475755,212.52274930772796
89620481,1873.140584240695
26981207,168.60052805397044
13918048,428.17379416767085
36590125,265.205549438239
78119113,175.0496741030533
43245514,-37.013576567568236
88082339,-226.1207106507356
62738760,96.92281392720827
55254407,54.736994645977006
85112378,30.196233151317188
40490983,141.2183257768636
44048989,548.3852909642842
15551565,267.74178385690993
27681538,-12.061857680823323
98232104,-364.7088856614201
14018289,175.9335803581257
82522150,362.48571651306577
65483357,110.84431187102882
94158408,308.2089890443988
50266167,98.05847284623155
28805175,1079.4286574026612
93929668,950.4390840984831
15540290,72.00718742210466
98661090,519.4473152701629
50074109,652.0883988373112
85017115,160.40898514972037
99914220,851.9690957258856
76334714,203.2972860207658
38140938,385.57430650328354
93933852,492.22777367717606
13190892,1132.9917083063376
67747085,467.5712577992289
96389355,440.8416003817084
42380180,413.8947431656627
55522772,336.61277862168356
18839853,-54.85218877458777
93030803,319.0778198964475
19574384,215.79432272252836
17501488,160.27316842785802
92757638,234.14749777183397
47546392,178.52562369103669
56569095,113.98971509608009
34392418,1082.7422481883768
49367171,439.8687286001226
37669142,137.9062808499719
33580264,523.4056633562188
52617381,220.03925730949072
13011861,878.5913348869808
97498208,95.38225950341456
53388262,124.93455546116348
63018369,241.24138330488813
59266953,158.1109591771572
33256210,-65.64641828122228
26585585,430.6731384048802
43342989,756.8893268052914
81962175,105.6712156921995
54752385,-16.782261677426618
12906623,443.00853369695926
12144505,347.9847486746994
47329191,108.67209038365337
35302686,90.52231764297403
29541158,562.1110559111746
80447228,159.1181639945388
56399590,21.688909745579906
44327442,580.5972851181142
65756284,707.9182891739558
13967851,644.1546985880598
33766889,222.1776997926645
70886578,187.48940130243193
85448456,989.1267197636987
24208719,671.2757014732152
72059158,113.54216239739571
30666083,263.4987911187724
45090209,302.46305586107155
79520644,925.5452577139308
41015799,462.2801890652647
22610356,258.20020687132137
46940244,177.55698301870405
21443863,47.98502157406051
63769088,195.6430207517766
32298027,203.2579002847167
26046152,344.35817181928485
60326272,317.7087643793386
24693880,96.39968599041003
18317166,850.5509499599691
64265688,325.84027568774957
27910854,316.09914873118896
56810750,-127.54157235352386
97007881,425.35780669224596
90317702,526.673236501895
81231529,171.59401803583114
85899649,126.79267735653872
92087175,102.61797945442083
24070483,223.478157530947
87629146,384.38225137093264
11101794,340.2618526375975
67889079,911.4025388162652
25576186,97.39075442032362
67657245,233.234562460623
74992266,-352.7306173898736
83091668,320.6270715434131
41547362,249.63143189854122
75141878,217.0286334083375
11562295,797.1811752300605
23748006,562.390873175999
89825179,371.52128503174254
46505766,2156.545262617813
36098274,40.596752975883874
61326956,1610.3203122968744
69020339,230.94656242518465
35844282,562.0644548609043
86014291,167.56302746207467
72500654,573.4558850812393
11567986,-178.6601360652151
95910506,168.08066427057418
73565600,235.78282313595662
83729347,1118.6821551054813
39689433,1469.6044287380525
26513864,871.0304282205057
20449852,571.6156941712624
10382065,442.4499401439032
61096786,261.5304444133337
40823824,49.87495247616391
95687753,586.696615013124
88043962,154.85597113787736
43192291,315.43098977782756
18631499,721.0756318534778
27194752,153.77533851332532
48023684,298.7517117654405
76180232,31.455918125223832
99345059,464.0047168620621
46554999,397.0620483039064
57537267,-77.58235591524067
72087202,-381.3873690580293
60008708,554.1366965166374
13534295,240.8207660382368
90971189,170.30231157852467
55662480,208.83625519594455
81189360,428.5328813464745
49401774,238.2679439178968
12131946,1248.1072749696098
78732926,563.9326232479989
38392538,1093.1478311399023
64273801,684.0062978761366
62858255,379.9611335564059
13288053,194.5420028513576
80940080,230.04563964515705
73197703,190.58234761979003
88918806,840.0080656816006
45088467,205.02503768669703
42105313,320.62803751764875
51515302,85.30889508502707
85071892,653.8078320158936
23401512,81.68510575125754
70514922,223.638793175479
53367560,377.5420469406132
30799466,1019.8839421262055
87442307,208.54647950448083
84081332,-60.16480910666979
87505658,401.6593860315953
10151086,366.21564507662924
19254776,744.2730476919589
38019521,822.4333835205477
40151098,-3.4379645823113947
75965212,581.6974108701311
38667600,271.8496800490684
55646285,7.600439311006653
35548301,315.36302804315926
18737005,257.2146472866216
76771390,751.5838378979538
23778594,8.822280929840247
63739797,176.97828830318582
40559434,276.12699435521233
15970404,391.04517058708177
41963393,357.9768225569528
36850376,1106.0951350302385
30703622,164.57047254720692
53681130,442.43049040597873
52524172,446.5633225969774
78986568,369.64524195961235
60868659,270.2736873304842
55970571,185.79065551658476
69603000,170.27967682201148
24475423,-38.55354981090653
30105284,221.4260837174258
42638975,604.1938311274538
54205765,345.3991085120167
77026950,554.3228701868987
55738198,1539.046702804272
49309757,318.54764870149813
52256145,579.9761189962732
14972722,395.6399783795184
47613103,172.66722501603948
31244414,80.8064635094795
67669646,596.1999746588807
85221335,106.77832479457095
29598209,451.453491515259
64960038,221.70394854939212
36072721,208.73360121564548
48855526,128.47965169160557
40290168,291.0715430582586
84094689,40.69385767916498
64780070,-66.41469777845322
62238032,-480.45814203419064
44102009,328.5033412316245
13443938,384.97016513922574
27288438,317.0880607860962
26505769,810.223459112432
62425735,9.791019267421234
41742405,422.96594965613235
35508108,203.05230349993667
67267851,270.51170603937715
65786198,677.1581523496438
69652252,-259.8501968771817
78338794,968.2479897742314
98205508,192.29844276758826
90079134,179.2997112077154
89240929,-98.33208546691714
59365630,825.1788727397609
16423455,175.046482400689
30410578,312.09244877663434
41943183,150.8464916268902
17181615,105.54374608286622
31537031,100.47926462243697
55634963,292.0801268648896
14790401,341.7843440497817
49470022,170.92870963557067
68137744,341.6754616923781
10800640,216.96594166083116
82878129,147.14927635620444
98099360,139.43989905030736
36414556,145.10916164258123
74858657,102.89535405980558
41406039,46.56276244151985
67297495,191.27239481245743
98019387,97.220457610489
17133275,733.0693533372253
44434588,709.4466480466733
23385843,263.6047382235388
51805988,343.78738228796396
65443150,214.52354541685895
77624321,1557.556444596025
80056192,840.900184953447
92008819,82.98648890750127
78973038,69.40863564030803
36356168,243.86654817360386
23051465,304.2604195797617
18225590,646.429402269445
30705007,574.030958835321
51916309,294.94418285136385
49014177,300.32619385548253
46939883,-144.04239318019876
27552020,66.43573013245975
76064439,540.9014738865856
42732794,1002.527963362736
78185687,514.4017640426468
37150067,461.7704043008688
60216204,1228.7565531876883
67861895,220.65431314194228
82668831,89.56896541558967
26865256,823.7995512905215
20296005,634.8802248439624
91164112,455.78388627448066
48751412,198.6992021192424
92672083,145.7499662526016
66451503,-2.2197721573354556
79223008,318.56670497206494
86295795,-12.92561653831217
12188395,1171.3667260327747
33148873,136.1932789697458
18236078,219.5467993054225
53763750,245.23252060195875
90278346,187.94650422781882
23921552,1319.2158495922818
60806947,531.1435072934588
87988487,-255.28594807063752
33594333,160.1633085421438
51767697,63.89926771265101
76176593,207.5473602099555
20106678,531.2087656760034
89323122,137.53819398391397
15084276,-2.9202476453739905
46737280,503.9009805612259
27725859,129.81544752878983
47502584,448.06495019151487
89375361,1452.0830417447673
54279167,433.0202266549236
62834953,159.09276031410758
51358955,192.3388390124602
43105700,277.4772055426414
71610282,405.0630619086728
79952909,474.464151911798
86913278,442.4714305805172
72344233,139.181161931394
41143291,230.76795215993707
47312733,320.6258061400248
73376655,718.4985105576299
44219943,11.650238929699697
18665144,596.8337368174797
38016360,288.20377450304466
50277432,206.58833971588706
14668690,252.2927144215862
44041678,367.2401094371435
68597599,415.8847496113136
55600173,-94.66593869515219
78109218,140.53560837174155
43432402,-26.301391372651835
57793276,683.7424429606285
82143513,496.23979825007973
13373907,124.75336817685945
78336625,511.6134297262814
51821030,-99.24757679914211
57620512,544.9203068638853
94840760,725.2800233574648
71866671,1014.8742864802168
12967437,661.3397796991095
94620585,453.811869789978
45148967,321.1350616234879
28096166,149.97827175349374
76948857,948.4155639069006
44584760,193.6515654171119
36577484,-69.09741984551147
63103602,354.5731106462358
15647671,761.2836524007632
86020607,-78.47543913871004
80235014,146.84336165102889
40496834,353.2788742257577
98549441,290.13977167719634
71915619,412.7135484276124
27813348,531.5801688262814
48090735,386.40906056854965
91818207,390.48353590247336
12597429,423.34455761345566
99318296,116.4239174983864
38085169,264.15412189469157
38823071,380.94330048271854
61630311,92.48025256368197
78195551,550.7502259279162
88131419,302.1885646366843
18300026,1014.6854093937864
99585455,539.2981208831299
51530595,709.7290129877545
94166971,118.15469593232825
13633057,456.68943295635086
68298368,240.80302806380382
69215865,170.78281501377694
30064972,242.48913018646692
96997224,64.33019359863403
45138943,275.85451162665004
21749235,410.44807861122763
62856234,329.3235663771261
23982292,62.20526260642748
17686144,410.05837843719326
57256437,616.7216809991262
85469927,34.65217337935724
14451732,532.0987510891116
85268432,1194.1472350419672
64602955,184.16323390936623
74101500,151.38753213255467
80083521,461.25975860288247
11433359,1417.1932067433713
99198713,413.1192609549105
12281135,333.49934531635506
60094475,765.2422029733175
18817746,280.8350061455052
80803307,1000.6327448046306
50415370,-1.6932895428956272
65098425,226.5133973820083
52785060,114.37363666387944
76797423,-67.83031654253472
57752962,1094.5643918204441
30340212,202.60732978829338
17309152,161.95917793668474
29046975,119.35090703831719
58339630,182.9804238478012
38269849,337.78877355146335
65498444,54.64044992987931
56278811,467.93334417790845
65904109,-43.64063850298828
34436387,89.74481190231006
83162633,220.50477128572402
41922575,1187.8785190933384
67606284,69.1309384140041
74148614,3394.360281407975
31898202,873.7768733849832
12816787,554.070470577459
73390625,154.28409302817784
44602780,543.054472187251
59497966,472.3720827766623
33304284,278.5510077138956
70931726,288.9496552188381
44381487,184.0294053026484
55483533,43.86022101470644
41096987,245.7105797742921
60844342,-67.12406888084678
46382270,636.1965937923094
41975761,569.9616444444522
20086347,133.9703765431508
82572177,556.6031566042655
27871083,367.48201103642225
47060550,35.21825148156893
44062914,398.86628036488526
29352791,17.72851133994294
42368060,87.09084615257024
83186065,215.60025418080647
86750602,414.0591111987775
18043718,153.4844900356249
85319365,397.06044608343063
93521329,258.2321691576992
68774400,1833.584322079814
27686846,183.73106522328857
73144512,346.5090143091687
47707941,303.90474482216325
91947483,320.5700400959216
54467473,213.86303559696097
25827075,491.4270481585761
99472188,735.370896306358
29814538,179.76857340898556
98588385,102.69687246004145
15032563,619.4007613623047
73738020,117.34859039976857
11480212,194.9982717919927
75221745,105.46013732152056
19968090,983.710876231266
70404205,7.5141895189543675
68659791,370.2879689099799
33092757,388.90358000973754
78193594,82.65463890970494
98198145,392.09032438161773
99767011,643.7305561427461
56688046,131.9675737099049
66475382,150.10328468580497
75692782,1363.48881911216
26808729,113.51545418822974
32171695,148.64203869794846
88456703,243.79029088644052
20999557,850.8581826614356
28934979,86.53505944171803
37107836,-59.219382113134316
50278467,57.57392574129068
61940174,569.7994399549849
17559774,315.66673662244943
21430086,356.1403950402022
10776426,351.49707288314164
98097088,-22.6770986876528
43113087,235.0461286593702
12862019,211.49094027858666
44592366,275.2253366632864
96886172,320.0358328791957
96480201,84.54257050907933
85983502,440.9279109032158
23038927,191.84211330564221
53573032,22.168233700829603
34553934,376.3841682321654
51249487,256.1137435005944
85349173,139.95744348869806
40895869,301.867475625784
99256510,14.514936851445214
76469230,276.383227010478
18165718,558.8694372012335
96264289,217.36052745207536
20452221,100.89900660432903
15739031,334.05188661963905
75157790,356.6181742202963
28901434,257.1694636798344
98941473,139.39322784585255
84489512,531.9846481753171
11168890,180.6189833142289
45041073,179.50961725974713
85582491,283.01021211937507
14863106,432.0178013909392
53607444,183.48114526790448
39640829,267.18220303975124
83896205,545.0756736447814
66887097,-117.22588499273084
54562627,187.80738006674386
60923346,641.140792345232
85626709,325.40521041889633
11687354,276.6487897087876
99055900,352.84959129994195
94176139,330.20523476956043
65142810,1067.3941946264097
21025866,118.48263545589407
86231352,515.3370005326651
94223565,203.34231308540177
53094412,156.0753808790185
16579300,216.30267202928025
68788821,119.36185650847307
22347006,177.69634906314343
89447420,183.75148731006203
92132840,1042.6294790590277
61120099,191.95219543263147
66390529,313.96840813652057
36752526,267.6867432828715
28673093,92.45867907905534
60187719,59.64998508521313
47937195,321.7395314064404
18528428,1135.4848458988076
72855294,1182.9532981469004
77314174,455.6358182054339
74208091,350.73218237261676
25265856,415.077425634778
43541187,918.9812517062592
22027673,505.3548102483692
39533389,301.15763680682574
28548263,1233.5845928295314
78891989,109.47541875766512
68562696,722.5992303197135
45297826,613.0526010631726
14532340,590.1415926292219
42487332,697.6495737437563
79497837,352.22875905855096
48787566,434.427016276515
43024895,183.73302946522045
54043001,704.9364335225208
18517095,443.11734674998536
42190640,1395.2190093604381
81702926,1298.458273324513
20584669,50.678094016402724
48104361,314.69306437144746
95781341,183.13222788627877
42595500,678.0038291543895
34081689,255.93615135485936
18465181,126.31735897007792
87028165,131.54736759130526
25157413,-151.71947181954062
33500861,228.79674696366624
22501784,301.03342194638685
90954690,244.18266623682814
12079890,824.4806140407907
24560931,148.89665015317638
57180097,228.53617649555304
53805689,123.43102790940526
54653374,39.12405546824914
79714919,179.4999746784515
52629831,74.02223131430338
30315883,2320.3871259884954
55900800,127.43779248620109
62528560,259.9109145117128
17439043,4.01840147818217
64302335,530.1755384180922
53498595,14.647672629104875
92248005,178.63678742736096
65132848,1310.8393380247262
54712644,57.01747360005106
26501578,1180.863200273617
57973578,69.33937707507789
64849387,1053.0185765305923
38331875,40.16017010602866
84564845,-137.9102673751424
34335614,601.913058191337
18851658,501.89329115451824
10997678,209.782780652091
40768250,299.5870466640122
47646719,283.7108941066723
92937467,823.111331104094
61661397,174.72026821454216
48317061,166.76608093604483
97216589,336.2001547247295
39977323,272.81716901528364
46445975,1237.2386106560746
94283551,184.74194673412217
49677766,92.51492379612023
85991335,-4.563503666220356
23059563,95.39783346529663
98641777,707.0039787292691
62115510,164.03095781315875
63322573,805.6820357371344
88463974,299.49346125247246
29063398,491.1452649605121
94756964,903.3546673730573
84286445,1481.061499413555
86644899,1827.2295420043122
58366829,18.098897734892546
87935193,568.2060136735669
65710078,206.31293674149032
55211028,1024.452414798347
20090342,231.83636071338412
17885846,498.232720856025
87917108,291.8096506080018
35243872,444.2866559757914
78681572,678.9915833886868
36496663,356.7028197840656
88567292,616.5881399230524
90883683,680.365283138038
77163639,-405.9156544397191
70680981,2378.7621806041116
72230973,91.51475498084744
13786940,1280.8849113893004
56650323,273.8037068231665
67337097,-159.60756731944488
65297160,184.446515519304
23393351,172.3258279885951
43711949,-75.87387856617289
45998905,232.43629918447198
94413146,428.48739809438587
30684529,88.58835081813686
28147355,1514.1165785127027
14737001,266.4696892120975
55758535,221.5025325191491
95914131,-97.49881946589917
95400320,213.1144706285521
29157079,100.17990722418398
34838551,63.02387282438656
79573538,53.2501583111179
53853858,761.1715551646746
46958037,622.8230475230953
40355076,1223.6394684202496
79162800,55.63422698303776
61449541,108.96469819569148
68870249,351.05841974766895
13256146,-41.61768697173312
23687793,58.447364072033
49330994,-809.8130871196482
47955268,414.22559720726974
24572229,355.76161180850045
85493065,208.9106032242318
95994562,196.42732555279065
86822089,46.98506938424191
38878729,218.35161793274142
83459912,289.76225023843244
40295244,292.1062745465953
95702507,545.5137038152436
97865744,666.1614028412149
81724417,152.02131988568107
22296895,571.3977537956524
25100739,936.5095134818528
11994578,306.2515247104145
43823713,303.4508280870584
57595389,239.8981965365997
37162594,979.5994502347864
51432674,587.0797333340633
96977947,480.8450677747204
69353041,64.26251297523919
97471377,427.2862405147574
78888703,559.7426350305836
58472902,866.972725396528
77647159,334.283935532186
63649430,1140.5151798575885
11295973,992.0394737821346
11886952,1277.1413076611136
31115337,337.46092452205824
53945582,1750.344860974075
73391100,28.781020085216426
16170017,446.5632105987678
96391937,22.100652719448306
49663888,491.30965182480986
37966282,493.83539681793366
91789209,594.272427487563
47228126,288.1354407022369
26588476,675.5430473596939
87591569,34.46483888855846
15315145,170.7305496261789
70198893,431.48289960346153
61666968,-42.31629660657438
22175686,132.30732948786323
63396595,536.0620415944652
18727617,637.645393704692
19777468,315.4732134901715
30527873,261.56153315359245
95114158,-82.75764498001911
41739701,566.7095297117963
11369670,85.2058933830163
74973026,314.01177699124855
73622781,356.2370289057193
52281834,120.84271861851107
16897176,55.359052290202214
63339672,1104.0778394539964
94319057,191.02675219113888
89357552,123.4514518580404
24886317,333.9223753835
59666869,1015.3825361913123
72430983,658.3206643950103
85345596,1043.4762911953744
24218852,138.7381339196947
82044920,171.84469451628695
28204462,840.339377603794
25544623,24.637337719844595
98645538,153.16787203410314
35786181,830.1226479047414
56759514,496.4209737251847
94979414,47.1356223374886
52508190,393.39811246135855
49317061,229.15998511219675
76293520,198.74326945078792
67067662,-2.9700912454438253
11847526,138.59492909276952
14139283,220.28280072617622
35602964,281.5157097656851
61092334,113.72948729608885
69270579,97.80630326306351
47517321,396.4149439008021
10542988,91.3996146598019
66912082,177.80785819601283
42445139,1175.4277958191894
73053729,452.3222996911529
96699423,259.5304903660766
18843679,377.1075612351369
86433075,217.91993990208027
26883104,1124.6390748065794
19601132,-45.04603846561258
37017650,272.95346682697334
83138933,125.64637276874208
73247661,102.78198863549761
59307450,489.15304773912817
31131827,185.75624359032832
69966233,990.3791118725385
40243877,909.1079582027326
41951589,246.55926534352716
36031262,217.3456046470058
42623413,602.7197553307889
67891203,572.0478854350091
51970188,77.67598243909816
24213498,1086.2234982694456
96242069,117.59473782767094
41943430,1340.8161844737665
89189267,1382.4123712853182
19898345,15.520573039156488
60572858,610.9396637062347
34988552,226.91138107062818
91110384,577.8914128695841
75957507,193.04445889937682
64422949,-134.76647333693265
93823627,74.39712475331817
93745711,172.5064203908089
17782008,193.74419718280166
40016743,697.7357034357103
78676337,230.78495002321608
96591242,43.836629816443235
83545822,238.93039112030488
89501773,802.1849832555954
19293886,48.95840615547377
58534753,524.4783637709089
56198063,475.15427171106023
60777659,-64.10611103184397
65431978,171.05875202788957
94604898,128.58734098691565
76197738,712.5222603588435
81980523,466.51817253877994
41676275,-26.70054325457494
36497965,1277.044427991696
23177824,-24.027531441413657
85192608,26.383231178730966
30289672,215.17692907789007
98138275,659.839767816043
57817320,366.24737940307216
42234307,1369.4709361600196
35893634,167.80166083840538
18195993,190.82395237947645
98403244,327.0526936316354
63004294,42.66383842853338
54567579,643.3228534445088
91568379,169.6375446482084
82476880,158.68938578820973
55652262,480.07862631676153
20373341,111.33183713116176
58632297,373.94651275212027
24786934,848.7292696032723
43722745,115.73515623458758
87508719,395.82080621708667
80752603,222.4091803400969
16698668,965.3186137222478
78798734,320.4972767331931
18461999,467.41801234842944
81299277,505.4792371137047
91417891,222.3193461947746
25190830,662.984691868005
73164327,267.1408204297892
92759943,476.32187155098177
18785269,117.20871176153861
67717385,168.95089761290512
68136920,21.10104578486869
77810360,209.92180550606292
62012820,212.72018875120767
55983128,170.80818358668864
28119370,373.24023421143147
34978717,183.73949508472788
52374215,489.69697642102346
66651771,792.7475072533523
49306420,734.0122223441715
57524470,577.4636699579283
50884173,164.19704335510215
41477733,265.11259985430786
14875840,269.8700384522617
11186021,120.96119606737665
36355598,828.2073787376046
54557949,-78.4319186556722
69426516,170.86984237547216
92092667,313.97199250675965
52668902,188.9095568732621
63561915,-203.3865747634729
11154750,138.83889711985643
48765039,115.56626878317434
91136342,487.5149310917469
41265217,1199.2446953418391
25331950,86.0077648583183
59339185,130.62608069748586
59925803,188.86289857684687
15169957,780.521230423615
14437249,838.9803590603676
98971521,71.48406575484466
26418410,79.62021741965299
85892267,10.890819205888192
29358885,390.422582103061
90069301,392.1702319007925
11408026,133.39586799947227
77952900,237.8507869047769
83752708,747.6808106218723
15243872,243.55619186655804
20649757,364.34866819414924
94157069,492.66429138176784
80138291,446.0635200122714
79658232,88.92972327004713
20876663,65.25721750516476
66248879,233.79413227435396
98196787,151.0195867845095
11070217,359.8459003095826
54123194,533.5928841775476
86862821,637.7818054554268
40252559,-412.85157308441086
60519623,-154.14257421848328
11098932,108.35559477561435
77544004,327.56914708275576
43855714,-79.8057927331053
57112829,-9.064677569064031
69104738,-176.20186803784895
51426009,98.97609770404449
96759585,887.8595525107164
61695552,820.1630640697824
29335973,78.72616309328305
86711404,223.6843258928052
96132003,1680.3906273156479
71930157,729.3852056535527
24207989,125.36594961402096
81239737,90.81118092062115
19246532,42.86594909887822
12541440,234.5316868482157
10876544,252.61170567024112
11012723,489.51392832529007
38854043,605.9223631103353
78679072,232.22379105256334
39567200,148.15563823944916
59107952,203.7223081093494
79981461,235.34027871207047
16385065,116.1252282078027
42418677,641.8482007493982
26750207,142.25431350137717
92430939,468.9548363843022
22967094,208.31384980265
40195159,355.7838073271504
72466218,231.50697951171878
34482136,152.6290900389323
13940540,291.20020219934406
22725269,553.8690148015365
78995555,1144.7555455526995
73638726,192.6744039741252
64722395,238.2030764780974
89563722,463.65696723025883
32568591,45.65126888076219
45801232,45.68774015950186
20301291,1093.3820628342546
40244043,217.19823247291396
64129406,790.148402305027
72297320,163.39845192703763
13456518,168.49406374783678
27325248,-13.147910112537147
33468754,-19.932379571866534
60910395,201.33811352627225
32681832,630.6222047740641
21428869,106.64281153876868
86653666,297.6326513765463
32786522,493.9923975419273
64027869,368.31837252628304
34126567,79.85014265639069
42278394,311.83932270113996
95376056,200.19337313680393
99562015,445.56291848657645
15133980,769.6602467580956
54026308,149.66355944531256
76441994,29.727273860398725
94110128,-93.46187511810098
20201258,470.55442915950584
84604326,149.5361413960934
27309117,636.9546879105027
85307886,282.3696391595063
68918906,1653.0820533864855
16328223,380.8189292233575
18599779,178.56682801891657
54032168,-10.90793034794575
56206271,437.61868802173296
20991939,263.22757726629425
78007881,194.80363736095933
43136632,430.2496054008384
26961880,1162.7540515515107
59246484,261.3772272473161
97485255,220.72141351003933
21548886,112.99961267979262
41405520,71.79610842739334
17265204,-152.55730344699305
57594370,126.89319822105108
86204456,56.96981258409846
47896500,183.00028567633115
49072175,135.16951595820848
57819104,866.4325584120493
38029807,670.9244747376667
72219430,1143.5954884454222
51835434,135.3378358237108
40820294,619.9015162184473
39676991,240.24933067068685
47329975,322.43721026522746
40515929,443.0633791827114
49496398,501.6806187736364
79829278,18.52252004451708
25676253,368.20788444363745
83511561,288.7309694250614
97282391,19.829182498666512
48159381,959.9419864498666
26133617,211.6675180932416
14830790,263.63700124954516
38458641,136.25596712806458
92902816,293.24987593560695
67366474,1050.5110770699566
12931119,384.75701774487516
29119450,379.7343321747877
69182586,272.6508612398194
95601790,622.3606237143501
37235321,155.43832413991487
18453791,2032.6341490016118
73959998,170.73056535367584
85145437,80.67905297962346
20490331,63.87762701194936
40505076,269.6034411627802
39895736,2737.6221903159603
36927127,676.6855194560143
68104733,450.7841262871848
65498526,309.5830365011104
29077796,104.21095464817017
12700500,661.7072039719478
23234787,199.81625920605592
32248328,-66.2867032642875
47710917,1094.3296862998961
53904169,82.89637800998798
41795394,620.6077804166558
81931808,324.7166500672157
89546300,50.862262131043394
81512800,2310.49975373291
74490322,66.48421117943758
77716971,466.45171903442133
76509280,117.60223810024797
86774198,276.76128453676324
63795592,204.27443071797745
15728342,828.6842298044164
97525554,613.6565697571195
81201227,520.3395857220884
98995752,239.2259126029337
88336972,785.1360558025867
56577963,118.73339666454456
73375002,-43.1000425257497
92846400,344.21068344088224
63160455,609.0676753311507
31277941,146.05595066483465
44244750,124.50545535653089
46198195,1019.7704611212166
92939641,921.158697025026
97399227,-180.86250609357467
32829265,52.16908985060451
73813213,210.9040430942129
71142772,-315.2937714101779
26186456,1137.8889095786255
86118507,298.5388143600086
91253288,148.05584754414912
16739260,-27.233691035608445
97712970,167.05583185500365
33709101,793.3588260292411
97473173,91.50950921511065
84445365,79.43861083312817
33683407,742.9564294087293
55156833,199.0075665038355
39198647,-75.73770357671708
84859914,191.75475321185655
42321053,184.72784593308324
26496602,-162.94819730495323
87373088,130.50013398159888
18576200,710.2958586160837
30304669,-14.618472728451138
97043852,231.53755158609385
65885111,291.3231843297285
67235670,654.1595473392347
70791484,230.03261301763382
80687580,134.43494214973106
15865255,383.0092384251184
50517128,341.20831161714045
72791395,474.0455765562825
43267986,72.03831695164388
93567577,452.9143251541749
15107743,85.5885757070215
50225644,749.9181122210694
50174181,763.7226189183377
41401409,754.5596906192229
80395755,485.4762943869631
58616743,201.9490834631423
62863764,841.5262977764871
54033467,324.12675763203003
36905471,-41.944020453227154
68728934,337.4156417820683
11399296,194.7430719163823
42319589,245.38989690396772
71193471,511.35445773469064
67728154,527.2510654345325
99252537,115.31454811320896
69554397,294.96735931532123
57406844,977.9046169634539
17460622,1593.644811669778
29136908,326.49413503662265
88836387,238.22856870348278
56749521,1146.2945216896126
42038296,1035.051287303632
27575312,770.7129679007915
27787635,-35.18449523127629
22639453,1913.853669035245
95074248,1169.242936080071
62398547,76.7100785321586
48210895,704.836395006595
87163679,-49.58479239173289
84638479,164.46862211997973
74277222,672.4945148705261
47124707,99.07441762084727
29597912,518.3258954608845
73217471,526.0571935876077
54203733,875.0526101729743
86493934,306.71188373993414
50925419,252.8223925390979
36161210,490.9884333853762
18638157,16.44938869583757
95763224,244.95096501782075
92017449,299.9373507701581
30955049,107.03351538180215
88464978,477.1401022793068
81709003,269.1470961154607
94640782,70.51777343850853
28684873,1529.8810005188993
82032258,306.4313434470672
81929396,120.7530809052422
69137949,1800.7583667210354
58556748,452.4201695781002
83494716,396.5339637490199
51219421,682.4506507433449
20118968,141.41282300744695
56424305,568.0121714439708
91040440,835.5895059398197
82249910,468.0470358525605
65005094,845.0053986471487
14333847,384.8212893911227
79940622,586.7075945840865
36407377,-61.27667162885044
16485177,141.61703655118833
19967320,163.46083697187441
86757224,202.7664442785129
47859734,113.80081086813595
15329881,238.99220292676273
38097629,96.1927914484034
63914375,740.3704213190604
68107359,539.7590601221023
30898448,-129.67567667077415
62098958,-17.892610802191314
82555231,950.5573568746324
74537472,775.9706694028389
53883476,657.4780603809382
87349008,316.6459316933318
60387770,-90.26780876786214
76029782,553.6147958263562
17330605,171.64632046983382
73592240,570.6075309893148
46762043,255.63448737831345
35726404,738.966252799484
19188826,27.200260795645363
69934099,2458.429032213745
98236292,83.39422436413975
66601351,652.2414839960716
24082367,626.8381798604515
86399833,1147.8493995919132
29406161,340.8751360917911
77568118,275.3377915806359
68454220,277.45906876226104
20326815,1012.8397096474969
96392075,230.8057543291618
43846930,1598.685942513877
64059970,206.19855393053842
59660323,135.12971789873973
30664289,-262.22452327631026
80504110,177.26533916841947
69214158,408.6669479398739
37153701,1027.7670465706794
94463524,119.68692244259188
27069908,-129.00198869651277
19881454,756.6207053947289
62073736,558.5342195139254
81301863,149.90922922042478
84692821,369.37813405235954
18061173,1035.4517561266625
20396165,142.16940967746694
90290263,47.93027596540679
53205197,63.48547685765902
71639333,1123.0809589747007
26581527,943.4015336680686
88753189,654.8473483720611
12152481,480.58234112778405
66369748,474.8261838895389
31086360,341.7305194879092
68141078,86.33110723677271
87072389,26.11028698216677
97229380,60.63457666007514
14239930,134.69153083581517
47067735,848.6211118042431
23013670,834.0883750211276
91166617,441.61188925322654
46464430,-45.068900380951106
48307993,31.55672570503293
65322743,109.35086413818516
50086685,764.5517506333849
65335801,228.008877921705
83887090,135.14389408291544
79333390,443.74788276005995
84490520,206.60354635603483
90753494,1898.6877662135782
17091898,474.53745398195053
94064213,829.1701234652767
76172003,271.55887056210145
36639874,-28.326331237719785
93190659,642.3944291362533
77671761,131.8522345529746
64459243,354.9419242861626
92415904,29.190006691646374
22451687,223.25371145110762
99098676,450.66677503517064
96250656,103.2686766240758
43637666,1098.5911708958777
87755511,755.7396623068814
39642098,414.8746576904613
29533984,224.66301925126186
57860445,190.7046651923938
33335103,19.597111961989015
40928352,432.48005800162355
66938624,110.97917642412739
97908221,179.71432835713654
32317269,614.9903153302793
56374872,791.4982910948349
56164704,581.7808532388061
16557670,241.48835599593974
57350487,13.035364247694872
73640189,36.80824945968311
28886856,437.6145020522333
66838952,-15.94044171280052
73125445,978.2880503770025
89817544,774.6020461125111
69175507,171.92826090865304
93099722,129.8117007539862
42498618,322.45230588895413
58133975,813.2781360611489
50823382,180.17882683232415
82720881,281.6056876763611
47566077,284.20985585762946
77236358,236.29416565567578
24977235,301.90947912039803
82212369,229.1983550698876
61416619,156.5190487090668
14011629,387.8456443178093
47820649,507.42704793529253
87027470,1297.9141383584063
84406467,-56.2694848828869
18483336,30.23745329238949
11745857,93.05909701310895
72009137,246.99375827200572
21373342,65.41477704860245
50764118,118.02188380054372
17876513,248.74087768813513
21573530,1048.188474738415
62535056,471.29664696081204
52924658,258.6051645197814
59116751,385.3516577659484
96464552,-151.88723979293354
41877592,343.71773958358904
27556664,111.00780483391878
82049392,542.7281613518004
21890177,61.64296667509643
84019657,93.98509650468031
70836939,315.3716577351196
73269246,189.6580983675384
65430516,-160.2297886611266
15552867,928.5557655403711
16632045,84.2595940167439
58510236,158.88644428478358
94607287,186.08675325670703
16582909,1608.6437932484143
91254889,117.96198366492519
52951693,366.2380598753658
42015762,123.13607169049726
39537878,21.290527314632413
75334066,364.8442543705888
15509168,11.411470281018296
21848464,39.83095808174011
15512926,672.810537539621
19852776,-37.13387428722996
98991290,-166.72703283887694
67867067,916.2917305175604
75069265,228.81984534123194
33163007,-19.224648466856934
72461037,103.64513976812412
79368575,81.35511939709215
19283832,300.5362781738038
74686369,346.191021039289
42431987,374.3210592625876
49107046,151.41260962826925
21631633,485.54222581397926
57757752,1015.3634004206733
64260092,510.7005262154379
23733208,83.13603566769001
81359267,543.9916986453163
78964700,308.06184965138095
33821569,1163.2952784434797
52189182,204.3582059466213
67362415,-65.7534535277291
32252347,1111.5079353284589
42461075,110.33038120877029
42564953,941.1838980872085
53441096,240.23022519263668
28942045,73.60380427530646
92173510,509.1540303064088
37939234,244.1824299346198
83072941,837.8344339491023
72001493,1584.4199984283937
88722560,174.89589802400928
24458695,91.992779364076
34236973,2542.2903211202365
63527431,168.43124180786998
35020078,-260.59421911578147
96240931,659.8275171676179
96449025,1045.4280493303577
73324268,75.42372761424087
20943504,1701.7277063953188
65163807,177.9658817719967
65735235,581.6015375748581
34006121,415.54237968797565
11206259,755.9190532224422
21142225,414.3179572715368
43933688,576.5012466641315
20195114,186.29153548783916
18089453,303.23571664197505
87927482,2248.003915460453
72119177,749.2327184096282
68722653,169.0524012975149
99012228,503.51365746483214
95191404,342.6698909116867
68494900,46.88374884937946
11789848,745.9256871041052
51367435,414.0684241946593
83199690,100.69657554359179
44222449,39.487863571958485
97059152,283.9168035296341
21321783,164.61348717039556
89238156,252.0613205134947
75658495,122.77428707544743
80514422,-194.63240339038896
80098101,403.6170279264061
57507250,354.16753620026316
82869937,207.24445035841387
64737683,816.0002300796807
64663030,278.60813159161194
22362250,-48.73312811801168
51054867,34.28989622182502
60302181,471.29500914472135
89897892,639.0706187029249
99745406,444.81143183709696
52137793,862.1895370778943
94617943,307.3918819752116
92402481,1155.6641142953488
29177060,169.02901346735172
96789879,25.67509736902639
16733828,84.17622979948499
69997197,1062.8041447871594
80009529,151.83115793298458
70971147,118.67932540014806
89268742,253.46526307611782
81559172,324.5157896933698
19799436,1103.5872892093928
96316683,963.859964775995
16202604,518.8815515580492
99234264,115.38908395588737
89790861,795.7040481210079
80624261,-30.09329571325759
98327008,225.61333323048143
43114030,199.1818893299137
38992659,1311.6595766450987
26185292,49.179604434422174
84958392,84.41731669114142
63532044,-192.02991580716179
72780852,55.826600564394255
63755363,186.40645881325958
63435369,47.51510487053076
49085103,185.44608710283734
39826465,397.13771321022784
89335030,1725.7904376791785
92393797,-89.62511807054022
36385689,57.587527080652194
14218024,334.8590935790543
43067447,253.7189336682145
11821155,1447.6104957093257
96671043,312.7531816915332
64977532,129.03130578003612
51923648,263.16457162638903
52082499,248.90096742847504
58693008,692.2150520876903
77432555,94.80180989152063
11692478,554.6170071814943
88536020,99.16439243531539
13996971,249.77464149220623
92291100,1083.0030144812058
77799089,-34.11991378203709
46970679,191.48675192396888
96819382,101.02795862034264
25751312,487.86522888759055
89990705,224.86292523263467
52038068,837.0961367353989
32344173,675.2628119112575
33993191,135.6352292458506
52279123,92.17385347167118
18496274,250.44519060174628
89490563,330.291906441532
17329696,105.26503745352619
16967446,426.90175086023703
80888202,716.5281303711126
14661504,97.24767852656265
19604443,236.4722046252151
37821572,646.1291939012756
88831769,57.89997949933087
32405077,423.9032547899469
52763362,1477.9214584789624
75573252,803.125375109666
54781465,741.4631923107183
22599480,333.0647800198325
93311234,265.33104409287716
69925053,417.05253636272687
12598333,1145.2098742049204
94909106,288.99577534667276
86019408,75.94177729786145
96477826,812.3143929201576
47575439,73.98168923610785
44219472,290.0286735650004
14808414,228.79922423999597
51535602,314.247916379486
85960705,147.20796696286305
52391461,45.985243317799245
81172596,141.60326858054435
11351493,682.973838847583
72733290,161.71634953282177
74877854,361.4256781796506
27680792,528.4347636836729
44946524,395.4416113335626
23475779,509.06243830981464
48465422,56.06747006472506
52076835,516.9827997275032
44646564,289.2825453392127
87277346,188.26803870788706
47973044,319.3684757655798
75500097,136.69521907865533
36145678,188.82445140914956
85625020,50.29926060382246
97404967,656.7679186898205
11411712,34.6104521175223
80164594,56.82912689035658
30555374,-169.08936941757764
93243676,90.42519451055887
12801610,906.0002960081074
58651288,44.50847117808087
52409464,528.778463635707
26481577,844.3483044295247
99557550,1058.2530020970826
92346786,1087.5600880420334
33277389,784.3441639465657
78792921,65.26169049448839
89378277,-132.80118243933845
82856305,438.0418521847863
30767488,695.2104917401387
36397903,1248.5816474397213
64870928,44.288433800537405
11575457,537.8970426025767
39041845,860.3765680242902
92898654,366.6595922842672
16929732,212.26748454537278
33334714,625.901032763457
12221534,365.3526464994121
73945645,-98.07473630230422
68971550,146.61389356126716
75565371,696.6503817382267
59677619,121.32454266957609
93539814,231.12249808083675
24106217,-12.313985651264773
55020351,417.836457006203
15672017,464.779596512098
10841847,347.84817851029254
86946687,334.2863878795588
99799054,331.814582037905
81128474,229.39473572576503
80366080,188.0400647528523
10218336,321.00620480015493
72351128,573.6242689497611
56132260,8.216139558685427
99301338,559.6308403407354
84453738,660.7481398535035
58188871,-43.1308994308186
81971342,387.24252440390944
94124547,7.200012119510632
32266038,190.57359971161856
71760843,399.77036544190196
77203995,177.2278709555635
84611651,-120.98690357020615
76627771,404.41225737167883
12653847,400.83554777325185
43336328,379.8709782605267
91500607,45.692845300559384
68213549,1017.2183427569155
35549327,706.8454394381124
80808916,60.19300159017496
17110481,1501.8690814314368
99587119,284.6328887455468
92334856,624.4668697924894
53359226,43.461641104809985
80618402,168.00561790660538
41703808,452.3109186692626
19195409,32.58391236685702
76941149,106.74282236578199
97584818,1067.7015861152106
56683377,178.5275656162712
67011320,231.79914072346253
15480221,-28.767637324681175
68081328,209.1475974319855
55487684,534.6545585546069
74199206,314.1100459552673
90165063,183.37059563093345
36193583,88.47981656554077
10917950,151.733345738374
92870312,536.2970432516432
72030717,957.990747593705
17113758,933.6791561854927
89153386,49.21943005944354
45809568,208.692584424806
30803532,403.9433179125906
41936053,252.59170415517372
14429173,90.71052673029249
86629786,468.5046753558904
60024688,287.29709675049287
75100924,693.526999721285
19587468,-142.30650767227272
88088850,540.43330839641
14339658,451.7161310920849
93643220,65.4869855323538
61257147,133.47335903139373
47372664,237.34775667437827
72551157,247.3967932719678
70006271,515.7426296077667
66160499,348.6419028346239
14115358,323.79011048014877
24138292,598.1290794003273
81649352,377.64765797245707
86450554,393.3561197408894
43772724,26.451115736205395
76147600,283.59866653421193
37814705,487.0487508785676
79438450,653.4219912916429
30374304,1117.7584644311744
54234194,887.9483763521503
94516994,208.6901837621275
15639119,476.7395321057761
98234744,396.0549087316998
84292967,217.34959524504762
14583946,6.29962478099111
74680521,529.8284074241501
10214287,158.46922040302343
43877051,210.19741110385803
28904050,886.9833182800296
62063260,213.53436885645954
50651267,81.3334567933037
76093719,612.7686055037657
42788012,434.64874703513465
64271564,341.0481436851396
36033563,-204.9645941629037
32364760,170.33568122205946
82718318,49.60625929779627
42781597,590.9822157479429
63047151,1066.9687234537425
54331908,391.59645015836065
88556646,777.6895182147357
80038856,170.71756239050524
62561061,996.9769436185109
65834717,263.1854852102216
80358828,-88.59974450242353
35099840,361.3737086247247
50872993,-23.265249604551002
80223193,-133.26556693216241
28448374,483.9188572785572
92231676,480.42761486019936
65717894,137.88242326843516
86298764,156.67579555493836
76299579,-61.183030468617034
15449921,-87.43933068028599
44677435,812.3901809565114
75188492,114.61975408992942
99785392,513.4925766452874
27084775,89.14423051488848
34483861,71.80691097725702
44135541,30.60277700428054
85537076,477.87024289869817
32577802,214.83945164592984
58632323,105.37227821395601
65794441,1323.843059596926
91626972,324.3866063876917
80568466,360.0169795631963
19317452,6.760029118644525
19462773,333.2414693699741
16861573,210.84547842576507
61543398,752.2162506744301
67189144,546.6180078936534
46184090,471.8579017917666
14969625,344.5490940108292
12339000,223.57865308132227
87651999,439.16074329897265
48444572,171.61441470579013
43026767,-6.23602431696429
25666315,292.8846913029073
85141494,56.17199600870623
10196732,378.75397178110416
89772932,40.70770503216232
76197106,765.2244654035148
35668637,327.07872860684995
47789451,90.43269345135644
11772481,809.2721001927805
92352486,-155.29878120045038
74959731,512.8657873263259
24006644,308.7475953219373
70184471,339.2122639734429
63616459,3344.952707736983
65420176,-51.194584669134315
52778454,348.7055579891296
20334394,341.93873594870263
29566160,438.32237267478865
41218910,1086.2839827631562
57645530,224.045348403783
32753016,192.42599839872707
53485349,651.1816441762219
99359057,1324.1361476291793
50033107,36.50483723438208
21562381,1927.4141192947507
77828671,71.54241149478224
59082786,78.24148831804496
99756703,494.166742575257
62477883,66.0319695026368
62194095,1677.6192329628514
77240295,358.0731587988097
78173906,107.06149151337269
51850860,336.6424454706628
36247163,73.98407143787705
80372868,297.6060182522849
55810884,384.25428703857483
39425335,413.05234387294036
64769998,123.6395603191171
74184119,460.7295810738144
30910517,142.20342652924035
82036794,281.4034870402587
27288556,187.94244100586917
73750248,921.5808634913549
93836103,1308.6343024183193
21006367,694.3187736469481
93898545,171.91870024425214
94582565,260.3551577406005
13137522,389.4788558534659
31604761,623.3646323314201
60718232,410.7441517853555
22356430,781.7012729762359
39386475,129.36171732820418
16350350,264.9693860003972
70755780,286.23188917419
55920671,365.47626142622335
30409198,210.1510489385023
12366994,1493.1745845166147
99624161,318.3476278438402
27085439,756.206229914955
26222780,437.82493902074657
13513100,535.0403742181409
83619693,34.130890367409904
65230131,424.0019177080843
74197231,824.7893633557035
16535315,986.46544896724
49313519,270.94802586821606
54192335,487.43554679179806
80736897,372.6709700122136
99406225,180.3628201658223
67818530,511.13316761349336
84284655,1063.8852044849073
30897932,793.4042694059654
32254189,72.5981243078819
31849680,47.62377162497347
41359333,97.50752791757873
66456629,308.0764223725437
68729486,326.2827124155692
40630348,425.3467194358452
93988333,547.7990485789563
47811524,424.5534191783987
98617237,824.9872395754944
20362387,106.67789150684831
84645660,372.12785359218515
16861971,170.61677251107557
34588999,1388.0667657907586
53427517,1482.8100826760462
42513475,63.148804603050564
57705547,93.51160583790886
49742880,56.86756966234759
66920323,522.9617710753012
12354776,756.6713608791699
25840613,605.7380862866954
45114259,284.1549316489586
49079923,618.3028421384798
63116367,265.22612502683126
63802912,28.930016065675318
48974796,257.73572291326104
30061599,434.28277918373203
68578654,350.1469805946018
54173227,65.53140779941702
96680380,883.1798817083152
23868064,836.821955506259
51824090,1901.795380832211
34839733,-298.53192346583313
80054187,137.18992197960193
12685572,725.2381589948504
41567061,106.31755666719556
94877842,86.3872491509054
58492968,296.94313270223665
71326484,86.85788444296259
70920278,82.59328257716402
54663137,143.99950705791815
32126460,159.58859605391814
54874790,-67.59461982119436
13538436,1027.0326834536872
30100038,74.80826297727293
80017866,395.3849707256297
64347455,300.74874884119856
13683069,2066.203258256968
48039428,7.434800821209649
99567150,362.06355533340343
85509215,206.69526943468372
60668698,474.04730277123497
12191456,495.9619766450878
77765786,59.05881193914803
12528361,85.90345009246192
58442957,1015.1778448396117
54303594,160.78124977124548
27681147,2279.716782391688
69098569,1030.1861877040708
95221316,647.2003356991612
40109548,-25.037932836216044
55576313,49.285825351327844
53153958,1131.82167186931
21200840,116.9004750123218
50894265,402.6863929266989
23626838,164.75997104393628
12418418,476.49958603540597
22706358,71.76939205624416
45395670,256.9171261265707
87327017,413.13218828731647
13017114,187.51789034088478
32271547,644.6830771739566
74538679,178.89972159588586
39506103,370.451202614467
46816166,-98.6458265972939
66503105,180.86175153022248
65579176,-2.141784121956107
40074247,401.33630723069575
91310031,-190.5917316208274
77444410,471.079896823903
69955281,610.4763693759313
67331105,206.5817057026709
45643632,178.99582506766143
73282363,338.21904475838176
13642505,139.44544072612462
68901430,304.4849501887161
89906679,324.6862064433867
52711886,211.823058272938
79575331,898.2134239352406
92616283,1037.8104454481306
30763055,1009.5024066466408
16611953,334.54317673217315
33070179,521.8006825862471
80347205,826.3793992257151
83995335,96.63901674388075
14535805,-244.84955199601896
84879838,292.8631371366895
11864901,1120.4507634590095
14658965,427.0804845704356
24293507,761.4509153379745
70453525,-8.261846590533366
87798104,150.09336135981
19197193,441.9799870055009
28284548,246.154279991635
86044842,468.38802942518294
23057275,-57.39333852472913
27985337,1360.0143959248985
22587547,512.0077711339769
12855508,274.23752851056815
64337495,142.6161672395694
86712331,413.35367602442454
61189156,1335.3208597452672
91594873,344.9193324759367
54835971,733.9756115835133
44370830,164.38150200641576
23684803,166.31768059363554
92481929,1999.7616822965476
35638424,243.78088461316054
25657749,143.9477395182751
39381975,41.857451539972374
72999107,276.28802561274915
25818586,123.17809743464397
58036789,193.15474028447477
94320377,183.91867710321566
47110506,295.7238373082524
66399362,-8.360917138975992
68909982,101.52680290297207
16073310,-27.577231905177257
43288405,652.7597704673809
71579560,560.798401389826
16507355,1187.2730661618796
48802207,823.7218873158315
89915294,168.72873027639588
97679852,62.934040412841114
29217698,256.3511251999357
27435911,-43.61456118330722
78879242,1312.7986422207925
27175130,492.6467627645334
29020135,611.9088653508677
78626569,709.3819338362728
71067812,-20.014625369970418
96690513,815.4083785386069
95531962,674.5657082451985
98356800,20.03468578214995
86104439,748.0657234042224
55595900,215.63547357018172
75208610,203.9906449187597
15300209,700.2257559135479
61949363,268.3421960898022
65881085,392.6962244046915
66803690,174.36584184568505
71508510,197.1514410521214
77429269,465.5274653078536
70868754,258.5470854650698
93223292,1349.749757736256
70378280,186.38990818752444
72142932,397.1700320034055
88911193,153.06535022625962
89761834,151.6703645202823
36836619,458.57229093677665
53134062,63.87347074330091
98828461,149.03637883874273
55370391,602.4227800288626
69978664,206.40163325633387
48824111,260.8810427465029
11383415,578.6195782440371
89041808,652.1842737700675
31864759,710.1166464441316
85436725,532.5442548236164
12287678,191.02457026228802
54577919,258.8534184249909
69095778,246.5384819682639
86755087,234.03356278461786
87570494,92.81673987269693
42971075,352.9821542296319
19251821,393.7303536157891
40154766,289.13553186015577
86599495,48.42524998811257
88331508,-128.49895528173053
70254717,479.7992226217757
32105523,152.02548487208958
42241465,310.21077038067835
66334048,708.6823496705067
56657286,903.5315996510753
99489082,762.3922204925616
89634976,182.6632758622597
22529712,212.1370001151007
93452559,107.62773732182768
75276107,497.5971355287154
57620607,478.5060062923021
11822194,298.01641556243044
85101585,488.9026563443282
73640715,200.78537792805554
18114714,284.6594047011031
62352450,219.4170371331801
88096618,61.000120695131784
76855836,-58.57358270882554
76968795,395.56614189138213
19089688,417.6102198661631
93669020,357.6308872202105
32221954,191.46657168423917
80149491,1157.7599251454317
90863370,520.1092234994003
18955449,325.93985683570713
46106075,452.6132373401257
64362412,376.29711604818306
13228942,415.80631898083084
18238798,-0.2753398297036256
17197174,207.32331817717903
56883307,389.1420449719294
43838074,563.3300928704211
94366977,102.9703934102829
51114116,264.7561210708336
91929625,1095.0920543385248
72617691,233.7189190273316
18081983,213.07775268625568
41430371,85.91178515013144
18768333,353.60605005416414
97670981,271.666274161842
33138884,669.4068234229103
54769750,188.7022180541573
89191521,182.4988706064574
68771611,444.3875610191709
69658524,200.84414118712004
72361657,300.66295297809177
56548670,163.73161554640672
78323750,353.7259251564785
30772189,313.47686559278316
48525110,-38.69209977868985
86995869,138.14465789031198
17626486,1430.5931198771234
25200634,258.9856966395423
42675735,216.78602771511754
65493081,307.74288312616386
93613666,1381.3159865779971
70416961,-91.77963166240221
29938065,545.590438379096
49578380,1181.4850007506134
98870679,205.20149451284527
69931311,420.8671989434723
53406287,1661.0009945388706
84279248,307.4038906453201
95721664,565.9496280789609
86560148,1396.8102252399913
54643141,354.37839713921585
87296829,167.20521190265168
44687814,17.02041170827698
17812890,4.7377871024478395
55517272,96.12683495715305
83984617,228.69817722371351
50681051,309.6243090461728
74119296,291.6059397759609
67223450,867.4440896502913
77287132,620.1089825160026
36264517,228.00885616138487
42898261,433.369191570388
62830950,301.51972266609744
34861949,420.042801071884
73511243,211.77149153840406
21486168,43.00957882970306
99309538,1030.5524761447298
42037617,209.19413247648112
54746843,715.909051802071
47539615,147.55375821574012
84768747,427.1817206073173
72954519,635.006820900312
86653160,409.1054035464148
24350012,220.37417196140262
44330162,204.051867356351
40410889,71.61995190667318
14017526,448.97372074457564
18494070,669.1113476829694
47916307,660.4084021445195
39725498,412.79162319681313
54156054,297.6617800763137
49589662,683.3678414642071
87793535,363.8981185304118
25123851,362.6385904331405
55319133,1463.053647646811
35955058,463.25645399232303
15784980,181.87934694453293
63967490,1348.3832719009977
84366303,-10.743255765817196
32211409,1220.3727265277082
27475512,1036.8037817698305
98385904,115.87045649044711
74274926,186.67679140963833
26137274,1077.2743093499319
35706395,350.5670899955967
25432073,199.46715097500135
56493804,254.48216974822856
21783642,273.1778814016757
24274717,245.2775437354685
93363592,302.72878819294533
50359798,1077.582707094909
76057356,415.9426027464041
34577569,471.61261818025855
13432670,339.59620796672436
36150614,456.85893118495494
95883486,29.462222892592706
17035345,898.1092498258174
48987823,112.99476715472343
18853302,230.05676533276107
70059479,60.84578245770791
35830006,641.2015699355702
83058209,249.38819690873584
52239160,121.23565263946676
24939237,329.3926085831181
48271879,391.7809088665905
58898302,72.07867303730615
97505252,373.1149155531524
52580265,19.760200643515873
59859756,113.03506319428072
59531100,711.7151903578316
82820692,108.76080929288526
73015543,1727.4888021933004
50663543,349.79838353269827
61349439,116.90522070397668
82745505,2.872407267843869
91058293,244.08787024840603
17937997,632.9041221023901
48025378,752.6709217514565
21558049,372.72756839824774
51468147,808.8307706152661
87943582,82.56390428147898
72989675,41.45383315189508
10828659,-68.35511018834615
78868242,241.1600500370506
63610417,627.8402095226724
13037947,256.11664719337705
63051485,-66.4763961699596
42637767,187.67772822044867
66029975,62.578246257325645
41368516,231.48835591421482
75570412,-360.56323490031514
58832659,1087.9013341233813
20746324,-82.74633284030841
41047714,941.8952578254455
41430458,483.8527630254629
69198371,176.5442803529266
46430156,852.3119421303018
42120705,665.415397931222
67695943,305.1017492430624
10655846,249.4007042145821
56387239,21.61372870196618
73136827,50.59361679081752
66107772,401.2444796907795
41597595,309.0568089691146
27035754,165.3635488787898
94233303,70.66434186659836
72371862,335.53430537586917
47858586,160.52906605623178
50074731,161.62374034778242
15840349,259.9310201930733
27527024,1389.5055723931905
51445447,79.06781009414709
83042677,259.438528530246
17433657,275.5587931290048
83477453,622.4058388368637
58980418,191.5185071922981
49038207,257.83366835045626
35105997,-58.57349108084105
88328473,137.40252843773908
49929992,308.5653905312039
12057690,37.111752389535525
22485986,237.32434431044499
18944255,828.6039018714037
94296460,-236.42911664014997
15325948,821.640875698017
80036637,1286.9754021775643
63707416,216.06799936407828
33357067,1074.2561197920597
76260292,289.74368228008564
88542794,833.2707985591901
36624049,491.7081604447362
85370002,1002.8748903458572
70947321,504.21219312243124
86215831,1454.1019353935712
71799918,546.3417124770856
70779429,413.8062493170713
28177790,585.853631827293
33416701,1328.23540766444
32210074,538.4184637187875
91177225,368.5264713383616
62230096,95.96700480699951
27830922,461.542208832887
20292159,-224.57310886364206
72135125,355.6295828668806
41060839,852.1154323539249
14610723,215.4495032057136
40291165,-59.93634158962851
76063806,-90.15612809285471
21250419,153.98703610821877
67512417,220.28957663021356
33443292,412.30412298446515
33660955,8.442016554150655
33504001,70.57772333872248
59014872,274.58561586303176
48423806,393.3508427783461
81227220,574.5111306005925
97904600,30.677031435914785
80141558,146.58793689768584
13290868,33.701291806318466
12913192,978.3602583869128
94144440,1145.0877089664446
53033174,336.41584044761487
93735706,861.1277861748042
59909555,396.97459705343283
99555121,205.08574228551157
13256013,276.86423423230065
93540353,360.39698602422607
97837539,-35.63215930462201
35669129,234.75900385535306
50012137,198.60610961753088
68173579,2643.457000559596
59440623,225.5094376419206
48714672,852.5624930651977
86973367,1027.1037672109944
28395212,1405.5874831226015
50017530,92.77587769857712
48045601,307.02669394419615
60427063,244.79879798771765
49061177,-214.78237944647844
42896715,729.6663048110141
97451418,104.39039169459022
53456411,1294.5073800680912
99184358,1035.284552194381
91879007,188.38606839524584
76424273,515.4879173150462
19529774,232.96001238981228
60604201,148.59981554568697
96265561,-17.79291833635034
84388943,780.6834227600325
22143961,115.77121007579404
14880373,1883.5791179359437
98124884,520.566692630163
23434755,846.6808832777886
36626131,888.3897718838664
86172967,262.4702338135842
89507826,1087.4732904437572
51984404,-12.950966883964725
21328430,60.52083884137272
46133239,185.15626557967414
87118588,43.71518912109809
72466804,81.15350074224881
90243251,390.03852053116975
31491219,85.1888764911539
83702289,1291.5120500535882
78369132,828.6641166742606
12074272,146.374300979209
77297832,62.880311414050766
91732264,1081.9360806147217
51116865,211.55396688618032
81826443,384.6821528213417
26192585,999.3387028747584
72261842,248.32817600144244
40619619,138.7454722908373
89999631,224.33078395697328
10490133,-156.61737557344009
90054183,890.0847734124422
62212383,255.36915103176182
19863611,288.2918543559059
51025893,252.35598365035264
83280839,282.6325095130238
53701664,124.342336608989
70474564,563.8234757901519
52730115,538.9628163238484
28945671,122.25927281959423
76905104,375.97825516355954
60340609,147.2624523385751
14262244,336.0036186365305
86114877,368.9017148997149
24582504,327.67773227915995
77544375,233.59732209373703
18212637,417.94333757782124
31107635,320.96642381852223
73185236,1156.6457940359487
73413665,2.2795295972439362
31204532,242.7237631440819
16646519,901.4375337678171
59819313,300.7625917336321
58041963,368.10102429267977
73177607,135.67161358278855
65489959,399.76396636344646
53892134,1112.8233243081766
14638825,222.17743110967854
61652212,486.86061260385827
69208062,43.558642394772676
98205776,151.25547024421962
91953270,262.86555468613733
95708788,457.200173733896
71079776,64.99303070433137
10948901,1721.2875668023573
79084173,595.1851109950021
41410746,73.21855058995419
50927968,174.54429999675392
99511873,-521.6582649539996
87562260,458.2945114635411
48098997,234.4240103796859
77592143,287.02015419570046
50298301,300.2936865534251
95160336,426.2162611965491
13581567,728.1567601529815
76106706,779.0799712343912
53880590,80.20162358951194
50270200,215.10796520466874
13098948,124.55365861714688
81835258,-13.510930531081101
14238786,10.218548928967152
65288499,357.7985501921944
29149871,307.2934330788677
39551396,850.4493817985335
77375335,954.7748190613236
14384374,-282.8238307987
63368293,680.9359119226519
25141477,89.08348046071251
37822276,84.93156329398994
62473299,19.760113833017954
90467887,1059.827692953363
62270028,129.5857391869019
62101686,126.51549304894121
51642126,447.7970769443144
50281814,686.7824548869729
34969698,657.3095995037344
46962155,16.904324116627095
17638609,448.31662948452094
59977095,147.294893828199
75196820,166.73990908144782
65141041,271.5562374014928
65986306,715.0195655943087
99818911,37.523244872149974
38328534,396.5133980595949
31204739,885.9151595475901
53082885,410.4069394034227
76244528,279.35426982994375
46394887,205.94485101275234
65939511,20.325672500295127
96048217,172.99524294417228
60425489,29.73536648979575
69419323,246.21978895458176
15008203,298.2307246002381
70058997,585.588763345484
44067940,461.15503162790174
47031542,304.315354214236
28929546,617.8481270273859
34548603,776.0761515141048
36515676,733.1480290405237
42765717,173.4486728477749
60296558,-447.6675043081665
84332226,310.63449715524655
76539663,540.6107301248594
73504572,252.69660914328244
64646486,212.5544637992266
28262602,161.45445993085366
74447096,317.75642750077793
23247586,31.86830173426091
99044390,1543.464650049788
66743385,1041.3397538742151
62841747,404.13421853103466
98271312,9.840194871989524
54969068,815.396992963191
49548078,167.99998314648934
47147429,284.19122696688964
46113098,106.61916241010186
52623517,42.27262027084225
43618531,58.17880998712559
54174309,393.960962801391
21908078,-129.58672844493802
56753065,242.96543043458155
22723502,685.0453844657212
88620530,1133.9562657669521
38560702,739.2572307682769
66126723,1.2491298280391447
24731893,292.874513523265
19472558,558.8411006120352
44766250,112.9390851051399
75919229,2622.533213108699
27459467,363.4493923754816
85529275,-19.929784231339227
88503537,808.153216514238
66147417,175.71072963258564
53916103,267.0068794396202
65299077,-5.194753283576915
82070950,408.21976181933974
69058105,229.54594810959406
89985793,231.53339998660692
38430174,762.0573036611811
24884771,94.74463265091532
37414962,248.47600819654394
35739187,152.1184530661746
52492779,483.2186012747335
70409358,306.03228565709105
38452011,155.51377584616904
43879270,97.87876915999567
70351120,142.8423528286844
47671157,240.42924766831925
60667365,730.2923928858023
85223481,250.61453556112212
83739939,880.7764507689658
36389934,904.9527799495038
84194560,207.5336300869165
66937745,349.36654061290847
82520946,525.2709979834923
52339932,230.53375593882947
19641281,684.7272165512315
69795343,22.570935913323808
99135350,56.77910630356922
27549583,7.116187080124064
94476832,341.3051216465452
58221865,89.01441059844382
25319395,182.95745700855406
74970303,286.5999299480352
10305170,405.20951568802104
82291258,868.2816615182783
81383048,248.26159687526092
79987158,686.368487031848
13533229,170.5821102775604
40426833,490.89789383436414
79077516,-236.78798121750634
49738320,173.05142039827177
51126693,282.2716654454316
52635836,1116.81222515185
46715477,191.23343131644623
82258908,481.5020423739951
56878285,1270.2179320540472
19130210,-279.4356648785192
92849186,1205.5789146733637
24338810,396.2616481449297
24758650,573.0300152369434
70913184,60.355197859892485
37987399,966.666049448467
74913796,650.5609639758509
17667485,-250.25027220609763
64222955,204.8219985679209
96958008,157.09395338133515
10416049,361.7231077326751
60398901,294.0044097213471
24738469,230.30415699701257
50592747,186.7435499426678
96289055,1215.272546987841
38420705,302.5465861555009
93968498,543.1938085459657
79579077,-57.39176135142054
66828068,1498.0960647435327
96166759,169.32232125789142
32805078,345.0881820063545
96021280,160.411118041664
73914137,732.4789594034182
38819078,589.9099507628292
26837951,736.3182379719767
86644106,613.312433103978
55183461,710.3084060346744
52422099,786.0572654108516
83190904,553.0978361527174
80939883,356.4176192186594
12388368,306.42306634474335
15537990,449.59735322839947
52619092,144.99810922588796
14251589,448.65939660495496
78390765,439.59758922658193
43497859,339.63126024741234
18381852,508.1325276659296
53390528,1655.473591848367
32023086,-91.05918135730147
55881129,-22.440975623130726
56955427,282.3046044925934
78797526,4.047264379863066
81441605,419.21101499146914
49418138,287.08815641866386
16343356,297.7738893534837
50953620,122.69839266954313
80530984,210.92410365978475
92363214,274.3596821328806
11505021,754.1272042343412
10464949,184.49560229949924
40174242,-65.89278101464731
46922794,637.8158344010192
31165878,861.7570740071967
92160351,443.35897479452865
97225599,232.1406789417249
57289385,371.1968338286098
10490505,430.034806917895
40593414,130.71871733213828
69535718,565.7802835968603
29927353,550.5909639668736
65834728,372.64876329928427
77297694,281.1604672406909
20453767,231.50828500026353
38742201,193.61388272520185
44178016,1828.5369825021114
26155961,338.25145726057144
85037563,841.703849452264
13481675,7.987154891573709
32710978,304.0518935770517
42008191,36.88381686482717
13117186,84.48075925093696
32427009,420.13640098030066
77926757,658.5174333173595
11233435,203.74467234118964
16522541,643.561965340227
63770815,93.86843255864221
77164558,-63.44986107077702
74405387,889.6224121823623
74698287,399.06600347959295
90725998,512.2381283652784
24204802,1565.7731630586989
89034765,905.0543521324448
34875172,495.42701626576286
74411316,176.4582651499643
81157871,586.8758827100154
44232316,530.2182532249659
48083558,-467.5579841165593
75280463,693.2561870527534
11329117,442.2967293523336
67082756,413.9260113283618
11237434,1322.4512529395504
69921139,119.46144226785731
68448780,182.46765039986172
77761059,394.44769889214706
29006434,1091.8357900176168
30190038,463.80923160470206
28376932,75.40177198690924
39355382,445.62931217353434
42494595,429.9888713585191
16756651,1014.9128452690718
78115658,1087.321393274814
27261411,538.7850973946819
71919180,-147.84316334616352
99090920,510.07418370429684
64351618,191.708476012652
88658759,1053.9297932471668
14195927,702.0599264301006
63820196,164.66911754164101
23866225,1908.1256336835224
50484100,459.8560208764187
98406048,223.38008270553064
64139858,472.5356616803148
93302980,67.22732266310737
62155483,37.2030621049355
69791340,780.046057863743
19631546,169.0645152237953
26192431,124.15642053132365
68268852,173.46263006363682
14862183,226.12025321152225
50141937,388.13727184977336
85256282,123.48302040131745
11027564,2032.8946756224402
51577553,136.95305757645457
77132573,23.483150414188742
55254268,489.11387940483723
25529214,192.29407269745155
89287048,484.1746608252661
23253967,723.7992108364567
22644692,200.25271183196293
32245140,143.19446362752586
82072504,126.17887614628586
34678460,1266.1480437197208
55373081,806.3831697393325
12138481,531.5467856802327
23632970,58.336378561177526
44285474,244.7456956614069
88075177,-47.19768213952557
13117787,1173.2973236007379
14797111,283.37364403716856
28697695,-10.026726946583608
34748486,1070.243856345745
30506810,571.0867292996816
57410372,161.05157559368826
28776122,881.7437565289247
18346451,501.53674119441007
29932007,1307.2650286066596
82654800,390.7362315125173
67038086,1394.7650814663366
95282943,-115.03392704865172
90723621,1216.9754382055085
37760202,-31.68348224372977
97077656,1215.711052110835
67823833,553.3068825711512
25222231,-48.81494082913531
63451552,918.5986260700136
66552053,173.17719132546802
83488554,361.266924345524
24886655,326.8459555972438
83798512,384.00829723601794
46152763,411.7292072416973
96015866,330.9246501039719
51731151,167.47769902482656
34899750,642.5006641235254
55529926,166.35266064124983
95405536,1394.0205331883067
29288544,-48.68023144505855
50076589,428.354920281564
37886285,225.19775610851627
69818934,126.06658975248212
13957412,325.4345498674261
27493225,273.9898533482137
81186892,518.8048445359431
72734336,77.00872317673299
20148129,1126.5048169472072
23391747,105.10437120291289
45833590,390.53800996949394
85777842,40.244653093653994
92975129,730.8076348651906
33382289,800.58227679219
95953281,28.70485507030253
60074802,154.67000735027187
23912733,-12.83581248550621
31346779,357.0039702818808
25605125,69.38619238244252
96288207,179.74897861852952
44535745,273.4918694410486
16008313,1225.7596000909757
91365542,896.2856226360759
67385764,236.79267729755009
31465116,292.96524400066414
99474816,31.414636688727114
26141909,171.8725440128989
72548314,253.38298868901484
39043955,857.3398927407279
55963655,67.51699036055032
54632315,264.2451228322641
48726285,218.83241482698065
76251227,382.33563889639504
83562410,604.7405882359163
93775374,123.7885511736797
21446329,505.9041721198811
37345001,319.24306510416716
49628614,266.315692481718
35767914,1686.442154643157
10876536,343.08141907542324
47339936,231.86843232559295
89347542,1810.2563067339222
22457603,573.44818668666
77199929,44.60257897141463
46378399,295.62008751785686
70602262,54.43580391223304
54666534,1486.6106169002414
56421405,743.1163653657393
97652177,139.53259902048387
15442637,46.08629888390061
92360497,51.055953867058406
16847908,756.423093994845
14220385,461.0564708600781
25905603,275.7726846509479
58331647,225.06649571426055
22292196,725.6719782704532
37237832,391.701447494156
33009500,1601.4210997573023
12533428,1486.3006717715139
46939545,91.7119879425394
41868505,354.4604262562689
75616535,678.2719718740753
73878512,608.6560028714173
67270933,190.56764070280428
98281662,105.3208738238684
66553316,460.83461373130274
34303551,733.6856579644054
82645628,635.4024751950767
57257821,215.68664070369385
21288888,769.6784586017236
85963653,210.19771697815253
47876249,2226.828486818443
21439489,294.8275463329006
52566254,-411.04744320642635
57084214,288.02852985924847
16925768,278.84914081416366
32782035,94.69081633551076
31791186,119.32711437866726
62797819,1514.539039804966
35384978,222.20961118347242
21945105,1240.0800949193804
81557774,249.87503655493856
85407739,73.58811111351343
86085126,138.5718034507995
95296354,464.2019969447538
90881439,99.22310457979711
30757344,476.6219320028325
48457713,220.60143044390696
89571542,75.35316543187764
94067050,126.58153595035634
48271561,1111.2035090762872
69357732,96.34334270334159
86325273,274.08031782636533
18152649,365.65573154969263
33899410,95.16949923643995
22781669,-74.21407622513811
17283281,426.07623539732595
51785872,1247.4983728996208
33104833,801.4508734908388
91682435,42.181904603088356
70713314,179.2862886710874
13110268,450.90914881982883
34642793,1386.7794786190354
41694899,57.81038521365372
86278349,29.028527374532075
11717089,222.40575221904498
59185456,205.9284468994204
59344396,77.348670576406
89922228,656.1044464361374
62027210,381.02812586388825
98523447,179.83147162082918
77330146,1575.2995156690554
78386939,1030.6060387596888
66831282,287.0408327039594
17596778,895.4173107214165
72290481,238.84734276945835
31606355,610.0936997903659
72940683,84.44891592170927
24736121,1131.8439963556455
47814214,225.18358532478408
39410982,700.2118419915278
44151940,563.5829296904919
65594908,473.2217156047618
79125454,305.8486357037956
50322107,581.3659040732356
76200003,-21.692508409790094
85059302,400.5909533351878
95450721,-26.06911450622215
93253826,240.03011552996327
19723778,561.3150036313707
35980406,-51.876803675574706
67285479,304.9402683327852
68864075,320.6997688352724
37422791,-115.54141000526556
73798025,1002.3508789837806
97232135,-170.515469384729
50064513,1435.4629284660225
75638682,194.9657765047071
41937405,489.4914364354006
18443662,232.5713983913389
68899727,361.77579401264404
18388313,300.2354180248119
69521945,42.526909147863705
31596715,218.8085905357171
78472605,202.24535870865668
12713963,257.5079049488676
46768823,460.2778327842393
27538097,505.60660154787456
89955366,290.0780104602783
94081889,378.7630253736869
65214899,89.88292775048814
95205973,1505.0306413346314
83140994,203.78068026338076
69014391,142.76028303071496
66919280,361.68812828600824
86299194,441.24042699557276
14394397,691.9515373242452
88465251,163.4029307365555
82447513,331.6065085736368
90676745,8.719521056708516
61229086,664.0502767345015
30557316,433.7808507095973
48578361,51.31585086094202
29085329,-79.21259186293707
99539415,768.3314679726641
33750162,502.68529393743427
51880900,224.6363978455803
81942693,705.1145830992523
44828087,353.1935568035608
80752087,265.67368942189887
99218652,508.44239587380366
37433425,956.041217983412
39115683,27.173321050679704
26601986,-2.7970148978485554
50469308,122.4508038805256
69872975,605.9847066368292
18483245,549.406464295117
12588982,314.5712471354501
79454705,111.74896142419192
76523232,263.0036130946022
96131595,1333.2414880924978
99680250,212.37755652748865
82622915,384.1725979421384
11290284,537.2350056429274
80057162,470.7503647015985
72165316,530.7025329597363
79751433,184.31951778422206
33215554,156.63679605682438
42852506,263.6232399540561
56093872,395.15076069696363
64167041,296.3223141733498
83380458,2115.1024345368023
32651438,-132.5982627034477
38364846,-0.3542010549241468
74621857,-17.410051587099076
62748794,133.8203014015216
71435421,-36.99269099329399
76163868,1126.3940473741773
14677956,342.3792351201532
48283664,252.07064960252467
93787027,369.1625792918751
75353617,1099.4907325203806
44130726,275.7745022406988
75634285,1458.1041516383775
27969925,114.6290579379563
34662422,286.167359530269
46428766,260.7618974650958
40279741,110.25531717198368
58991338,1551.423495273932
52295288,173.98667956111728
25429358,772.6254654861928
91223525,147.71998525400403
80429592,338.15333147357035
36010937,389.6833589493476
61652867,911.634446490556
34655678,429.5525467116722
32281319,818.9864621582751
74717544,752.8971306927735
81780208,370.7665103856201
74117270,712.4596983679983
94663011,126.70644285928131
18715534,312.53753768418983
89926226,280.03957748644734
31441075,-311.0582388658992
85656066,460.3970448032825
63154501,-138.43770498597132
56954947,816.8059917519467
35193891,367.7829475404727
68045567,-175.20460394155216
75523548,208.95342469492397
80044768,219.2707471473878
80565568,114.68439647591572
58680458,822.7105196616494
93434632,364.07650033299615
38164915,291.71875400022975
39561694,373.15118599376524
23940974,1072.042661493958
66689621,20.087123501963333
91586014,238.0173668222891
68610549,141.40942394342278
44648566,127.54574882903347
68443861,213.32901096380982
95300751,121.7849532022833
74650313,192.29802159224363
78190939,785.6694241213652
79583687,111.84879371908573
78744133,207.47098726317193
19424377,-25.62053475028597
74426958,94.26440349818103
30714675,110.88975083437833
20297631,128.94649574149878
62326689,1943.217322939581
72851226,134.08632750517967
94924877,-18.43685939995993
39912297,538.2808967346002
50554145,-70.78676656008093
51964385,-62.17192908874944
91524053,619.4270655395921
67059408,200.1858616442093
13707505,6.349277506364331
96336923,542.697344667729
18937921,270.9659197408454
23247466,191.14840472489874
20718626,605.3845594505785
62001591,437.44033122618896
32183930,1975.8775197783023
29520078,188.98318888361354
20246948,896.6824995881902
12865925,264.3920788093268
75414040,765.5775972187953
29805887,1120.40367752921
91828173,304.8618403648925
92911827,585.7685281831734
21259879,947.9158783490336
27730704,239.6754608680335
10805384,995.305159208569
28772124,519.2224967302316
67895243,627.865190816694
70282510,933.7592444203492
76926492,998.382945462313
56029416,310.7065350661611
42166025,768.6909586135234
88855559,678.0245992438429
71679738,240.44811394532553
95011645,417.0478070038042
23391388,177.3458796761463
97276431,1098.9134085489497
78499453,1575.6760928527488
50845143,34.26915076142711
63593365,-212.1004367908838
44645094,352.5902158153473
92805008,216.85996725234367
95966284,204.72909466174514
86968525,-218.87274556031474
35459557,149.40385836500576
16959595,121.61664876384651
66852864,885.5380758501194
64976874,250.500577608993
90803282,139.26010684629944
32597480,375.3609459831515
22525205,514.4738826555761
18357388,588.563377267377
55224009,-179.2314704319665
12066751,276.16021522748474
51600054,383.6442608935995
33097870,974.9536045260879
44165189,127.1741471376917
92174554,138.6654428226177
75685484,148.48109563540322
79648156,140.76996154746593
34473914,787.7431378265319
42069298,143.71769166974514
24749467,106.82721417787161
37024144,876.1827735487084
53463208,887.100774309145
61035399,1058.7419835813016
92975059,324.48613804508966
16258293,220.42428645330568
80353068,120.80372063073463
69637564,139.2899108156097
60889557,162.77498490328486
45682120,1303.7388082118227
62566155,126.03328730796915
86829598,-83.49684615380471
77516810,1152.6172565274658
32602883,1276.8765380741343
99658649,63.46247968957425
98115366,1329.845045490524
40551984,193.36938408759187
89171680,121.6482707470953
78104461,742.3604631510173
80805720,105.86517758268593
44701781,115.48798015602381
32357693,617.9060330664373
16257080,701.9296004804063
63758432,1320.8724999874014
86560064,-5.436421007947672
76704426,337.77127928343134
29021087,135.34196294995985
30903210,476.6956144589193
59650055,283.8948306876173
16537007,193.53417294821975
44043751,-155.84957414853557
93550246,223.67743957200116
74795536,166.66057186237612
36252893,443.7831553187908
60712266,210.73758936701034
54795015,775.8700881975697
59038432,59.4481290126738
53101267,569.1102621927406
96137757,287.8883779620794
61894184,823.7658194569165
56980533,76.2406594582335
40911725,-50.26373350256637
78253728,1496.3627270933464
46517280,1157.964075880482
98578100,277.1792125133053
92998542,145.75215357606072
85778453,1056.796620137012
67897199,127.58108128782266
37385434,197.2662648918738
29978687,490.9137674595995
63462293,366.28189768136735
82610119,367.92123361173344
11195863,448.6358114822857
22813157,210.45286310606275
16061850,59.32554434308639
25000757,-189.40736713519584
23839386,95.21037649743215
62901003,234.11352586877013
85332734,128.57533209182907
41185457,132.09841901600947
32349244,648.897382323706
75213525,1582.7013884471678
24267861,113.73666130350375
80759464,67.26704866750651
38052934,687.6054844677976
36983078,267.28779687066594
48438532,190.06030242377403
98811621,266.65539147476545
41602835,1246.8522230233498
79191702,1318.5002686864186
91526426,903.4141027991618
12436955,515.3822335229846
35460655,181.29560684856892
24893618,279.58874454789066
12318894,-1.6542009954076775
75385870,158.86422523956531
24016887,916.4468307988232
93798376,460.8482229636694
10041197,479.6784601973525
44196192,618.7110547915644
34259961,1099.4542642968063
79360399,1065.3678095691464
90648365,216.73166101945264
32784142,151.72566967351167
88014206,1725.3905360616839
47541115,157.39111373111945
81087277,794.703885382163
99414879,806.1187459840833
96312378,218.65700148983393
45292998,600.7340246256824
62464969,369.7656303522499
89056154,89.75730359299445
43815757,217.26686202493363
36326737,-41.41210105261021
66733240,23.45948583979947
82154113,720.0458313739548
75774127,-13.896617435388237
99633023,393.7915171646745
54243966,169.37050843274045
21507777,711.8919476348497
89526022,153.63157340390637
35342783,109.58369093410107
75576574,19.074971358128096
86207238,281.8668069936522
11999604,128.3096159964498
64241630,978.4178520471944
49681885,290.0264723783754
20476163,702.1720927124835
82534020,264.0815795563524
80449403,199.91674450298763
91978419,719.5394952175399
13134274,-4.9327775582989375
30921031,339.0651612466145
35948510,393.4684038446851
37862013,1194.3925550071347
74364264,-38.852127731672226
73089121,245.00571892674816
71120219,163.44069330988486
81357330,1035.2197512162286
86696339,681.0644429280818
32694372,633.6006484466603
86397240,176.72215926041684
75410743,271.3020716821745
54107967,-37.326641643923665
53182244,34.83729913045926
84949062,261.9278600871469
17578514,-69.74360765645974
66553240,162.89598917404652
78244783,268.12168625728395
85750494,251.6516628474203
26835204,269.8130217414523
25568634,120.54806402900027
62833472,366.582283091672
89441409,-62.335068015292165
30957350,134.6802959803485
83492659,623.7718783235165
14123667,364.94236976420837
81332426,764.3987388235992
75963486,1315.095647009331
97473965,180.90966647269397
52550411,348.4461058577248
38852859,88.80078884296529
86945814,14.103100829765992
99213841,49.31015801418431
93296884,2032.2509565448356
74681265,351.21458396072285
67628381,82.37857478140705
53194004,145.52226163762327
79129949,1037.071402542293
21417992,-112.80623551489066
65584374,265.9401398209776
83994457,246.94134055908216
79552394,1202.8943026600373
14169455,357.7241792477812
11006346,218.02639102834104
55920445,153.69472234795086
42183979,5.80648885306681
27236753,19.353215772745614
38623845,282.4996187130048
56539617,604.8872303778041
89514584,249.08281401433203
55800655,853.7305238163999
95341263,232.39312598101935
90170967,623.9658029486052
25603899,715.406890773373
80752063,301.5279417728292
74272993,190.07647517192441
83204984,490.36237119348687
56041749,164.66857436452898
99929710,202.0355671370291
24093076,950.8949127527765
76171771,262.398482301585
87313105,344.38328616165256
13150529,2623.4542347931465
85314779,368.6337504674897
23218937,-14.155411636948429
15797769,146.818072157705
18451890,793.3817750459441
23712138,54.87405752729251
40201741,1102.5732030061968
74044702,497.2637228591742
91758728,1061.0830068923071
41605529,70.66687675330962
30345669,258.0094169132658
72490311,684.2388574952676
11341429,124.44304862769394
86562367,-108.58977600464928
65741146,118.49115272939395
28059650,613.789930442231
36854120,137.58287582148978
70514815,-58.772779828247394
28991223,552.6292421980331
34210782,722.708026994007
97420540,1082.614165306285
53582966,421.39609647117015
25471995,227.9996403495344
40521306,189.46109638940783
18442744,45.961876018721966
86475933,135.30449830322107
35156621,225.4509548630699
92398280,61.21457495706062
64419847,27.801868803333775
27879667,98.53358094728333
33454324,233.46663510517635
78234554,36.876075058423396
37295459,87.97608288380155
76464828,108.33362045167218
89898019,491.284959258944
94459827,52.40186463780395
30672049,275.48030578711905
93226295,-29.53591063957748
66733496,184.21427502117865
24799537,485.5197569747976
30909458,193.9810327750489
20815913,1079.7815232039625
77231006,265.77985240435567
63770561,129.3521681594026
61281100,-102.56908563241853
25443496,864.2956518192343
90941407,111.24698488858553
85217471,1024.5227011523707
11330523,123.68330524901114
60135515,158.83232401500942
96537329,700.7179771552335
89713236,239.01859567676536
87856838,478.95487246367463
68427758,5.982019483754641
35697471,164.35438537305976
30758105,221.27358245197905
66828597,366.49509364227106
64179941,27.993594884359993
57531913,135.53243210011692
82276369,301.38972725351744
33117908,208.01190507023074
23807930,599.3454323783886
58313771,-206.67923790772423
86361973,596.5419887177497
54136725,636.4665245399588
80609057,-37.3087456069274
23386046,-339.24038989251454
88923790,662.0534208575306
50739054,1267.756147192944
85701835,85.87481798960323
11164690,254.8487763087178
60686704,459.2405722389601
56500955,380.90201209437316
92377094,318.26798273300255
27377686,439.94909812634114
14820376,-60.31199101895584
24454653,355.1761530944908
49068691,6.87674665051145
68870887,-182.99979640847138
40404763,189.26878512630554
53993271,296.30856657465336
76624283,-174.02937805434271
84681113,759.9806997925505
39182711,348.91878990045745
99418549,-4.2413668816163295
54009403,774.8603678600539
15732665,-25.95245031878852
21105712,-36.72829161582655
76841454,61.8482854628719
77456803,441.0190296952388
94681649,231.46751769665445
42127705,299.11315995221287
86327920,158.0590697067123
49706768,157.6256854459541
47210863,40.819702745641166
98862874,213.83132402334354
80625113,319.0953938237959
13147967,80.6011787442988
79644262,348.6702070415839
40821766,43.26043693968944
38964351,589.9175713094126
80037468,252.2183303435794
10709528,213.94290963005034
14006566,189.55548951852336
84355937,148.190226066033
68139676,269.5054571698382
51613745,447.04729359265195
77042505,52.17463184589815
35307179,243.84723660014572
43137990,934.2460299475676
60366178,630.947391534739
28449137,495.87996809158096
54714633,789.8101557416794
86469326,297.3596634054617
81392986,-34.803300122421206
94816275,76.02143974521738
20992851,208.69803419356543
33220037,198.13954780270114
52922027,214.66058417661486
70522751,1150.453613045268
35179027,269.69875648415643
11006610,-130.69113219840312
97027045,161.25633943883355
60842426,229.55772842373074
37962781,74.28039846701733
57446778,173.59127919054043
46803142,2016.3970381870188
96412152,277.7913853956179
41948607,254.10050653137898
30401183,420.5523598743832
82446721,799.5657570939347
98640166,144.22854449183
16426411,484.12204167275365
40919986,379.38176741356074
34959842,324.3962669485918
76545890,697.9544096472924
38671669,326.77021582544967
74577885,584.5326075689745
77894868,171.2505375243033
44132106,419.8337402214312
13303745,218.1692969264791
82202428,195.4058739453311
69359286,13.98813547323789
49249118,825.5849975815645
65186472,236.94087852881535
86728284,843.9146755637587
89113200,400.56371606161315
64085288,124.1732173408513
83095293,214.83847619507105
55834975,592.2516061603013
12408851,236.46447435353912
45102161,179.35616217305198
21425066,422.05670789052954
49253416,99.72638007089591
91720337,859.3096128552779
38125202,216.00930904998955
76716879,356.3391698743799
75093314,962.1263508037312
94720863,100.26858319934172
69306868,30.30326999905401
78783123,300.93090816829624
31503266,652.8251306830412
51221256,123.44040650549528
36978860,230.34689737247595
77102844,-78.5010301944788
85218856,309.1142284354862
64674000,253.12348943516827
71928536,121.54420662330807
71632516,757.4107369312198
44645677,95.3426009994343
27089889,227.65085564993285
85001254,364.39040600071496
80789294,489.8872332081628
94921905,817.0719237054545
87557595,292.24664268024026
27812172,810.9393355018647
70326518,960.6559541586385
76820242,-116.09672448211353
37798149,315.74640311424423
95689974,781.8978983220763
86698149,-115.43380809486891
82332389,366.3061095715789
38769988,169.44114593496016
62104171,170.7547797915126
20008764,282.16299562602126
88250848,1300.695583649124
99989436,88.8614170527423
20654244,21.83686399258937
63645129,360.865441340516
66237213,578.4571184557145
89366030,577.7509594692604
43885604,425.9646178355772
20777495,127.50820123792874
17630232,422.0844178517133
41034819,839.2780966451733
30863558,1048.110359573152
30990096,386.29912896026394
14528263,595.1334025040745
38046616,1188.428275624101
21720690,85.86499983797876
41971276,21.152379534316026
81966182,356.50603230207696
81876034,280.93813581820325
23233042,146.1778968628397
59959368,225.4747398227778
25429816,465.90312031762505
40884180,329.59315623678424
88955672,761.5148237488536
43077536,250.9594440105243
22541133,1070.8979106182846
98515757,136.46470345598675
96170890,203.54139616400016
33994765,134.70107078693235
91089578,127.17803422785704
38840418,123.38260177825026
92439017,218.76792004257874
30192634,238.98022699099454
30769461,113.07297469530528
80205723,482.67666114177007
55131937,245.12708817119903
29185681,842.6107153049882
80773149,552.8836820273473
84757256,304.78105124757565
81505232,31.938541064191668
57555020,72.07407233914205
70106520,-418.02180120399
43240131,543.483602410375
57158414,105.5187574428528
63966023,260.82148663512044
46075950,179.05340259161903
47516649,25.93093592224551
57203804,28.67609640450968
99285503,387.30681973657227
23511969,73.44849888758415
78376646,616.8636339681958
48884000,419.8109179626208
98727752,1049.6072237212902
82907215,461.57424140247053
72719170,436.4552119078544
39149918,0.6985673035676996
85435767,380.13486124752785
54111802,311.3735076725511
92599919,659.2223988150575
24226064,380.38506786874734
96829833,1250.1710389594657
27301621,69.42610549558873
15887246,450.96582648092703
51726302,188.0869320332372
51260265,1329.5691048405201
45934883,-717.5061708969205
97289930,621.6839697580523
42847093,455.5525240897923
13695159,414.30000658704967
21664737,350.0500175384783
72162540,464.9381335275982
45972276,436.36311035423853
71222059,249.21172034717404
18901787,-0.3143256969274262
64794868,450.81558440040294
96040179,219.07952941349112
43891507,268.5763187067
94649367,366.301083918441
85490151,152.24491276385237
51948440,312.3906754253147
44237958,230.55547915847353
97658202,460.17161113840666
77699657,969.9784374933904
23252427,1265.0648286822204
10697423,307.7742760790285
99095154,549.0959941914091
86344123,121.25057136888631
32740825,119.80031813593035
39699187,314.9294808140703
79334316,573.1295465300157
13862142,154.74429028266604
95022546,4.841810677553212
85671131,171.02996569627607
13946093,260.46529715027475
71911642,765.081053660346
74557358,1114.0399842996158
76424216,116.46288080840458
60569056,490.7496997661823
21429356,432.7724638413556
37147011,197.08598369003465
22363795,232.7768627252516
22711721,317.42992001408663
32781826,304.7792509999987
79919377,-0.20087857339871107
95950869,670.2406461992058
67975454,456.7535848411128
61846310,861.27576793002
47190136,229.0681072495222
72140487,772.9664382457267
33356353,436.3533087931571
57558815,229.47535994077384
85765913,266.8551546676448
67405346,14.611974324543098
47178751,397.21020997266385
92743619,514.4228560519202
67809997,646.599447030211
95649734,77.13922280417216
35761786,-25.124842256352622
20333506,334.2573223079936
39856656,484.1112523954729
80659941,169.12855896404312
72539676,384.4588336376146
34808508,422.2275836600186
18684795,1282.5176764169098
60926773,320.9008680905939
25343604,270.05477705833243
85280076,-131.76570260970146
51516725,884.9794294996825
54359603,870.3122666654335
65763192,233.69272973312547
53926540,90.08414674992622
77237054,63.8068014040191
75498756,132.6605055149666
99166662,397.03420702027665
72410551,526.6016861390847
82923327,392.17263568979524
46066488,454.1332932542688
33059137,327.1997417024486
51480279,36.1331801266316
19373977,1049.9948535688916
90715980,258.1992829706578
56492794,20.585469500533236
46037369,183.52572272771698
22743995,578.9817184945671
42553042,430.24322874780216
36975311,645.8355395563701
75351486,-85.27808760019087
30981897,828.7448458998599
35580501,387.20668102098637
40483549,523.0868935205634
64819235,340.66394472191485
26688957,363.4605680598521
94904538,326.7062569546391
46754012,-101.29742409990041
36796857,-51.52071955968648
28461943,110.19014814550212
14026453,425.13023346845864
69053024,75.80197072997896
32733126,392.68656244951273
40931025,96.90132748706861
19427950,-34.32680685327614
84597120,792.1914692379676
18811334,77.18046444395054
78324699,1314.101761337331
77953974,-54.42590643325411
27862041,264.1864761387085
37247191,312.25026846925095
25562317,-66.20453340110265
73172608,402.87114204240277
33104896,320.565935617184
82319650,187.3980506389367
21799452,208.76039230739923
64888946,-108.7042132619489
97264595,287.6333326874136
10429454,13.209877177527687
61575325,566.714126534138
56897257,158.90412980781628
37059519,446.757781919164
52110520,540.6119583861122
81197632,194.96899231804116
78041929,370.1251394996177
62481600,163.64522710908938
79068390,164.63976832843787
35652591,-7.292160536265499
39694436,420.5114637899321
95898355,439.6080228417361
80006639,-46.229134134142896
53958546,2254.001853397581
58986255,178.8487734745417
35034634,312.254106499336
21845497,212.5207509614827
40578913,394.7366667621171
52684708,242.98394426378275
89834641,-16.836180959610772
65511611,777.7930775459779
65731676,277.2784079744175
83770991,773.5414290483482
56280602,580.9669363169729
44140498,150.22025363035908
52748496,135.96175862081037
76136540,199.1024818799703
35483441,107.67182106910286
25193108,243.63965414899212
27434478,-212.31489072990615
84357441,1012.032161901772
70840263,-44.230027247906065
45633382,225.85624605316764
68317032,146.24522471370284
73465107,234.06980667293726
24929921,554.5192684079659
87300428,990.25116278518
69871020,155.46951535060015
23755175,330.52257927113214
91971062,199.23785185776768
74483617,217.63119270354497
89642342,174.51851405056186
33276861,186.9510544592103
18861332,256.2414145986204
77211245,381.2668283535637
52041127,229.3748416907232
95864050,432.9397404677402
82528777,139.00275262675228
62702832,575.2610428660547
24146181,120.73220230896328
90263367,139.08213846870666
47033948,141.95195783184664
97856612,227.5049238273433
73014333,2158.544791087442
46731094,414.35040607887925
15781171,593.2958421657219
51156245,235.60564727910366
85958922,178.8994072476782
52550761,60.796407482876134
15567593,302.0299085446221
50279318,2459.701119832307
88796422,24.124180176695063
66724358,122.27304370536604
51443999,275.418968092545
32661637,189.69307165571172
12999579,491.0570641172219
32460111,33.31024864343459
70354263,-15.660692717514678
99768418,19.308601632397597
93597400,221.07745572488426
42968448,168.21002458489062
11447851,623.4748116280967
76146411,270.8660157620551
86917958,1641.0901740320853
57526187,-166.4236736463987
71062405,302.8835457172929
72847399,486.236503433885
54891075,113.82375822079962
89841901,99.46937134304477
90056417,869.9591964962399
77892346,265.0418966708494
31627402,-129.22472506433408
78864638,156.83375981702932
16022883,291.04457583510646
21980955,209.8033611011021
98291218,73.3628194757838
37406677,16.591283712242387
73253470,93.11289244493662
80239984,1851.8537435182413
60323265,-356.7234187857985
93655248,200.60462822594872
58796215,-270.8076632219921
94203496,194.01772871535394
89472702,154.58115343732783
29142290,137.5202424432748
71021568,179.53492701342816
69197364,407.9553806434302
67499939,425.633654067752
51780875,161.57216678781316
46941857,310.82125877622923
57911836,1537.0040124413413
38559875,169.51627282355497
81398050,119.2755136469089
75334315,112.64540539952594
59308610,363.6641473449556
16247087,506.56337989916244
43247285,1119.7133622082222
45215633,1281.7959727692526
40481058,552.8181242657162
40365284,426.6556973965779
92836079,1059.8852416519233
70303716,497.76941325597454
81749724,-85.18909846534177
41853820,941.9975348614632
81440480,125.0211141400498
84996580,194.2973863526309
35919442,773.7317803753224
19046260,-514.2942966736051
90423631,262.3834999191654
92961031,-23.17958396169786
89855372,-28.80414872312599
77816576,174.52445307420032
12194715,145.8299258104442
20115124,640.1861438706998
73703358,276.6980140654081
89792966,-50.111058736672305
43706254,343.4319202228281
70266281,56.13162446731377
78529732,140.04370925904118
31638825,18.557877791848853
58167471,233.51888085097005
93767960,2.4014825007755007
55879589,476.3502181482278
67388602,347.28548520682375
86008328,208.03171762098464
53844650,223.15147133465337
86660948,342.00096432119676
39941650,94.489427000825
44395757,302.27237882193094
81989533,411.3637194320555
46504700,-28.62212217753904
39402032,219.96661339220947
85919943,296.12991819592014
80733130,239.588152847198
25189661,357.4166368971107
14623666,191.9664203238138
70848155,253.66742295854067
68571484,913.5868772765432
51228995,1256.3935868979738
49683485,554.8216609710502
56036763,1896.576691976705
32459332,-77.65669976740861
10860915,157.00061397125927
43696664,151.019807885634
87941364,244.80196240164696
76183083,94.34609796339947
20966309,283.0484261325048
37699108,217.2061526311387
55952526,337.81189767456567
15616438,57.62722876760216
86514240,575.8897145290172
92945955,170.12103764855095
63145934,477.25961631810264
58853662,832.7217961828137
79304271,313.6250055790025
24276255,595.5428193302472
43245413,615.6370234468235
59024690,688.8755067684798
13551336,128.80872668406397
44848614,-94.9335433788703
61087377,39.00515265673124
11885900,264.861596501304
92535927,238.32868422554156
21708152,40.43028146666751
45352808,342.50871850683325
75624156,633.7615897790047
32001265,261.956327827357
20413825,405.18366381207716
40305802,152.09599966385218
61861688,2011.8923393929178
33441351,151.56641422310634
30365812,-19.66576927786042
43625038,82.0292344592088
40659534,72.67990888445212
72885406,72.32959928150785
55817366,279.59184836084376
78604997,207.4022366707453
14364198,191.60175552108507
70814486,18.102588302364268
71030650,652.027049929769
93257457,218.55628136567276
65515227,1.1067323205667208
23048185,1077.8901017143896
64021401,267.08580809253374
81601136,258.94434885501505
60464050,107.34797816635898
62126832,335.51982056662655
76122802,125.8301420433134
68619547,509.692493131471
69931017,183.1315096421094
52039321,652.3695347617492
96748453,1387.286169293813
40650345,1101.4487183608137
94190496,425.7497583239424
40034795,120.86855384804437
16725203,170.53933829305868
37869032,877.4699270664503
87784983,847.8826580978618
67445694,135.09856198587943
44138052,161.21735684468348
56359862,177.08286268039524
27113776,243.33534837349873
73853459,-539.9657850227268
76284169,379.8990647342541
42581373,1079.2188541402284
74617250,361.85591113107023
29606632,194.9584413698072
22328059,385.1603285885499
94596005,959.1858822640959
73640300,312.99820234520814
52511016,920.7579093407742
63643579,149.14994881416396
73979691,428.5365190677401
76806109,168.33519737878237
67084872,530.8089231670334
94616960,-69.89789636397035
44018639,448.8454701449913
10369424,-33.575645172004045
19417264,170.24539877049597
77137301,193.15690601576324
33598935,49.639738102574995
81379316,377.26907548142754
67627945,333.1982324905448
74067952,893.8767612845672
54161507,272.7634752222019
55930611,83.53816091097679
64919315,452.3373423926329
92109871,201.312383548735
88653847,400.4350909993475
50331596,553.2709061341602
68139580,1092.6603698139513
80241693,251.35305327318326
74034028,541.8686015138912
22712040,418.3186821143189
18212521,384.07670369474863
60434302,133.90790734329443
45427525,214.07372204333325
95853311,196.59350391368537
70857259,70.97026856141105
81477083,169.50980109381845
27723524,38.09083113807401
25206032,1694.9086948499635
12102381,517.484335806816
72428170,467.7506688904343
27672042,1039.9941790694388
77000429,319.59948568077675
95589605,103.81557660255362
44647376,755.2412771035624
21338536,226.08170479906437
13820529,66.31113923449624
24568041,369.0668658062614
90117191,846.0761532403499
45800664,-112.21204598306122
13557339,416.580085175386
19087413,735.2974514940458
11616417,980.403205022076
22015830,479.42807047182487
42617304,278.3984944611093
72598754,272.2411271092425
34839793,426.6714233615421
77660297,90.32469682887739
13706769,134.78878480527038
71694094,238.70428137816793
26712974,135.39247777083864
11161484,274.1741084257019
92404281,561.9763379972475
29267516,-154.31727984126096
44574998,88.57668176952518
66291057,453.3816002665312
13701175,64.24675686495243
24177160,198.2057804088236
81405301,608.4765202519256
11589439,94.94265900126794
17537269,97.63568224655592
98168887,545.831567151936
57508409,198.82912414909157
83408387,454.26623989679786
43301435,794.8740912554326
49258344,280.44514582198144
98631322,211.5757320393028
69659096,186.37601756763758
99106028,175.63945841024963
37856658,142.95573586476974
42881579,58.6375534316453
77859891,370.047384699222
81041727,262.59267428688827
47217829,410.54120179235815
53083229,360.8239279195832
79619006,336.0772482920087
87897995,27.673768786015557
17964917,677.9047435642036
80568888,351.5854554373541
43042929,71.00750279983532
62796073,168.15482254499898
61083401,87.28634631201584
14141477,189.86008167142575
68306110,28.175613458868668
43708354,-31.957955411953094
73883907,163.27188869028384
75966104,107.49495844187908
55672599,41.412086577807145
14917596,259.48611216492714
65294870,110.1620226328298
14049454,94.11701459475779
93295381,522.4950214086566
27730907,1672.335350073775
52543486,460.07764630753456
79427440,68.52322650535069
46627987,-33.37638997328793
63096372,739.6357381645691
21047227,49.503647496452345
94588817,266.4246767313647
82925355,425.0897860089757
20239710,237.07240313055775
66560522,234.71038133311924
34394729,174.87483688862994
74199492,263.77207583526877
59577067,9.68046256119527
69919638,1134.5440482196868
46718033,767.0327946242826
84917912,279.5971588792288
31599665,128.98208089634375
39056365,373.3676451892235
48895978,73.76435490937189
47094246,1097.2933209095886
19549587,433.01334782175206
18563899,-18.498828545686195
81642903,190.77505916982585
12095543,588.4133010472223
67140026,139.85479306571722
11054636,642.0951434959289
21698635,414.1659571963269
23623849,396.49921096973765
71392936,44.98809847779711
83425325,604.6627320975091
14553390,-11.540502170004515
70274030,503.2030849751434
19402442,191.9350138763739
11041677,-14.866884063211785
77513563,105.56902690901921
87335721,390.87282469149784
17466406,37.104315320056855
11267365,233.12506465439765
89144675,157.31840455070147
89338457,237.47070300873145
87803439,346.06586385385185
20104582,223.03071627268525
95781089,172.77007487864444
66358482,-17.82233595191792
62863016,293.0941670938324
92557337,1311.8135474051048
10876766,471.4506718414224
70473205,389.7065713323451
87569671,1224.899045787022
61139578,140.3872842583957
53121878,251.7008305460647
15430462,236.41060232236407
67332796,731.5058179943843
75641163,322.8667237355029
23552924,1374.1215853591314
56332291,120.36980942985417
83472051,241.40981776097533
73213649,358.5360527652791
47802315,580.1566991043672
42459098,288.4574312773507
59654537,482.8985736199967
49312825,350.67133897215297
80983900,76.82142055497195
58178507,1563.9949795358873
50382416,195.526104497635
66073034,399.54557156280987
43848284,244.26205871861498
85092410,341.84704397192843
22321014,466.66534302759726
31162245,170.6282553994111
26802981,591.5776439228232
89737386,-106.72882291429607
22704344,238.75627835885257
56000373,69.42219950307629
96310766,184.92223291589323
70324095,-82.98289195832132
86441629,117.37904130893372
12514793,1290.739550774639
89583392,279.68322538717905
36498032,722.8024640875675
22072881,92.6083205829666
23992589,204.98368531954463
25380807,122.58463437293915
30026993,50.8454089740776
65742850,-17.59329142850686
33236806,-53.37669527907829
64518820,293.7125775828455
42371713,88.39517150684816
47924596,238.71304361669957
55469978,1057.3961367704817
29356220,437.74028223544826
98913649,569.6283788406265
22201860,-10.927364843240014
17005574,444.95421326004737
61767605,1085.3783792359218
63003964,2856.5648490755602
52904792,77.94731058182043
87014699,701.5433685326944
60476269,805.0413164005274
23374773,354.8528353617686
12887652,-254.42619265199744
11366466,-24.814574482979822
62053080,98.29992957320059
21354279,293.4895596275162
58635346,423.8278119505127
57475663,314.08265025704
44627129,272.5297440974947
29419543,2336.0727961137936
47538164,405.419636486209
19854086,87.3595421482097
63381374,67.80195932348664
55348437,155.8736284096455
80254443,888.2634547870734
23105559,460.31918963082273
25129271,-59.33013269982828
40257293,379.6263149430541
63509506,817.2399583044446
45432136,1010.1862414788002
19785631,86.84391594435868
22859019,358.0126593744793
36147504,235.496351939561
54449509,363.85791332539975
81205631,472.30888175544305
98103632,150.54391865745902
32691265,136.5336539906628
72768344,1505.9402737977957
51890279,106.45367797303561
48043615,120.4953934163953
25374441,89.73155504603699
59962384,1139.3439018201284
28910995,455.8753782705055
13141234,-0.37520079847411125
50747063,188.60893502434692
55252279,138.11047990524173
52007426,1267.1446535927034
30847276,183.08706826751893
62106368,236.6722262999176
60214573,481.6056116549073
40002314,1454.483661553143
32428356,354.79276443385675
53658343,683.9565683290073
29161839,181.41052258330689
46396012,209.23324539809948
62360708,313.468026006272
43297939,-49.37882988449428
12562149,137.68338823030786
36028116,303.74075727525417
87330286,612.0769818984959
88119407,279.7465989175712
26750897,409.12877042832235
49969361,107.61559824105768
97204974,-406.0433856757872
99702598,247.80496199470906
52763802,-42.09778198911815
68901809,293.7075276969241
39208673,541.5030856930609
54033485,34.05479266989465
54497531,57.947506751414664
53990991,919.9440293703774
84489537,330.77510985602714
35670801,509.93469172268624
78791350,302.29135356249117
20845184,1058.864820983676
13555027,364.6199345811465
37646059,28.740483475096767
76127874,67.7796680110282
92134461,448.7086305607917
35770374,358.34223763440195
71020209,554.4647739528089
34171582,307.22254643549866
50654248,709.5864819392735
42458567,279.53885096916326
19190057,1600.313285016688
54080489,190.1139990623231
68542535,269.8466877904525
45210646,266.5267142147636
59714270,185.9303334895422
88185676,255.4927421215284
71490260,13.238689307236996
30639393,233.2154089374735
82576353,215.66860742637903
24335906,778.036075703041
21049647,247.10972319712005
13781432,73.23687666479043
86079138,-233.67003223645273
40000990,959.9446379014157
73775201,533.9707625461685
35148701,930.7565785225611
81596880,-24.35033915499315
94320273,202.23118031379477
36438421,124.98953207896784
53057217,359.29378303702765
25248077,433.62034361022097
73038169,319.95104317615835
73258090,279.468733236414
87336796,1237.6763040636606
78963426,19.347900491593577
12232405,288.22486991786263
86811261,15.119190287236847
43165541,224.8742682935557
83018865,1030.8518506735584
37762842,264.85393642636234
65591705,224.24644700002966
67890361,109.54815680833883
94753186,87.2065042018778
93051402,484.22631992571417
18623638,636.9863028290848
35256497,235.55265666358252
79246585,293.16842928677045
23762226,221.87882888946967
67287814,142.58536845805338
78864148,711.7323358444191
30658878,0.20425384359839427
97960066,107.28564617804494
19914732,307.47311650187805
23619037,127.42984130634267
27095793,18.491551802572815
83667300,557.432237303899
76686009,244.47375694219
79911388,175.680615115999
36038618,208.5960660144147
91489166,236.9839314306896
64088644,506.0629870322515
10087238,156.79630899723787
68403788,658.9766929768974
95817054,195.19668492820085
57182933,1204.4678417457706
83941537,-114.34071296157276
86909159,577.907000604696
45478492,726.1534382613378
84142111,402.9253247458264
45223652,1069.1426294621556
15651868,440.92897552767283
48952352,760.568924404236
53380245,147.91042351773797
56211427,320.19299442453325
66961588,1037.7907937379791
38567012,545.6697232337859
74938615,46.4598837902538
81147200,988.0464468658613
74772897,184.48852544710257
80316029,66.31557219742228
76791795,311.39050603745375
95549661,188.81853829021964
91524955,258.7634275002888
93849275,-31.471033832719286
61885188,-83.49634104405817
17120455,836.3736085263638
71403569,624.554789051886
57944962,195.3436026480329
72483844,201.57248613074955
45141218,636.1470711300782
47525065,516.7321799268292
24379765,494.90057298038084
91215387,185.94900852712675
39945150,386.58661508808996
25481926,375.5473256884909
72167432,405.7412382586233
15652519,553.8543157167901
58079379,156.40083703895107
81779274,246.9951741037553
11313638,1288.9371662247402
82915596,461.4750777321874
12551058,292.16729452424374
69374139,431.1663889122535
27490970,370.3049041163713
28663701,367.4393653569873
51901697,332.4043891111693
19964529,829.0569827960187
14203976,399.01584953904444
86724526,177.72654869055276
46513661,243.648169022273
42464585,203.962392844924
14360059,1468.658482888296
72181637,468.92355973446195
78956787,667.7820128986765
30264496,312.8523717811854
77227528,1026.6154565042048
50534372,-340.8228547181318
12187853,506.42762117336736
97814800,374.5710583650688
49704538,824.1670476452509
31844965,995.1100599177769
89449307,69.26514474459532
72286626,884.5371498904221
90641879,108.68101347346055
39977212,303.6545241323322
56406335,93.90344814411174
46671061,154.88912282831393
21883230,265.74304925893034
57754484,281.9639425383259
96138639,133.76539132572015
48581654,215.78150591781838
15477564,142.0201033433064
18367532,527.3859418697223
57040971,18.66418617693313
24677280,152.8005103626229
38279741,190.1102115511759
39630161,510.69481203762894
94354941,-5.580038772028615
73739305,583.4658170715547
36839896,92.72157757576974
60950133,2073.7411662992963
34560824,168.3712108606818
89848060,896.8833230703278
21727334,470.5083550705443
96402755,380.6565875151325
99203156,471.58297369751926
69252455,1284.4260624109575
86645439,23.015896051311984
83677892,341.0103155920018
22897635,207.01534464440192
45288708,1415.6364228974962
59969436,-308.8637113641035
94774349,17.6487235269787
16886474,1520.4581820923513
44198009,512.9747122821976
64700341,999.6383630924236
64505698,782.4891144637281
77323444,476.2113895037688
27706778,3066.8179252147256
59628829,468.34414677623545
55365465,243.16807608537442
69970571,1651.1165935641511
94271260,263.86647193320664
52700573,1576.1220986829564
45014443,236.14046911520916
71021280,75.66479339940742
51886091,272.30846515556607
91170937,74.81824649795834
92081846,-110.17923240496393
95719079,-24.766528181166677
12428005,99.61494752605626
38292857,960.9388562701342
75786036,1129.9126306182036
76868352,249.7847708357633
61787836,464.00543761613596
92993294,257.0921341448028
23885591,364.89796964348466
40800066,182.83012059290644
56146741,21.60731751775353
49447892,249.07450206261092
52965378,158.45357360264137
93685952,-37.69913480628486
89649731,206.1301366654589
47102704,272.62530261887093
52908918,240.36247132367043
77943419,1277.2623114022806
92500699,675.3780202144205
51420779,1172.3516404038555
72830394,55.521035149975035
72781023,165.21566010322852
16161212,468.8385364990561
73724856,908.9236136414384
76991618,816.4479214255655
95797758,339.6226314066324
82786703,253.05527229640688
77183119,275.7127101990159
56026782,258.3741266465039
16589083,195.30680900221898
47749953,294.04701777511934
27187508,774.9801301261809
51723171,358.6955905744113
56627258,9.079328660820238
75635227,784.7976163767742
57547046,191.56065367862254
36631973,162.4253499580813
17463415,-269.533826003112
26674861,264.25527896250185
56995341,-248.33343207714955
26126144,307.1581711322293
58450363,195.7935019747714
89312269,86.17668670946261
16817991,232.3189442320628
84965319,723.2463655452755
43319013,852.7097589766138
44400321,133.85366993529885
80024230,737.9397898544223
74521218,1238.7357166482884
44832141,77.81442624394862
70162625,-67.80900659191093
43589357,350.93160793676054
14100726,17.23622977664695
36520084,282.4090837948912
98999098,120.77651416914875
14148442,70.21641948974838
90033275,213.2836350695327
19819492,205.91290278933593
94929441,1435.0415255174673
64769677,370.6389023375359
80605119,329.92699330486505
61896581,29.62117564274729
25053770,174.95805412147314
74893395,77.17322200333592
53560531,1168.8980919120909
89710260,462.2151191419234
93875018,333.681573510627
64766158,1011.8579947406813
54305179,129.0884065448975
30403292,189.3382583722999
60767564,83.119024811472
35303188,653.7794561387599
21177257,344.6756567960738
15350431,20.84919291671713
19112314,405.9666371658117
10078818,37.81227811446263
23150338,562.0572478486397
47635759,321.98843648289403
30605686,168.4616020942658
29709781,442.69096642978593
13735642,384.21321857943417
99020214,6.889998597363444
28873624,568.6334302596641
70890497,1440.3834812673904
99675492,182.83811761364115
62216584,280.10190707544973
84668724,898.8749455169659
88738488,402.82169057107956
35683009,1279.4723170026955
72816721,321.59814556523645
19163259,274.3561022368184
51202613,666.4575780643102
56056704,45.15568661782021
49879334,181.18994552456377
16786843,297.0094127709956
47533115,79.76402492525278
22109413,1049.1273747505666
85518746,171.430801655224
93362991,-4.600650037010894
16124077,92.7066092029811
76182432,-22.216924113456912
26790843,367.9930827161231
89672220,-129.93630618872427
12756298,1428.1664813926245
16926806,88.2664696682508
14000956,170.58893881899235
36806959,-1.0807044162713169
87017954,-96.21737643596094
43944283,610.2983640909
44101724,211.05278496969873
67316534,761.722505426598
88490548,320.2039083300722
88665651,310.9069582406056
83830852,338.4458458451729
35512699,83.99665469298742
49228670,114.89344786997805
47172196,441.56085547743226
86195285,223.1018138212503
61100752,-164.45421315779961
23609539,451.7214221378549
95881788,434.8233314446618
44925764,470.35101901447626
83971268,39.287067479163625
17370699,418.28823497047017
76384877,292.0844324868867
93972349,54.63577646602931
64752973,8.816394254853776
22747583,1231.5473080513989
38304968,-34.173178365503475
10235307,138.39116552622875
25779125,109.26709867251878
12843653,1161.3616009780187
78094768,85.98433514991308
10635284,161.21098077700105
13687234,57.36630679026729
53936042,202.411442830047
82732686,297.96536803180663
96543781,-62.245968283059256
82228529,369.25324694222377
12775154,247.1375262443354
55255907,73.22102103667902
32916130,-13.277847362025284
18504284,954.3943746412424
65825890,168.97175619481624
33391713,569.8997618055553
93331533,897.0394128826993
89345152,493.01883149086405
46576484,395.49677794994057
33320733,-84.41632737099587
10724817,761.1610924710283
41244276,103.453827749722
39841607,334.8549037775182
59463885,719.3929707434588
61317492,1395.3400658492342
33725830,300.9343618260873
15316450,-61.39441518570169
53318939,152.93852820546925
82300735,-2.6281865208215436
44927585,359.0802939594904
80951510,774.8296371431504
51421456,413.28738171904
67936055,1011.8237369347485
48065777,95.51477946808666
56103730,402.34986878057
40566531,631.3498939206239
61129612,365.9969718685003
72015593,270.1107827223592
73826407,161.3801555742238
88021730,83.08149278010148
85653819,126.1944092603934
45194339,91.47102074054101
91086895,229.49337519645894
51919540,231.47764927626793
23157322,1488.9645319901738
51628095,736.0921725060925
96537190,-3.5847835535874424
53402735,518.3914583609144
36360155,44.79823639326446
37694507,128.22753415870312
83593533,250.44201585908877
24284452,728.2677219333206
21000889,289.2344838447449
18518898,187.73639929274287
11533995,208.80537152781176
91728492,458.6400072349628
32889326,241.43215594893775
16392740,966.116568758431
93954664,866.9894344189115
40527969,362.2521855838363
13359501,189.22107869229455
54613106,1389.90304495312
89494294,-137.022294071192
43243456,-33.3051723016261
49320975,1502.9316553146728
66824387,188.36093171403303
13395531,666.344809906711
84702746,121.4812923024146
46376987,241.92545699013772
16949551,462.6541687968697
76113598,1000.2340043996694
88051686,298.75876320540146
21575972,1339.0441369903488
25797068,1352.5720669229877
46519671,356.89091042336383
62958708,59.063839273875715
41163598,1053.4122774888556
90108134,546.4413655347092
40305514,219.46728113000955
28323820,114.96548493736816
36148206,131.71774531714084
41903222,625.7200826878873
34111269,118.60392893995743
22460898,1158.669993284335
87095926,270.67258984617456
99063606,664.8113845224915
41090287,486.6028006947365
76553835,488.18281443719457
40520930,911.6557813931893
72499276,21.205896708503644
40722377,92.23960757611638
23596828,2.776859899038868
94118199,790.4537856476791
54177823,249.27459695620962
32744353,1496.9098945975047
83540534,1097.2362972001015
60135160,959.9955843647763
32215997,722.2341161690074
60591783,128.43998187021367
75534413,201.8926225989348
74381587,264.4995992809364
83928867,229.33166962667008
31779925,32.60368091338398
71389415,490.695654568765
36657020,-29.17555010319569
52833217,331.23198547540414
43206206,413.7125552942433
21701449,343.99078979363287
38073031,367.45921720065826
34369333,135.3555288228368
92620587,140.5729508723008
11512547,2337.85347714834
81501365,137.29054452367257
91014044,335.2095552586661
90225400,557.701955425689
77353219,706.2985601878169
55291546,584.5102790889995
22923482,293.1140343851308
14288303,626.7712362414838
55909136,709.7511755492484
41957261,208.69877768544683
17675131,200.9400689313128
13490253,-21.94803979226623
79023756,240.47041437433347
98393510,1009.1868888719705
36169986,140.09131184331483
98879925,237.63476145438835
64713126,484.44420366818974
54807445,363.20242540681465
76751871,182.39725521347754
98441518,669.6505378744426
54149693,418.6401607082814
42794612,122.99051499203318
76036112,463.65464161067473
14657728,622.8082086572574
73292737,1747.8653888649187
37897222,755.2537034341733
24707301,754.6669269711706
54570938,1422.9481439128342
47969890,24.065817435994916
86391847,149.06261130349128
43251995,318.8864802770943
61789630,170.53186453521698
12601759,332.08712439296403
86045386,165.27944982556102
67870680,415.6260405327165
92603070,59.97648153825742
45118743,450.2189653811897
40352166,510.257779167899
96817260,781.2636026210068
70031890,1247.287320242642
18280163,1046.962082761683
84418154,1427.1062904854243
50657043,-25.270515862121783
24196657,226.75294720590318
30339428,142.53732383191965
97021401,476.9302741001957
35926246,363.89631912549464
78296017,143.72546781706995
91378970,319.59198349819826
80348783,366.79598248680475
90424864,231.9978058106683
65449342,241.97907621401498
50552285,513.591171634355
96371635,336.6113985942442
72833770,373.2242829202662
94834332,1032.5591147854482
34291304,1193.4549904878481
61020465,199.00429780964424
58556746,388.99875744914175
39138083,441.05525350326536
25334186,208.40330046686427
34764813,113.59406629337121
37404139,140.17343583152166
44171473,431.2777951558172
32137098,139.91913970736732
72644851,1105.8651560181618
57301182,3.932366260315632
68777856,288.21231241171756
46687209,-211.01209774193103
69167315,377.3517555950066
82057134,541.5994560285679
28611499,173.8720465055086
73817431,279.661118360297
66885663,1069.0678955521053
81244724,1070.699736695635
17815149,294.3195070462489
76792976,197.27167842409648
32232188,1115.0677715170389
32884692,200.48929587438295
51904668,-43.280723521627294
54177086,1504.5432483277775
79785130,-175.38739115579716
24791309,-223.70407892848215
79748184,114.52599010314543
71076766,604.9981342475954
91713473,208.394682726959
21889636,90.59038910971009
88684450,75.04194064924837
13868166,603.3026880462153
72609306,47.540942646843575
40230821,684.8181861096872
65326864,-40.83486721822561
47873334,5.842173511228168
38502225,-19.844929688939487
78086792,507.29081070383427
19000370,989.8477813923382
18794356,947.6364683520162
15695931,299.08509056023365
69820899,330.401964716743
42730808,201.1541429016088
55693372,364.51448867176634
39793167,611.4206963918332
42174587,378.8323287760437
17562701,166.7684199734203
75887228,1967.6182206408855
86381737,128.3413825658028
50478816,280.5326964241466
59640073,-150.3893935430086
76678970,664.5524392349903
23159711,54.37631868180813
74146213,256.2051882171021
73679527,1231.1295004236638
83678670,83.9004258568811
82153168,915.576020046675
81585077,-225.43549819495556
51172809,495.9187964087064
93348209,164.6188805539274
40526730,108.45841806231675
35477741,407.51499225728185
26904107,348.5739473819025
98083773,26.23751346783689
62394914,288.50604029062697
38403298,399.8019196182871
19395977,145.45230442355643
28561023,1358.6136638919584
45885910,109.37022691753049
95086890,312.819193057216
19776574,4.044018221245892
60586201,-284.06425911137325
89147481,1141.5494975396643
47209892,300.20582047648315
47476854,160.54085305269973
60953282,258.929197853069
72001460,415.1749757304178
22546493,96.0469450368293
48912589,597.9334503263738
37241017,-13.955868827444078
40152795,213.97303359953338
45771924,379.47918473708114
70307319,403.9107909435452
42825484,137.00958605021015
32535623,518.8098547370071
54789245,133.00965107231104
72682970,382.57492258568516
51218700,711.1331526233132
16039328,197.68003979520302
44678506,623.78898515337
59530373,363.82471676765135
81467001,81.41177407423123
50258434,861.374378112901
27681355,113.17499852644181
69431073,601.2711126503013
93968709,617.6165682497664
56478207,62.52964360058746
19466001,710.9553368752948
45204787,276.4505132842878
44120969,371.2334317890145
11347094,-22.35146693686886
33817003,503.9096808511986
84812841,258.5896944358757
82947487,165.76056480642774
22317982,362.53462022940255
95086863,-41.775963326206124
73084974,341.4021406716414
96665202,881.5779177902734
52954565,508.11167617285605
22781049,87.49282085927149
39742164,-49.4637431261894
20712973,89.9389568693166
76124953,155.5118499637602
53726970,35.3850829681524
30895251,229.32723519432113
87940348,383.43691935083007
95321478,335.0431770209615
41613207,98.23874845919761
64780104,889.5375102775238
72574405,903.6001521052128
87909513,-54.83732719217693
80918662,88.40533037082389
50842195,4.734229579635894
37167999,381.2745561451284
56430683,321.92259209592385
62519911,858.2368108131689
29251792,64.26517065411144
85925973,126.68661350365147
34644536,408.7530896093497
39276706,-965.0947303204501
81892516,-98.02813589432319
30222761,870.349535793445
10422044,660.454765238348
28074362,964.3064377798962
64967123,121.66405359903155
38282963,223.72280000587796
76769818,223.21152416088046
81835353,705.6673435857284
34737343,1667.9005352846143
51032996,127.13120252368674
32565254,467.80836261445006
51764743,415.4503888884972
92831396,74.47675133854705
84077215,119.38605244689461
77480283,902.8094309254752
52724196,92.92388817631206
78039908,263.91970617414586
46605850,1422.2908931912662
61041851,172.16210224962816
10551671,-46.5131637786877
84956232,440.3107387284099
93609795,727.8339884486847
63261476,225.80342648747103
78773692,519.4324031584978
41527728,1982.7013428355228
86838609,133.24017361526847
46835475,92.06606686223171
23285553,511.0311798396772
83082562,404.06870922487917
33889237,484.52576518677506
46836989,245.97382658254992
42683388,1480.2568090337966
15212938,-71.83882787012976
63857629,62.750144771460384
71736760,386.3001980477651
41166882,155.41591758689674
88287708,263.19088485100576
68218612,1003.1624793554581
34505104,234.55808913265582
50756606,311.55929060617166
40004505,135.72362131297984
89798576,269.8139886612589
43860123,462.3363327179326
93655218,282.12406321367916
71051446,579.1348591749535
93380848,600.1517556856692
27980449,301.6766697104722
57084880,553.5682644891574
46438239,184.9690313584834
30942515,92.86816247504714
19590564,351.5513424262276
83623165,136.61511126036953
76716085,-336.34527463770996
60666996,-38.77500378632783
78361983,468.0892809519603
72701952,470.5996745985244
74922910,-179.1850000426721
63759907,151.66300751255085
68856134,195.76798715334866
79795778,101.80863400186973
97178936,972.5399294421511
56185778,120.89120544164928
48290079,350.03438086180074
29392023,781.5848082342966
54780943,187.4749845052675
97751068,-116.99250915186661
69746506,241.87488919107898
55371174,318.1481630460021
67781652,85.82572554127626
78245291,110.05511963708386
64158812,228.05186581717135
60974365,283.07894481246353
12800790,228.832009395589
96154030,908.2399864872871
98482327,347.7657134887115
17464700,406.50413916991147
56270967,507.89590622178446
46584495,233.4131148621342
72785702,68.90297400830428
41281460,35.88714968222217
80424496,1929.7065805075197
18835766,264.7364128107232
87502261,66.17603827722098
96135205,-40.03818109842149
26258289,60.509886499640174
75302604,898.9297954558826
98645752,148.96927960679352
58643859,938.9568837721761
90141148,288.33922165756655
52181895,114.80417612625467
16710404,78.55385354349886
26056734,1205.1528533262822
39602380,763.2270537986972
66983144,662.2268680940474
52507579,933.363875428091
97432890,79.74029813547702
85547503,482.92337678439435
63906202,353.3598782467335
84599750,107.1095212614718
84325254,110.7627459953219
39975048,106.54852976796838
81574706,403.061314756745
30468791,765.7102047386661
97533812,137.56125821998614
18711694,43.120563462731525
51787778,1568.5845835796747
61409887,156.40292205910845
22014620,191.68748982621355
38836545,-26.643922924150615
87391833,173.13794583991523
69117778,269.15567179809386
68122788,339.362619080577
51241051,448.0017021538656
87186215,90.15359734770033
84468326,611.5601538537752
86410473,1578.44654506493
56236242,193.9059056118685
59626902,656.6167206310544
66112801,17.079536285139284
84626603,-31.606475002087166
68630773,818.773826650126
33563434,1077.082011688749
52975992,607.9183191581849
26817104,338.65139780218453
19501484,772.0361363007594
62595745,540.4513933198414
41563117,243.66592124761416
52796320,152.56409052792014
21489695,292.24624825738806
56658010,237.32655094533447
91048109,584.565789148133
68814610,-150.52079333566917
47089966,1266.3631505317471
79261064,48.53131076457049
43267298,341.97669058958945
35491922,228.9897009834583
91103900,136.46647840550986
81885878,300.9044835365261
10004659,128.08023816589065
49810234,-52.10237720357259
65062190,156.6324646010275
57566037,857.6006459116479
55754004,805.5841864776105
99179360,429.53177653178386
67491962,336.10419271279204
55660033,308.84120666279466
96584547,222.41096118617224
36088377,116.6599684859375
97242422,-167.54280760265198
12109366,157.3590301592393
57248099,717.3036449163418
46843789,765.6607951049432
15574311,245.87861566520905
39119987,616.1757407440809
95964371,204.3488738534059
93965777,343.1734567345045
32720737,259.7713882062575
38011636,-92.78877763837511
28738450,100.30703613018943
82845868,370.7330589999507
92357814,1201.0690729079788
94273774,228.50195947333725
86770972,611.5889432102916
95965665,491.46135593330973
80658412,174.14966502135758
11188732,13.775803705565522
78466957,33.84865558054895
77853776,135.81894884887652
81589793,1141.3661502812154
49765777,79.98871282570059
88579415,402.18978162530027
65011154,99.09448742898161
32352609,240.2849322264559
25644810,272.7984245906632
36867135,224.86508260730898
88848522,212.77057463189658
54293859,519.086095808414
33019527,223.0845801798531
46924492,191.77270541814994
19488750,131.19247252783714
94594464,82.6643083412323
73247876,10.061067453503028
71373451,576.3114876575878
27655514,81.0476551278818
94112335,138.75144914086502
79135715,177.51471378442693
69231521,293.70536706575456
11994136,676.3736553644771
27288623,563.7311852831876
88123955,137.14695116247043
10000265,268.91194457858387
79772833,217.50736628930275
93882232,1295.3735823379031
32109681,82.08813595942752
65404136,208.56773444596496
33831079,641.8163779158491
71847266,365.5204663875322
81003839,757.0393502161098
19285579,1.6369425500425905
51911514,455.73476890527536
55539434,2053.292998118556
44536751,220.15686065690278
70028057,-5.708109743290095
86860126,675.8873469756358
64254454,305.5291044942852
98284782,136.90428659322464
34610652,143.22962593127062
75568847,568.29405446238
65674652,-83.33461536600277
55019276,473.71536495220494
55592552,547.613348862013
94267636,41.35080478662849
69222634,102.82628066264186
85591369,599.6529914949909
43835656,127.33184167125961
87803052,571.1425212597753
26232040,189.62014294138106
91061668,173.08473168627393
30001734,440.3689604137928
64074995,800.1315007635428
98892450,205.64614836614896
30473837,153.51427549349154
95158643,185.56097496510847
42377220,222.81157073691327
64814717,315.8401593337762
30148862,1221.0979888163715
62010302,209.8142229469696
99477712,382.9671927688354
70875105,1027.7596287488143
20465640,514.5044041490432
27850961,533.0730652290063
44835254,932.326969999398
37634561,166.33045349379051
46702648,394.64670442586
86839823,458.9380006457951
67985741,1435.9774992942835
27791703,-85.40076851384703
27289673,903.8830655478516
47043760,171.96130579880776
54808934,-114.49255587607658
98155995,292.04306839092044
69341643,704.6907799615486
19401682,322.31630212963626
97496254,254.36192957616834
26009392,-30.864279269587485
76357312,539.2662256079205
60644292,186.26103854674818
92095667,54.45124012969575
16021125,322.44838518473875
52662306,200.23284205085315
22527415,628.3745339018187
11178457,467.61884933037186
19452873,629.2873516644833
89463603,227.4221888843624
55778959,92.75999193008397
45079947,135.0069260811021
71913651,462.9313320666955
26030335,192.214265634331
18887144,425.38574187163624
67192573,375.46616784731805
93955593,920.2019165948436
51025425,67.34728845637744
59882564,444.43177145306424
39586553,450.4097919858266
10235871,43.73231460444009
44636319,-114.07375535346227
37290007,611.3083078296648
14108687,473.53283121341315
34932666,36.547027660143556
80941617,604.5161417113658
54682782,227.30230772899165
89652985,404.0716419955319
13137515,-61.94645119928725
69623259,85.45288392433241
58672181,275.6642705681537
19145583,98.07900735879889
15756823,-152.59938762917687
48404289,217.2290662435206
81082424,696.39728475804
73224913,373.87583532302074
75845341,-27.42057709965235
98474913,29.724264132567384
41962691,185.4760570822885
48961741,273.31732234045774
87593653,142.14951737043322
84917993,88.367599612834
24081947,465.4122868529166
54462462,255.49629484011007
51963469,1088.1167028950797
94467679,126.59236621341984
31642363,769.7670112403159
66097711,131.8483785119609
12884742,44.01827877510732
94999391,107.73894897674097
44605879,803.2247533689961
35787017,403.3932610011284
45450960,637.3819607217323
95291199,217.65095020040417
96016558,1392.7397956121138
84566828,65.32954398235296
47412693,141.50042545830752
49029700,-27.877861983526486
60010012,-5.298356367909321
75883768,167.0526331723666
26202342,661.1106830341914
42317663,254.72977884186128
81534336,557.6127928401659
89007837,153.86808583882117
55830410,259.6923661096107
42889086,379.61697853024816
81610198,313.77903764176824
17452253,151.8212303838048
71203731,150.92247410749115
80449971,1279.6106824191115
69429731,257.30058808585306
54605956,125.57878959873733
34299688,615.6848335250997
87819668,1155.290855472442
35995429,232.4282512312401
79395935,211.85797895613575
77309412,359.205381307249
43863935,505.0772691446755
25184246,190.61927237038458
36615071,404.65927519431295
38474717,278.4585303600903
93825316,340.8759383630347
33683398,-152.55034026581836
69346242,439.0172342691234
59095929,457.8381244423143
87118088,666.6899003125701
45924958,240.39802913327878
78591323,93.35599817876937
37759814,1042.8513174530196
79378632,-102.15820755623179
74799649,207.4969881871449
53222755,80.37266156824745
36749663,331.7417256093205
48476133,108.07799559192802
49028666,752.9175429511643
74177764,192.92673303669665
14771208,34.428369648631474
53613430,326.8128966949704
58749152,211.96855496777533
32751897,79.3781958369737
26470651,-93.65497153426873
35002941,232.92579480335564
18541890,307.9293643623097
57596711,878.2566856283886
24072464,152.246307662903
31435093,1534.0102420626824
30602585,131.7306714436284
75360000,343.94546800752073
46273615,177.03100561534654
95181699,82.98997234924622
91310621,413.4016106426486
82017783,-41.39661433066988
70908643,2529.805272112204
15861638,161.62985305253704
50835625,170.65402509633452
28964861,968.3909753799935
29864397,1423.0915404579523
12057084,511.8364841827589
28334945,229.07500406796282
60084019,394.40819138250504
63996133,85.9040113087907
24215888,257.73387479082123
73974645,383.28112255634517
75072747,130.3260067390425
45633768,434.4302107969013
35646913,484.25834395652373
53661067,239.73524644362396
78907585,299.8117553888428
76922109,483.49967731666277
62248680,301.69494103009697
73320273,154.15437093008438
22179940,166.22343738771286
26991418,281.18010797593877
21855522,311.51765368677536
55265808,376.0101074408118
58224140,422.9508209328676
19913819,232.0239154485954
90275479,139.59774094017968
97988475,134.52294834855752
83636674,326.8262237366871
19875524,1451.0926879990614
90421480,110.31577771376567
81793670,326.74565857818527
85521270,1359.365601248931
97359529,-305.3764951889472
91814930,822.946523346744
39016297,193.16996911569004
94156929,260.4442017419549
45023538,101.68235948707274
58269517,-307.7752034477655
35694304,1072.2458926094066
64951262,355.26086390271576
95920942,113.6429878883863
41847450,906.7303851475663
15255858,-134.54441923625214
95924527,-92.27328043068741
12518283,512.5099148292703
99811369,-36.8949553345488
59569343,437.2522375635433
47206769,-12.198268495475304
51079651,35.60815223065282
23194465,629.6982923272109
83356805,433.93869273324606
26586384,-114.51853218842012
55548495,50.899866612557446
86324071,-223.43239040594153
75101749,90.65184317400593
16463144,127.79751052296075
19396787,119.46003111085264
33279246,266.1121380391073
49233593,206.05856028593962
48210075,133.32722037167042
55054820,322.7227332936345
96257897,489.93251652306844
51430742,1049.6824153456462
83437485,0.46370143156650556
50578351,422.0402019948764
97275251,457.0611613049625
16222585,98.37981422834349
39525336,348.4411835703553
78481250,385.5244296023851
90967247,304.3067793612853
84855982,99.33599059283455
57782649,435.7664610152874
77997002,1600.8212899344066
36215630,265.93149405847123
95580912,176.97718829539974
59034107,226.15608257384577
74775777,211.48396298532924
39971311,1089.966447486139
89020638,183.19004740017533
51169286,109.79989697830882
99644215,128.3596968074536
90744203,108.64268769969937
96320211,1239.1661975941183
36465697,153.04100415234666
86214609,550.3184437544782
81033519,644.0573134323649
61860616,227.50246963025745
11758072,659.1456948984645
72796099,550.7139439257535
12154166,541.0929776476307
48588483,408.90976740690564
75800458,167.22337756281212
27360889,-2.483221736871883
84455620,529.7452321306187
94594944,1042.423255110938
73063439,835.1188387625828
81513909,478.21259096566735
76078349,8.388489872244406
18738053,100.64272980502187
29574045,752.9674299412657
80540560,-40.36220091485194
25751173,44.9966058187224
26008933,1510.6718966670176
99638568,692.3425028272322
16106243,538.7992989516237
46712863,222.26870457191808
62434322,-109.01908927020037
41483187,919.5805916304614
56776930,418.6543563045684
79612305,153.88475116737482
64780825,204.7368505425742
45536007,-217.8297263673663
46661025,1877.396572497267
77061678,298.9272191746428
60393588,868.0620645837075
63346660,357.8265002499686
27845955,226.98317637210414
55504400,682.7093428380211
29005367,326.35928429475257
22069246,213.1200407935471
84008491,735.1303162442293
17133631,364.26667998126106
84832150,-32.31489328217668
45723864,474.02927282597443
43493787,744.6040859929651
66097518,628.7757471181576
70168465,317.96347326153193
94063743,312.90458328549664
14576418,1115.6036236881978
67277120,167.99343893196135
94345958,110.00900212540506
30685847,74.871079281687
85948230,135.60626780378954
89817663,-5.617949632262594
32957921,848.0782471217806
46701128,470.47564569855035
70035645,245.80164961886578
60395047,669.8942451083526
88839252,1114.3764021219606
84131490,228.01947994819432
75586325,170.83421233455476
80103534,325.8836105109308
43032685,378.8729515375346
15972126,29.87587257927828
41404247,369.39992153668834
38893753,650.6715624889902
73633779,928.18350456761
35904393,207.5379192660904
24714022,491.38977767189954
19048345,1421.9420657468927
47004008,61.60984130698131
94742593,599.747642612818
75269823,972.3096629670426
25552669,101.14194541801982
51828771,181.90261445705096
70179002,1939.23958804683
38115411,-1.44988527455655
40317565,203.05700920970065
21110207,467.65786366347334
84762082,262.96538956985637
48690899,801.2168988730818
76594160,58.954568313090135
54192522,362.0267313771707
72813893,-163.25283559541364
21004583,330.5009697616898
64817154,277.7367704460845
42706195,107.87440598532362
48103074,1083.4514221106435
21878260,1016.9629675695628
36272220,10.450218469152048
13817497,938.4075883943367
41737305,852.8990015617376
45517239,363.92150169558954
89500514,808.6776371525364
35952974,314.4647690846839
79180368,275.7432642437918
49972479,597.9604202541084
16468436,-97.12154990339639
66415757,73.81077062541254
60737619,800.2181438671626
61065232,216.5856961115153
40172654,70.29195897381362
89609665,55.856234576640475
23952725,-162.61570369362454
72896307,81.76678114992848
43835334,218.05724922632425
15170417,367.1698105336019
67479665,562.2917168178603
33361674,-113.5380246807782
44130617,385.65393214033475
51579953,173.5044098477033
75908580,275.36553650434416
55554604,202.9294865065997
78855633,-26.530260300097723
16657542,812.5548319699283
54732615,634.931703684818
61746292,447.8391706891849
57869356,561.2586128228986
29926611,308.1551282878901
75275045,265.8513799006174
47886535,249.68712890164
44918482,434.4333890743368
78968246,426.60432250152826
54136456,492.36700669759966
90807736,110.97153768158239
60276696,437.42704290350525
82048962,74.75682825684396
92669446,180.4017654982557
48680297,144.4848752469286
20902349,158.94852584215243
56991657,152.9172886243636
47839152,108.15926407959762
78844128,236.7671349288546
13384224,735.8241028958405
46213331,149.37184736664278
34116626,183.73160314546038
13884884,76.91506203024358
86060261,462.95005133349844
33698474,166.46470124346052
65729973,118.8690343902258
10671871,679.5771904732782
35704807,128.8497244397712
55231783,105.67423946926607
62208192,1044.2968029238561
67563103,367.4578258762508
72548470,350.7051583528562
35725437,790.8897069872551
91119982,420.845711413598
58303560,359.1602383597211
48430844,155.9660890135366
17825416,440.45314575233033
97821966,89.51307190741318
76538437,1031.567607953036
46855429,312.66897124606567
70135617,357.1265988483068
68330883,582.9649122785478
82205109,1137.973643217184
47743752,-33.15767932368976
55059767,668.9019399713156
88243398,865.0326132298596
44699350,430.8396639589198
35330178,378.29318204573315
25203468,98.26903072377934
40479165,-68.0147525271131
10947997,170.24527857170597
76351104,519.1260799827222
11445786,497.51357295058733
49470754,199.7063201646946
25466549,90.93639977634933
68081302,190.560388129501
66965573,69.4966606433482
91230160,256.63379628932876
44322697,237.71172895574796
17542284,280.0335092587309
43035885,14.318467715709232
73926094,272.81349807410515
64948505,623.8840440105454
78950808,366.7270512208614
38422125,274.4723273875353
70854487,236.9274249420638
96303461,578.3013828733787
46698218,18.71190034334154
42918073,186.23005713268498
60976113,234.98086233549145
80414616,156.40186029722844
11919826,583.7730732405264
78548658,634.3296321012098
21857739,-173.68536222186833
29877271,1088.6886920023173
12698388,534.1327406214239
11871707,746.3383891194642
80819542,222.85167323587586
95941128,166.15622142696736
15401105,155.3337685915393
32754426,256.2780996488784
69235267,41.71108990279936
71590075,627.5484613345001
93562904,527.4532031308055
48418506,206.36983251274881
91190923,537.4554282003281
33120061,2124.827226018857
79992717,313.0125378955148
57263719,318.90178248096584
97902872,1200.2098663149723
11659952,70.95909520922902
19463140,159.0317239651593
32523829,1801.254247044241
91862885,709.5967003721006
72799092,400.7058741233453
53477503,127.00671530495572
66993460,157.13660066127562
13665562,435.0527067486671
80709687,670.3343036586733
40330962,276.4272928948428
42684844,130.44574107105785
27675885,117.52032233505315
38250322,522.9051589499849
63478776,-20.52237593824327
62285686,203.07801708201544
97553472,728.1855399538565
64732641,2.937251235133431
10341748,748.3617576001775
34930451,347.7385959112646
53726168,695.5770438514774
69426758,101.44503887700284
90029637,460.7364490175793
94611401,980.6326197781252
31394855,21.66332842733749
36645175,-72.79543500458757
56281801,931.7884644726432
12148162,199.44306899256395
18771087,143.6398752905376
15509457,504.951374415014
58811830,118.57849174814595
73003066,24.539417392291114
34190353,229.3278126274439
70731913,321.00675882864607
55320872,969.7602497335045
41886703,149.36730090033632
16884593,124.85730831024472
90415325,1709.9753753427324
28408198,-312.0013945399357
65914001,508.53834199210496
75122895,184.8350367401248
80177938,1586.9001452797609
37984269,442.7417198428377
81491790,193.76019008162768
37294085,228.56588287610646
23335477,40.38540772997908
74996570,208.93570499162433
11602841,1159.0397872272922
70152712,1919.2003210156138
37504288,-471.0947464057354
76619689,91.05184615592032
95075447,701.8460117743906
62779399,1162.57845653182
66278648,350.4969054256933
18002070,-104.5878712157118
94135062,960.1480417733947
74396322,372.3117784772776
97169764,1891.8198811627874
84630384,348.25587078246656
46052909,1427.1570139207977
60213474,223.05983424540693
33797784,41.75212355717986
59759309,249.35513964127313
47001738,117.5773917512933
76899861,25.48095278297842
54444766,1332.4278072953903
26850612,803.2405837345746
22468145,245.6106641178875
39243645,261.1863346069214
35759583,125.8843672720381
92468992,54.96474244134879
68717112,375.3622697504883
47344834,331.9819000485144
52115284,239.90545780411185
21042322,-103.0126331946849
79258805,1286.7343792279319
51304748,503.1448540343947
23253686,72.78421918463039
43275074,260.5249312664952
81602713,407.4035548981029
60924053,786.332064007735
50363853,253.26311563034847
28412591,101.52608117490547
65145713,249.7504283423949
47077663,973.2431017672459
58136966,180.349204301905
67034290,154.0635979392644
72057747,303.2832736025729
78034116,103.66658053458059
99365155,662.1532149083039
56151729,299.1424474907594
68997667,225.9727305492322
46532370,255.22989793290617
43276809,120.87300696617552
70460118,345.2781307007268
66150334,661.6871691026561
92614050,573.9441336824389
69313526,92.6847938946911
70949373,1023.2933333037904
98595102,159.10421495824193
57731071,154.90160299922826
58855043,172.13164354922316
45456441,114.51791864702443
39733268,186.8908824084525
71064725,72.68623569509492
29668017,331.7804840763731
94555207,468.96235217913363
60811404,1151.2600622792668
53154973,141.87712755030708
79534885,202.9188789760135
82049293,653.0733221988636
19578533,-118.11126258590264
66374977,13.815070679531857
16850211,-102.8759798266397
98217866,138.85521878327717
33773989,1532.8115626101594
14998381,534.1526482842038
92421507,182.62968587012273
66591282,192.362916353221
27243576,-70.21939280357441
58962954,-7.8968369255016455
62891715,139.40427029007884
40256776,-51.453926500712726
92014626,1586.2493455851181
68868046,141.02026845019697
47811896,750.0539017894994
86438296,315.42246947742376
10421272,348.10692246353005
56519274,192.22762776582988
84854339,122.73110446191777
95049673,177.83295051920175
65578696,291.8923724369847
85747970,174.91533490042792
69874974,605.3476097199316
34594425,139.44589040963012
14874183,445.44890112136954
91643227,242.18817780980396
94998930,1053.5786461099228
25184219,-287.91465849291603
78637662,1824.389737499487
40102355,620.5083087978543
33004293,98.7848069075257
85498300,1250.276129166088
37721019,170.09663479115005
78482421,151.77468566131807
81912650,206.425273510689
86410146,309.381778410822
69095320,136.9499488900679
56569332,31.063471083552827
97340317,-152.44091212600787
37533494,130.31527976557499
55430447,364.0267315124213
45610406,221.01296407440685
64085140,873.9825896520638
81416250,1815.4246921677798
70034683,293.7711826531852
40315264,84.42088510479721
73160601,550.9496750423801
54677638,204.45771444894467
90571590,375.76010469532
84772888,34.222572768782925
90285847,379.312752800539
80203339,151.03895242625902
73536003,27.05237120701827
56021479,337.8739062112361
10526589,692.9427102709551
23648848,219.17093626681725
27805990,75.93750868926486
46740683,-65.50690965255004
66243364,233.55509142630638
88626421,87.54697288185326
81009655,-235.90210296528664
47576712,372.477515361123
73803450,677.7608982811049
47427075,68.71777445308504
72540520,141.0662346060966
55407503,7.5198242513278615
49275948,838.2711605487359
74312584,-342.882880568274
84174297,315.6558538792825
96261162,301.70880456017073
22879870,970.9756135375683
13933179,204.1705413557583
20116066,8.187220560138655
38689361,151.1392929191801
63156536,317.0788422620541
95340838,386.53153543693463
75352375,365.9845514536503
48265534,627.7686053284409
74912030,269.7060923486073
70071430,1654.4624765564047
87025516,89.01143744175482
52784904,597.9569572183859
96281041,253.61263422478248
60302206,1123.863434797892
88862209,140.09714720046293
66359731,1163.6545297259688
56582999,114.16630197757155
78391067,-131.79982195029717
84566381,333.90066267213024
15548328,204.88758235766562
49432086,262.969389508448
49054075,197.05864995413322
71689174,44.14874241877425
64196832,240.10062478798227
85965917,326.4341137153733
30935690,1015.4806670668988
55460540,93.63284962998137
89457485,53.5046158345113
10188743,182.83608825202566
58823191,402.82154505460574
20643935,398.5632002717746
40325735,-34.43211196799757
91136520,146.83634460305808
32259671,97.36230264990695
26400774,530.4220978472655
28057887,2572.3641920383434
82844555,147.55540747721062
51111773,322.8705691614182
42987529,138.47967471151088
62978911,128.50173055035594
11881525,495.7064834070753
86857890,271.2210665143507
79797628,101.14219932883896
80357222,196.1853713584767
35431033,166.8290660748679
99201502,-5.784489010241032
90452446,778.7891013298665
18670977,365.60592207741104
66979442,117.39744541849916
93738605,252.94167953081444
29213200,305.62303747143017
31107212,110.27071208539218
91594833,177.32848571154932
82943336,-0.042369441994651424
68443662,171.62791577526224
93641230,356.1731393396709
50244475,682.7896338401204
87626955,1206.3440960062449
51387553,371.8416583590906
71504785,656.2131474761833
58768482,281.1713925755506
47301702,16.848611302570987
46285200,506.84619525861444
27113638,117.800423710892
63361835,84.4507417973058
42709073,66.44293512296292
87920715,959.6939543417186
59996173,38.4779542754261
97865712,-12.918085768133267
76462362,1214.8806700510868
38643308,166.0751038602004
62694540,-8.290868794441451
62141335,273.9499331471909
34503041,352.06838215414234
11311229,480.24202208267457
51623206,309.5282130854706
28560163,283.0936891559594
94388349,1082.8142417812803
86256710,-4.374688400326306
61215694,-72.37593827936132
80946911,143.83109617772925
35537651,457.1051967231914
66755381,340.6558375852039
73455092,519.0262985387109
34041393,349.5517709272319
30484078,1390.8451858722117
62329986,32.491156154429916
62897188,701.5650440300076
51881772,604.018863479755
94211751,56.82702066290523
61613645,160.11664589565373
71479652,353.8818611838103
85310501,506.7626867234849
23110318,-73.80846746432792
82884759,250.39731985448373
51095836,0.8533975837918888
52772048,280.8282514196578
17245854,-30.830722718027573
96708865,439.1047859882307
67276218,537.5908617106993
89528454,32.21563989512458
73044839,366.2682187189082
92820854,158.19755623138911
81415527,55.55467967638174
54704500,107.40490673022362
62696690,403.6849548071016
43848311,314.0722390197002
30447397,104.33560330824639
96343937,70.9008515369149
19151468,768.347869668919
75047192,138.9639776805543
29891460,75.03583061667615
47625277,321.8111597933305
57930980,244.75408403467065
48354539,-50.56291708678185
27628114,446.2258409722082
32690361,-150.15993805422508
93744019,-55.95496441963658
99861438,300.7844323729604
30181088,302.6365093852869
31181640,199.34341189255792
44766788,265.8572749802138
65594080,329.327842840265
22508377,108.70913504715946
97181173,490.3320790917346
17420303,161.9855500762859
67800143,626.4154661415404
33454469,393.1503799015943
30418520,428.3886360768022
89752463,253.04711486554606
55142148,84.12215824497684
20848293,-5.481663333973984
12617495,859.7337334339322
20378275,409.7390736594075
37172337,325.69141887078376
21839038,741.3684913695288
66993155,97.84179741607795
41249770,47.75181050348107
80181790,628.1260987721314
36248478,655.646652704375
99097401,85.33646001332846
16998435,287.065700224241
28345246,721.4933068475545
97230601,319.9307137687031
67442292,55.0729499034702
54477624,313.1185374590426
22866548,199.70487936260247
86504569,70.42930922966735
81257074,654.6110789832434
53101206,-193.45797731281868
77626907,224.22883225239661
15402267,20.011828626965837
66190974,249.48726288332273
85276459,255.56488830229557
61882567,12.084916222183892
67503548,419.0117266140053
80801220,252.04243871119968
45827465,123.48160421701584
13145303,501.369746396893
92842662,536.7682543036224
73150077,378.95240570935084
10904048,39.51742325157886
89655386,1428.9495087909738
91827598,171.0406805678433
36736446,308.4173177634108
73791907,473.4256498435276
93237533,1190.907439906491
29020722,433.4862649665747
31344857,107.16643090409076
67961594,136.94792588243155
82896045,1052.9589407672788
79782925,-48.453248118971544
65627534,21.70675291398237
51055429,1062.2022595730432
24073352,209.86913146436046
63468697,385.3142042040904
69815836,78.05722552251342
94658489,559.4923904995387
89803063,3916.6120114452906
41826065,210.5077436161821
95957321,2096.3430384527446
72164672,61.619924032898155
88171071,469.30503559741715
47273090,60.4177163037383
19574799,72.94676157917667
74042503,1189.0674968450046
73199665,132.041508005933
32553552,136.5954242932927
99007181,781.0058782482827
86459252,341.8878880751432
33160158,2351.444721900636
89403244,101.52245031438463
83607429,1255.018160696472
54979491,83.7150673981672
34711897,365.49412211972015
76049090,169.1174430660256
38209438,498.01347143158455
43607471,218.20775844406938
37603490,1138.6529251056618
28133465,1722.482272642076
66543688,153.59131557441117
13310180,1422.2709732525846
70639698,207.30644191551937
31227382,189.160897611976
27953042,-104.09821682606594
62042217,252.99236818109705
91860613,311.9592562759027
55497701,558.2000260106885
20529003,632.8839186578771
95270433,532.6973024332052
99713042,234.56983297741976
78850782,577.5951554721966
57339822,752.1952030278719
89910926,214.63583408560282
22738331,1359.196120900473
29399410,81.04899820579413
48960030,90.99721238629485
23209349,520.9812742225552
40869262,2395.7677136754983
13469481,854.0121710150543
37901584,195.26135991205336
15827667,188.25268421694238
36279211,2428.3063617887383
60254169,8.391271700631705
15666676,432.67583785547663
83527323,231.7689111104512
38323312,466.85388053359645
16145827,65.18420958597562
25816799,142.75974275501466
31540608,434.1748784225589
78332853,72.65269267575962
50241601,226.78178758400645
59793938,529.963889505073
99765396,283.7778376848397
22142241,296.0102877751143
28238312,99.31050781543837
56677251,264.5148683421163
79286536,1136.2990998346029
20049898,930.5895994045914
79883465,1063.5688786781209
64419086,185.55769977434454
35428504,339.60501153773373
83636473,142.51796725013867
91911110,220.04372815024686
94747885,596.2032682014351
77052407,180.81135320104602
89274668,46.44713735183245
65429257,252.85634185203162
18949424,201.97680000415681
78354959,312.29084544210684
38613499,183.9958236426017
99410878,765.430609625382
17066881,293.7884554526737
84559340,-58.96035073317924
45796615,1149.3409806225645
18650747,225.84144949000017
87098836,373.7361673821591
18956602,261.00336347681923
49896714,1654.1582084738811
51066559,419.5761988410751
72393934,345.2022075341557
63389143,370.3649330852742
35204339,382.9265843859739
51345357,-54.875777389925304
46322354,190.15398822788603
33951394,460.1897989824347
41031096,34.580221875027576
42228451,7.935106110684387
41161057,160.39758863032972
98892524,145.90824680608705
19811103,62.08396125690342
65448488,247.5362029396074
32428376,445.30842654596006
85323274,508.2399597993791
92258087,-2.5335902054803796
79217297,261.67142552491225
11989719,-2.0736781538747096
28471365,222.83032984749423
34542074,30.733585423676857
29164293,313.4821602153006
84304086,928.343539968685
31817572,174.0135828963568
77771839,2282.7368449923515
14239440,537.6748483437472
46882099,130.30643286442853
38983396,574.2999736820685
31683463,524.4130694808417
78092716,682.7543891330711
42013895,127.73741016062411
65197071,73.99934124315718
64495960,474.2519007170189
68745703,252.27217515128382
51390927,124.51554235955615
94850983,-47.76054608202878
24328415,276.7374837706277
85572847,1419.3301740899296
42303463,783.6690664285984
48215084,746.8509273886552
35427122,565.6388785390428
62307341,183.89468645468958
63212299,194.22541469158318
97856687,829.9475569680428
35540248,75.26085949340234
41303810,272.7622394031413
72749855,444.3963885198724
21620577,209.81507229972522
33846878,387.42165009779217
72596574,154.06827885406705
85230815,260.5856164465438
72103187,276.6300640115028
39368813,26.886184596685325
77055150,184.85857490308825
61280124,6.653216501332736
88442406,688.7890994919394
34283144,402.1390072308468
20283328,203.4352822819522
15081148,79.80873476954599
30803223,323.91561731218496
95977285,236.5181781404914
73578397,190.4801835157072
23548274,270.7200685395005
70020229,228.67700700504633
13657037,530.0190016043489
62209540,198.43996741821763
69122837,271.17354132102355
56882140,1219.7910217407782
31090970,229.00157741142334
18895583,400.9452006579086
56220075,624.5695945855869
81883128,290.4213106987395
85178304,638.9398852707093
44572294,592.1893125649111
69139777,300.4277637308073
77682175,380.30658267056026
98697835,-47.58445930269829
82862062,1442.710880644812
63154444,516.1964199421229
36052607,162.21805490160472
80221636,-120.22433300405808
14612606,840.4421989551718
22793087,928.721948116809
27221763,270.2323551040373
85356281,1452.046583835311
72870330,-59.0872575390822
21631750,268.14391689854665
65662420,142.0226707293557
94704718,14.254677292776876
68031612,225.50834407957234
23780065,1179.0810195747508
76854946,-476.9109552546499
65320814,508.2445424321055
98544588,622.7758234329051
66236365,161.12807622019432
33614608,335.9069604079757
41538321,156.2718041281812
52604597,170.28824448300833
51929168,234.71407184166515
34989178,77.43143480810272
17968995,274.39600099778966
17104507,1002.21437901597
31799006,177.94389257479088
80534303,57.192008770481834
39486975,-29.165936085014096
70473933,1789.1390367357583
39315812,146.2906626073742
32664756,104.48566153348173
40582877,479.81194792270867
14853484,348.17370950270515
72018275,-37.98470246263625
85501233,319.7463068661301
62857702,392.9161175397212
37589957,741.618435157352
75861106,474.57675491245743
82048801,318.92721746913594
41226392,152.8556644290494
43191623,1934.535219255645
98896014,392.51512798205226
39009427,145.81108656361545
67635937,329.7263745771818
93989030,2398.530067133326
58213050,154.86803141325237
39089500,87.59606356823878
48099206,228.15597159781066
65115683,185.57665957323997
19072238,161.44010594799335
50691779,250.3828135037412
74240054,372.25245461544887
57606331,348.01446201448823
50124096,63.91723255256818
50596395,242.19110045311572
96230340,135.85813095152906
73626141,42.8221647979953
12420303,189.00113152095315
64008469,1071.0306365431147
44066450,97.31283505963592
27734466,1223.176250490136
30219489,330.6628856874339
43296487,446.32206818453324
22060633,1218.4827921229996
23197881,212.49637624940533
65499520,111.99552066755143
42012431,576.4500059849217
42076492,31.040542684326624
92931745,518.7494350575471
47924563,76.32380901440274
17036042,500.07113823607006
79903869,285.3457877594152
27876581,457.1979546989844
10911722,707.9016118336988
21207465,144.4693800227139
90406241,315.3549714453685
92048586,9.92032102343802
72112785,14.786993006077125
10881048,259.18224515667
71511312,612.9080529311507
42854203,476.9436056461175
23271785,743.7356302006885
92261360,555.5235956450355
14679655,82.91629136782944
90532154,-11.445680658930485
32402071,374.0685796921912
90864060,541.844940922629
27274358,-69.37872807775204
26334631,264.2304528179261
39224642,175.45713121695405
19272671,408.3151989946639
77841869,578.6066534722495
27204546,1124.2167046148008
12405459,297.0643103140188
23265034,508.36626863848437
97633242,1321.5904785746739
15746059,376.89600890365523
91462754,233.76708695369905
71359730,264.0745265711997
61463575,1120.9418622933194
66429439,224.96648677529606
63351764,284.1890828692766
96265907,153.14333801685422
87085441,680.221549776827
53920662,364.94328553458615
67679919,289.9336085927881
96779897,66.6102115525153
27837717,189.74871208836942
37035368,369.21893753274276
26123523,331.72295269366236
79652243,349.31476972037785
91451403,366.1912516445053
29758902,188.15576877524336
47019965,221.82758799828434
14375753,849.8603843587291
85119076,1015.8106184586977
58032446,380.6830621922196
58129049,548.1054289414994
89574518,474.2442350571563
61206117,-340.27342484976754
30554474,371.65485574120044
65452020,305.365100534451
97089415,466.5690786513761
75395475,11.242765884019548
58881030,1096.0578781368858
49402947,109.32735456448671
68947111,173.386879564413
48259609,1259.304447052261
46561397,-788.4580739337589
99687364,206.41189554829458
91051315,347.4681001964366
88446486,410.2175343297697
57583992,86.95369304930983
50054814,145.3429554870234
42048168,1723.000471800296
49480319,324.96767100906766
72653841,82.17942703746559
93923592,188.22159302439638
60863343,556.0285382253485
64544903,931.2319206726502
13683649,250.226133580318
35441685,227.22452789896977
52702103,346.3600788829243
33316809,979.0148251208595
99319395,1560.7249903720542
42958811,312.78476247985964
79034999,170.70900456363188
76692806,372.4249200561119
12247918,-54.578174890488754
82872484,230.2893752116172
74712172,860.8675196185675
40198101,164.03295714982096
21709825,448.505053179735
56134477,923.8193524344169
64741940,546.1999074918166
20094279,180.31336784702404
86415472,172.24683426024205
71923505,289.175712126746
86463105,24.676294302785095
27182144,91.8302902167809
78605487,308.04168002637346
61339703,47.229565910561234
19457777,136.82059807850567
14282521,141.40399338390205
53055745,132.39375527139237
64045100,196.06957448079788
67336212,220.37499949517706
30110453,75.0069079850432
84766140,98.80148907248747
37132913,265.68315984320907
37337576,1606.3632654619314
81785280,760.0585527273113
33749639,137.329323346612
65293655,200.84926687488291
99472212,970.9959557863879
78611736,134.9571474448419
34109955,387.6936838196805
85732620,355.6530028572031
22271257,53.757514277320524
17111467,65.19647534849832
87529909,149.25078978448676
80109140,762.0889869383509
74139761,79.5815108298836
46468468,1326.140223458229
11871024,315.3371153724154
38948416,1866.4052717316238
79710564,909.482066993676
76775271,211.24255535265348
39022631,492.0609241454083
90991831,761.4280671372826
89162323,357.48448555921766
23588134,500.5948678911086
97925196,816.3145504069869
73394555,933.1189807181593
81939394,162.29263818748933
34503849,1106.5377483036802
97624284,1713.855409339511
83688015,368.24656968757506
26753007,-87.35797934415643
87953339,184.24689230100626
63187534,766.7582499983046
67816850,308.29897972131505
58193423,651.5001245052496
63256520,11.972958604414828
14482256,300.97184910553597
70047018,220.40740004625013
25694473,231.1883250009139
18876734,101.93685716264963
24815106,668.5473791535309
32093953,72.4179142460514
21672606,370.7066113627309
51265019,-50.77376696514477
46633682,514.8782587479943
99505720,310.1311733403612
72684116,362.2613093143618
73603518,183.42534066069294
42812113,1064.6704073318658
91497924,245.72922312040214
94645725,-84.24965738029212
83011406,819.7252595836733
40459671,134.24190651570575
28128683,478.4146192640717
89799485,133.77290804025802
78077056,406.15113230835175
60018274,239.0858226603466
63035070,252.85222412058374
50452662,130.11646560097
90748238,63.74460569532533
19626211,58.843494570482335
76831160,-299.1488883048596
64430456,218.80735005609574
21788725,383.16100608690476
62692428,397.13373979728635
44601450,59.46294746627899
84918858,1780.955065634518
60654538,68.40199461091515
33549671,-112.35235025217432
96482407,199.3135796477938
38139452,231.2318969763113
25148521,109.62609802586502
39090111,809.0911031813089
37364225,-96.50635295134092
79808740,60.03550183415871
54570288,11.883169946974476
81519320,282.35343593718574
61290981,59.02687986522233
82595740,503.17633742164696
99018938,188.7650284848977
84429722,489.1137659391044
70463415,-104.5215243550598
13251670,191.23116705354403
63915791,146.59538448406573
37156544,235.538768385426
19087720,37.49868093828019
15777066,322.4695171541325
88419707,258.4538176940705
48515636,314.3892452193968
88810042,42.157189811812714
55078871,170.74750390510889
82278966,297.95770457192486
33265741,674.1623479436914
64678931,879.9585533702289
26504939,48.11446437717427
64056925,471.3974635142291
46046461,142.80241218382798
47352478,576.0241666252789
91442238,-9.715718085407104
89293921,110.22388695805182
12378808,417.8590530169222
10153799,100.76366741854292
21954731,494.3042340582647
76938502,239.61760083347644
51632874,186.8470650561169
56510091,1898.667841355251
54773302,225.24330771484176
29181400,260.55433068775176
36937513,857.8985391847993
75732466,228.1038965564585
53117846,260.67278753159405
38538746,260.1760309023948
27988038,39.88030373562941
48886162,169.51864903449615
24085686,138.3191119067343
57820012,990.8361289022505
46878225,1731.2555999143822
20632751,-18.341315893406772
47775231,187.57949407143593
46789610,1248.7039345264386
72806360,504.0842376254367
21856002,1154.6928808559621
42319053,223.3865620823375
99630613,209.46393523232052
61255494,232.3422856008366
76945971,123.00913210837626
40393163,138.35147366462235
81941837,386.6802085787432
45930551,958.3779281834475
24573538,290.07395413775475
52994547,139.62649842660238
28445231,719.3643009876695
45643109,478.9158711916805
75887247,308.40362032775613
46367713,150.64079365012896
12575157,58.31298207923402
85076068,482.49518903080934
84603623,1382.015231580007
45514815,71.75307261354834
52278951,1355.2657437993103
50360032,725.9260419057724
52896193,140.30652179595387
91847198,391.52452540520676
25179521,243.57178735334128
92545328,-29.19718194463462
75231573,184.50403913456466
37926120,587.7101268172227
51096687,232.69686975482784
62646217,126.62741308987455
62619222,1025.967308426059
39457866,199.9328587717311
47130686,306.3288928870944
78763249,620.6907561783985
69618147,533.3944609205704
64127746,362.25565501647566
56593004,313.2008436726654
97403924,438.6878011923011
73948550,721.84489678035
11236514,429.08214180446066
54389520,193.72441262332973
76068841,337.15820835295835
59631248,634.633065286393
34575405,91.1784008261804
91359645,37.31378008108783
14542871,-29.860674814625668
37836409,309.19728537697847
99958710,199.19323355209536
50329848,720.9635360361809
55825298,241.02543399538638
43158591,615.3934213039237
95022900,325.5451579021378
11903900,265.7322427318717
59905554,20.48829084429633
33394781,185.6087456115764
85262305,271.4611582898584
18156267,368.0924358433999
77719072,284.9138020767532
72353806,1117.812934592941
61973490,268.2462377745061
80257850,640.5995243107602
27763246,95.80450876667163
28152447,208.32176965553793
40447839,237.2387688191626
88401173,223.32756434609564
77151749,-31.291362231792448
76938434,226.4604104617382
14595997,-91.52281336912932
22245783,190.23263556729762
45164346,247.33508779022532
44320199,133.6086316202879
35470526,26.26857785272489
83276172,-62.72938332415316
65081928,131.3463077581393
34774976,1337.7119906273392
10096416,871.1144776505339
76574726,2070.452259826713
88509347,238.2376448589763
11304650,445.48791370845197
26418453,-107.5211118501712
69643263,-38.00618337874687
30241547,207.06926373883852
89725513,887.222100622635
32289745,372.3745318032776
33888699,223.1731977826911
67508421,140.74475464359057
86446610,752.1801621413822
71641515,2712.7665431669284
46243423,165.25062349742376
86921194,545.4876944196791
15222892,143.0261179396631
29435694,272.67716197504194
35795322,809.5524108957179
39026338,86.02535945036811
27051431,521.0476745989256
91107111,21.08679667443397
76674186,219.02170841584496
17932616,714.4563243786401
86326117,1566.7772223693678
64151997,794.5407931169511
