customer_id,monthly_spend
20451981,241.1200259956237
23251656,335.36292659722767
64082260,179.3751900872325
82505923,168.30431491253293
89981994,263.3936579322603
64973937,195.5763131381203
27610278,199.5112884838416
35883083,142.4836582777647
20490020,198.6950461042163
54517670,214.06107001707338
94359232,145.94181254723324
17326886,287.08283862005715
86594167,200.48074722838763
94873255,143.6820590277733
62944765,259.42402683758326
95482882,183.8049111739328
76963069,203.75958486306564
25112257,199.77961146970975
69916855,324.1247737733878
71088357,254.4994073249624
50168897,94.38921347488353
67403679,189.97784003207607
55474643,291.588488019497
54852556,292.4235522790841
63667529,142.36193134359405
48025998,288.0924966168837
93351324,321.88234476339534
18887996,314.68567487411053
49568688,284.8268448927757
92911099,222.6338105755074
11717924,140.98666351208925
62085471,310.9579611551682
78336143,179.83980570503073
13087851,213.6549162137251
33506258,294.38164758218824
61356554,151.44558137072596
11967368,157.6474954922194
98374877,146.52871720682572
76845536,407.5525007674453
59313599,152.98104052243886
41041059,247.38462042589725
22292838,172.23350773033883
99892065,90.58136459027747
78345355,230.15413453700685
85986903,168.74115472311732
27715035,156.10751060023503
66099730,375.6631284957947
75346786,263.1438378585116
22860710,155.52871558769607
65958654,185.1809039648632
82607442,181.39272960904958
43471475,157.06084600999117
36465070,217.3029945119331
21931749,191.17452440417182
66815930,191.81992648350968
44485157,199.31764547698626
78728059,329.39365163944467
89264710,158.45740611549257
81874643,237.99963804503085
48603927,128.7173076136358
20257622,153.502696301338
88360790,118.73429366635015
79411556,256.08105196861004
24819092,178.0462238035563
74678656,82.76932217593678
22548045,177.64634326852448
95827783,258.38553636144184
60019526,178.7973360600251
82548254,267.89877160864404
90453319,172.55685519696436
15312091,259.58181356383886
34786964,162.23196911846037
46684232,281.8117673308333
84597099,135.08511414901886
98134524,219.53192170561434
18531043,208.8526583722262
14953383,231.8579324672552
80944054,185.26651514252555
34873753,222.22745338462394
95577033,152.29758509858294
50215436,161.14009044517752
95347203,191.58404157461763
58614046,338.4410353583629
40368791,187.51501422798572
23316775,280.37388617443673
23331513,188.82214996643285
40038060,205.02422204862233
22096579,151.96189110827487
24978810,228.7584982466825
65890694,179.93000654690545
47906818,284.1528400982239
38478694,191.0513194616659
54797755,193.98295381230758
44533278,242.541466718043
58182080,274.97438562134425
67491014,360.6029694053351
45798475,156.36722356543598
41586132,217.94079881003827
22956540,239.32226028949245
25367334,271.67080234897924
70503250,130.7321338044891
58307796,139.39026203501683
59859757,238.45644388754468
47787665,193.83794743255424
69610612,249.55416725180825
66658967,422.90188226577436
37962749,294.5451136366769
87675902,280.87858670712126
61682179,295.64445592321994
78073125,340.5208548919479
73229345,142.08016322374257
43171437,268.09918479895964
69766997,114.71300137426468
14939250,199.63571519980178
12328281,152.5846157253343
76560997,268.86014146763284
57569914,218.32740027312278
20883894,311.5018082366536
22766188,322.74729388034643
62905121,155.31440231057692
36295477,198.32916302574972
55610529,206.06447892930055
40366302,181.0891523922934
18624954,206.29306570969086
72668820,337.69917038629626
23817472,145.5771094350521
99830054,160.1400450276767
63410560,225.82319302087055
11811963,134.5873344519773
68778133,157.51300055645427
61211015,282.0681627638827
85223112,200.35169403206694
17785980,143.76662966458653
51523712,254.8610195935322
88242319,139.93809010027337
66674532,217.6749046094473
76442132,227.5255184208461
84193848,188.67482425914366
80878809,234.5703415020028
92088473,230.4713803810081
18574912,164.92929458416867
82956926,213.97514722610376
57265640,131.3362224689028
27961225,296.33360367730427
65404075,153.10496344107284
98698597,166.5007379074175
63221757,272.45040157167927
45396691,333.2374458497136
95724535,184.50575557862726
98157590,167.1265580441774
60909030,170.0453295228461
20932142,149.50802556721078
85604729,116.0687821404152
25410553,193.44919550722537
76477501,206.10269544062314
29459273,125.97390201531901
71879657,182.8170895444856
67115179,138.36382317790788
82348794,163.60372400753107
32880748,289.3752964433051
36203607,193.1571665401063
20891850,264.5068680064999
94570583,363.5336799978023
47560755,142.71063255694432
39752876,302.5823586508237
68980243,178.69872653065696
71143374,226.57557479445248
89917748,190.27353437193122
30461949,307.19931358942944
67458886,139.04744023996636
44166816,239.28142946909796
48218923,190.97996302617142
83104523,172.56406440583575
23739634,136.3274185690796
45544123,352.0274148208889
72316980,180.83076221180337
24805396,298.0873247521774
85045576,245.07367804281265
21314164,352.1023113862515
52842656,181.6876663060382
12382139,174.64784741208092
88152347,157.8915564361693
49270171,200.31995219872385
20221404,299.2793507013224
25851974,192.41186562496316
95701680,257.86481192936446
83739665,245.7976741170399
61996348,181.3355957049892
12797236,232.82650266622744
25554853,359.20962031219085
72618187,133.57519352819833
77583489,191.3187929447399
79450582,140.43489266078282
84595636,122.0489603917994
89981949,366.75510790357254
69424476,153.72734329549357
55064308,193.96020471138067
82956266,264.5867959598045
60185159,354.6158747938857
80612747,157.68563130727387
41303090,191.42963509563896
13517787,152.7043719626061
34078093,201.36571152935292
69030112,184.5226344185987
61791328,384.1718802478491
51789245,150.19060062218927
88068699,189.01879986532157
33399367,124.60903882886392
79597553,195.47569028754828
70695101,257.7358705297846
98169962,199.33093567967086
89251190,84.10128577643563
53044281,229.59932829172243
73528670,200.32083049704906
14751149,236.36285900793987
61490053,277.90790925093927
51385275,267.47757673642934
41764194,298.97255667166326
96598282,178.75250660782095
96823449,145.02776314483918
30931247,123.58206155428633
60872668,357.83826445021725
97835669,361.15860479268935
36785828,179.83362472940536
25812131,391.34590294391984
38410800,339.9260927579885
33023072,97.20273725463682
48250594,147.540423814304
94891015,356.47037954237135
65307671,190.04800758865272
99621779,188.06408695234902
83959755,210.2953278105103
64535310,231.5236012372657
30594968,365.8220040136369
10263960,325.54417875011063
60876075,130.02201157862947
12217583,303.32944195844584
29989580,286.7316609256892
31184452,397.8520777660259
16182148,261.34725810064447
74700470,208.5632824322544
53084609,201.1843614710614
36052930,421.0069930313849
86583512,140.90572437149376
10930793,183.79549141257746
74179918,186.50224908752682
89853445,324.3115351018051
75258370,164.2393245560269
93197004,260.0129914398561
16551408,168.9605637922682
36115326,186.5986165858917
47243451,417.2659862812485
90773939,168.39851629019668
30735291,184.688795584712
66891211,149.20337074126758
77142249,157.77036448395128
24530798,190.83792301933627
78204046,133.4004478378128
60230110,226.59708363575172
13017302,224.05070506785955
21044447,209.13821783503232
28976655,330.31143748520134
52214813,196.87257967452896
61575366,143.08401942967865
23125986,185.85983212825508
11614855,165.21634545718553
68090330,133.52287763420532
31241329,331.2941621342726
21561157,140.6778449568798
61917300,197.1927340729895
82147824,131.42118831522293
91513421,165.49154707545904
30753790,248.4593066271783
33700064,140.76694584467802
86773406,199.4681514016782
41719197,221.69090843607802
67399596,160.32747411845313
37696535,139.36613692871072
15791208,253.6914432596521
24348676,221.15913980172053
24480974,321.85203869650013
49440078,199.94272583796945
48242779,272.5561826619871
13405947,243.78304939894426
34531671,132.0951725923079
63652222,280.8707585086853
97745210,165.93423629368755
48557187,303.135132566509
79801016,230.38121646203163
93409518,261.51085768599876
48891463,181.80571355478133
41134793,117.59193002733258
76776302,225.79321491682893
89505130,131.76086705515348
46129267,234.30546330116283
57862630,165.70721114361305
32227094,303.76403805396563
72887559,179.03938678607156
97826236,132.91074999794094
40250768,163.73542490206947
56765848,154.51039810737743
11244823,275.8847320497161
40189321,167.1622968242993
68120430,249.62262312811808
64917610,181.29660203577413
79290200,281.003741215411
13110537,280.48314746674964
56816135,375.5509866791652
27525357,350.93064517550874
71914367,260.023944856764
23989491,201.43792176312328
86436168,309.2702996924851
63499286,192.09185935872713
18619374,220.4166292122338
52222614,186.48864702668644
75467866,184.11531157660457
28926111,171.26650694383378
98661834,157.3485583137159
73087852,302.644757240779
48887326,314.94104250757636
87383314,113.50904281370852
88682579,213.0559000233013
12617324,142.65744453029805
49224165,390.2209682371838
69951588,220.34128178457038
11713703,270.2273001159857
59435002,219.29221526270462
61153563,189.39748839449555
57206499,312.0354198178654
89140242,151.61417843204578
95100771,166.24981255568443
32638417,177.5078140050649
61625712,257.6493636390707
61250133,193.8343102504487
17952873,198.68169213683714
14513813,215.73964944353477
57500282,125.46339843284397
51340284,188.9212532618616
35897956,187.9993778632099
21856280,197.74826452960392
36786275,244.96675518937712
99178725,299.48416329245555
48955886,190.18968568395974
51811678,265.7655740452086
81930210,175.33472455533166
49161318,247.3759156216031
24723720,308.2888446055166
14950936,204.99216501086585
54638593,165.18725035001705
98115682,374.5840550310269
10533857,221.45424930244494
87478097,205.20681817829367
60429975,192.9186207147524
38969729,146.8313215507106
64656132,177.8833224937638
86963086,202.49716777131644
17268859,307.0150903619382
72142121,321.06877148073124
91574809,189.86313961922258
54272037,86.48525271902948
16058661,289.59734118228266
74133244,258.54520495960685
14281752,116.1310274048375
46666867,139.83843125634982
75686584,200.22105500109913
25546684,211.76985227832415
80619174,209.3400469517155
61749604,112.99798520518925
38248391,203.4494099928613
16877088,162.13411351614735
99140321,217.06257792866836
15975231,208.890202587965
40531945,199.03816221534422
71708672,157.4494460371653
85030779,222.32763430379637
61117487,170.07225249981383
42638536,207.43661745416563
82326061,124.37586893894884
17028661,261.23362764754324
26048783,240.13153518970398
34262255,123.01080416769115
14326462,156.32254629955492
93816989,200.76458614662172
23690395,285.2931056756054
94999262,252.31035433229252
81971277,233.73317478288763
90562416,81.74232435729466
95799765,128.81970757802935
89244724,121.78500622988953
83879641,163.66994777236926
96424387,199.3591333082329
51051501,205.0018880250797
29249441,292.81333664470617
62893412,154.5172198811914
61417835,127.64930821471009
62755928,198.3201413767825
66501572,220.85210328413066
76084740,283.7326348619725
27624326,171.23127386350993
86757966,213.16077445563596
92455037,200.39804741642763
67852942,294.6975276200113
30696098,318.81479725538577
44792329,192.5331802808583
10390388,209.84481477478712
17826936,262.5247186046783
71880941,381.38584991143193
98184673,150.16267846218267
60002125,80.15401178382058
34664804,125.56045478040608
37594595,186.06871793483563
42980815,188.97215543757068
25819880,227.363115630326
16484408,207.68499768934285
91766904,146.31631608322897
82866803,81.62227381934036
82424284,296.97450492718394
72903422,155.1720995993757
11480750,127.16594604081614
96983867,121.54226070016183
41426492,188.84802859653067
24002286,260.29779882995217
18056145,162.47067590751706
72362977,192.17854924540563
15977163,241.49509341758943
51036186,128.75441685059616
34918337,291.12267742292266
20599813,107.59854669769466
19900890,466.79652914886356
27971378,249.66144933425642
50965403,149.8887274504301
49026734,237.95031227300157
14192253,313.95442806430253
76817070,223.07168698695
41164681,290.21390740797193
94312885,143.19580090116662
38527851,199.22121435342933
88279496,439.24539166276963
15498361,310.068117217945
17691622,122.12622348006366
43719564,285.5820978618909
27861137,144.44475648906754
20308452,110.68229569760877
97996598,124.63419771244934
93656677,199.9151023403566
20464937,215.55191642755088
25195757,238.69029563050978
95231592,183.16454736066623
96604510,199.49752369659137
12888073,318.9317264252991
99408984,145.18940082591115
65238591,175.2048269977159
24114707,306.1808035919129
70796256,142.79576396533653
64703869,204.56720047479942
35203752,172.02140917879478
47453323,102.97051616491811
12385313,173.1628986480006
54441418,178.62744634960166
83549825,375.6550158970183
20370209,272.0062057842999
68357218,244.38740594744823
62743829,155.80622896449168
20331898,220.1114251801821
43934228,203.02129687267683
47620709,233.15707224387253
75355275,138.88747541192606
63446649,141.93196604849624
89051919,223.25293251329276
92954904,236.58151008330708
64731800,352.20119039202206
27945685,183.96121516406276
98412215,168.20632029089916
19535502,256.59057816457994
66516822,197.2772039714353
45373292,189.4923943022272
34711249,162.36035732940604
48370651,248.04907067980804
71354510,193.01019944810167
56728847,156.5675856322386
40004525,207.190082112775
94648945,158.10448607337975
62756732,208.88417680437695
80428237,364.787240794416
64878556,205.8640900605251
30597278,109.59864032180124
40357660,285.5274247257794
98010210,227.75054882343258
43275959,147.84164229609627
67938712,176.60312689660728
50506973,215.19338211876916
27421159,216.85790850571775
51123211,73.74866951766988
51887530,112.01398523207492
68372581,140.756857665502
31184062,208.72033104634536
55543655,234.1919927961505
71805162,167.5112356601774
98612541,209.12912928205827
67235486,263.1638689761244
35490134,82.9406434279657
74647441,295.56512651067806
73962817,211.66807380347217
95192638,334.9265568885114
96803902,239.3693086382507
97635826,187.01528360757612
34428942,235.2596712520004
86699979,153.8136362398563
79766437,159.08122916746433
55732878,95.81323405682095
20035702,283.3149275135221
54997853,193.28740314124468
91776457,163.17388531669937
13967606,307.4754386891578
88365927,141.2809806152071
92907413,114.29910469878152
89771364,220.67332072515566
75648081,299.1769641935012
97365061,125.70318618582404
29587137,108.78301476087053
22019813,156.3994131917098
29469529,290.0015167564641
66670735,167.5836039653334
84380411,456.182989602709
17040729,283.02166304949674
25307807,259.7176536597334
33962361,296.78979999215983
67969299,130.5231548154666
38562471,281.78692929364115
33114742,369.17780523149554
54307298,377.05564441346513
20058700,174.0901870101149
33779532,193.3305582277053
88110162,110.256742265669
36112292,255.60290280127657
38475061,265.75033345380837
92644264,146.7543915904281
92355731,329.92295079169264
75478249,124.46390723812993
23875741,301.8764266757145
88793850,169.87233742228437
14142195,267.9286451332867
67422773,453.42398812752197
36705498,168.11264355940625
62072834,206.52522475092482
33337577,288.37495418498145
14298054,396.8160018638134
96998725,162.59519829912426
70579244,192.35490838534346
26844678,206.4342460566652
97441250,150.83300521553844
49239286,246.78152337795345
19469855,176.9720478081466
82552850,144.20627199204156
60170958,202.85776600432789
28237826,192.6292152952066
84208342,232.16897507024623
28295140,161.89456579445775
38477827,199.39061484787445
54941872,382.2831089840738
15450767,155.40161077493252
93656934,212.25644971136973
54273142,121.710267897298
63648675,151.14844876598218
31875954,234.33325949069228
60881802,156.39852414538024
17233443,322.26465938157855
28953932,169.79849726475675
64958348,462.90992698278905
27038940,297.252754450554
25667330,237.4522965407863
89200812,143.45851310993305
63109620,239.21642985604336
34692595,191.72423208406568
45554823,157.34563139663368
50487516,165.4417852308806
37970303,297.69646722207625
20944145,201.18915515523864
54232510,185.78443565430797
58289637,289.63855259930693
70295882,249.21251297877038
11855847,329.2135331771956
26640485,149.29001195624213
92806514,273.09153058134916
43703605,265.3013046477152
75507937,214.7137856711778
21361381,193.15056640326233
73615273,217.56029391182568
92437179,131.64063196913975
57813173,151.48586954863293
99373127,223.03648460966596
95805212,300.7751634916999
61946147,206.8661945254253
24903202,161.00847183361995
88268253,466.6109077660811
45270713,385.35915978841535
67013519,315.2183157197153
64480094,190.4547571606052
18481385,257.86647960294306
69314375,223.48436499653414
58464172,175.02931462664657
57844179,188.574938485889
65371057,185.7833637225463
22749627,147.03801897802046
64747851,201.08846756931007
35545690,345.8619284360089
91575937,172.67188554706738
11663787,192.21591191538093
59570536,162.07683321059875
53724418,241.80579016551695
78572661,200.13411791768635
38544041,170.60117427265777
27091356,217.42196133527847
20013110,189.46115209540892
11862841,95.90612459228922
54926458,342.466916082648
72702715,268.15966052231
65477001,201.24492232131178
99407693,170.09585498792993
15192014,233.3967608502912
87232785,170.15263396531597
76412402,165.6497687950805
49393943,304.0632508266052
53853124,178.71417070260318
17486636,232.9572903145703
64895733,311.81198758469793
64938150,359.15328451470486
62321885,136.23896384723108
14616504,182.25958950526888
53996148,213.69443547439107
17209399,193.83240203670618
25102335,332.37238373881536
54515012,217.86927536665007
80596244,183.53021239598945
54217244,248.18229090099237
29133774,163.60043523645845
60727794,152.29341528785216
55160698,172.36979855726784
18231141,217.1413433245906
91091163,242.7159664827503
52747750,128.274435805429
97932301,132.27938059465242
77391969,239.53427019243392
64274314,119.91621387003026
82861922,220.92720376243406
95155142,149.14742130385775
57522876,179.54946416514667
46054634,156.5066057498367
32006732,155.28147990239685
62808198,146.62296907161982
60875435,181.33094780406574
15688688,209.91536859265278
13559129,108.63820020820721
25489744,216.368175926326
55669591,242.13780492042198
10763911,159.1503207612208
15579269,156.69536991037722
18433265,255.04809243152445
72131946,194.39227249938375
50106249,202.440018513112
21363716,170.0569483182818
80090384,201.2802302087717
37971475,406.4712211292099
31314120,173.87241445552473
73683678,105.79960599763184
29703095,223.00820284108858
87144591,129.78785999626956
44689207,405.30893578814556
42450190,173.6661590342681
92653218,347.3709775627692
67727493,185.08586150846173
55742747,216.69976661420966
96941026,258.9347877726059
89824134,414.92835814747787
19822449,239.4308062259247
18676315,198.92096280531294
17316044,154.96737074281486
81559769,262.3790065612809
98912158,243.96079627114733
67772871,146.11290298843656
65921862,263.98052208292154
12636566,159.90497705665422
88608909,184.4965977848748
43902318,209.05290167812836
59512038,263.7937421052527
77976362,286.9208156243204
57092914,146.62707315234513
47412567,266.0928095888694
17145991,324.96843903641815
56270450,288.7341631819624
47467383,321.241257778475
10449714,220.48976136305907
43156511,189.09244430617204
71377851,130.01202445333126
54093810,182.22741857231938
78096026,123.80476274778084
57320154,191.27908785146835
45383520,168.76092505481816
38351707,441.1938581561901
70796190,225.3892878657211
29977177,94.26172858714223
97584339,217.63618093388703
47886559,207.30177891488032
45622137,236.58660141216959
21500277,173.97188478893048
47647928,239.81089416079848
54496344,185.94864293256606
44268785,141.01858110754813
75946241,198.71469605425952
30459191,312.9063462540058
15840319,233.5661986712634
72588739,167.31991035672988
73017157,140.29899205229697
25420365,260.56591286637797
55377863,220.83339344197915
51370964,101.26660107463428
48905468,197.29874185061433
83191846,183.63604439980105
59334183,244.31282250547474
94009638,323.9221831308257
41721760,261.7249500493215
35401283,363.31083184357556
69685525,138.4923812511338
84271975,207.73186091715485
95753616,340.926374019455
32526219,123.4797538012468
64532934,291.7732083603345
76031822,231.73960175542376
52468855,86.65403197678513
21028902,192.5873241153521
34108713,140.53132523343302
84943048,282.49633545817073
84439701,163.18780007712755
16539498,96.21583337897209
24537949,131.80412386121563
19537971,296.09955430125916
72069403,226.08606289970035
84333546,191.32137465465993
11868598,221.50729166423125
72165230,237.64217640593594
86606477,213.399774420801
85432562,141.10086670145034
53853013,148.32771821679088
87319378,185.0884338816398
32466967,250.1733478688311
80519195,131.33533256534878
12289146,243.73382815020165
17893529,451.55149913051673
76217556,328.1049088372388
27323024,203.0860717692824
86557861,310.81628693339803
37601873,188.28436433190214
43146250,282.3642459694431
51498335,200.48094141424008
46939189,175.83068768099565
36620181,173.19206349904226
59890806,134.14082026984818
19160668,108.89221747543601
94555827,171.8035631797685
73451577,308.27429799607467
83828090,139.00767268847517
92021594,142.4798041224724
15822386,124.49625598917092
57405310,186.09543011267166
22671359,309.13861707004344
68101436,124.05848393338611
66910009,136.3858219863655
55778706,181.32892556120424
75120697,91.67057126034092
12885545,128.59954795527838
28604372,163.08777205677984
97297156,223.8250445873941
18964928,199.98688300146625
61244754,402.80957638678524
45178470,214.77078978143766
65250669,155.29914237127872
75566313,194.0762021553946
25053248,157.37060010324524
71082761,217.66927718478226
25210276,233.52404709114072
39718089,275.27484008240333
51364178,89.26820525924944
31211994,135.53999689517505
71509945,284.5382291342184
98330029,199.43381019737532
22456435,211.01786107967175
56912862,284.72757200319234
41548833,267.6692388015415
34760776,111.80809177082682
54015943,208.0022075692186
75943554,318.0532629724754
61847706,227.69440794253194
79766441,145.7024465184622
29099073,128.71647664622736
92971983,143.89080445805257
77042656,286.23949854325645
41355522,198.3899931713335
37905258,174.8106240300133
62845536,195.79263766473494
70252689,196.84842930618916
69012389,145.25281491245386
55230723,136.11364398441833
36148733,300.4087096851597
11166306,180.6225317090274
86661349,195.2014556730123
39933083,180.34013515605048
91301497,270.8737703431184
84697954,270.67083641684553
16890490,196.84116511639198
46638869,139.85354344920813
44149767,167.57732115206971
18897403,260.34444908876515
77411533,116.32757816619585
62885631,219.06957649399428
34219564,307.6998078678521
69042251,233.7312652604763
24137005,177.2528133810135
66305720,162.89568743379397
17619455,198.56656719797687
63065642,106.83044676873688
43970026,211.33300922810602
78870428,208.2782365766592
72114631,135.0759825898442
84664219,187.91984233530974
25739422,295.5660149519899
54038039,166.62478962996937
55081531,275.2349264674453
45672847,180.3821374074465
29734641,228.86014736763167
63805244,247.08278098979903
82782411,202.9471084538773
64705797,220.22153496465373
59326862,230.60547567288086
48549098,232.62811536303838
39570097,139.4023481919764
98000370,219.13247490772025
63674921,423.1356769620568
16674336,193.90921694024533
77063987,195.79886987883836
67143015,139.73012109130502
10570033,199.14318786770446
47185088,238.51248279708074
63757190,104.18202375519513
43453041,306.8210671768066
17890447,201.18485792995827
34735493,162.9613728428774
40580820,285.0439683297914
84776860,202.40795551720234
34883247,195.0863657152938
75437035,122.40637302534232
63198281,244.61548118188205
33289878,269.1134667238148
42222441,150.8030749895417
53518898,102.33839546836096
77756377,174.88669972208044
66266331,478.76120138352786
75207542,182.55659651792504
65741993,227.60441237196505
30452290,130.2832266236652
30341625,215.76986777434752
10196118,421.97032206188
39997400,233.60407307693396
42764498,161.32750772540095
93568775,145.03139424906934
60138513,313.87852354034885
95863174,188.44943152686665
92194956,143.04472202008708
34979379,321.4390029159439
71517927,161.64409985862181
80092401,198.18651404701285
29853468,291.400662034687
95595164,128.98353668919435
47277321,331.8698397701576
95111852,153.97216120820022
49309773,223.18453037299602
52060622,170.04852735734175
18920892,168.78427812200007
95549548,204.49986406613908
28343921,197.61281134658583
24575136,219.00184901011005
51405326,208.11248859359992
88024456,269.5962540735377
61475538,227.1609207831694
86032798,163.42575793234192
99829874,208.52667779560264
96251785,310.60597107535807
11235918,177.51102709228783
41084979,115.73447713773585
31949326,163.02437309172535
88425482,134.05142222000563
41724063,234.31499149635084
24244868,234.96855597160942
96443454,230.27590991625357
83159015,122.83030523727878
24632345,297.9103165730413
44153806,317.4276102397606
93580629,218.31523886834853
53277959,235.4915545033095
99759183,318.8381153581096
55252816,98.72273296442289
41285175,133.97698373464794
73261084,254.2798991297551
99347555,244.47768465968733
70567494,93.98565263455238
76764787,358.4881228868187
14328685,193.34200148542922
66866287,175.70972906452303
49679159,184.8643724250788
58671247,113.40182622637772
20236719,258.98519446860723
34585357,359.6316585298199
45051453,177.2539384544413
51786574,188.84032624829695
79731887,202.93780593474872
54354970,356.5759938354456
77833826,365.2869497345474
80242735,199.6117815581971
79336488,252.61445921447424
51121070,276.9895910766947
15930057,230.68694572722126
84864986,201.1252386933628
97820091,294.43333915287633
76206876,217.01925082187486
34508398,307.67498888194206
15581330,326.5245068702443
24272114,293.7328601767099
45684128,182.43757217855648
53910689,133.649066128115
89611963,193.49364270220346
19439294,163.5783125434378
44476677,442.2901275045651
72816714,227.02625115483914
74817899,141.88715595581436
24462605,166.15905932278778
62629343,283.3475776436543
60387272,158.03077211142156
60976677,149.16873137966212
25938630,268.8569503769575
89171283,328.1532043530949
23407854,334.24639935601454
84390020,246.9950452623251
10131944,337.79354031292047
61185673,345.7318336503689
76507951,359.5582101151349
92456997,178.95968109422398
27091498,170.6781424916495
22015405,205.62560503931044
64048811,229.23112074778368
59963315,169.60856585158658
99392827,414.4082943943031
52435285,257.4482067812306
68018936,189.60372068811967
92985874,158.26671565412792
19827012,136.59210816627794
32076309,107.7058861433087
74459345,132.40762438629184
59329650,213.1216533428516
70105673,184.26205225600424
47359337,317.3838053584884
27991858,274.72545538922856
36755663,289.26481984953193
94560591,274.88012899817477
47944050,194.99505678279704
49561372,296.0411969843814
96160989,149.39199059245692
67474261,123.89174665012027
71965824,336.0990761056198
13777105,104.96932853877058
64739771,455.2010183006415
57691432,125.60675669472465
21801740,193.2268793251149
74352185,239.71280844357057
91521650,258.7927158856046
64797772,332.2198796630624
48820263,159.88123189623946
14791909,292.86718963678334
82868024,173.00413413691865
97971853,178.62662878669408
75654232,195.22003036648147
30725718,216.37936140952732
83442812,248.42893688614384
62376431,174.02975998564267
45295601,233.6053049024823
44038407,120.65035413739562
74138589,173.78536524052464
78812422,169.22597797596868
57253455,422.99009730165636
10109432,215.52647104196876
70492234,243.1300713673619
16499768,373.8958987372199
29721809,255.1931210919282
99970795,82.761794217514
38494075,304.083072343596
13300921,220.5383804937731
18255583,299.19360808706756
76957329,302.9602889478782
83103502,252.1698716554434
24570014,274.2419292087219
19318542,265.0736970075479
70614169,236.59727151073608
68374888,281.7809328100384
10546051,239.37940095818857
82817153,295.8019666155642
26190736,145.3745650476308
26227414,226.90300137251705
55825692,195.92250875637257
65550483,161.37031798926623
14872097,280.79465652782534
32405281,243.8113605512604
37055817,178.3941839900286
42617798,131.33419610698706
30684771,82.14727380825768
21842298,144.5360159363322
44215525,331.5788381525017
54734331,237.52621246237126
77244965,163.17731314200668
31618537,128.35327326576373
10912371,160.30500518558915
25284273,153.6376248261816
63793006,210.46478679843574
40346903,223.41748469701247
14281423,248.53371030055553
10329833,388.43819215782594
58147868,239.18395186164682
62215262,360.2952402446628
11535494,229.51653621305934
55289261,164.62926542129156
93054393,154.73484837591485
15613905,362.59429190124655
52346993,182.43980728251728
31426410,202.25440454144223
11924915,102.33221672678506
83461539,300.00546396123116
68351051,251.0099439517198
23144760,235.4419739874624
97049626,245.43887269975036
94895031,119.57998496140813
14702382,182.5979722090404
22232789,188.12624644541378
14653500,226.187175294291
45931554,145.4409243919385
39099976,134.14732680559433
65803003,204.20156746475735
56391701,231.42156291680618
92222330,229.91410179921715
93455198,307.30327417011245
52410336,465.80182537523206
82423675,217.75884266271584
25925356,272.43414448817424
88622240,163.54904489284812
37830382,120.79261936552408
97198420,243.35691851317912
21477504,205.9364329467983
84142976,282.70792270655346
96401209,125.62512529207388
18047299,146.81231132633414
25908320,356.00091462616626
69709013,189.64698232574702
63707451,153.40068402335865
68674616,160.9926323675548
41246291,124.65438311935996
93099265,166.89369175748652
44969882,141.81535767819346
94840571,97.06155839991185
24428966,266.0878885123229
73406276,188.70484867797924
74093567,128.620661801763
55445678,162.88638996270885
56770356,137.27109638399193
20116401,202.55491222851776
23989432,161.7135638008079
77573883,271.48495243299806
30955534,180.89604603468294
46007298,188.58107711066563
60038151,96.87940243155944
16169663,319.334651131179
40454664,139.92809725395392
62049127,198.60729485292984
19821119,168.82468465250162
56611586,255.64391459079118
55267084,189.44403089888158
55813034,293.6809460469633
23867957,95.81759540061327
90096160,190.1241201889742
32751852,203.81707226095287
21394047,299.55320313851934
80032862,268.42540225885085
22418983,136.99296124949592
52802197,122.61856067454626
48673505,142.88554790960242
14195685,126.8651265406423
22205138,122.77832006011901
96628154,217.15478626930002
44734813,120.70408734098231
55802873,357.09976068387954
41368275,138.53970750981946
67686446,277.48242911343186
97989934,106.63983184336318
65686117,120.87651032416696
45591525,89.66162350991158
14884094,204.08121190847623
60291749,193.1051538915914
46418453,114.5850047537884
30133967,317.5822444692638
30307611,158.5231893035345
76539721,194.21842509230095
93325285,168.92054896993633
69825909,241.36892591682917
10220197,158.69998125571055
34178403,160.2285047768946
67327944,223.50987494886166
58361366,133.3045794208913
35080838,297.0778752298354
24415695,235.74446788706575
30354080,279.77097061809803
24117628,194.3117251692264
62628994,198.83371560710987
51012198,305.89418850976466
68125143,252.20570258273682
94485707,197.98240557822402
40172711,252.5274626471938
17647583,197.41689715542645
94790367,115.8101868725978
18254706,210.9263101123136
65733568,137.52119294301667
58357649,142.87006860775887
42289495,156.8784953876454
15020288,109.07296643184611
31419590,234.02136817643228
37233713,250.1095180921353
26330225,233.78895960775418
73976501,283.95292924367345
90642644,249.98306099611364
63791881,328.9743453736712
40102213,243.91385691201384
60203926,284.2145740054077
36257216,204.8741618911749
24119768,418.52865910708755
30403208,279.5917856572065
39737862,216.64872019412562
41150683,248.84819090443924
99351268,183.345139075941
62692262,171.7751997873553
72711178,148.94159406286147
10083097,185.24166929820225
65370298,265.45793557762954
84388395,144.99507555075292
52114454,156.78365191505426
74646950,248.96841213506093
72720701,181.26413533444966
45732529,138.03975335884502
10509116,158.5815159250861
36154567,204.29887400628985
46124383,395.6666011220088
27866730,152.37902411620166
62320931,171.96957315321083
78979954,195.32502475976452
52531638,224.1712494335881
70662494,179.21271493876785
88174413,189.82223025691513
21513664,255.68053973613254
26546743,258.54501178007126
89094189,161.13712226757335
34006202,272.4442622746642
44458405,159.30940897960997
46102741,260.4142808358205
80947937,316.94564550541014
73456376,221.4303845544171
27640503,239.28904455548815
66469621,230.1308916202437
35504694,136.3140765327656
24815317,266.02538339064154
58171289,133.50864874631569
18612790,223.83809204660176
63428669,257.27364565795244
57949817,322.77294936473004
72876573,173.68195506169005
96193736,273.2040552323173
57932688,218.32072533957515
61617398,324.22771892949464
57513357,290.9118016473161
46336493,252.27632595758826
56173102,171.11765044381974
22210971,277.37452950149134
27397907,166.3166610047598
94750459,232.9406950511693
23197778,155.79715170474665
62692781,128.2511885920541
94164438,241.92879265289403
19395402,208.03458111384992
94219712,297.44902873756655
33491568,167.77844986887717
67632603,219.49608861945674
19852962,208.84571890025953
73405784,232.9338858099449
88192699,197.24740238059115
29867417,173.1009918957514
84909546,298.138934613301
52598919,253.15100249798112
86077350,193.76439387538335
43929538,285.30165853907306
89992133,258.8219554051436
33643157,269.8120656742966
40190924,108.92315077970174
97098808,223.6094404747903
87635513,242.39210600673286
16478169,233.77487374238277
79498204,198.42773471477037
62568791,318.5387004932104
36457296,169.93804659392794
29599077,171.48590339198853
22644116,238.20135240255394
69419691,289.65026104353376
21970018,123.24186108675205
31666748,249.2851994819136
84691804,364.60671365841426
19277545,262.84218192819253
78443496,211.3172376598763
92759112,193.67949443442137
49629913,230.0240624804277
14874574,156.43331523531626
61108399,110.97658183980808
53618559,266.2492788420345
46977752,190.66091381591355
87695599,201.41693117894238
68430793,216.4535465439119
11606038,184.75752059161553
52469720,319.3802494310297
91726930,154.19680882696753
14558288,183.30557276332988
98640275,172.6504354183088
82918511,226.56789616117447
32992592,223.3231268163304
36930879,190.23971809543505
73360172,219.2167792948007
22281491,191.2703407165348
33813436,124.92605151108731
49300946,233.89725024989028
56371129,186.68899600485415
83899433,198.3606333391216
25827679,238.7726363652239
16631062,147.12370684694304
86793673,231.902199422271
99689707,154.75280435727498
69776211,149.11303438834162
55892015,160.38462721311632
19716865,213.64316382117713
46860460,186.84805319183653
66143638,352.1515234927631
46241046,156.0123058138197
47497471,299.3008494178095
38256243,162.81530054673692
90078699,157.99910439892625
66607961,137.21375518909588
15632043,253.7839420176211
81498334,330.9353902851667
82443801,175.77481926764187
88411591,258.1041487833563
18221799,220.94156651787557
30242976,246.7750303166784
66494245,108.07173962246691
49287510,146.0623936666239
83370642,212.3048386730676
92348451,108.93254524827042
55790147,185.27801102806455
49423398,129.4862733624209
39715763,171.23185688659984
46440335,302.41347465827187
78128236,250.70934247447073
63409672,304.0096161554892
98873842,216.8118469271945
34782044,151.34756552872466
70391546,180.56634301039233
76956234,262.3817450649411
41544516,167.5843142316884
42550648,184.6565036170256
98465226,92.41098175518941
30886863,269.37748658181977
84535276,136.05698521746282
54301788,409.2514487092486
78637034,239.53726777640853
61387156,137.9961415724626
71715096,150.59936838210047
47859897,136.7437058959287
59800013,217.72113367444504
95293248,211.20930823550935
11553772,328.2750376884952
91107127,201.51712325538676
66825939,189.14650743026226
33598864,160.25889596733037
18818037,262.012372650447
86800656,302.4001550005874
45209421,161.738273101437
99712718,133.18992868002994
80320840,235.96099426769916
24591401,284.64699202408417
90294177,152.3743556380798
14404076,144.35898024089929
60829113,143.72561592782188
22529505,153.19678046773248
59566170,334.0764785486406
40149323,376.5024372851018
40382936,300.24436745968364
99300537,136.11919385471202
44631793,189.87532476308948
49450050,111.61427088516413
62395628,156.26933687414558
30879014,184.35003749256532
85524688,88.99184938527206
87381496,258.6188757837518
66258576,205.10586510137077
71415255,228.71372105719834
45179604,358.75208697340054
82676573,190.96202085501483
14654038,137.51047873505107
57261303,197.98511629273952
69037727,276.9660827112889
78583522,172.99861091388777
49703078,198.9122643185645
78525136,112.08358407377004
86407509,207.45842602423625
33024193,468.0456476649443
38535158,223.91194904132487
84179400,138.18570846563983
24680896,270.2613742239199
42024082,197.1575968294536
31137878,239.357542678557
92689780,166.53480742269699
93487228,234.5900157513209
27421195,227.1662694549932
27611928,151.1915094872205
25261420,326.5954234108819
46864780,150.455552977686
51909487,184.593539401424
37913958,179.98997320045146
74334619,445.3808256041224
24422548,185.55910675062202
58508595,261.76272536893686
25087154,83.0325799028744
76806766,225.77083321198785
27262464,203.60941446212422
73422693,192.8521767156104
58175270,151.31166837316238
76648743,314.2004533347207
36026120,192.01504770050414
87485989,266.52336880218814
88798255,232.84898076560813
85293030,217.7530547760175
87029422,256.4525954030087
72679949,172.73554355986406
25871017,195.32169294702024
61396744,173.4483842130706
63197784,234.25712103081187
49632353,165.36676824074647
65625596,123.61120036217069
86795596,152.22132842564554
81433856,200.63208800174218
87476873,307.0512289585975
98147948,198.39624685211095
99212421,176.9407742461379
78236394,338.76191900050094
60511137,152.89367496364275
37030090,218.47932508522624
47227545,259.438181170953
38980163,170.31057717550502
33290320,215.51480524695336
57735630,176.23667793735837
37888473,271.19413558260896
54251453,263.31850278109573
85556127,160.3946033111992
26903779,178.05164822120756
91692809,158.75995567967888
32446203,316.1604398239229
34350235,205.09194213454538
28532174,299.80435586703663
59869496,141.31648450796496
37887202,142.39178202683675
54799254,164.26498849350352
44298051,391.24667809203265
89901990,176.2173175678165
73292166,261.77376020701087
21775362,262.4946739376463
36884233,141.37115888479445
66353025,163.43193757788453
19481125,185.18124636879134
95336492,288.4896099820247
32400462,282.1796439818203
28975228,95.54091920936024
11320585,398.08985530105394
32162156,192.6476764216399
88724326,283.9006741923676
67650053,182.09042196295096
21038175,166.071035975084
64836379,185.5674537730104
60827779,140.0518286623215
88997264,236.24499355482027
44622902,242.28170899386447
85670106,130.84380332203497
38945693,100.96596208631989
69337730,253.63420541360432
22890345,157.4482595676197
93106331,180.65736037070863
56257607,165.3806469297976
42845025,222.20591516705903
10678470,306.99066427160244
35975743,198.9366939014264
44298756,220.4728101679964
66670226,112.59895652722564
37883517,406.4720456544118
62831558,153.13415475276062
25294874,74.96926880279813
34601413,265.64416021093365
61300626,201.49031051008518
63694211,233.89965938053564
70308634,225.1380849632306
92846964,174.67109493815968
32093061,350.65224474406716
68496425,244.1928453818499
36724576,195.96870655128674
18988842,209.93610139342428
44304522,143.17073687391186
91192236,139.1601132686261
27105876,181.37135597206327
89869414,153.9407650681692
45877010,153.93546258352916
24146001,237.8137764785991
23395701,191.91284604342198
38974456,292.1617268792962
57842607,266.01691953496845
51687346,248.84056593182444
99288080,208.46165669209807
58963406,198.98925219582006
29443260,263.2916456649214
62626422,382.6874742371765
57515098,150.7714577432274
61739694,497.66678781626916
27459512,161.31832456184088
84889146,131.27320307125387
58681841,156.95356076087896
63593417,317.3444562764139
33073018,168.67269363690946
18775917,122.09568211340977
38962045,196.67669443977937
67933426,227.38841569888226
54603681,182.91456829724672
83399485,219.14881233950106
64199110,155.22068015280954
82415208,332.53985682097056
87961803,181.48717673079037
44853010,167.0448770037415
59952980,107.19978983152629
88562279,178.56495077058125
55858413,221.7009836121826
61198975,128.319952412957
37448315,290.8587957532982
19525923,180.4511400198645
35026025,236.49223556993846
37029910,217.52096267361551
65651564,233.10250145693547
76546746,144.18131822100162
78805012,261.66129335569883
73332787,231.47141174298238
45937289,196.26177137334696
99048249,266.92509490529085
29475704,190.40551447728785
93694996,318.2497132246561
18159173,127.55117321392439
50435273,77.27395930573445
56812269,195.36956443210593
10385151,190.22145598107008
74541267,373.26627139777133
16719195,153.35740245354717
48754743,130.6844790341997
18188655,151.61488521557166
32063627,199.28743905266091
95749552,193.69749308185993
95191424,234.28817093369364
79363744,309.6702494890821
47169927,177.1303750817281
77108983,148.56854206485508
44823862,193.9475196097249
81122519,160.63355755226374
18168723,194.66053449762393
59737458,162.88594260958442
12477444,180.01904779716358
89609832,312.7201283310834
50913652,205.80243398618904
42856249,131.02302610664873
62711409,198.97600286474776
67374114,181.62530154219115
26708384,275.3751030607254
57463109,216.02503736583316
64273952,124.97797613969648
56304545,136.23886172710013
82795140,202.44546148308063
14007213,165.75594130569394
54415843,131.37993232939016
54590957,228.40787948600007
67350145,268.32078341895516
74993313,199.0687737462922
62432527,218.56053405587426
33713363,149.353969130448
80390114,155.45403238310942
12723951,159.4549155570096
71416124,196.2996562995097
72440899,193.35525015308025
60115717,184.85277774044766
26317947,144.88131109125675
35504199,276.72567385591094
30187539,249.15539944411367
55346293,198.16829399944612
90516502,241.24764937146324
72045347,163.59509779980115
79850408,124.56436560057818
20443404,247.80470098637366
84501791,166.2637526468607
73999320,179.0807291690959
98913461,129.09709371278413
37225199,136.1329095389964
16193655,339.1055565162005
72620298,318.2404950525481
64188152,301.903889935316
67784083,271.83314196365507
90552658,249.08334322435437
80748000,291.277183445749
38083778,236.8435852841593
65525497,106.46034604029941
19381953,123.60239601481867
65723090,314.4036853645843
76151738,232.90310401984885
48225827,194.98116363335623
27357384,189.61396942460925
72090603,280.96145798704833
13739096,158.39361974851494
42442381,210.35020380279659
57561155,272.21849997541875
35942827,132.66869354882414
89196128,385.8876225509907
90585757,102.25828331755856
28123361,78.83994132568506
54892166,183.14009362540014
34399967,109.06121207908716
36429013,225.96518861970097
87308981,281.63357245852427
99529719,219.14170139358848
22093311,279.32468353655827
81263538,137.48786231821927
71338939,215.39975551815348
26758105,344.50299079249976
97028969,201.99717524887808
64463656,153.4852460866158
56099433,203.4941643977324
85325718,208.9011003848976
44166454,325.47377974224094
36489810,106.17185683832732
33207901,154.001511127089
27978007,131.52004602864355
81479630,212.05457887429537
51537650,190.2630916677836
45619520,171.65819534188012
38111175,305.51901271967927
52128949,253.57889888971505
25404819,152.89618326262058
76230938,131.44755472796928
35633669,181.13505356558488
17486296,256.6908258501153
26823352,215.18823084089843
24234066,219.3406971064917
69609466,187.7826665543431
44500625,295.38994329784083
25810885,296.66282073471797
47095933,238.05654108761019
29996746,188.52357927301713
26824387,198.6414617202842
22560248,146.67297338968285
67043419,157.89972571867588
56128877,343.80864307175625
78532613,141.36323378427636
63334626,153.23448682472664
41942475,225.47227293746312
71572581,266.7731013596067
31224917,180.38921386318674
52061385,250.51489413521546
85648776,222.6534365308597
89601046,174.9861754181456
16315474,234.53351286415858
90885644,375.05677515630066
69988016,298.6259572892898
55363982,162.63945920980566
15084841,350.46340905028165
85269120,196.43578367288734
31531393,162.02898561650687
65511292,150.53036455736506
76207920,241.44482688914394
25765261,230.78224613221104
99628783,130.44887501674452
29123949,432.36505104446894
84071477,231.98455345585953
55408575,147.4793627860135
18563235,248.84456004927353
32862824,236.2229945470081
87247913,229.00246356433036
70811397,361.37869198741066
79135010,210.4110654335551
95532555,95.2708153634397
91619153,183.7826201266875
85185899,270.79314774952013
45503458,161.41130777545726
40572975,269.9812228200112
89004010,155.0075468568829
34562042,381.5552922137204
63463440,271.4133501784529
64460362,121.30118836006132
67250925,149.64386241712344
14939721,196.98123526948757
35310686,248.7340163691385
71187848,122.05072093922251
61524357,211.7626342792742
36782194,392.8816412445786
89842273,346.8332050948309
20614858,206.39977838908217
68048266,134.90933937907806
62462117,216.52029096969463
72115510,270.1003848499684
14057421,131.30481647743608
99878320,120.20800143212826
68934495,208.58458465575237
63897425,328.08061969083406
30823846,141.52746293163935
45856506,177.96613840035127
36318458,223.86725924743698
54709816,123.3274532020359
58956301,323.47022809069983
61193977,230.11355471674634
94916864,212.03881752083936
95563649,227.52461055043074
11808364,262.6250477426673
53108582,106.14667099835427
37502181,231.87908274724737
37996385,213.78465901393233
53563779,137.6029578433481
62612706,390.61047762451955
33233317,125.15841185838065
39285196,141.91763228070556
12469660,392.98921549386
10086272,216.64499035175592
61556619,201.94039395196586
44239580,309.9519465648138
37303458,271.48383420443156
69742763,200.00410978089624
79252407,344.1183522580009
55035288,138.90714998770835
22573833,176.19229204310227
73616028,181.99490096732669
72379751,145.84880549785842
63515051,186.62496162335964
43605274,143.19054673278092
94526159,166.37019889642986
87017405,456.8252630712092
27785122,172.88660454045706
88986010,85.62882511567598
83705830,179.18883549054624
19294754,216.7919358056632
10016581,273.40832839969664
98337631,161.9005959761845
96284977,325.2023665681736
85120493,260.56213901130843
76912038,160.1033639794619
38273802,245.69199456179723
31373003,273.4182738958276
16311364,360.8659731796245
81773825,184.6485225174722
85451822,149.02323759394798
83837897,162.99731455012602
79840167,259.34308078943604
10053165,158.97036747352337
66085962,161.02073933935228
74446354,312.43916577496753
71248291,260.6910896687195
13527988,306.8134936340988
59655162,287.20115342905916
81270080,219.62259820507418
25459024,213.24685775732695
57124820,204.1753780985469
38744724,254.10336647718074
14672828,202.24270217866587
86208199,223.93793616355538
60804234,162.1161989493354
26637959,214.28966215330453
84505191,159.44518684089806
34949195,189.34977458226683
18236230,259.6443292757626
83633670,370.34553563208704
38795738,196.47414170153672
57060441,306.0690181577197
63193750,289.6954949899996
16584196,155.88196758767273
97470867,163.3839286254012
57117308,140.6635600482325
28539736,107.93936003935725
42854708,97.94585323329564
74612987,259.65963405569494
18574187,193.62026934734223
82554201,166.73447483092
63502035,258.719862583758
91862663,262.6152799391487
92211122,208.6864998156053
31056808,272.3124512190898
16943964,228.47280562631408
32863651,218.72226730518315
68176876,209.17773042124776
49131404,144.2812665320322
70277995,116.20109518061871
35494136,218.82883012624907
81234980,295.39121340878296
38613978,150.13106089641303
58078556,340.02761714428755
44540392,167.4692740027774
54581831,154.74733614083095
27711464,123.09789757527176
34639609,197.85401985837285
61465981,329.559550432619
97434739,232.49727988557882
11115465,139.93566989263985
73204702,200.38822094086566
43122014,310.9670527812287
82465915,147.1105468531794
70336402,102.58056573113225
66860305,383.8265249131615
41500458,145.13035734155628
92919391,322.00121081106755
99618084,293.4728367008396
86909460,274.93588839453855
17337355,123.56386950998343
42353664,140.65605024353653
21765685,295.69646400609224
89088918,109.60587867067058
35899962,160.9907897872476
68684318,315.68368014747887
18484780,152.9024354379621
87388388,282.8135201451149
90094211,198.82241967367196
16804039,192.0585102658566
91010086,158.26071387571398
99469868,151.32258906970264
37545302,198.92339360585507
71878464,169.35906098015204
21183040,226.67652576853686
35304073,248.52671471628645
50348670,219.27645524008844
34230931,172.18767654550396
48867425,244.24593892788573
35018884,155.92074746397833
82792644,137.61452709564747
55638604,193.7430792072303
45618589,160.60691263656355
94996859,238.77930190375668
59711138,371.6230351541742
20008628,134.92733112552884
74210201,376.1111402334749
71592370,412.6619056844488
91112168,333.9352086012792
86979588,168.7675426436079
77491019,112.29356243872034
82906889,161.653286453982
47215201,347.8733265612709
74482354,181.55922384876268
85248466,143.83571440095847
48081067,167.58942637688344
15387364,238.93304334135826
49479914,256.0478465539488
67144063,205.2780551428945
21546784,154.78960519780986
33690767,259.91338629388423
33115846,192.9465891197617
61562965,144.64019341902272
39809818,174.35366016946028
68123009,370.16582699553874
51851996,209.21269263917833
14592737,195.46427045336583
53703850,405.4693545245466
32305458,182.08144429942982
15802272,457.6822556456291
36113397,131.19330764266525
10490484,308.4584013955881
60733954,171.94502307171197
99162691,257.6245163836388
93098807,114.86393549384869
40838545,185.09195144833566
11051825,182.0206197726411
82908690,331.4866413599364
71787511,413.8048226564556
72823966,275.34428225489376
12980060,171.86932843596446
96086415,255.60463165055685
23697274,287.2096635352698
51614059,238.854030547467
78779574,393.28906168314717
95241308,149.55334154290261
17643222,252.17515552958483
93263316,218.85028664659373
37302631,90.62616909805676
87271886,165.34318409800323
55736876,364.6371859274725
51594702,211.47928614590992
83945766,148.1285672990453
79078313,146.02132073361884
31277810,237.3119550505427
74965419,106.27637665971845
12557472,140.26277547554756
61610958,173.16708627465155
87565891,248.50870320882368
69835471,199.48293794080158
50409416,218.83456733001717
77449547,198.87876213550112
97554546,273.96161431596045
15981479,173.96566210170576
19522006,344.5076719547377
27996044,129.30097377267487
41161764,236.3911803840017
20740770,238.5468074703418
70042803,164.04577515492448
52210690,195.6855191740479
81657059,132.8050830761017
67733763,264.92065096146996
19453777,312.9730344527217
76648543,194.80119541015617
38569009,237.9854640072828
24713941,191.2339105644879
89660454,96.09854210399052
85740410,252.5943154188884
86257801,406.5207882847254
86873805,259.43213308532495
33399735,298.8451676639146
37535534,340.73995280768474
27667456,200.4911682581952
61581329,200.83724379905047
51263630,182.16977251424197
52033053,127.96733580629723
90888218,199.44100852455816
12546179,247.72475393446754
83093814,224.4060934123884
46297699,161.5223361612785
97044400,289.6711074428902
31763919,191.3430108066194
16008849,181.95599805807194
51084945,146.90503676862193
59957604,280.84790291480317
18780994,162.46313467274328
87997537,153.27180196612306
45685391,181.02004907272604
44441149,238.62775699276688
14178311,290.92136803192426
43522500,137.38087811961077
91025767,187.156614443036
92328854,103.77306238552119
53582398,106.53589444548642
79088536,402.3828663401165
46193764,144.29253879483946
84800487,163.76848771183973
58906346,167.94140921007562
16384425,126.28194750303848
31314423,193.4561955788998
78713693,188.38150097123406
59579059,94.16892743833218
51309878,266.9067155749488
18367921,267.9719336777529
17963218,317.9563733464204
63773516,273.71943687110826
43820904,147.70922471865916
61844633,223.51626208203217
97433520,314.12332149666963
67890378,166.35926733810027
84770654,217.07895823266708
56388014,178.0289664712553
48498606,232.11138867626065
96139568,139.69313194090782
23184000,253.47909366421976
82435682,260.59368119468513
84725417,141.64744575993564
80398008,136.40133865554265
21408816,210.22252211983795
40561414,165.420844469372
47526789,305.56840250768965
34202671,224.11595834853662
47410501,103.76724171950052
18437030,93.89644074296154
89947527,283.0980016599342
48179652,207.57904622186678
43574355,319.63032028705413
93441626,138.90453120450604
49833156,261.4070632278408
27436801,335.8522161847194
43212239,165.97851475155954
57781002,108.02814833639052
80452756,134.30746328695372
69547198,156.5374153338802
92282402,116.68431553672369
60080700,317.17697643107965
77220496,210.76152903234643
54095090,128.66615459109795
28159066,169.17707095923257
76298460,165.5367018964281
57334293,360.43235194118756
51349452,187.03706951955883
57825954,172.00923856815282
75566691,162.16891200919787
21994482,249.34866479564758
15472109,227.95039434802916
74524636,303.72302242550217
50954892,202.0169675660736
72834699,142.53164714124
62999750,223.88295968201535
33123268,334.59749219954995
66540114,140.6634660993259
54002928,180.76886688956793
55085304,157.09245806341113
22151066,188.54136762807028
65334729,264.94192239185975
30865724,158.44635860704932
90388666,186.19423757711928
55605064,275.0038821411968
69408128,275.6592006354854
99473168,267.60732036073273
75818797,128.6446395827236
62565025,327.154459486249
75143116,147.71999002394176
47696923,179.13962424443875
19416750,351.1882259077089
22855194,411.8204511306567
67192782,192.97792296452295
87517475,154.94948103999712
56350089,162.71512542018527
34134972,127.30251200541453
60576347,156.16357670543977
26319072,114.56470684772572
88893111,214.1195322807301
68033382,155.95384107203049
94035885,187.76224291948787
81187160,246.97292360463337
28315736,216.86083247778828
22692256,230.678830247593
37267592,137.34266613297328
91150814,127.13572190470596
26431305,220.20379224993772
87910232,135.64156976614564
41955248,301.5145776929803
69743430,240.41007889866648
46703259,240.91728466310337
31441294,168.1423762067904
52540774,282.0918249523213
86506186,140.39468286075746
59584539,209.0681327924456
97314977,194.64556226520872
96666615,198.33622337494228
79683457,155.53135865632441
82209443,217.43570545265996
28258830,241.3401306615304
42067661,152.53263996261842
66297804,151.8564413362586
16941404,161.13366932764845
75005309,103.8485102665259
24570745,154.80073467449463
86113362,180.88759411052848
17047985,232.6477189889385
65773050,104.03224330908749
58445540,298.3973469692352
48523637,289.0142237019004
95993557,186.1245644311585
88761628,256.1501200167018
35281082,105.9415281267168
63427827,239.71670425265248
38736916,137.10791859932596
86580197,250.43878032802928
23112535,236.00851868592474
70370352,149.59616586094282
27855625,161.12421909638337
60833031,115.59777513747082
23047956,393.49457115869956
87351286,121.97243472753912
75886001,129.77648966231834
66301086,180.06652059715628
60935733,221.9905955397801
98414359,162.73984325295618
93169508,205.38181344911902
77985316,165.55609871868
22647726,208.4418930166841
39865459,199.59653436259052
81994206,276.4695614876049
62822262,146.08190634991345
85331429,121.91106021010242
75110630,156.29768466323597
51138756,93.17569409192168
83491442,178.4230590813144
67891583,328.40062833104537
65475315,147.06669910775062
37180335,208.3788492709173
53617145,125.35538537112855
66644091,167.20425372602165
85685863,216.61448809287177
67756317,177.77391109919665
47286828,313.4188351448878
30798257,89.04431032989011
55429056,217.44213979859228
48423935,186.28997632063735
70215654,220.18118284057482
84995114,176.5764764546115
34191374,209.80412872093578
94424055,186.48040011560835
35266032,159.88140632178323
10282778,153.79793359757392
74509894,131.01360722575384
62379565,165.7745024953322
69295266,279.0117931655773
19487319,154.86023026454413
80523155,247.25451380961388
76258438,313.5517658604273
15381648,411.7058483893397
76313330,177.90111287104043
67909709,297.5393305039565
94172578,184.6428116324017
73730320,278.92860924808235
93164433,299.53279568727567
47160388,145.0723923124623
39990609,152.12198441283934
64566990,298.15816664418327
91126842,307.8858544577252
52824809,147.12836697727317
57254599,296.60681316555093
38718331,190.5550840217991
86095545,207.6140193482653
47117496,158.9960094950323
38398092,111.20523527790277
35904079,212.52637216477538
90919237,165.5793302286649
56102015,253.16951847798424
71540566,244.42519364755086
10011577,391.21609285834717
84723499,355.968453888446
12437858,180.29621048876464
55600884,140.10963947605728
14903844,149.10541019151208
79656066,171.31175620186605
22833793,296.5688615349216
52725368,187.56526979295006
69338616,109.68479347212035
69512258,300.1485414302306
96249786,195.2010001785289
93289839,327.4676393690728
89525161,318.315843910735
25602400,324.5139286521778
82687645,159.27332042227837
86466057,341.9963523737521
31039064,84.50692381235362
38126410,266.37030370694913
98941268,158.38229508579894
98887377,235.03234503006829
19069593,185.74598144842847
48991500,292.41609004445013
81340729,132.25860091016338
17755803,117.94408982924473
28332754,184.08927435017517
48710415,190.92275847439564
13552122,193.51471102480127
67175252,212.36312066776955
81401006,379.09870707268976
87569420,435.1421714609085
68775804,180.02548335929848
51303767,144.8083735836237
36907350,170.5482151358974
11852044,183.97737213383422
57122012,257.8965738969568
42764646,279.169667536672
23299341,196.95594985115738
99527596,159.0934804413766
97393585,146.14696207237006
43578412,93.71705808540754
98294611,203.45274748733405
30924809,194.98367237665866
88121507,333.97000659298567
81094653,183.17699796709172
83948197,196.77235530532815
53707208,131.71579782804076
72598207,91.09547430903233
96325015,129.75330220000188
32527392,149.5660565886841
13367283,92.2033718214886
70926441,271.3274339017307
14507496,128.19033092857737
84516945,275.0531846482246
17478153,181.6330087471323
83347951,180.98493844154487
42507501,318.81069021309656
54322410,198.23727302552146
51129418,222.91476626715547
92284337,211.42255079951246
56191305,227.22320039039485
69717201,166.79643310702195
77803958,364.0590335861088
30868541,140.396270509038
21948362,148.17550512177297
64597726,184.85854225132726
24753315,256.7042744315085
83137150,237.5656323627138
87115344,165.2698043077645
99984175,209.46952293544612
78503238,306.67743648099446
56241324,231.08069498028493
44979606,157.62395123228094
73782771,144.08825585455511
83259646,130.6049766671217
83615385,212.6433640787524
84238097,239.4357186662788
90104229,257.56373229026576
47165230,187.28181980615224
90052115,117.14011213574845
29318397,214.8274670999261
66821977,326.9292946502973
74914365,193.0356012073679
21821045,145.41456130329675
78077361,192.1151736498012
11290483,135.99256862361602
18150280,122.94895815242866
97190006,359.0149149482754
23716973,183.8388657688027
22402268,130.08610443393252
22495547,241.19486946923155
62732805,186.43609554533253
35149813,287.0497009977631
45074208,146.6037436048445
16930048,140.07370126527212
37034316,261.86210169108
41257506,369.5153541599219
37119194,179.83152586488444
67834562,160.2751704844491
34524417,169.82551878680087
65917034,239.58202610854246
89187031,362.1608986239454
38918236,205.7219144669412
15343670,413.3569934567795
14075655,231.77338566740707
38174910,215.39294770886286
58723158,106.73205912849626
60249533,325.4804053978133
97281245,224.08170225752292
72949298,194.33337071097176
15101045,210.70394886719518
28123842,146.84652019329897
79777819,228.00125645648933
49207880,148.18803899288642
80546483,278.4533990820792
64032695,141.0020815722326
13192282,212.77486458617983
77309020,190.62555155537996
61977302,193.59948108471286
97344057,153.94154221954005
30586194,284.65458399784166
56677229,247.1179301127089
22130117,239.22346473574345
40261245,195.6819827665695
30166032,133.13663778945525
77089984,154.04616643202945
26878900,398.6384587319693
61371436,208.55916828278063
42742062,172.8403720339385
95339974,234.10647319236756
56107946,126.34451908426914
75011328,337.67544720452474
72662754,232.18415384253316
72203106,151.7892460875189
70496852,201.2589546606039
13201993,188.73890056764344
78164844,198.50450117504337
59342403,160.7031102589487
94540895,272.33715112466666
46539631,233.47033365616113
72239923,186.85266175700602
87927143,181.57461903747893
58112642,151.2433773276211
46348606,282.21315664085563
41028863,286.89360521425596
24368370,174.08301567266278
29933781,254.08548539719789
82791847,175.76366425273142
96015529,133.61729499235594
54561874,139.84031379853786
53184693,108.40779011181334
76671373,326.7420802868946
63611357,190.84308478741386
80706420,250.6452651402489
55017743,224.7853640958475
80689892,97.93883261930505
84469446,204.56927707659042
23226721,297.8607306313663
85084580,140.4595169620175
80669002,250.7388640848134
65745002,265.16432708387174
89007400,325.0289181322595
29824422,184.77237567043144
35775431,353.77537222482886
14074630,279.8406146085845
72325201,250.89024491509363
23874500,217.53999382841405
37300173,170.26900352318611
33493494,374.7431088265812
30229764,196.9247501283478
43966954,227.9648193488754
27845488,190.1272227498628
37461765,217.53822492907196
54994083,276.41613859226464
73747516,197.54260134331415
41276058,228.71492479076502
55912598,145.79924768336252
60686267,156.8491346366221
32726148,168.2123909203495
99279088,373.6838505575164
28728541,246.07486694569238
13858737,235.91705252735593
21895570,197.2091481957313
76323759,201.70557369660128
79038940,190.40987226152603
29272847,172.74998529606972
98713132,147.50100453930256
92394953,419.71441781754083
96580365,227.88329754495774
44481344,343.39563443546535
16420037,162.1003129665557
93921984,200.71424397800152
26481610,196.96408098426852
36292815,245.97975943828285
77806189,242.93317934148283
75958945,155.7780105036591
65456150,209.99355504350657
80743824,263.13552018260856
49966934,224.3021133136363
86026791,314.4728997313659
85816309,249.64827986774145
15568874,369.8479257649906
99556884,475.26075291751084
27514144,165.810360818107
33950340,185.96606837909636
90674412,167.74001466907063
31688776,121.97661924024442
58380703,247.35667732654616
59666638,71.47274801996795
28858647,224.40164537902268
96281488,215.43053482870266
81757957,126.16300469151489
15387606,131.3254657882959
95978588,228.58029991373581
38876766,229.6226997782495
97177476,144.53727947409826
56304916,351.82024075999516
94447504,122.16624596909655
12858830,107.46561983744493
29325031,138.53165999248927
45137864,158.58099795323244
40574206,314.8242002599805
14671172,270.02395197481434
79393183,248.47540814499285
73490914,376.2296695188717
74160460,198.7843064382781
44164617,123.09903136166132
82646950,181.7435929263332
13359174,133.0281749895409
75134927,195.72980390644233
36042465,191.67842183578483
83839627,157.7702126740339
23668396,196.59915609860292
75299261,188.31168374844205
41480775,138.64434911909075
33690039,124.53927628251749
22503085,352.46552947533235
37466667,234.44757829198136
14321282,163.84416267398385
71351933,282.14283804441857
87081502,141.89942322616392
65472553,210.50115943027066
99213360,134.82489422385333
10832464,174.30805776490672
51819797,226.70594153624327
75955259,168.41888434230765
88647663,227.55149973910264
48629803,195.22535337138564
83286245,163.5217592383193
88766577,247.4221851899528
92941012,194.46244764219458
77129657,140.02316568055113
98212477,192.90971714391802
47578988,178.1842690443269
50209960,241.1199360991296
34219777,292.44048281324706
79439231,113.75222366695628
73635146,282.1418279483764
64910994,200.32920478278703
53834693,213.76042855171764
11363592,203.34780848688436
10873772,324.77762541039084
87767702,290.70148734881343
23454749,397.7409271254651
58196808,140.62886564209256
68491285,201.74949381441934
92242279,143.41585130342978
33507598,243.42577207543926
31155680,198.6543446974631
69782815,376.487585148094
99510246,131.36194908739077
76945883,166.69408575856568
17094345,131.13677529441583
46337525,219.2514794786261
28488983,296.05208289206695
16761031,171.03687134198557
79032271,143.31444229433106
62295468,309.1694665770225
34239247,151.12896479942538
13382072,269.1381947257736
22594211,157.7022236212555
57247913,152.999746281845
91685716,249.95487715497762
17466502,351.97697538736884
33964749,258.0645164420511
51427608,292.4303229145679
24310192,191.00997904120408
31116680,191.94991644214534
11417356,187.16196397013138
62762079,194.8382203964033
42671255,271.7658748179477
96926020,127.34201117719374
50275050,377.6171568816227
39760605,139.0312273215852
74898826,288.40672524551877
72916922,187.4095906719433
15943032,169.77003468542313
74582816,233.23731316687753
59875250,200.0196113004789
80790659,262.54153412451666
19888418,173.7318230983296
31588130,198.4146892736298
66158465,169.07551773995024
18800645,150.9201452426236
64505218,177.053268353374
56056799,223.6883722749337
10374837,226.96255549991739
41300143,138.2101142520642
78621253,165.8814871710466
11141195,210.64229588961894
33865847,217.08775357984734
90610974,240.84750461839093
98930552,206.37653218869102
12727530,175.81976308225592
52930535,209.25365518005563
93753865,224.17761374831548
70595210,235.5940205843214
86025280,118.17009716175954
78663509,171.74233295581186
21322626,294.763171932805
38172344,216.10151709644296
12467923,313.4292013335511
59832255,408.07340161678485
60019461,366.9446272769394
36274445,333.11290694445563
35417851,398.3877046858406
24997453,364.4319389988542
83094532,156.36041698375527
90174488,250.5288534382516
71319002,206.2253880401498
29621396,314.40373992586
10011880,222.2697754202281
17190126,378.91432048209
70424510,155.581122554455
11417531,140.45950537978442
27554957,202.49643330098343
13689480,205.36652303715928
69613512,280.9607968316177
74318773,366.04217422891804
45221034,315.3795886258123
12200305,202.43780519056813
29052499,151.75754686732435
91168920,175.01300815702996
99587330,205.11705069158867
85493546,292.1917320755877
36510260,165.02329405643636
40370308,247.56332614944364
89123563,437.8889269289996
68894033,420.86695741453286
73938236,374.54534465427025
25242707,283.13151518477184
87339346,487.44671183277603
34182148,288.8515483296956
55488547,210.2285264412734
58799207,255.16931761913048
99415472,373.01214851747756
50374353,224.96208692820022
44632960,296.7880938185949
46918499,295.2437726146852
61219752,191.65530837256395
57928854,122.20677604864144
22536598,226.41568848228255
69936903,192.1453002692103
69696012,97.3270921509371
75807455,308.78465753516076
31557332,242.18510074516774
98503124,189.2946584989212
45347570,220.67080486516596
91321804,315.1284505693337
56392111,296.9709510878989
86308272,190.36432808834218
64596791,447.4333028256376
80652734,341.7431217942783
15067372,187.3619991583917
19485124,144.53650466011467
14453004,161.12310860851284
26285533,187.7351331329492
92838656,135.768777658705
37408293,87.77149123034597
44619550,234.17501559186258
12229798,168.21418396021727
19471907,241.18921998361066
79387412,284.10398422900016
62896852,130.62399508526357
45934349,340.46515986618044
16860511,164.94473845640425
43506983,168.71203959727575
70740306,137.39954893696415
92814410,257.1686998188206
42104710,185.35460503631566
23656647,244.8268643290324
16622582,350.36721408933676
91730318,128.9222369613732
71502047,392.9990515277477
62198081,222.5780123247249
35586426,93.56328142854842
73159054,188.68724769937015
72932579,149.8455921624706
15860553,312.98077057930334
76499202,230.60008898993036
49147306,263.7906675625063
66173222,426.1817979608609
36048465,93.49978742398483
58226162,225.20407304675436
75348253,189.18643573311877
29406516,147.24797377120143
30120831,168.39697520678118
88886135,255.8962363640414
90716300,196.6905180635969
12118186,169.09341316905218
39388114,132.52233233102234
43348151,384.7033142730198
70648988,269.84774960857004
89828759,227.08461187438175
25774436,163.14293990468045
56166234,158.08521418824597
46207048,213.03780799002115
24260337,261.2164622111341
43372122,232.14294553319027
99211792,253.20113618316083
72425048,166.78095199808521
58848576,377.9817127222112
69451066,127.4995532613936
46571746,243.02066945328016
35037281,140.33929140822917
85573733,349.57955241479465
85004009,158.59233746232698
98713147,171.3019472420601
99574842,202.78250390623592
56403873,300.6177040864638
79242881,189.26425140901182
58458582,164.6570303914777
68482067,165.90059304768022
16690135,165.24927135525112
15173091,357.5641160586515
61448444,206.32847447047018
69237042,152.01208682265536
85145895,245.97353141189564
22701271,161.762794521535
39148372,163.3078435065846
94500108,231.8604706479171
68415143,254.0198410502461
40595467,275.4896532187204
53076141,218.44350231407915
73641861,246.04942117521813
48605668,178.66662786546445
69923530,111.76576266550445
49319680,260.1661241574559
45928049,227.23178020435697
73814109,188.8158042002988
61386764,260.83739370243575
67209776,319.8982583507562
10596331,218.48386682787515
14387887,231.32854038402104
66568548,224.9841364488591
59240082,235.9032034224799
35040177,260.66662588493307
99480365,290.3568834902982
68333386,266.9477294513423
95572882,176.42156202377592
38132096,475.1867362975267
76955826,254.08614915827067
17729676,203.30730248349442
42211142,276.77965829869856
20158681,166.03938217198623
79393152,247.7134338484487
39911125,152.2778535887202
88836366,224.97882472931127
20409154,224.37802493319057
15026679,174.2283035527927
42131515,299.6352043417546
54650905,105.10771034702726
26838390,237.61947321975003
65068346,229.71821296126996
92979933,162.24847063862182
95452518,152.99990077943383
38822689,133.42443417720534
46355252,259.62619233729424
12444224,115.57111096129589
42979270,222.60109133264962
77573762,289.5502751536053
14826829,119.23895104684938
28709839,204.96530241525664
18829646,174.370706739102
96568537,131.4346936769414
56829547,140.63441443632388
93979772,179.57908784369977
17626588,350.9788257553957
34011504,321.5085801057112
52636134,207.03517885203772
91687348,228.59821138700138
36508418,144.87058908741108
82621948,204.18436800814584
89318730,146.0915377841971
98717167,203.36841238025164
26278873,158.40334072634755
56823412,211.6666011781653
75609163,263.6903930186837
90104725,203.4446210385382
75874553,220.9341858580824
48469293,205.18408028029276
70313722,320.00259339444517
48269879,453.0885014944467
30338233,185.7361836839482
32779513,142.2467913698794
75548478,276.0284582074778
38561257,158.8662265218681
10945373,268.365638701043
15756944,279.6686462169298
46940446,264.7792927627732
24659465,165.60117427271953
88948806,310.3456174249067
34164402,183.12791069267848
79477391,174.4861624283802
15537006,273.25288391306873
88911942,195.25753050245157
96378293,153.98317668710823
76422231,97.06973654799758
12309843,163.95016785152245
96239148,198.26792287629615
86466781,141.43317287039082
49050128,122.95441233382803
14724818,455.06266127830827
56683970,248.4308645179381
98393974,127.88513483902821
84824034,351.70635267802425
92573067,149.63776599555922
73226546,178.0873494981088
61358064,192.4525928932423
59398688,447.9280292878202
14969480,220.36395193621917
80588045,155.17759221411083
95597071,153.9870452238968
54836005,159.91475714766517
23220441,350.37544191659174
59018993,362.3004152680867
68425900,169.68815061383975
96400633,110.92764056312853
32664783,381.06683271793054
37951383,165.5616469343478
42701020,190.63968733636915
23132709,202.33032799154168
36039638,259.4137297713229
14728562,267.4002408956819
62765095,163.1311417910642
90518206,154.76288557793512
99330676,301.3091359329836
54002963,202.4588980873078
80024301,171.84094640182659
83450392,195.77993706096933
80827964,156.35152962774964
22623823,295.4264272695331
85154401,289.59528885917956
92409200,268.0908902347884
37461274,334.17354828553346
39412052,140.43620558155868
99188219,160.90550951899215
10533163,192.7627349057415
16576946,290.2013700005633
10571061,207.41132985978757
11502784,136.98787843307716
10627022,255.83522862708014
66112731,178.97180864008266
12271580,257.7605922748853
19300863,178.1091108593163
42301466,207.73495473352722
93227392,268.87568181202874
13989390,293.89729165771394
83189444,104.3352864574711
88982820,272.1104869145971
86309809,382.13231550340095
93812427,198.06478058367904
79351177,381.7103116526871
73882065,228.26537128644566
85331771,161.4165336500444
33746879,345.0613941000114
90357052,132.15883254607184
42998447,178.37061637966937
42297649,159.7269533742295
74232297,95.82772979398536
68234963,158.75565678665916
79955240,178.9735316113853
33685499,152.3575691618779
74031111,132.13980339190687
81527691,386.7705690377692
25578339,118.92683174212868
36826714,212.6421155386478
66720469,118.48667814513088
58271754,253.42583164317358
79175453,132.5924711983689
91006186,383.72034424219885
75399510,168.57595171721073
65438642,160.5203591766698
72193555,361.6887398687353
52661224,313.2143599539241
40274658,193.94702481794815
63582038,138.1096138397419
95316180,149.4326908171558
31722576,155.85444861824314
51439680,136.12802361919637
92864642,204.24839965281697
24588628,153.172288674468
62383426,133.35267572460293
91245064,203.71527127019044
61715372,195.82189431252897
65148106,243.3617459051178
91441992,173.54275271888142
49274969,113.38457743441462
33917232,190.976049728231
83235081,175.15410566675476
40753215,134.36484704565635
70796627,188.0083670556486
73931614,198.04172763619349
56857736,267.880575432529
54064504,255.51529708578542
20389019,227.70647187438905
57574601,266.47336607260365
16478279,186.2196139923011
68356151,225.41584632679536
99711808,144.89529917407071
98284968,205.88914754348409
30598390,168.7009326869209
55132880,202.69471429077973
34163532,209.73193488090666
40857770,167.64343490204945
79839486,175.01554115037857
78134573,343.5044255832895
96251286,286.9340495557743
46606815,188.8365758903341
53204628,143.78985712015447
39264189,261.00402451388976
66917873,316.84400007419765
75228206,123.71902238863207
57466748,186.35622339217667
75500440,173.69140813715862
88152254,284.28121183438765
88711927,108.96920178142452
71935730,261.4169904087388
11714210,421.0706708520345
99304127,267.5352394711538
79629484,143.61474725753018
64599027,277.20733940212665
71633685,292.46291427767176
14342958,245.1362713728638
27958253,102.41679977842564
61174518,194.78169555061027
74916891,159.62190525906715
72753968,222.90170628966146
36262662,141.676226285035
60917615,101.69587886971566
99306721,213.84160025704446
53075886,256.9297001701308
73928511,92.24051415565991
19965325,160.14015679877804
54826574,228.27332439443063
64209168,273.913574909098
34147586,346.97020885033464
98269123,178.30966540647617
97467622,252.34504646015262
85814087,141.2990089219341
72333580,380.92251417940093
30873738,318.9112887482419
10331403,231.60665164078722
35344119,137.78256350486726
35769080,184.43434011901812
21575135,148.70509207250697
75304823,275.52200191284453
23401574,175.63465080915603
83090193,191.6488660084312
86996430,140.7398275356419
99751646,275.45618273887663
23591049,118.13110637465545
81709576,230.65193651262618
82444468,175.24947643370348
38288153,199.1424914709125
87446209,203.12105659403994
12079734,267.3482881586376
25058080,170.33823638708694
89691662,137.7156252811909
13150938,119.40465677375013
36020495,213.13472790576859
54923182,226.170307647644
28841079,132.59221383762048
41392965,211.86550551635395
17119564,155.84152725722757
57430704,336.7966210120351
36272284,361.4669078741628
91925114,160.43312473869463
74412922,450.6630031288779
65743046,246.01119445388576
48653211,220.35698704863847
36332370,240.45074569911512
85424579,118.45996930427462
95090269,195.53025402964312
95971802,167.4940897953536
86256336,282.4510561884091
31156844,335.91084892576697
37688219,233.17764543065311
82437324,128.80979525750445
21950676,245.27262882611026
54094553,188.2739349601475
74374536,327.77113062171895
61738687,203.92734876708326
19277250,134.09595774357012
84311990,179.08211926024165
94274494,107.36950706625635
89122239,269.8575147066019
97119289,307.5323704140076
29959537,154.03912796569793
22777840,243.69495368017738
39391011,119.39396921765159
15127918,308.91655939875454
47251761,315.34779082514524
20023773,158.55046639649927
96682736,137.73592084445528
12309412,178.8425310638767
11517944,165.49493589301943
59425514,430.39877775930864
28854961,349.2133137429875
63750719,267.8144329739894
69531684,279.70091316110796
73516640,171.2078398550916
92500346,350.4768550546336
66124065,161.3526199177834
28886163,199.91924011511287
19680706,270.22307863771124
83673598,292.65905306870934
85519237,196.09028069369663
37110854,307.3401849882197
96010780,327.62578169042786
51391268,204.29028030838995
17655078,298.4927367997643
26863121,228.3903291240746
30839269,113.77951425625038
22418770,201.19323869144222
88029081,402.35452829794053
27689636,191.80156153840488
58431423,244.73669303769466
43802347,220.44492328773896
83961382,169.76363851410557
27938336,208.51294078098363
35978100,131.69485727829664
89319775,285.46229658062896
30362974,122.6083758417027
93105032,216.70380832042676
20314268,152.84717041340622
34550012,298.5321573227433
28077484,400.95462452636383
64656384,188.02514830893142
48022436,139.4771238498481
40507726,416.81665487908003
10314144,367.3496371369711
81012787,163.7044375953292
45672873,270.63296086643595
25759428,189.57005605382633
13512722,309.35430129132584
96070498,106.42742309269379
21352279,202.90239337796098
54205490,353.3425018166129
44645119,161.58937773867217
37332321,133.93086868115518
54601842,267.89769990717696
60801709,137.94572202238197
28903523,173.3486448949821
79159760,228.40830905725747
20416757,171.77225368715477
38432201,197.88120579445723
60739859,138.08696270873062
89931987,166.4071092674692
60999736,129.60413068012377
43182602,168.9493030949819
89739478,177.3611563047333
50450523,162.71108041041094
73950928,271.2722113747821
12330781,137.03892886954318
50236542,177.69237801240607
34912503,193.2599818767255
25536468,201.14097083083328
63776599,193.954181631842
56389530,308.92744046721316
60881312,217.1766797430026
94656046,327.74170105099955
84143693,293.05147587608604
60768240,275.3170341992351
60458308,177.24559319661535
53948557,208.19671220321524
11612817,188.1622066073861
71889062,132.2466354004669
77172079,371.225165730952
34222625,208.85948594867776
69965828,159.30704753912207
94714430,193.76271569951948
71961534,129.57581402884642
32936108,162.55392962074316
18431618,161.9099171481593
13548537,322.16176056834706
86674079,323.1006553677622
21748194,241.22688568529932
40124541,330.70141213657536
33347811,164.24248605618757
92929218,158.89437933416446
72190892,154.64849906208147
66963455,260.0784899217175
96157867,150.1222063013723
15254705,258.375366731964
89064766,133.6397841622146
85305349,255.50718620337935
58781934,150.36414282142152
42553797,346.5561478408013
18721533,225.01975941957804
58244383,294.0996229613973
13696896,367.2476218346015
65894339,162.7756617373784
61098619,223.74878502160496
26018756,207.83125128154094
59479424,238.92249894671278
81738781,80.7020049289867
91106215,224.11903986174354
71223563,216.3650453443661
95945745,201.8338108046982
91424061,248.1294970339875
67135880,167.3701461115085
15528553,267.63265166552236
33657705,154.64522804271203
62553289,135.830181027378
60993054,173.35037407957503
42800613,247.14237548110088
17769800,307.6787865818991
21401202,274.12039275442913
52155473,267.95650059256
93304650,249.74978269160567
51407728,203.1391225186817
89543732,190.72138407358278
43419947,184.53327012501757
41488699,165.23663274255503
60974422,155.35389239674652
65352047,204.57862487362485
37012905,304.48369598652175
14787203,191.7389277009015
29417973,170.14493096503315
19835446,240.81500793886536
43255500,323.2985045931913
28812691,199.63246363363413
18722953,163.25706501512664
93227004,333.41720641888253
35371569,281.97906376790667
12076594,151.8164923845336
17330331,197.70739083308783
70946197,163.1458083206198
44132847,113.38841520435176
77445263,137.45263810152193
56880921,204.24654959242577
11480304,196.66159025450145
44407005,319.68171428294704
57603851,148.35059193562196
36951093,176.71294849942223
18651476,242.30623333419732
28758403,315.9398274726243
29842235,185.32562792823063
80915194,103.05688265978806
87361082,143.15012936347512
67711479,316.9789251489867
96493355,54.19675970138266
60783295,254.711759228674
56178874,150.4386843000286
36921713,314.6098417937135
48581624,156.32328614521018
75576141,260.7915625734516
20755403,229.1967519380652
52097748,143.2833112655091
30927924,159.7619904075088
52924618,186.42482443910998
23083091,142.590417653454
10593933,145.295623216365
14984647,167.74350705046854
50764768,277.7417890004737
42909851,180.588086115213
47962891,117.19883016332986
24155862,231.98205567764728
96222874,257.31221441512815
76243625,248.30370518519715
83785580,353.97863007742137
68046684,234.02526239499934
35026518,203.8359469054205
21144795,198.22498614305982
42304823,264.871987771199
32449171,194.91220877033797
67804951,193.36365128836093
80988109,282.5562962251781
31562948,334.28543243372064
80571715,201.15404779370513
91879270,180.19901496310288
80331872,190.93302268137774
39788137,224.37044619926976
78186126,216.38423879779336
34300076,149.99052131492047
70710711,236.76310011720503
19520201,83.15557714255725
75968232,209.44189710968857
62441830,213.12749811773267
87704160,194.30158298810653
38039509,199.72570270789058
87299257,183.59349349330492
34604480,255.38301423907478
93559487,316.31976990051317
35225951,184.98213223904105
80500038,136.77388892369288
88587318,301.92108303695704
72460444,153.41570782970757
28502361,170.36113417637057
91781888,257.9476895378206
83528344,215.42432971232208
15266445,191.4666595110376
83532377,274.551400832392
74780110,149.20326235104704
88664511,147.38478837896216
81767501,332.93867898884946
41015579,101.66980069144095
19338404,138.3940857990463
14667759,370.28854210969894
66260119,269.3287607754471
20542479,294.23594048359183
54097170,157.48714175996815
35669653,191.50853032758795
94127563,123.6658053198416
81488029,124.32624240143815
93329952,340.9493385011534
57217043,172.15919299323514
65522547,349.05506746334595
73695068,191.4585881030842
13539769,184.79635271338412
44056017,216.31611644163866
46617581,128.19858390979067
68464888,144.707546669036
45303083,306.27698169717655
86984156,91.22909172087756
56630529,176.72751651926993
78254395,174.55469108674626
30913049,222.08947278462722
82688614,234.5242881317837
88893045,165.69790499354326
94639808,181.2275711474349
52742143,247.0536536617168
64260968,293.752892960722
76546956,108.74434837285219
83523035,316.19242592358785
11013053,355.795555803851
44130994,163.8707930289992
53796074,363.11730465669166
35498168,285.3422816922152
63562445,130.518058374025
42365113,128.6020893549926
54613679,255.75905078381422
69835682,154.7289364946247
40747675,142.355285686469
37071709,250.1437860995456
11644754,324.67024525475574
29456046,253.10690305923669
63575365,166.88794084137044
62030210,137.04794696017166
84640048,130.15885552342775
61377846,219.37502224600303
72441550,253.45575501828858
11270022,314.0240948572899
70261792,117.58861132431998
52404988,266.8255578467982
84003906,443.780144274303
31204633,220.75284141118402
75242666,303.91175600636257
49434528,155.25527979776118
42863318,139.35047815773873
47571305,208.44004308490273
66490879,190.0991165055945
82396141,194.6242301838042
96803616,180.570662750826
10584088,331.061502282431
41994657,160.32848249644974
87186973,117.2092679600559
71213873,172.77153653063786
49764305,149.85552738424127
43725149,235.45905929690517
83812129,268.0194935324051
63290164,145.16515132197986
79318573,334.77597351236705
10844028,136.03104412044075
19798231,347.8494886197593
97056407,118.97533785539213
32215003,347.4292035864729
94765090,189.94504244848224
47235057,223.69105523768508
94429036,168.29434463025976
19267342,155.62468452365638
79884507,205.90595641565068
68548734,200.38756411832202
64679483,153.16815164759353
99761027,259.5692887246727
77538039,277.27062229458494
28035639,201.66157790070673
66579510,180.48678113942006
50333547,145.36394759530822
30957545,127.27643221359573
87343589,249.07398381845329
45470859,109.35196786533949
57383256,286.2139310034711
62753404,131.98041042980375
65906932,321.56106150586726
54060112,333.686013693371
88317327,254.6062561178127
46875481,326.24192545681774
86614127,303.06345972794855
91675434,288.059694761486
83895227,321.1525367567184
86365373,172.24392576440476
19948626,186.66762050386546
79630167,122.20551030267818
89106944,173.37186224614612
46083057,198.26205481376286
96150610,140.54663896596566
35015883,135.6668201656829
69747407,119.96301029332075
55538576,259.0033919064913
97411049,98.55129586993061
11519556,207.16345066487224
81677533,156.05683089525076
60065328,159.43773848735827
91824420,214.16592756538782
72549395,158.33313622184107
75208950,255.5634337067303
54258616,208.96914053141225
28371507,239.53129889055765
33800661,267.3492233602973
94718676,195.5630464803569
98426094,152.1638102132905
41019343,212.1757358160969
55953203,292.47969491428336
97258831,131.3244301576495
12406914,131.85376722013945
54260975,155.83634606566397
17839314,282.8395138224837
59228162,123.45310838208259
53104947,299.71765486720966
13405871,365.89381240314435
30540873,105.09883218532292
10681459,240.37271743906672
88488173,130.78004142841672
11138134,247.83264086821958
55965946,326.80529609021147
21024415,170.39268868649555
98633407,198.23323507508772
17665044,336.92892546016674
52365929,143.19774658479304
45919010,142.68662756283788
29159751,189.5466882422699
25938815,75.11888784200552
31864619,256.4445755499661
84907440,248.62177011283683
55408023,126.14332218497425
97513676,268.46117424432794
71808636,209.38319240102234
37329985,354.7518322386318
66719590,200.48235311465479
19832352,237.448438512939
63673893,393.0649764421189
54185196,173.45143382318992
66171184,339.0050065301034
15702584,177.1320883901617
26362681,320.3802527069825
15300602,185.19749539680777
54091216,344.2229708410549
41649165,195.37762125185114
17221791,169.1713555624731
60925601,227.00649329324216
98579259,215.08308380871813
84327985,224.74118267796183
42373455,163.07296091101804
51759034,306.3876343118935
57369993,289.21311877136907
86174456,243.59675802463346
40095064,250.7723267579295
36904267,451.921314283971
95653857,166.97445468966825
91047161,131.0970897315304
24858933,126.39551010996738
43668504,217.420640482311
64688863,194.8066819570554
19394328,255.63816506930618
90928544,184.5295897630083
54501975,124.67398067979269
55816692,171.15887651706691
54235055,136.62825092133937
54802075,349.2972568589579
44582261,117.58176004401469
30580440,229.27879156022618
53586985,177.75658884483283
45293131,150.82353535510728
61623792,195.43394439783185
12664255,180.99448704434377
99282552,185.45963823785175
57422029,202.41043282225195
95049365,122.84645784105905
44630924,220.31770203924646
59932513,384.2011801211854
79864196,180.44721285374712
38025450,197.27276527552024
43187524,109.34967390257039
85710350,172.73114018777903
39439329,181.9591271382776
11767243,321.56737949368863
40729807,285.1420861373227
95837440,103.46240434463866
62785546,147.1167044257321
18032525,303.44241260746907
78515248,319.8849132038298
64000264,215.61485849482625
70932637,365.45887887343827
56631286,221.04787911372546
82611641,244.84019438655048
14610215,163.75622310776288
65282606,174.85682102540096
31080502,188.92388700636732
66137109,326.46357589461473
55286917,135.48889762558744
19462876,170.52424842318476
37235871,344.6127173769389
53584009,148.15083828833596
99377565,252.9379889639996
82994298,163.63858468063233
64250472,162.08168753997498
61269314,359.1707046016751
26299312,308.5908352421984
97300018,317.17541671215383
74523665,277.2577399166636
19970243,348.31041915060496
14406104,277.4853023449127
87865772,223.10176099503497
12224440,144.65447001871092
62628011,132.28180843260404
30735313,210.2165842206162
12214322,162.7931029317588
80943078,209.92623185335685
89421265,259.1185441353049
72762674,76.72536482284697
55920835,192.9183939373053
95456446,267.6353094817297
96630600,176.70694206143
20077759,175.26057731466864
77066065,154.60190463675525
47856776,227.2344770075318
31685937,187.74571647601152
41522098,266.0261833323483
30032101,137.87485931150695
91606427,162.21551166639546
22900349,163.0081992749901
43552678,181.6434318792858
38881909,180.95502243533483
77508029,284.0828773424139
95128506,163.0053953857427
64627729,216.47079335370822
56744301,112.35278645461986
59338251,195.23278111851528
19662574,180.39143001684226
92971829,237.71528684904172
18409584,337.63899253751526
71760159,197.79683082437765
43660858,267.06256211277594
77997629,151.79188762594475
33928732,227.62975293290432
68629875,210.47103708099138
48480450,215.01060241558974
54283664,242.5384656602687
65942293,217.92525758808773
95573502,326.1509631062794
45086632,138.430383547652
23012000,202.56930507830063
45395839,231.26566976309348
15432712,271.4987689388306
72298046,236.36502946449895
84408769,153.9812954331624
25246226,148.86642388577457
20056705,138.15646828261237
67856036,225.7829331393242
56138985,172.9085159761219
89984541,199.9343860135132
34860961,314.5216096014804
55067089,178.07937062712324
63717753,328.96870300231444
89165138,139.132207366659
22336894,145.80545883564275
23089519,160.51255998610526
74572156,157.20726550214144
96120368,330.23685344804085
70734227,229.98821153936436
43842124,190.16502159570658
98567604,295.60721460535694
54538757,93.64336090007548
40105171,200.21357629708046
12135438,276.7590658323817
73738446,232.18758551101047
62385208,203.6041185629029
56062641,240.00063970498917
60234485,194.93947557355418
37490148,251.98116768998966
73644773,263.54346795038435
25147876,352.3892287152602
98738159,68.25038059987057
36202424,137.31512622722016
90053455,375.63940561062407
34861961,125.6605999164944
40235987,169.1995182237963
25289802,168.96875873012206
72831408,451.589827743782
62725172,205.5110725495534
20547868,200.89370097542815
43821417,222.05105866415852
39911650,206.42996174513465
76282034,123.5734625098415
93532589,188.95009770569072
71389546,238.63148703211633
26491098,136.22435048216812
63364173,301.5198073998297
74256814,189.35466246349125
35509595,159.77000314423847
18139863,257.2396629751833
68577776,225.33827476659567
29522715,275.0369733697111
77706518,333.6880819125743
14006179,200.47013591933367
92579248,207.9289407491946
59229974,193.9694811039978
62295609,274.4183047499255
84259414,229.25195735169598
47815936,224.4725158728731
81563963,270.26502867214697
13005852,195.10918456261007
62738558,165.81744147329704
57070759,191.3838916608879
99600292,150.37613484140778
94306787,307.5677503868904
95225104,169.010563163024
55330216,145.93702156644463
36532262,146.33523256633586
46565446,310.3579390823327
49087723,189.93316636627873
59534453,216.21410160719145
48055811,152.36992378680551
88400730,155.43277948220864
99040799,292.558912470102
54783545,117.22860905791974
51521420,147.1735287395286
62125112,223.58316547873292
41533842,131.51757773674058
37548888,113.18883543095667
15800993,276.7050749765298
72777210,225.72903527530875
27213732,267.4809265475724
86541928,254.1663283180368
24899277,166.8009334272578
87153365,178.47069882345932
29377093,219.81924949839907
17126249,244.35249655551576
83735200,171.39102439480902
75294081,364.7719907041933
50305812,151.63205835216903
80598326,137.10366344845076
73085224,194.6303202569431
36011967,159.5474465759376
27344122,243.67998683583014
65167661,209.20608530550572
22697886,405.7007835344058
79772982,175.60794959226854
75656583,143.32064409827262
28706133,114.26326209556076
94307664,220.03325178670002
79181014,138.5382328246676
64940514,331.1158325546499
42076518,213.13942121116105
38290514,246.2638697271458
12647465,268.5500942548381
51615379,220.94842985185386
58583551,141.4591516348785
89324282,353.2609917130851
53391853,156.81071346274885
22488467,232.92316973457866
77912827,312.0535322786641
92699296,250.85637453439932
98391080,160.8190957179822
25085429,178.62389523404698
58232338,360.4129331566944
40856740,325.61571729777023
86463099,380.27822179145585
30661871,161.41741700497602
43294411,236.91620157335615
95379944,140.00037708383078
10473693,155.99570001906056
60542399,326.5122980254864
52521598,105.09108673741767
78214020,186.11070884315694
42119756,165.74283451383647
74645008,263.8994160359966
68736704,286.5148968348804
13851365,115.34337176882136
10956933,292.23713374997783
76588396,279.8012387014495
48664414,226.93250800531098
75409758,165.17868213136228
60867152,189.3962155074852
49408128,390.3899148532074
32398201,187.17874180660888
33820657,134.7880404999941
99096183,320.9103502297339
71729207,156.24089623075866
13424233,123.81064180203397
69313487,325.509022765327
51427900,145.8841723344006
20461232,449.92955237612273
63893951,196.0318555178094
93871936,153.6012279222228
63699477,166.18030465917764
96362629,217.3397216287129
53928117,242.79979819235257
41164553,158.6401955257484
36908648,313.16808339912166
29666927,168.89219278922974
11938394,283.7777945974847
52496134,117.46293658231811
32481667,193.86123914666217
61487441,386.1510757476285
78992007,255.215291967273
52895411,158.47606566034386
58726779,157.74169605371426
20458217,222.25566363832118
60265538,185.55636294949548
48479448,159.94991171578855
72404425,204.8725175965641
91400370,201.49688453314215
56260955,112.88579374067362
65491665,207.89754072008685
11663385,131.51783141010154
18615500,337.96406614562153
87935522,120.0511770188033
58889457,107.88195530799089
19169471,220.21327249050807
66133962,267.2563140804617
66731452,265.0397401176745
39410896,187.81576933538625
54940054,205.03026608227725
10662394,494.507589408096
80972130,144.15356904717726
45235634,296.34310676800317
32971413,311.7294562627663
79283360,144.78792383285275
67055260,239.6761799045769
56118755,186.71376909266763
29230461,333.9828986639394
37178907,242.06581553282132
80400106,182.30854813681296
67091284,325.2844354338287
54160936,257.4571238381395
26849200,174.68104315587289
49585462,245.38586686173494
29429374,126.05773835241513
95616903,230.29267821939388
40605040,147.0747165566359
77364221,191.07928551528988
63366619,259.49851155043115
82932107,173.8018192624132
11504000,148.54203419178302
66338948,325.43301667940864
17704772,286.0240349289195
70406271,147.00201542922713
78457345,206.99841509731402
47160363,166.5278516855723
76792443,196.21321966459175
76133904,144.22012257250572
30534387,145.2215021889861
27949452,183.51449707197293
98920505,189.13908179865606
79101538,198.4737685827876
41201623,147.03199137423547
16952322,133.90084888060147
97020909,205.90734094197643
76043497,180.239565442526
34495964,158.77823690476353
68971691,158.40199227351687
68553106,213.22220586362414
90311747,174.3984816972921
89361909,135.14393078723782
20406930,197.57280903073124
38933836,230.2117975903036
38377549,261.6370572993956
23346090,173.4212174110007
12625694,327.482434989957
57311677,228.85653103882964
53924641,191.23011427462595
36865701,362.37539402333886
22626294,237.56111473118122
94697405,154.35622422879675
89675917,174.29922116946787
28055737,135.68438840741513
17371555,218.72950313319805
31452123,176.47100639069185
39910354,183.78056370201872
16661684,108.50120075463116
11696365,316.7958366458912
13890760,180.75798906484243
23308655,91.4100327487794
58265470,92.16301554943095
23915393,196.33219069456038
47202387,284.9297037391065
63170132,211.69684840623623
85663208,231.54127879897274
11731667,100.21416101124886
96387342,281.37599076573406
56912577,202.23000282635113
96546739,205.2377879914774
56118135,187.34563749860212
65848480,146.0134588351434
29524312,112.83772903445906
61207733,287.2770849460983
95068416,79.18572071094702
93730714,149.48281820036254
58209441,132.12361294669284
77468100,170.44178797568128
94556768,245.4659375535016
66214153,202.609533639307
63178801,283.72949609376326
47025809,387.3973849261138
17223815,230.25553977042148
26808769,190.59507633922638
25114626,316.9881904206944
33184251,297.6431460378453
38562723,157.3572769465808
19383477,171.0245526944396
81390291,148.44816907961408
20998216,289.08065350387454
95233875,283.22557433563827
36756234,209.91622348763275
80596646,232.21556722130464
92304937,253.30045054345698
37613954,182.78268748704824
58590718,183.0641207727024
53992915,156.09827031540695
54005253,111.98532554763261
68781482,176.54546658095475
70720914,98.44006045331773
29283338,353.74707365108054
71373910,198.09139793683087
82737999,124.75407982592549
38789318,91.89098894639191
50526394,241.04051741567397
24047944,183.80030005925136
56710540,192.60809008455092
18038779,284.41071642833657
87817642,273.38914358716
54364617,216.10991865712944
49277751,164.29254410610048
50647092,274.7394369960616
74938295,311.52064100741666
94151619,236.87307387384033
14146499,191.81051990401477
44114070,206.62053026010253
71013634,155.8959494940886
92727921,121.72332660548577
23408005,172.00916569890538
55353418,164.2996345877657
42627732,239.85326088772564
52380113,336.97960723628853
76380932,511.97975364323776
85051446,205.2066247797605
13441812,440.56429301317826
75634466,289.54188557953137
77418032,172.2877356900337
26069913,386.726772219546
56951161,296.91526454015786
65568116,181.07591425909837
61527594,258.01450545411245
17428821,213.8975705305891
23710142,209.20717738685906
95218141,197.59847732460904
64929695,167.37533882573672
16991389,243.09679458396892
28240625,311.64940597729304
27547150,309.1981309195575
66381811,190.11536085196727
33749942,168.16325072639268
35190059,347.25410073971125
63026525,351.0361489603864
52393671,178.92587883560867
32813270,273.50979855245834
49072955,131.41932465359048
39300176,210.89911164866848
46915044,207.51145394174085
59260240,247.63172966767598
12697027,151.74654671656657
52828733,137.93712206804506
73335938,325.9110724874793
55961268,215.02559968873865
13325471,177.9189393977214
29398613,165.4452698232542
27052291,98.6156336853265
15955952,284.959052583976
23271818,299.59568943597174
99724134,275.9540545003414
24071058,150.78188512669084
31560904,152.78990229223024
65419988,147.8313527628422
15085530,218.2022096021368
19942722,319.95997948530305
13275930,269.8087092554013
22982323,306.0578657264896
36522599,169.3620979364665
82021909,268.65474879713656
68645790,288.8330158136781
54788650,105.87397152548668
42678082,389.90774273941133
60925510,179.21926045317966
88286089,139.61934849975833
58263484,199.32234099985146
65619117,186.49690880159213
38104250,155.14504243160758
13756583,319.4605487581495
60053914,283.71918377010184
64871810,190.68716475729468
58457956,221.57479718168128
46159970,164.7957315611177
68250229,168.35363437193476
47390028,305.49128529267307
32969075,213.03814151130706
53581810,248.93503351642389
79530731,300.30141870354817
24487509,206.49570553315053
69933962,205.52567353936675
65663302,311.5356127228947
12423653,194.80046511341328
58871872,156.8714395829649
58171151,210.4256682023985
30617224,314.57256347770164
69106909,137.75684481897542
13212070,258.98812627724675
68351771,163.68956318481634
87624917,158.20689813683697
11970895,171.3855325911652
44431758,221.43458579352912
16633955,285.10001790576223
42590404,229.34493764134592
86953915,326.9978754598385
15250738,216.77293480202133
44832140,198.93131477727755
73698594,218.50627590549493
42128660,186.902602240475
79549553,156.82042495777142
71619272,73.44339783296793
42016649,347.63983645501594
61877206,176.97580584393037
56572912,173.95996553635933
71598751,276.4288025625132
34544077,249.51171233578532
28672236,235.5518777271798
68689312,194.06713398187892
20267244,161.8901480598836
68781454,435.63091644292547
27270801,147.96376321358113
37219515,219.2944753415071
12011866,106.9762725370305
98392715,135.46630484260652
87201351,398.10979445099304
14908777,310.9328050218541
34723195,150.2966726824856
27339925,206.41300730388966
65420496,130.75892271569535
40933008,191.61881646719135
47440503,125.10515712012106
94970875,136.7655302332885
91029594,235.46898412540992
65336637,155.42943595672136
82023374,278.26975817877775
11380763,206.17014302246093
99699540,132.61970708147794
52649545,138.37824646734106
46299510,207.75940040165972
71452565,264.4199495520431
67641699,160.40607992706785
12714684,296.6272376553335
60016742,134.68390439537214
53641525,288.4227556242912
43542290,159.48728068147173
32126954,372.2975105743635
38213318,234.96326162473574
19971849,305.87779011569836
69256669,222.89141238151683
23756854,147.4830149237514
62908704,135.85048282533626
32399173,168.6685105038158
39238887,290.8590611399196
94428578,271.3882221093894
52458139,215.02796384959575
80574227,172.27763496281491
90487261,196.00248496992324
31852005,236.84163342153118
24086418,292.0270451937297
82209864,144.12996238273377
29014855,115.34525833174123
56782601,156.98347632152348
24702075,194.35907261393322
74660449,184.64432143940454
40117654,122.56761452446271
60385260,347.0377936253366
35958980,237.8513196317038
69458629,147.63160551765674
92886159,313.04715263882406
97734269,126.13558649076066
19053695,209.2770331681113
22371112,281.98520935117745
49183639,265.61291609611436
53526975,111.25551031376139
26290335,230.01456594955823
13359830,400.60201044943256
39340686,139.10536850501916
85521089,166.63916864025305
26704193,349.83287951173514
86626423,246.1947545566652
80675333,204.20854026678737
38369741,154.46609358998376
10428306,188.2201731032147
18197840,152.469648954709
78586780,150.54876721206625
40311310,216.25270792710558
51507375,127.93431156138433
10857110,165.56744303529268
88736789,197.07513240691802
10823128,124.59494573629554
75933085,314.357340548087
87766438,169.65616735454424
64406530,176.78700739481798
33833037,323.91839260147566
51715740,276.7118996325345
59611801,122.10852019536368
74340374,300.60733521040527
55507333,210.19860308037727
10416536,312.7247679065391
43556040,98.57609371081637
63137873,434.55999817385134
70387789,272.6672511935293
29408506,181.77088100011736
38244388,235.19769353879755
26541311,152.3334716940374
21032019,232.23491242091683
95710332,309.452427586639
80660421,211.94508969514283
81086775,144.69964889556763
14692465,174.27464272003954
35590067,176.32660341266615
37534494,184.2862803366456
46669694,206.57919135539592
68379291,141.40568279742172
28943151,135.28367287351418
85214973,361.0895854596151
49160221,219.7217732686166
57027484,246.1623173403406
79515834,172.307547892369
48903593,391.32908439629136
49944843,295.70463595451736
15919205,317.1385598303993
89043859,377.4084952978314
22557888,310.82420254614317
45588391,280.7747207956217
67323319,192.38147794801117
67813677,119.3054122575903
94570366,167.99918114086688
99333664,205.8422003522481
62452475,295.61916756878196
27164888,164.09250782666356
13777597,379.4485043175802
58863729,192.8937191699763
75372835,333.4880833773119
46531922,207.6434983905538
22638297,91.56539768519846
43377425,238.36021157549422
45061752,125.72699510744529
87232001,185.56159559362814
99721166,279.6102141418907
63930988,263.97636375992056
67323116,122.19021840331908
90199043,141.21163620038598
16025812,124.82925669799924
90192151,284.1598554028751
85194090,176.02173163867403
82716623,124.94634244498492
70041588,155.20160215131403
10909503,166.0940150417121
38910820,172.82944713628308
67605038,146.31075140979624
22421268,234.02068170647107
12483701,160.78924826754303
99756084,203.8040675107296
72806047,119.36500103436168
82569264,162.71871441153345
85085562,147.85040862699185
51688242,219.29830872464515
67031304,130.05633720025543
67620733,221.7955889725941
15399183,153.39521384880834
83228475,362.87084201291975
59551778,173.3649070053517
58024179,394.9537936804179
67130514,192.3917640009891
36292117,219.87585958201768
40708056,250.57759422832754
16154757,245.6107936357614
56077131,306.9288790797331
24589481,312.5633316584542
73507348,315.0622239318118
98283340,261.2587042689988
78682956,179.72762205110524
48031966,285.0622897022724
54069937,195.56275770921062
12509398,227.56933344702352
55254106,315.7495252599919
99797445,170.05945634551833
46298966,241.99076829976997
97439691,282.48549746925306
77392495,146.87168006379375
20307174,349.2586366940908
99295729,184.57774375733464
13479279,91.0964260722931
57906842,361.83706168140054
11957267,136.92025582432876
46011088,154.3513282335222
40051988,245.9409220836337
76565808,192.04918755992938
38007540,162.156950506978
79111798,195.8570919500501
44170417,176.20693999562184
81747003,289.0645865556674
10689207,97.26571308176632
68762949,283.23993419440563
41533253,170.2023284627698
72624609,265.5232001630464
95729378,357.2308460013686
63404247,336.84414850665405
66851416,158.14008281365898
52878792,214.52526359375005
69816189,144.39532415425936
93215948,213.66319563718372
82196067,132.3548940348349
65951347,117.91437415010529
28150709,321.10779169929435
26445964,216.4646988118919
59886188,162.9475269428475
47858132,203.44663967924376
10617528,455.3958943797328
26555436,174.3938939367355
75176293,381.2902996674344
15592659,210.9251511944053
17002563,151.23984813616383
65418918,218.06631340871908
50328250,81.83202917586745
29587649,185.38701375105884
58771361,153.37308627724425
11138502,328.9692284842698
87806628,179.3296605031276
92541302,154.7338236865025
20045193,111.27167111396426
53943287,201.13746875745858
72973012,221.67213009630348
98243897,316.2849231000658
50425980,154.42590972387177
53891279,197.1404638603997
12653293,197.49239068823036
79516817,140.68604349375713
57736550,152.9634482578619
68504332,135.61791164198848
51418176,273.6737206608111
52844688,213.12812023075708
14924228,200.3222398466229
17385055,143.91741289285665
48584675,112.56710465698751
84113591,224.57219103391012
24176804,461.22033927667854
42578288,119.17968253292342
22976178,290.633708607606
59427067,129.3651706265954
62214101,109.62546879295866
31095835,302.3688010668244
61084952,274.32132773560613
24538640,170.63958768093534
17397516,276.3903924303196
53588939,213.4322888850428
64801503,121.78620188988288
22306102,323.46053659528565
73464976,251.47723473123276
25265317,199.01605409870768
67321055,203.98019910537664
52652991,367.18834807295804
77364707,182.87417922483252
28941979,334.4574290001435
74248679,320.4550185487984
67415672,153.58920850583988
80048641,198.37283844998612
42348096,137.7368597980331
76460518,191.0275019883034
34956566,283.3369016294124
77002192,243.93956537519963
88577445,211.56436770649657
38297974,257.5763334433023
97975641,201.80911751741382
15692698,457.14810196146794
83507949,209.6560539971303
91740530,332.5167941880211
37895673,113.70252125460156
19139820,226.7431327393058
89742287,187.28618977254015
63175133,324.1993376175702
52867973,282.0771075755867
16690451,170.68908161617432
37055011,129.68743137197598
17248647,203.5161792853595
17328412,201.48948047041705
63923102,329.2256862066245
34421040,236.39064923060945
99940233,130.41650127578066
45814646,204.75396658417998
58613984,194.04134273502487
31285738,174.18287217333665
35071743,304.3623569967858
52223959,227.40665411699794
61904367,133.98873614016077
31525138,153.0526343822313
73171290,163.24036520214239
44582195,231.35529763428474
90109527,127.27371246224467
26952082,126.7263006332506
53620380,156.051344509638
94287883,217.40120620231517
77186365,229.53118844676086
33864808,143.5408244592542
70959138,124.34316121745869
52099246,286.2955731034956
22249291,118.31677753250732
48803280,266.99711156988377
89982531,203.3036215280607
64289923,274.3007592601437
22000557,191.723168541118
26219747,154.32989491659933
31130738,265.6471471324369
32445244,171.58179126058417
75236281,144.41815378680954
13587715,303.9651812079226
52514750,174.88302636452897
90786271,171.3755569237759
15005065,129.5259039395527
20097518,175.52502479863935
50625868,217.64345592301675
84412981,169.64702573647028
92773944,113.18960801726999
25312123,117.57384765821341
70396417,121.66403519493343
54865863,201.3359944612987
35803808,160.57305946287295
59597265,236.30328830756102
93311848,135.00539137846988
32340446,212.57895446589237
96794801,169.0508886801537
40380864,153.18902225524596
82007689,139.4508460665545
84851707,202.04780448058432
83174692,159.1194004787195
59083400,179.8340009560404
17580169,209.66292233617997
18219500,118.63277892637835
87811781,191.3075811096684
14088369,152.30442097351596
67659430,170.7546643332903
42456496,254.0310725023072
87353322,270.05365308090126
13917344,145.8505015869681
19886405,186.35636443843057
77800166,388.2226510530925
77068569,181.4739081322444
88362858,159.88669046813624
71241476,313.4024347997168
24814654,184.86089710695435
46691706,237.11919637653705
79162545,283.4730736007176
42908985,139.76292497319628
74936566,176.83268548550512
19620916,130.934741932995
54347722,260.40078116956914
90271799,309.25017479750267
25414359,425.16140750376775
35809369,249.60898801272313
57731323,189.50517413966358
37887687,272.66313086441085
76623206,101.34690482486118
69954876,285.2336366668647
78180146,266.9615798583315
90681578,139.14737661902694
41794614,96.34373922758896
83295852,180.99278219500215
31156145,203.84759425446205
62711916,285.9702620716989
74676618,115.35483050243948
43248708,249.57014361874658
69180825,229.84214842229244
75624999,134.75042969604743
37667208,204.94554290494867
77810578,255.80147970162457
47115768,178.78673678548765
81589304,317.9347951573303
74472711,173.0386843725346
82711188,191.62149826445958
55272778,165.1941928645576
98229885,195.8938083125453
70058028,156.055456706934
90729377,186.30020199357813
13401279,271.0755778787945
85519612,459.53120753378965
17006769,231.09892582339108
99888523,182.61491614369243
22354297,334.6033980252778
43508583,198.82985836373086
96795828,134.08613189396567
96608998,138.88594116353838
67452091,175.55353712094436
40571985,427.7551893201149
15232782,330.3588749910126
86789043,176.7982239605698
14046478,149.8280250766779
45515801,183.63699836338253
26318506,413.63092434820067
34584473,144.3584449416445
15369631,178.5674793148081
26479383,191.0890992378978
81346470,199.19496119286597
83197984,62.5529429007444
70331904,221.35786045612616
78907246,245.75170980474823
42709019,360.5289920937664
97184353,153.75699076264547
35589537,377.71555654823476
83942112,230.3175421349136
58293013,209.60389254027356
78567689,203.6667777083669
88610012,174.56189971175758
68628621,137.77484445870778
51584806,114.22343267840311
29419986,133.50037779610057
21476578,194.62625094899946
77370060,159.9963459657386
33607448,380.2526750465072
47890072,324.2818468351008
11234362,135.04247145066316
70681971,203.23333636692502
45196219,225.10847216854435
58136807,124.97021151947754
21383428,183.4564446752239
38088367,191.1950261693119
57071133,237.69226207800799
83834449,213.84576724936093
72194210,274.0504993841973
14582584,314.78336713776207
16017322,149.51558963127354
18598541,208.39971369190508
82812670,417.610735793886
53563234,297.39265773991053
63779141,202.60137431814488
70854456,244.55000375455725
83535660,151.87557468510875
51099419,141.18148503977756
30503407,424.9880976666208
90802363,255.9419912607346
84057874,130.1963225524288
93637941,102.6961070919084
33888588,164.702001748237
78183407,181.6801456190367
88497510,200.32715963366
88829918,297.8828934103692
72639649,316.1164295590253
15627595,205.78028354499057
68832460,242.22163474287726
31734310,168.24531735679696
69212161,122.14743079351743
62980146,159.26148397098476
69972227,218.9755847132078
53162285,167.71222396704295
10963473,212.4855776791197
65276908,184.90725549683455
72611634,259.3218823707857
81292347,293.64172147916054
34705944,365.70308352176426
54322977,107.85774538192548
27155431,222.72767647419545
61373056,242.37469048208075
64530093,191.66103068358066
44187538,193.70478842634017
29110806,124.66792453116885
34026881,422.31209109090355
67734035,207.457436910985
90355788,194.42151827799083
76930932,253.49637414838776
31194080,129.6093332177239
26948420,315.0517113425009
60117998,225.28996957918642
23540580,197.17901386656234
29255361,146.87141041907242
47322059,328.6954757917071
50570727,110.21532439585678
71874386,197.7091001395254
27325447,178.73177827988428
92986477,209.93716601190067
27856293,158.6673895071176
55159001,249.81111267802947
88660196,191.07680205791354
82148252,134.87949573775808
15421314,310.1404737776862
27620141,155.0044680835513
12348320,153.57989568923
84344897,145.6578459960085
10950855,133.9617748396753
44290434,198.72733040899075
84843689,221.8860739751299
85814690,141.86727062223588
60406086,180.21275362374666
35395832,127.92279472812025
54621645,184.33171555984944
29154162,109.28607104783555
40230589,265.33954783350316
46902130,162.4760516520393
70579622,196.96308780380923
86272378,120.91074224984143
12294631,188.13296957176217
29412564,237.42308017216095
88089176,298.50813047707993
91193188,211.3700657610051
36523137,337.0540862566317
54050884,249.2987772942092
19187985,262.95077941553393
91884750,312.8390764110482
77985469,149.43647335680436
19362736,403.57953401981166
37641826,148.76947744697046
17997673,156.37543340627406
12296621,109.87527281173051
94210085,128.23998467173635
84475360,282.51170199317437
44450631,147.0379587077385
96917819,215.43533204956532
76581579,194.97709635351652
16376842,168.0109994325807
20378565,259.3442407843669
67149501,255.7792141234046
74149592,120.20965675326018
55437574,196.45730926597219
86258875,155.9105460680941
25154125,305.9121425099409
64289878,102.18627728328411
59484061,112.4885541645262
39600891,218.12635831952167
40907835,118.41468037649813
47183606,202.27050253145347
71132260,306.681593580434
19424487,476.864834026637
35720925,141.69405513058553
74210516,153.06948867194728
53089641,154.48421438969177
27778699,160.39098494354104
73489375,396.0894362906248
46042524,189.82443773511918
59554727,229.93316926122668
31273971,199.4435646798152
31543147,149.70127266160614
74490349,177.41515681752855
65190591,310.620516801436
21122660,264.70918233598746
54597323,213.7494899568582
77569150,187.71709449427416
68093533,313.9531177387498
87099884,178.2309418327311
64825958,271.89066028758816
27545112,279.97098538063335
87791632,182.6894763282934
93384265,327.73279135685084
64047299,194.55317383759464
23357980,178.4741614035695
88585802,422.35870042193426
26754357,171.6661628749558
99964380,166.15651339146117
63611208,282.6165721581428
10618556,249.83082459080265
12155276,148.96612111488307
56528554,244.75506528920417
72203638,230.005768752159
48174886,227.75143077864777
25749233,215.96813207218327
11912269,164.20451030951378
14181748,296.18749002135866
77013810,235.63905452293145
59885886,201.74156317894065
92982194,167.6302664255439
88065861,233.52113819656523
14857189,177.77084344186088
60358916,371.25927197580785
72265262,360.0837329725233
20471623,207.85153645425217
88951362,133.67362758965916
22364003,265.02295282990224
85137999,315.1987194071105
84176549,200.87037538530606
25849299,117.51792167380746
21233903,170.53652055786435
95963515,206.83685008902566
47630408,274.580702470678
38763223,121.98258345117436
34812513,137.99096498452985
77372953,306.3881779873593
74724495,284.9213275444414
34162435,153.49201013134603
60046268,234.10608253415867
19475755,187.2478379465508
89620481,267.02760273906944
26981207,171.92653733081133
13918048,193.6011494768565
36590125,237.44386402137275
78119113,161.34410704729888
43245514,98.32017102439391
88082339,135.30724906221326
62738760,101.83773138071514
55254407,130.539700110225
85112378,157.45219827317038
40490983,137.4618554613896
44048989,227.507649548965
15551565,164.77851540603854
27681538,226.60544921923474
98232104,147.1505563542356
14018289,194.05034494378557
82522150,245.95137178674815
65483357,178.84846986047384
94158408,228.4908001266381
50266167,178.68014269895326
28805175,227.74309038550865
93929668,245.2792658152687
15540290,269.57963587609254
98661090,200.74416958881432
50074109,206.39834358516774
85017115,145.83181885752975
99914220,297.7492493561377
76334714,211.07695723849767
38140938,173.29489280107396
93933852,204.72512258434907
13190892,374.55703800408367
67747085,214.52719053567472
96389355,370.52295180829356
42380180,248.27470659492968
55522772,176.6156294259087
18839853,176.84758877428766
93030803,203.68228699438131
19574384,193.3872566402898
17501488,142.37843528929142
92757638,274.06411823832
47546392,179.19335030928946
56569095,147.01555383753225
34392418,274.1201880938917
49367171,245.0970890820819
37669142,221.87658607395917
33580264,246.27674696163592
52617381,249.49676126397785
13011861,315.42094995045665
97498208,169.30393397985625
53388262,118.63155510965926
63018369,163.59779464206375
59266953,153.0244714590219
33256210,171.3878744144969
26585585,146.59517465034253
43342989,354.82353580593906
81962175,289.8277361137816
54752385,177.01409969716826
12906623,343.2198584607604
12144505,236.93291954443754
47329191,190.43618996389915
35302686,183.14092011869
29541158,220.04050065475514
80447228,131.18333773348652
56399590,95.55598792882004
44327442,278.11213774847704
65756284,368.0164688961712
13967851,319.0491905382402
33766889,168.16963241573953
70886578,180.59010990865283
85448456,485.9682137446914
24208719,282.17687162951773
72059158,245.22518095048252
30666083,322.2934837962336
45090209,231.35391398504274
79520644,274.0736635946485
41015799,203.69615603042217
22610356,256.58995650146886
46940244,195.63882048063823
21443863,128.76733399706862
63769088,302.32361953478113
32298027,305.20351872211904
26046152,352.42782528948123
60326272,216.38057468479371
24693880,130.45411174026128
18317166,219.48616696895306
64265688,195.2126084734705
27910854,169.2904574893355
56810750,175.9092590649698
97007881,293.5982339764253
90317702,203.14873720146034
81231529,161.4339139273651
85899649,260.58464835097624
92087175,203.0274299758418
24070483,163.69758217392885
87629146,245.15276374308058
11101794,216.6107282213386
67889079,280.2868267231782
25576186,144.74435962480402
67657245,180.70021225898057
74992266,166.19991429623468
83091668,255.62288143777553
41547362,155.40891082851573
75141878,253.92739849704867
11562295,202.45375000232482
23748006,208.17644644551942
89825179,207.07841097061083
46505766,248.20635198564628
36098274,151.90346964227663
61326956,235.6340272744864
69020339,141.73310973676598
35844282,187.06987939790636
86014291,158.4344320330006
72500654,277.07416323165694
11567986,177.04182847769394
95910506,156.32128939910194
73565600,183.17874928270763
83729347,308.2475256191192
39689433,359.87172083567623
26513864,279.743851068597
20449852,224.55805939455567
10382065,193.80740463534588
61096786,234.35906104095977
40823824,186.4567825939287
95687753,198.74428862838684
88043962,227.78397481256107
43192291,198.51894852631372
18631499,374.67257584911033
27194752,155.10869568430195
48023684,248.10500306903543
76180232,121.09515347570182
99345059,316.9426219608696
46554999,235.85237201445665
57537267,99.39605910656832
72087202,160.89757739023722
60008708,212.1376325336667
13534295,243.27982988082582
90971189,164.79251371062136
55662480,140.03062652697872
81189360,301.7397519143637
49401774,276.8448294537749
12131946,394.17144462550766
78732926,284.41637886746304
38392538,374.0592594061846
64273801,197.55317546847778
62858255,188.12085729807097
13288053,168.5031757642667
80940080,158.5562831579697
73197703,166.80056792944157
88918806,227.91251638872203
45088467,257.8644065382717
42105313,201.08320224105253
51515302,159.2021359676293
85071892,372.09888669704
23401512,111.77004966761328
70514922,184.04986941006666
53367560,284.25933773057585
30799466,378.2511056150593
87442307,222.09115436614067
84081332,163.9302896832858
87505658,207.27870625151985
10151086,324.69826343311166
19254776,234.49110035688838
38019521,365.075332491105
40151098,139.42653506389075
75965212,212.19595456039664
38667600,181.78357414856256
55646285,127.59338651315535
35548301,176.18818928805462
18737005,249.9098249404451
76771390,263.9862505726754
23778594,134.94235861567986
63739797,149.43865302954148
40559434,272.4011297459743
15970404,132.2195894934446
41963393,187.35531935576745
36850376,340.6026446441316
30703622,149.0996780155506
53681130,170.24826205796433
52524172,202.4483120212642
78986568,378.97598129604387
60868659,199.56654770217534
55970571,140.67770436072607
69603000,193.3815562457246
24475423,159.74207811891728
30105284,193.5100893537611
42638975,255.34855233994324
54205765,272.74723127266765
77026950,244.03342834350718
55738198,413.0445232173395
49309757,195.33558947782782
52256145,311.3210611662696
14972722,252.57061952916655
47613103,193.3655916615828
31244414,147.74248433276836
67669646,326.2125169142914
85221335,193.58656482738974
29598209,204.0982457346969
64960038,154.36448038813586
36072721,151.32452109976737
48855526,184.47327722945624
40290168,222.55420761642807
84094689,143.92200487835856
64780070,89.00543747447436
62238032,178.63923608849552
44102009,228.69051325887307
13443938,199.37129945095379
27288438,129.9285979622632
26505769,268.5549241011546
62425735,195.6947672722512
41742405,234.02414897865376
35508108,162.21495847560192
67267851,320.3882705433345
65786198,431.3127522110414
69652252,123.46238640175548
78338794,219.8611530521467
98205508,258.1182827978765
90079134,171.0325369452218
89240929,126.87183466818827
59365630,381.22229229795346
16423455,294.66623858775193
30410578,180.13118525480462
41943183,231.14309644026696
17181615,189.28773329890745
31537031,168.16780934941707
55634963,210.36873105498267
14790401,234.00522477194323
49470022,217.65987227441857
68137744,209.42804143313788
10800640,175.891742043928
82878129,126.76300482603632
98099360,146.1174617378414
36414556,138.47727247392004
74858657,121.24281019680694
41406039,144.4103521574037
67297495,217.98912964542816
98019387,152.0767912742926
17133275,288.3723072006748
44434588,327.91569308768874
23385843,237.9071065856417
51805988,168.15257834390687
65443150,225.17381502192418
77624321,304.6696256612971
80056192,294.2028731018318
92008819,137.2533174418869
78973038,133.74354670934213
36356168,208.55832908281835
23051465,226.54074011896498
18225590,309.4147120300936
30705007,254.71889511827055
51916309,167.75816207898578
49014177,264.3347404595884
46939883,141.1525327963781
27552020,111.0034060309455
76064439,306.005141820661
42732794,364.2450474956033
78185687,252.269832777047
37150067,199.82657033033848
60216204,309.0645606173006
67861895,128.2197290954485
82668831,101.72670781560463
26865256,346.4255712891015
20296005,440.4854078202351
91164112,230.17757255061926
48751412,197.44650202054558
92672083,185.69281215007334
66451503,105.24040387495651
79223008,152.15203805419858
86295795,122.06746550160491
12188395,230.57286208507577
33148873,179.64642249503535
18236078,276.05907038303303
53763750,175.05851471973455
90278346,231.60019962165438
23921552,266.47485875570754
60806947,282.31233351952835
87988487,139.95824841215043
33594333,133.6057465499488
51767697,187.28986451131144
76176593,166.2207285889783
20106678,195.74023823430565
89323122,193.4419688592503
15084276,163.96408491725043
46737280,207.6142689507733
27725859,234.5368470412141
47502584,297.67625612710987
89375361,360.6877147381177
54279167,260.93785102682045
62834953,165.50792385085384
51358955,120.44383709939271
43105700,241.06377311819855
71610282,222.19205571468927
79952909,204.34821591942898
86913278,280.616864920076
72344233,152.64588049629654
41143291,281.1574952105543
47312733,235.59172643409966
73376655,212.0454189321341
44219943,155.82335216402925
18665144,246.72114592157632
38016360,167.44423348594688
50277432,182.25904080973422
14668690,278.1235718421127
44041678,235.64834608729598
68597599,329.02437101674246
55600173,90.51771983947475
78109218,262.57663523430915
43432402,94.47126833877796
57793276,300.570990622889
82143513,236.39651703447043
13373907,173.45499589158007
78336625,229.53955548224593
51821030,188.84200859279431
57620512,327.6675145929911
94840760,286.08212466198233
71866671,262.74753158869737
12967437,246.2772760668516
94620585,214.5240270860444
45148967,244.00471698970864
28096166,112.84984737964774
76948857,456.3759097601009
44584760,150.65479604079113
36577484,97.80721569665057
63103602,168.84004429891948
15647671,390.9371601501659
86020607,104.81707312070222
80235014,108.58915208456993
40496834,218.53387426487308
98549441,158.28795823923514
71915619,243.18526079313423
27813348,220.53367430739638
48090735,269.3747573332177
91818207,328.0841655085385
12597429,142.35076721007977
99318296,164.96885465142608
38085169,168.7662818125537
38823071,220.22478979893364
61630311,123.70698219664524
78195551,327.3223427219327
88131419,241.6138781579972
18300026,349.45991696703567
99585455,230.0897252754243
51530595,440.6782703548316
94166971,105.78087070164365
13633057,244.99591672445587
68298368,255.5367765326426
69215865,185.27694633739532
30064972,199.80239781202107
96997224,134.20422299693337
45138943,175.85043209961398
21749235,175.30295744611635
62856234,219.68434108040108
23982292,160.25195224878624
17686144,282.2867410111689
57256437,242.2463531833494
85469927,144.99757138469954
14451732,259.8417797373562
85268432,285.7337994153794
64602955,142.66847563084673
74101500,121.92339493854901
80083521,279.5775477601087
11433359,244.66969071989917
99198713,201.75249529406537
12281135,206.13575348579698
60094475,206.6727424136031
18817746,228.50589203711638
80803307,317.3165178784791
50415370,133.07903339916606
65098425,170.5950024647204
52785060,110.18001898888072
76797423,114.26800331423732
57752962,251.61236652102673
30340212,195.95143705133964
17309152,171.7645325560167
29046975,163.63915212337182
58339630,172.61459379483327
38269849,294.38421920669794
65498444,154.2632056479184
56278811,214.4079918766776
65904109,138.24571013323157
34436387,253.00811765287648
83162633,132.67159997271835
41922575,321.54597069036834
67606284,132.04829703133709
74148614,198.84462287449284
31898202,364.11350343640663
12816787,285.2280640624689
73390625,248.4163405640489
44602780,394.5688138625418
59497966,316.58859671862734
33304284,234.53904158660288
70931726,364.43020922765334
44381487,212.07534320139249
55483533,130.8403439529427
41096987,227.10602683838175
60844342,143.82334438530398
46382270,207.75558344123206
41975761,347.67348795939716
20086347,163.14128872516855
82572177,298.8198470091213
27871083,227.90708272950332
47060550,166.43695355585334
44062914,362.1221425664822
29352791,91.6212611090231
42368060,108.26747754534124
83186065,140.43477966115307
86750602,204.15188089470473
18043718,150.14200109455342
85319365,346.07775907507164
93521329,186.12170042924816
68774400,207.82245339458407
27686846,224.0093214735092
73144512,206.64518698781367
47707941,158.02303092805448
91947483,161.97762639446563
54467473,191.85092867172048
25827075,257.2040974205896
99472188,353.53624203737536
29814538,150.10486005058442
98588385,159.91402769588183
15032563,292.994087762
73738020,163.30171531793843
11480212,183.3968680139721
75221745,138.62114464039945
19968090,363.0660071845319
70404205,193.07332338099542
68659791,157.64297974179527
33092757,275.5994283859869
78193594,101.26557592132546
98198145,262.4865739674004
99767011,302.0420046476008
56688046,145.86150221985696
66475382,207.1022866816546
75692782,203.2432728482513
26808729,124.20438683182032
32171695,147.26395586834707
88456703,200.93979263145835
20999557,402.94909010882066
28934979,110.08549322978297
37107836,134.64275616145298
50278467,104.0946334843246
61940174,412.33262298991
17559774,175.34135724198322
21430086,205.8572949243697
10776426,168.22376924952454
98097088,204.2429129077951
43113087,191.40213831264668
12862019,252.31911151063585
44592366,216.5950006006311
96886172,168.48337075437257
96480201,227.79502758136223
85983502,221.95121072631622
23038927,142.6105116638425
53573032,106.8466217488165
34553934,180.37092852599545
51249487,195.45895253939446
85349173,113.67657452868868
40895869,170.1948199853914
99256510,107.5166783984995
76469230,184.91707220528315
18165718,238.99854188531037
96264289,145.56703185349514
20452221,164.19212190685167
15739031,161.45177302149756
75157790,285.94683145477046
28901434,183.66361687856184
98941473,166.50009275457467
84489512,280.81597004602816
11168890,158.93094763289835
45041073,236.4069216485223
85582491,149.7302807410199
14863106,261.37685794504955
53607444,162.7736692113122
39640829,193.79599279345354
83896205,254.01733262755653
66887097,102.50605038406684
54562627,157.0495521583258
60923346,235.28329397050828
85626709,167.81043848357007
11687354,134.38010560209997
99055900,176.6556143318109
94176139,165.0100845451549
65142810,306.51172156031953
21025866,206.88836812412862
86231352,199.38439310789164
94223565,193.24213300216147
53094412,218.3424058033719
16579300,189.93747730397274
68788821,140.10628386102027
22347006,159.7325501360421
89447420,253.1187112520859
92132840,366.653182721833
61120099,164.25008292416317
66390529,263.27188474230763
36752526,201.42593263995784
28673093,143.0420592419204
60187719,129.73758397820552
47937195,250.4477578777293
18528428,362.98015268292767
72855294,294.06821937421796
77314174,205.3271260078124
74208091,205.30530411179797
25265856,238.74803009392826
43541187,267.84868457616653
22027673,249.13200900629346
39533389,203.76222229477114
28548263,298.9486762992213
78891989,143.19356461151864
68562696,293.6707058278085
45297826,331.4008194914645
14532340,302.0948139866257
42487332,258.80403342123543
79497837,193.88919531890136
48787566,228.36030349315956
43024895,179.7681534851326
54043001,339.11241457785974
18517095,265.19537058959094
42190640,220.33831929687318
81702926,303.40561682421026
20584669,164.01404103779495
48104361,189.93522038962954
95781341,220.5078948091472
42595500,293.87429232727266
34081689,154.75621602768416
18465181,127.64672782516966
87028165,156.48712385686278
25157413,169.1397299774786
33500861,140.26107980148376
22501784,193.73279211488577
90954690,130.66119843399173
12079890,272.3900748050865
24560931,213.40420203438765
57180097,181.98218116343816
53805689,188.5289150422664
54653374,143.90965095356552
79714919,158.05910708261106
52629831,93.26251486585946
30315883,220.14541609844144
55900800,107.93277872630523
62528560,146.18828417162138
17439043,159.44897287207502
64302335,231.79120701128014
53498595,92.46304625949239
92248005,124.15610930765747
65132848,342.89977453244484
54712644,167.42878104901763
26501578,349.5071712147655
57973578,119.2052131993867
64849387,382.4940885052648
38331875,176.38779868905823
84564845,186.16937428251367
34335614,348.43121925167264
18851658,342.0800292921709
10997678,259.21960825280894
40768250,216.86035864365905
47646719,117.16828047474611
92937467,280.8618575670128
61661397,194.51146446280842
48317061,143.7248355608043
97216589,231.45703335435076
39977323,226.39047738179852
46445975,265.4780063459038
94283551,275.9405751453536
49677766,148.08572001005143
85991335,126.11349768383675
23059563,183.86119679058265
98641777,367.4748008232806
62115510,158.71280985943065
63322573,244.19245116506747
88463974,205.74881154040602
29063398,167.0630267466847
94756964,198.81643470009737
84286445,447.2053886022621
86644899,221.13581518961357
58366829,157.91835378039002
87935193,227.29101957684793
65710078,162.9912288700915
55211028,338.13103242137544
20090342,235.6465648898448
17885846,226.77784117121115
87917108,206.76583292128566
35243872,310.3250896845158
78681572,305.98587801156305
36496663,276.8638232350898
88567292,323.2593098419754
90883683,384.8418847256946
77163639,149.75898810070217
70680981,199.23855233513203
72230973,126.03301702570286
13786940,351.8923372242281
56650323,117.89165184383589
67337097,155.26328369923428
65297160,216.50987970986745
23393351,107.32898278376118
43711949,156.51042156308648
45998905,160.6948172574291
94413146,192.93299288251941
30684529,134.2005528299382
28147355,220.7854777335435
14737001,196.37271710029418
55758535,190.4389237599891
95914131,179.913066119909
95400320,156.5820555138784
29157079,147.21948667642073
34838551,167.2837900232544
79573538,156.12372846667222
53853858,250.63875183204183
46958037,181.23538380103759
40355076,264.400144363255
79162800,245.2762682625388
61449541,138.5188167467698
68870249,201.41327820036855
13256146,154.1429827065143
23687793,143.35898069844515
49330994,171.94243962802187
47955268,340.4828024667852
24572229,221.76335539770213
85493065,173.81889909885413
95994562,174.5183544291526
86822089,210.75389966109458
38878729,261.33062948955387
83459912,155.8815652920007
40295244,160.13137295918875
95702507,193.55368491307786
97865744,325.8386315171423
81724417,174.0582805035178
22296895,346.919533399401
25100739,262.5450758931131
11994578,174.9212409121542
43823713,164.29638194919565
57595389,258.05560093382906
37162594,234.66441273342417
51432674,336.76685289268914
96977947,239.70671126641076
69353041,204.36741548034092
97471377,295.1767326467712
78888703,261.06732909713105
58472902,274.9439784811142
77647159,188.03396003854593
63649430,307.543084780074
11295973,312.32935217805897
11886952,459.2317494888446
31115337,219.20648516719473
53945582,212.2373647078759
73391100,130.36838395230654
16170017,288.7766495193885
96391937,214.28022969723864
49663888,201.23000340285427
37966282,212.46178122250626
91789209,333.8671349999157
47228126,252.18040555571628
26588476,371.78465503328994
87591569,166.7079795355634
15315145,104.51323241208986
70198893,210.03511504295335
61666968,182.08741950551135
22175686,118.4342042840315
63396595,285.0232866952152
18727617,209.78897413171677
19777468,153.45444755610265
30527873,203.30615879994247
95114158,132.92439148857875
41739701,394.1158246537099
11369670,183.85070253755583
74973026,192.5194169759139
73622781,219.3749742407394
52281834,198.2552888351913
16897176,104.53654341780646
63339672,288.69254045779746
94319057,187.86533244539174
89357552,139.08152109048964
24886317,238.46346408404418
59666869,212.86380172618158
72430983,357.52140914574056
85345596,268.9897412894657
24218852,163.08849869890884
82044920,132.39877672630797
28204462,339.9602372230131
25544623,178.86289534617845
98645538,88.20357155295217
35786181,229.738461671266
56759514,199.68860365524043
94979414,122.41439145973186
52508190,253.9715145064724
49317061,176.84898108841963
76293520,175.21774814829865
67067662,144.22279715187426
11847526,169.12040820186536
14139283,201.58406497895098
35602964,200.32509657756256
61092334,149.1321048039584
69270579,161.45926744476455
47517321,338.6663418639859
10542988,199.54856956719058
66912082,172.19630835094048
42445139,221.73303294450744
73053729,241.09434674209996
96699423,244.31966765848267
18843679,181.61727674797513
86433075,132.4095417760666
26883104,314.8853962769327
19601132,165.99212995361108
37017650,161.57089549487662
83138933,136.1063452715728
73247661,175.0165492048464
59307450,232.84131110855657
31131827,207.02415314063495
69966233,250.68490146291
40243877,277.2138815827801
41951589,208.7906581582633
36031262,203.3399277383729
42623413,258.33782686787424
67891203,302.55526266254594
51970188,199.53903685422438
24213498,233.30901995602883
96242069,125.85465369712142
41943430,302.48876729883216
89189267,291.26873637169683
19898345,194.70096039426525
60572858,276.9958409460273
34988552,117.81309867793102
91110384,323.1577054122588
75957507,221.4725395919456
64422949,125.9509830082272
93823627,109.08668621956552
93745711,128.20616328697514
17782008,143.64800763018116
40016743,287.30782913718684
78676337,170.55733708244927
96591242,156.75289393417415
83545822,170.4608370884416
89501773,258.4344712309832
19293886,119.43144469669902
58534753,332.98633824585374
56198063,271.7937637253502
60777659,96.21052270321162
65431978,146.07249606862797
94604898,200.48307267477577
76197738,291.22819565490386
81980523,186.10333275099524
41676275,149.41901084304192
36497965,358.29925951001496
23177824,165.19169070521312
85192608,140.1405313888333
30289672,142.47581295232885
98138275,244.68667897301214
57817320,236.96844962327418
42234307,220.88672700929996
35893634,126.1846029819086
18195993,166.6725770643264
98403244,263.87799557271353
63004294,158.76987444880822
54567579,210.26584177942266
91568379,153.34437683679144
82476880,175.75513311148148
55652262,324.6130842827258
20373341,143.80445359224268
58632297,256.9132707937971
24786934,316.0105641167746
43722745,135.30087393460332
87508719,214.30730487845906
80752603,113.95254628724886
16698668,222.9402632004378
78798734,288.2567678314707
18461999,221.44773987093572
81299277,153.17896025001954
91417891,194.06196891090758
25190830,373.0944445708101
73164327,148.03392590115158
92759943,199.1568033398684
18785269,101.37765525652131
67717385,195.45282936070308
68136920,165.14492191383343
77810360,265.8786862015167
62012820,169.5084321404823
55983128,170.98954928383245
28119370,199.90015349256873
34978717,154.62701779938664
52374215,276.33252508391485
66651771,246.94322935278933
49306420,402.0444826043821
57524470,194.64132743629932
50884173,150.2491487027087
41477733,169.40390119771087
14875840,217.74346754282274
11186021,103.37081869703636
36355598,330.7993256905529
54557949,85.73064173793868
69426516,143.7802356446768
92092667,160.91668424759774
52668902,140.22223887047653
63561915,98.13295847735633
11154750,151.1052996217499
48765039,161.54096873124888
91136342,209.68828182890397
41265217,453.90792636612343
25331950,121.45546777168636
59339185,178.86473994360563
59925803,166.3944271232736
15169957,253.2634689257864
14437249,210.8035910426342
98971521,134.8772784601328
26418410,161.59626342232073
85892267,113.29089222173529
29358885,157.37783848606932
90069301,184.38596836962282
11408026,163.36585356695042
77952900,189.3059721893776
83752708,402.1964731098394
15243872,160.68199336400764
20649757,207.8726548544602
94157069,227.21397574080754
80138291,223.36270156919153
79658232,73.27747739119455
20876663,189.99142821390208
66248879,156.84203686895734
98196787,184.39833418666728
11070217,341.0901945522353
54123194,294.1758623575995
86862821,392.04324809399384
40252559,115.81261591749657
60519623,110.99216652554568
11098932,177.26333779458054
77544004,125.42941110624658
43855714,205.35420049715896
57112829,158.9295340756744
69104738,165.77102835132712
51426009,170.9723250448486
96759585,319.9428834966312
61695552,299.60674554483313
29335973,180.90199545272608
86711404,176.7379352996986
96132003,281.7720317510656
71930157,342.5767702650255
24207989,185.1234950643483
81239737,197.4598401735524
19246532,99.21905555795361
12541440,174.75594766870657
10876544,207.31469958138925
11012723,327.9897029108761
38854043,215.8040330075578
78679072,108.02579005891891
39567200,156.35485516450086
59107952,218.03627395469667
79981461,166.34750459687695
16385065,213.49059941008574
42418677,247.74180895342107
26750207,182.0228972280128
92430939,428.5174666889849
22967094,177.242319792324
40195159,195.04058717521923
72466218,151.6371898281351
34482136,173.57048568616233
13940540,174.93133040858316
22725269,226.2281985455973
78995555,209.8463517681213
73638726,164.8272462043372
64722395,217.14353482668295
89563722,217.1893081596615
32568591,177.22673706302965
45801232,187.88946194430758
20301291,366.90698165941274
40244043,130.39712195206943
64129406,295.655044202966
72297320,112.66269335463151
13456518,130.92627839327298
27325248,155.6355214793175
33468754,154.89012154612115
60910395,177.40290436534707
32681832,253.78011589260308
21428869,156.13532978471997
86653666,151.54191576538554
32786522,245.97912930702466
64027869,285.08289273447593
34126567,117.7425484704707
42278394,175.69686643155035
95376056,158.18111504816954
99562015,289.07741323260296
15133980,355.29627674625794
54026308,181.74438593136372
76441994,134.80897356272246
94110128,108.26025146256171
20201258,284.1310814034514
84604326,192.9371381630054
27309117,238.02957541744485
85307886,138.0377005329296
68918906,268.69192588152447
16328223,301.2098048827819
18599779,188.37099609857276
54032168,135.35789944362597
56206271,171.36521539702412
20991939,173.15128670420194
78007881,146.78423420461337
43136632,295.4116078697648
26961880,369.9248482614711
59246484,318.8793082334008
97485255,161.66465587682845
21548886,107.63912605163276
41405520,201.38032927056358
17265204,190.96760951182804
57594370,129.38234796096248
86204456,113.7329059476378
47896500,174.3048712156968
49072175,172.95729842332386
57819104,248.6062938226248
38029807,274.9302351987814
72219430,227.53298006442458
51835434,189.568619315992
40820294,273.6122344279775
39676991,162.91554258753513
47329975,224.75814650688852
40515929,207.0927243722567
49496398,277.73869809032
79829278,154.92494973504682
25676253,184.2442867651444
83511561,246.55076906707188
97282391,178.94296762161355
48159381,355.6244028734899
26133617,220.43651482438432
14830790,173.00205611416274
38458641,188.48308522133007
92902816,209.34493430110254
67366474,348.06221467465036
12931119,274.95127434199884
29119450,193.15903241421918
69182586,150.90201091822308
95601790,247.86245108699222
37235321,224.28315733954557
18453791,216.6891683776063
73959998,179.40745556042876
85145437,165.7594629457637
20490331,90.76931800989134
40505076,185.68019614444339
39895736,200.5571583473405
36927127,265.87592145696016
68104733,238.13361198593606
65498526,196.67178984786753
29077796,145.05429288258586
12700500,276.25439217756787
23234787,181.41119300845293
32248328,124.69135129518665
47710917,479.14569167944023
53904169,186.9825823176572
41795394,369.83310592854355
81931808,220.08275431836722
89546300,118.8152596974031
81512800,286.76131010444715
74490322,101.61033942561312
77716971,264.37147790389537
76509280,148.3281899408595
86774198,137.65877287617514
63795592,182.79719964879843
15728342,296.26028755995287
97525554,203.44465685724242
81201227,340.81497715403265
98995752,188.47000904118744
88336972,225.09240836023503
56577963,112.84871970504048
73375002,104.53884999464499
92846400,231.0388353709247
63160455,209.90297913238433
31277941,199.35631530685015
44244750,122.53767042746468
46198195,252.860549023184
92939641,345.82907038533347
97399227,130.29690522087873
32829265,118.80816751691927
73813213,191.29851066550046
71142772,121.27184876836523
26186456,419.0256293000738
86118507,240.1446392873289
91253288,141.6918829201192
16739260,102.1423955259021
97712970,155.62437125963262
33709101,432.5569286062588
97473173,132.0294281108169
84445365,113.00125062459523
33683407,232.1204213747807
55156833,180.5983843378402
39198647,119.66632036176196
84859914,201.87982446025617
42321053,177.6082050443934
26496602,127.38723676137636
87373088,130.92023930950535
18576200,278.24030848596647
30304669,136.9595516769662
97043852,256.0312734423783
65885111,161.28794648311498
67235670,415.1118837459396
70791484,187.56635516576895
80687580,184.3349188840699
15865255,211.04942917143663
50517128,183.41082121543369
72791395,297.44546069186634
43267986,147.03569153944605
93567577,264.38816700878635
15107743,152.09566235553734
50225644,278.6671699605858
50174181,207.9211250896929
41401409,225.40399976250552
80395755,257.1270512811093
58616743,200.23571294285816
62863764,386.07240601423257
54033467,207.79700421477813
36905471,89.72707383977051
68728934,214.77055727771284
11399296,279.4277376324546
42319589,156.10175199220305
71193471,285.4636811220075
67728154,320.8023827358885
99252537,258.05677615300124
69554397,132.3937520288667
57406844,282.6545201283849
17460622,286.06366497976006
29136908,186.54587627831063
88836387,151.50003816479034
56749521,438.9368993392354
42038296,435.98841997918817
27575312,210.64006133400474
27787635,155.21331698416427
22639453,216.26455306272587
95074248,423.7209604136061
62398547,141.86692451709612
48210895,251.91902204193042
87163679,92.11005137964969
84638479,153.30028013704577
74277222,382.2022845157454
47124707,149.51389173578778
29597912,330.8250477124469
73217471,227.58344613156106
54203733,248.5990262272691
86493934,173.8430672792134
50925419,213.32847455748885
36161210,207.28067507542212
18638157,102.08030247498665
95763224,308.9203641504487
92017449,224.95867320231343
30955049,156.11355162979248
88464978,296.941127122326
81709003,148.89600739506417
94640782,152.026379535423
28684873,233.5738992371412
82032258,242.62167068352127
81929396,174.20091679888952
69137949,410.6226110344855
58556748,179.47809097772472
83494716,243.84218498084192
51219421,310.83071775825243
20118968,200.38238542217917
56424305,214.31955637470932
91040440,305.96346569783293
82249910,296.0074719635354
65005094,257.8682911635857
14333847,222.83875825345626
79940622,282.061144694745
36407377,214.6498393059213
16485177,134.9270551856789
19967320,154.73749313233628
86757224,155.44189154930254
47859734,139.94231941523066
15329881,164.51639462228937
38097629,168.86195804905276
63914375,342.84527247243994
68107359,260.98717429892366
30898448,181.35104872902468
62098958,147.72934269891135
82555231,313.05401217258117
74537472,408.0077989242655
53883476,212.6798153010051
87349008,119.6199773065072
60387770,195.07168108618293
76029782,186.76855424425437
17330605,72.26381805420273
73592240,200.69499958915398
46762043,194.72175925184948
35726404,391.5070483817749
19188826,214.41793860024802
69934099,211.8953153970143
98236292,168.4242340061631
66601351,354.5316165542888
24082367,350.16941420257695
86399833,273.3574340372222
29406161,292.66894798614913
77568118,252.94410933194075
68454220,156.0277433624687
20326815,300.44969962385255
96392075,228.74620111357646
43846930,566.4376222994533
64059970,195.92148610305674
59660323,191.13723388106516
30664289,132.87572067503103
80504110,125.30301504898637
69214158,206.96790750956856
37153701,234.85605847785448
94463524,215.97618675909843
27069908,114.95504035724369
19881454,268.505186361041
62073736,227.09849250159579
81301863,139.2296993424707
84692821,269.82703631755646
18061173,306.11783346223854
20396165,206.8263649096439
90290263,148.34787972354934
53205197,111.65084883424207
71639333,317.63973519423547
26581527,302.374163979261
88753189,372.51272794356987
12152481,332.1177472607568
66369748,368.4995771532855
31086360,251.5036819797954
68141078,146.61643188138774
87072389,125.74225672632679
97229380,137.16332420250671
14239930,133.77824146707678
47067735,421.8082819760203
23013670,214.2178817852917
91166617,159.58991830465095
46464430,123.9330080744584
48307993,190.66856053889953
65322743,247.29922623442775
50086685,230.21073636976865
65335801,182.07450424110888
83887090,174.8835881173989
79333390,344.5653618842856
84490520,203.7712174262553
90753494,283.0084388590661
17091898,325.82141705015437
94064213,250.98353057225663
76172003,177.6779134999132
36639874,106.14921461479933
93190659,182.28676094508197
77671761,141.79483882166244
64459243,161.1291337248725
92415904,135.31173405005796
22451687,185.29727106102155
99098676,216.68675153078075
96250656,145.97236032766926
43637666,314.79584925390407
87755511,217.58831677982263
39642098,205.6718535770289
29533984,174.74762837862465
57860445,165.378618808973
33335103,88.90888331130581
40928352,245.70140164748355
66938624,217.26314013238485
97908221,155.62787713278078
32317269,229.8917412928601
56374872,327.6333522942077
56164704,306.2847695054611
16557670,123.75252909389239
57350487,114.66969579349292
73640189,130.22478116223846
28886856,215.06702455463358
66838952,135.81215414136153
73125445,332.6333156684156
89817544,245.24649341056747
69175507,136.55467754729665
93099722,115.65497874341432
42498618,163.9033992423258
58133975,326.581405641903
50823382,154.5137340922978
82720881,189.11078407023996
47566077,176.8681336894553
77236358,296.1158267144851
24977235,140.01450622117673
82212369,196.721061788569
61416619,149.25702670355116
14011629,204.77278745877115
47820649,222.959338188114
87027470,356.6365529569614
84406467,95.45123584762725
18483336,190.9860453871721
11745857,135.8464704384111
72009137,152.3879154153039
21373342,139.37685743550003
50764118,142.38315612121787
17876513,135.79816173910027
21573530,374.2334043177819
62535056,285.62205700048014
52924658,168.19457648887698
59116751,200.93350514473107
96464552,120.42727992726398
41877592,168.20978290065912
27556664,162.07677573111982
82049392,266.4488674175814
21890177,156.7752929619698
84019657,124.71635310958364
70836939,203.70640617371942
73269246,198.56379902357347
65430516,173.4956982201178
15552867,269.6095007368648
16632045,153.4960473387424
58510236,205.26252470270097
94607287,106.56228308841087
16582909,380.98303533778386
91254889,120.3005099801084
52951693,228.17032863532972
42015762,147.0717704876814
39537878,122.90953464732256
75334066,350.87918613174554
15509168,179.7110511533785
21848464,182.07835471696026
15512926,262.0558027535574
19852776,92.73803674201108
98991290,195.8644944305414
67867067,370.415880390602
75069265,201.5834816437455
33163007,188.06044905696717
72461037,118.91978082452553
79368575,108.09723272327555
19283832,173.27032482554947
74686369,222.31961712723205
42431987,204.69942119213835
49107046,175.83246529422127
21631633,237.7519062296383
57757752,267.37530708985355
64260092,393.54215651550294
23733208,103.85048210906605
81359267,353.2475614143009
78964700,293.3784361431468
33821569,274.6098159118882
52189182,221.7197172432127
67362415,168.66136524521534
32252347,474.68694475888117
42461075,168.10379554291364
42564953,395.7498300453458
53441096,178.5058084935077
28942045,196.1470080572674
92173510,297.9514758055011
37939234,190.88937580235907
83072941,426.641578019037
72001493,221.49242319188713
88722560,207.14120289500949
24458695,154.76871611606182
34236973,200.71379997750967
63527431,244.56953797492187
35020078,152.7770310302895
96240931,332.284768206213
96449025,237.55650690713196
73324268,148.6359408011931
20943504,216.71474288021784
65163807,143.97969416648323
65735235,248.19258136353812
34006121,330.1146531376749
11206259,235.9951506446389
21142225,249.63576162652876
43933688,308.17564550258214
20195114,231.83928403114894
18089453,333.50610236932715
87927482,205.0447635010456
72119177,267.110403660022
68722653,296.98811097414386
99012228,219.575313235029
95191404,236.5293979409079
68494900,104.77238274217694
11789848,527.4226948159726
51367435,172.79203323575254
83199690,162.0757608091405
44222449,145.40690626483863
97059152,169.81836459878699
21321783,154.059392971846
89238156,232.8036489689216
75658495,123.3683218534575
80514422,116.6211466000207
80098101,127.94855757621838
57507250,259.3854427966121
82869937,165.03731638384295
64737683,256.4365037593403
64663030,380.09610642677717
22362250,127.86140149807173
51054867,165.4172773492447
60302181,202.43394330737905
89897892,358.6013487209819
99745406,346.5188566025056
52137793,267.1846644360463
94617943,217.69593015946748
92402481,356.0177037942291
29177060,150.4717636345877
96789879,134.99163750796498
16733828,120.02326689771976
69997197,388.0439612305706
80009529,141.02235557150198
70971147,175.95189709465015
89268742,201.1307071356979
81559172,186.85347970548614
19799436,352.6899889102335
96316683,428.30107140325845
16202604,284.25416835009884
99234264,180.19556347213572
89790861,199.254280752672
80624261,107.2122977975973
98327008,173.46459524210007
43114030,182.67868194838374
38992659,253.77325435769234
26185292,156.66880238417434
84958392,147.24278701071358
63532044,105.87124524369251
72780852,165.0633578715611
63755363,166.68196053260627
63435369,162.99871912582114
49085103,171.7990612904468
39826465,213.6927896571753
89335030,224.08368518745658
92393797,158.90872203949522
36385689,198.9734962688907
14218024,189.32391261720605
43067447,178.80114253467505
11821155,370.47036188631375
96671043,265.17615041925524
64977532,148.73495882130086
51923648,242.11127390435104
52082499,174.7167309068784
58693008,197.3975261925563
77432555,104.36281832445857
11692478,180.4505917793648
88536020,156.31262306249397
13996971,218.82776152483078
92291100,401.83811452272926
77799089,120.58036657531734
46970679,214.87321540826747
96819382,232.52160271914698
25751312,206.41120799319836
89990705,199.4377297833984
52038068,302.4536903007561
32344173,219.71768681163138
33993191,219.63893762166256
52279123,130.0717771847408
18496274,116.06848576433222
89490563,197.7509789502637
17329696,124.22843608214639
16967446,237.24858693013616
80888202,262.62730844685524
14661504,112.09002787693022
19604443,135.13271400286283
37821572,225.89590261111601
88831769,151.83074381851944
32405077,329.74999671832705
52763362,346.4552451799158
75573252,335.09819854778505
54781465,300.7374905129963
22599480,160.37410452278053
93311234,186.16978852450535
69925053,181.0541185444344
12598333,351.3802637239934
94909106,156.5785469595568
86019408,194.49846528582322
96477826,285.89059449788056
47575439,188.0228052453098
44219472,174.483785382885
14808414,155.83896293374315
51535602,167.64223641006396
85960705,190.36477420744203
52391461,156.95192633440126
81172596,111.57560473319869
11351493,410.8896759020456
72733290,161.52296019019846
74877854,339.72953849543615
27680792,283.6753430743328
44946524,277.44375722441515
23475779,277.78187508449923
48465422,241.17305155953215
52076835,254.3491631000126
44646564,224.3056028637233
87277346,201.21412623934918
47973044,229.18421669685972
75500097,172.93605774334895
36145678,151.99014612206457
85625020,134.99531298400768
97404967,265.9232151658772
11411712,157.37044372599382
80164594,196.49110873808613
30555374,157.02463091746625
93243676,139.30918014847657
12801610,310.5054496744002
58651288,151.35635230556306
52409464,228.5401609888835
26481577,332.5336614041429
99557550,247.36444337084254
92346786,362.06662661435513
33277389,267.0187708712715
78792921,138.7617882537317
89378277,197.8815024883205
82856305,205.92949882165536
30767488,236.19062837662645
36397903,335.21235006228494
64870928,149.02588320686988
11575457,232.65998203459438
39041845,298.1725490988634
92898654,372.50480300548656
16929732,144.69464052378146
33334714,178.59034212364165
12221534,251.8909256927632
73945645,174.35576577457115
68971550,131.81974369883733
75565371,237.56853459672698
59677619,140.80654873980566
93539814,171.65012964909255
24106217,144.75043659399986
55020351,290.35204165184416
15672017,236.49651602307225
10841847,161.560022818516
86946687,143.8548230232823
99799054,160.01548914006193
81128474,142.39591447527314
80366080,133.96011097418557
10218336,223.43710122911492
72351128,244.42550714109979
56132260,155.2419904935532
99301338,302.1007002160858
84453738,313.5053559726449
58188871,116.1337550469148
81971342,243.99439111546207
94124547,146.61398165425229
32266038,254.2015833470985
71760843,185.9135176614022
77203995,192.09566992095787
84611651,142.84890353921267
76627771,307.6618277815598
12653847,256.10247554276367
43336328,268.93730438646367
91500607,151.7872159546564
68213549,221.74062488279333
35549327,307.5683604969562
80808916,147.49331197805054
17110481,391.75291991665944
99587119,204.44047885855468
92334856,280.93264265797154
53359226,110.05293348292831
80618402,217.00949624682417
41703808,262.05767200589503
19195409,107.45080512980886
76941149,169.20757983577093
97584818,279.5326257122417
56683377,151.25358591097532
67011320,252.9655208177412
15480221,165.1558864373288
68081328,147.39426243178542
55487684,214.9557230921372
74199206,172.0611223852249
90165063,183.56758676638094
36193583,195.60973590528963
10917950,158.8232271387281
92870312,286.3689755974357
72030717,349.6859322203577
17113758,440.91045810648853
89153386,183.800417678368
45809568,156.13841637136073
30803532,217.63603516662255
41936053,161.700882117757
14429173,192.49060421819757
86629786,207.15041255595798
60024688,186.8038735835273
75100924,174.8662837476618
19587468,153.03699846117013
88088850,195.11304710394683
14339658,318.7198393049328
93643220,127.93360176923696
61257147,141.21767151360763
47372664,169.09826326936815
72551157,190.29451449949605
70006271,184.96684560148952
66160499,170.0594276039742
14115358,389.210757531157
24138292,311.20377600674453
81649352,255.5858861882662
86450554,158.37132209240826
43772724,139.26121110519858
76147600,204.73723174605854
37814705,232.26080419573796
79438450,254.31084128619452
30374304,312.2225151343301
54234194,481.07717508164956
94516994,123.87228396516207
15639119,224.68974750261967
98234744,296.67593749557005
84292967,109.51694771825463
14583946,64.69292336188741
74680521,198.36633278823382
10214287,246.16100595107628
43877051,150.9581935593744
28904050,346.5490363334335
62063260,130.11119193589371
50651267,218.43196112887557
76093719,310.4425113952836
42788012,209.70900393309896
64271564,200.23110660372078
36033563,81.27049836897662
32364760,194.50824583057806
82718318,118.15207606862819
42781597,205.90437093967313
63047151,361.6699839321551
54331908,192.95352409842394
88556646,451.7320675808428
80038856,191.1065759551389
62561061,259.6982210047273
65834717,173.08837378518422
80358828,171.12059189802017
35099840,227.2241213141753
50872993,158.64291980544692
80223193,86.80448295278217
28448374,156.0287901729712
92231676,198.73948376337185
65717894,204.6985166880964
86298764,175.36574257968934
76299579,188.6954626879061
15449921,132.21254140705017
44677435,228.86857722037126
75188492,128.4634699253911
99785392,253.66531437135882
27084775,204.0258141382471
34483861,147.44544148294628
44135541,109.61893421174447
85537076,214.9044189979336
32577802,246.24454238777446
58632323,95.13497571962216
65794441,251.65357678336835
91626972,317.9750482810841
80568466,165.96441370070394
19317452,155.4990282801831
19462773,272.2427118777582
16861573,183.23998924264706
61543398,265.5029428205888
67189144,199.2818551315194
46184090,175.2232111460722
14969625,345.17476229374466
12339000,204.33981571788019
87651999,290.6037862677823
48444572,188.77235650186972
43026767,126.48413701649973
25666315,229.51505881573115
85141494,150.99491843220167
10196732,153.97704125976702
89772932,140.60126484630354
76197106,223.7064609195338
35668637,309.8467160880325
47789451,162.66460674231848
11772481,288.40117655478116
92352486,101.27176786285757
74959731,197.18502412346893
24006644,271.3529341911762
70184471,220.40272252066336
63616459,200.51267609207324
65420176,209.60559794398748
52778454,221.53441205021988
20334394,190.05442265096988
29566160,308.8315738972399
41218910,461.47840404202344
57645530,128.60578469809764
32753016,190.68924766980317
53485349,235.8708288710596
99359057,289.42481108040124
50033107,147.87032975037016
21562381,292.42504985790265
77828671,153.537492454527
59082786,170.4319362751237
99756703,269.19242389598924
62477883,184.21381231879622
62194095,231.53487555923448
77240295,320.6609757485103
78173906,148.26449681913252
51850860,163.7014757027469
36247163,104.65312328677821
80372868,183.81510903450186
55810884,146.7650105771575
39425335,211.7234043722968
64769998,177.73999674599213
74184119,210.73403617934457
30910517,220.49567612051368
82036794,270.5873883888653
27288556,214.62741913264952
73750248,380.82616864392105
93836103,487.6891051969916
21006367,336.7600960728762
93898545,191.25318530726537
94582565,172.17816454181508
13137522,194.9445984175186
31604761,227.21131312375556
60718232,239.17009790685563
22356430,221.6246156656028
39386475,195.04324338033499
16350350,188.82139648703773
70755780,159.17336169960873
55920671,195.27521572574742
30409198,194.28833960893306
12366994,310.6881425187378
99624161,182.8981622953814
27085439,232.9589506687044
26222780,208.5788531729912
13513100,232.2846563446991
83619693,143.5132272689994
65230131,174.50183552220784
74197231,390.9762213697702
16535315,371.3743855205721
49313519,283.9266065811367
54192335,244.77792562761144
80736897,158.14931829386916
99406225,172.53239598467013
67818530,238.26052061354198
84284655,434.71298453459985
30897932,176.2786015737546
32254189,107.63938948275855
31849680,228.63616574449784
41359333,192.7368513165784
66456629,168.6045208124146
68729486,221.8379132052283
40630348,169.3178557990806
93988333,246.51234454395964
47811524,182.75164282013355
98617237,212.42819593456767
20362387,180.25578311266256
84645660,183.58948642415248
16861971,126.18574194703707
34588999,244.98772161639548
53427517,203.2093227510905
42513475,186.64207868728747
57705547,162.22754265555315
49742880,144.92288294240245
66920323,323.1431969865694
12354776,297.41685025905883
25840613,396.1529172699834
45114259,158.10985043611825
49079923,309.0389201558692
63116367,198.73496864838313
63802912,204.57860935311137
48974796,152.19776118441803
30061599,205.70295113144996
68578654,217.08309060887018
54173227,146.3378505468101
96680380,320.2390570431377
23868064,252.98051866788475
51824090,232.84177282532804
34839733,129.0552252830799
80054187,144.37462786377324
12685572,343.5431098444642
41567061,111.62371067765271
94877842,187.57121105933874
58492968,165.34650443767683
71326484,128.78743896099394
70920278,111.03135498206551
54663137,206.05494833248872
32126460,158.41111534757056
54874790,116.90127607842763
13538436,335.1304216764596
30100038,80.68746535350485
80017866,152.4785896168527
64347455,254.9417403993178
13683069,286.8107202089275
48039428,75.09465882258144
99567150,181.80026768658763
85509215,177.59180046635012
60668698,297.5442897209616
12191456,202.64320216490674
77765786,178.33842258984546
12528361,154.03601247558282
58442957,444.0410617037017
54303594,155.73647093320693
27681147,201.5062775328395
69098569,276.1786422293081
95221316,205.36866481665095
40109548,125.57085007125005
55576313,184.49120828903858
53153958,449.20372381400466
21200840,210.15361507992276
50894265,164.53521516410876
23626838,207.58848118345733
12418418,280.8063341725739
22706358,158.1823336072643
45395670,174.33710126445916
87327017,195.5988907831111
13017114,181.81565829143213
32271547,306.3971677382882
74538679,183.80144880299278
39506103,166.6319514645738
46816166,174.65635781570467
66503105,148.6561916174045
65579176,181.8450086815418
40074247,204.35576272540672
91310031,162.93375549566963
77444410,247.4891025888299
69955281,358.76372013915886
67331105,179.34315563438375
45643632,114.16649604446906
73282363,207.9251210700701
13642505,179.13614735918168
68901430,185.87997493168183
89906679,287.34141701071485
52711886,114.8696079827358
79575331,346.7308926310113
92616283,344.826004526476
30763055,346.3065703499888
16611953,211.14240597396818
33070179,253.31871307625937
80347205,362.18307496486045
83995335,102.28545935973291
14535805,182.26072497810247
84879838,182.05715381255152
11864901,320.3849542010041
14658965,317.9813492936896
24293507,317.9188460920896
70453525,149.17716103114606
87798104,177.0627136353626
19197193,287.01992209018556
28284548,177.8809832792922
86044842,200.96586526841932
23057275,152.1773610003223
27985337,241.52187310673395
22587547,292.459393566616
12855508,197.93527582095885
64337495,241.8534968497621
86712331,230.97893670460903
61189156,310.48397502867965
91594873,109.76653686688965
54835971,241.28506989318558
44370830,202.58655555210163
23684803,142.507911893327
92481929,352.7774816659992
35638424,156.21936037387925
25657749,130.00241989270506
39381975,202.49385163511775
72999107,169.29699897190144
25818586,172.38382872177692
58036789,279.61108705176315
94320377,153.37502296203672
47110506,193.8349880549691
66399362,145.32903537304978
68909982,134.02270636959935
16073310,140.4158270066005
43288405,367.16133431137484
71579560,257.8214653183433
16507355,329.8479279156418
48802207,272.264702035605
89915294,79.89381723468709
97679852,151.94199224792357
29217698,166.16010031869806
27435911,111.64643475001043
78879242,285.9739945216452
27175130,210.32705816140438
29020135,209.77779921112509
78626569,323.72690482302914
71067812,199.8510930188141
96690513,348.97464364811907
95531962,160.05960953465825
98356800,80.48355580898944
86104439,309.53710591555046
55595900,118.782224226183
75208610,273.5742655131143
15300209,316.6862638242278
61949363,194.91755295284145
65881085,170.59515339619907
66803690,156.03714751074594
71508510,211.64518442128957
77429269,186.77983884510883
70868754,190.4331146068646
93223292,393.13072410740546
70378280,162.7860941653219
72142932,342.21288062605163
88911193,215.4536738516241
89761834,190.93722728828962
36836619,306.7443459203244
53134062,149.15991236902272
98828461,134.6130482946774
55370391,238.0542610760679
69978664,240.06674641302982
48824111,194.18354025585086
11383415,241.46081846915374
89041808,297.2247291078842
31864759,277.21622311678755
85436725,229.76769920576143
12287678,232.95669969970984
54577919,206.56195153546483
69095778,150.12321216579
86755087,254.22479800393134
87570494,126.75169447738718
42971075,228.02594246144693
19251821,197.45657313602788
40154766,197.57300106484058
86599495,136.3889088627829
88331508,156.88308277284182
70254717,358.17873957456936
32105523,81.80683638072338
42241465,181.97939215227154
66334048,338.4890960350957
56657286,254.22678858302618
99489082,419.7807083302765
89634976,259.2080030333685
22529712,205.96676753725404
93452559,240.0176875132525
75276107,269.6873608159979
57620607,194.79005486487102
11822194,251.02732910873664
85101585,207.45916010853327
73640715,194.2904862305174
18114714,194.40985244573204
62352450,214.15444225079696
88096618,147.76993552697468
76855836,127.96021313669297
76968795,209.9950942390642
19089688,225.25727601183496
93669020,254.23387682087917
32221954,147.99689591451374
80149491,498.69372994825494
90863370,340.8340339415649
18955449,202.046446292193
46106075,201.70320429648777
64362412,283.0722516202084
13228942,219.30526114043332
18238798,157.97802352882212
17197174,171.31841524637238
56883307,237.42437736010035
43838074,309.4236192224678
94366977,176.5432025888003
51114116,166.56290576643585
91929625,271.92437782562126
72617691,159.15143168981047
18081983,162.02048431425976
41430371,145.14896458508855
18768333,242.2648894165437
97670981,123.09619405172455
33138884,325.88324793463545
54769750,200.95691622581612
89191521,171.9666576253495
68771611,195.49857483809933
69658524,193.00670437845062
72361657,208.15264777547722
56548670,149.6310471907607
78323750,277.3094736318775
30772189,183.74491375535933
48525110,108.71647708763462
86995869,178.8196634464862
17626486,348.6452795934033
25200634,170.29613764137378
42675735,148.14875355275512
65493081,183.72891302973068
93613666,289.7124171077521
70416961,110.61226513193972
29938065,260.9139314023911
49578380,264.667637523188
98870679,118.78031062265906
69931311,202.36292159384075
53406287,344.91442522114244
84279248,194.75730663064948
95721664,349.5892551996279
86560148,264.9024780299826
54643141,253.167503359414
87296829,148.38538628919886
44687814,102.26285507655469
17812890,129.46171965951936
55517272,191.90724225285132
83984617,197.7702529469218
50681051,203.01486146840782
74119296,162.0482480460824
67223450,292.69199882753
77287132,321.50380809536614
36264517,214.5076155924355
42898261,268.88378368391966
62830950,154.79720384585556
34861949,198.0850688821263
73511243,177.879851676915
21486168,99.16888876589965
99309538,248.43289802848477
42037617,150.94424249934121
54746843,308.8413893268931
47539615,195.30559778027896
84768747,177.1758251170661
72954519,253.54223014468724
86653160,263.30084164255845
24350012,174.93358023971433
44330162,191.89105866724816
40410889,132.10186598730093
14017526,251.03772792504606
18494070,295.7923027603704
47916307,276.12580441489825
39725498,265.4084498029798
54156054,135.19246394064726
49589662,441.16967121114476
87793535,185.40069657442714
25123851,219.18625193736258
55319133,246.01066624309152
35955058,234.89188320167892
15784980,90.64822857748271
63967490,252.46130390765808
84366303,177.97332505317019
32211409,223.2117208295329
27475512,207.090204096891
98385904,177.24704762532627
74274926,106.77412881437299
26137274,282.60495924904507
35706395,263.9595074724418
25432073,130.1139934123866
56493804,212.08108707581619
21783642,186.76356686239492
24274717,235.0511812923111
93363592,321.38394245326344
50359798,319.25236097950324
76057356,252.3302406644035
34577569,202.68904081289068
13432670,240.83596644295616
36150614,221.09902182080742
95883486,180.12923721684336
17035345,285.5213533176052
48987823,164.42741611239836
18853302,231.67126490907094
70059479,120.3260914193989
35830006,279.43631152292
83058209,203.1750102746156
52239160,171.0497603512459
24939237,160.2623653484072
48271879,194.74291120661354
58898302,125.18406933331266
97505252,151.10158594489727
52580265,112.2386925324768
59859756,177.20605691129322
59531100,204.38662675587452
82820692,150.96083001873083
73015543,245.0058691310105
50663543,209.5858289890695
61349439,176.30002579638202
82745505,124.98822451876309
91058293,285.26735107223465
17937997,268.87621317435037
48025378,331.44743584329774
21558049,206.8780567428376
51468147,249.1116475705863
87943582,122.86845360737406
72989675,141.45088899169158
10828659,136.03586579947117
78868242,135.34672999803678
63610417,261.98106589309293
13037947,239.16984372492024
63051485,89.03740755016747
42637767,220.70259623400491
66029975,161.7741684294618
41368516,166.83422525508996
75570412,152.03954958315748
58832659,350.6008397658826
20746324,149.99171321602242
41047714,451.37516402873433
41430458,252.20386371047869
69198371,154.98473667213588
46430156,215.94171687590276
42120705,212.2254736216471
67695943,239.11640523302333
10655846,159.1163478611981
56387239,110.48425736294254
73136827,243.08709635563525
66107772,183.479845223803
41597595,268.3469944404159
27035754,152.0173189541414
94233303,177.3624622526868
72371862,155.67759767908197
47858586,192.46210532484739
50074731,123.18187650384773
15840349,159.37753309046423
27527024,268.7381577371442
51445447,139.446060489384
83042677,171.88096226560938
17433657,193.0707780878037
83477453,521.1497046230879
58980418,249.4066479267154
49038207,214.16011848075746
35105997,97.31073951354502
88328473,141.56108435486868
49929992,227.01476337868525
12057690,97.26183630103665
22485986,155.3742442400023
18944255,366.80863418287674
94296460,113.7522124619411
15325948,374.02451737797423
80036637,281.6366735411389
63707416,186.49640984017367
33357067,349.3642779295204
76260292,210.02048713429502
88542794,276.0225139311206
36624049,206.09955160960078
85370002,217.95622483549505
70947321,317.6928886266842
86215831,299.22561595045113
71799918,294.8630589287958
70779429,224.570342929828
28177790,193.85486742311963
33416701,423.79200735577217
32210074,230.48323934829313
91177225,200.74057507698333
62230096,126.77988418617318
27830922,249.90650843407116
20292159,130.37157125981827
72135125,235.82827990032604
41060839,347.2229180876427
14610723,165.29602680130535
40291165,171.65006209927864
76063806,127.27601066773718
21250419,115.86111954458691
67512417,200.12883556470567
33443292,206.26232755587816
33660955,201.09681326478878
33504001,277.8815814953158
59014872,166.82344112491447
48423806,159.85699408333008
81227220,226.55833959150274
97904600,122.14157099985528
80141558,108.19253575227009
13290868,194.88351749567062
12913192,266.0631766654367
94144440,341.09237172559665
53033174,271.0348900660426
93735706,290.1775900018635
59909555,350.942981631938
99555121,179.71169421887325
13256013,308.0174314601495
93540353,275.7944103430031
97837539,103.16041397960844
35669129,126.6273249579857
50012137,186.08416810676272
68173579,205.93331610780268
59440623,199.27148894744633
48714672,422.3092249322917
86973367,294.2371535736977
28395212,339.5161444046545
50017530,257.0976904888151
48045601,194.5022137763584
60427063,121.02531210604687
49061177,177.75953174327393
42896715,258.51475870510086
97451418,180.38953131170996
53456411,395.5111342557262
99184358,233.12880988530995
91879007,203.3900043485114
76424273,291.2567661516998
19529774,140.10536631887175
60604201,130.39231584351006
96265561,156.99391086720354
84388943,270.1084005814123
22143961,142.08727692696175
14880373,217.95532132714428
98124884,211.8667616821458
23434755,243.44329823819976
36626131,202.33228008190844
86172967,216.74956206976864
89507826,264.7609470833086
51984404,129.84679994476352
21328430,235.09556341082805
46133239,142.90863335747312
87118588,106.44055581483333
72466804,117.02598478154417
90243251,232.84187075769802
31491219,260.8218291525184
83702289,286.3148173511824
78369132,384.25524206102693
12074272,152.2492378355439
77297832,155.8642351593231
91732264,266.321549604204
51116865,171.13584563869563
81826443,178.99516648063505
26192585,232.91734617743765
72261842,156.97646689961024
40619619,240.19564406897095
89999631,159.35008575378757
10490133,141.92099292041337
90054183,301.17788124380206
62212383,189.8243332844574
19863611,177.41782540927414
51025893,250.39083456169263
83280839,321.5531953396248
53701664,190.84400246261316
70474564,268.9356817490088
52730115,181.55833782098594
28945671,177.86559211442565
76905104,216.40807085328387
60340609,195.94208307965505
14262244,220.0009492912143
86114877,326.05579498550065
24582504,299.67361690677103
77544375,176.4981702287431
18212637,309.9331788453042
31107635,251.2454181002812
73185236,307.2718024541725
73413665,193.60612103067905
31204532,244.64971275568735
16646519,411.5455683186815
59819313,348.6138532141394
58041963,246.5917633397264
73177607,166.97697478816022
65489959,189.7203641013285
53892134,457.6078684749887
14638825,152.77951853424923
61652212,343.73971924754113
69208062,147.70003975315927
98205776,196.63240780316306
91953270,117.64695051775347
95708788,217.6136558273882
71079776,99.67695624621697
10948901,380.70049206754845
79084173,265.38006316758884
41410746,144.54907780714913
50927968,169.63082577286394
99511873,138.72441064632105
87562260,271.5202922561601
48098997,285.2358613776007
77592143,201.11624502675014
50298301,170.35589625159338
95160336,265.55340209443625
13581567,255.98954599419125
76106706,275.73479232092893
53880590,222.0892016459665
50270200,129.91405469177687
13098948,192.694134690918
81835258,163.57219910887667
14238786,149.65552185952362
65288499,193.82318055591352
29149871,176.02703829910055
39551396,347.93645995483365
77375335,331.8714445712494
14384374,168.01930987057779
63368293,340.17150622276586
25141477,208.1004853837866
37822276,142.96297215211666
62473299,115.3143666724029
90467887,367.2037159178126
62270028,148.04923344807122
62101686,198.68426415137063
51642126,168.29878964834498
50281814,200.35478636858463
34969698,237.36926333427502
46962155,127.05668452273349
17638609,201.0402831722875
59977095,149.8241106432622
75196820,147.8679982670865
65141041,153.59843833107294
65986306,249.41930681375146
99818911,168.14187552066932
38328534,188.00200827943388
31204739,299.63734191523247
53082885,212.79218719974574
76244528,128.3734489068362
46394887,119.6378855774709
65939511,146.48928433660367
96048217,141.53748423203268
60425489,132.06930329970604
69419323,255.78526018292223
15008203,151.82453447966628
70058997,228.4087118014507
44067940,263.0164650773176
47031542,156.11785862410943
28929546,302.8567610623352
34548603,298.7408600096001
36515676,373.03169428370506
42765717,122.42342282668739
60296558,123.68200619147547
84332226,181.17774684337218
76539663,278.1282243859914
73504572,180.10145391394386
64646486,165.3342112766964
28262602,115.75520249070036
74447096,208.74559146766012
23247586,136.34674165935223
99044390,325.6100573612272
66743385,352.62735051405264
62841747,193.44357459856735
98271312,162.60243106903513
54969068,249.69677989867887
49548078,205.24184996833094
47147429,160.40203827812348
46113098,124.13382788506254
52623517,111.74440794707054
43618531,126.15465913686282
54174309,236.0709201601847
21908078,158.57527087006758
56753065,317.3904956475738
22723502,285.3455627119451
88620530,285.1033455650389
38560702,270.8932701972965
66126723,198.36466050922272
24731893,163.2545704982127
19472558,325.20133850144344
44766250,149.85470710602488
75919229,201.33376800086035
27459467,252.24334950584614
85529275,116.26922579426704
88503537,275.7661719338804
66147417,148.1089822096713
53916103,187.74269729241306
65299077,152.585082873526
82070950,231.01539835510053
69058105,193.61571466408574
89985793,150.23975147850024
38430174,439.91439181269413
24884771,181.03489938292552
37414962,146.35729835370557
35739187,149.43441780341084
52492779,281.81425040191675
70409358,164.25993174336205
38452011,162.85550257718438
43879270,129.91136852478218
70351120,249.56889350558868
47671157,138.03537516342524
60667365,397.60499674866946
85223481,194.75581897452003
83739939,248.67214746745307
36389934,329.6087910302538
84194560,183.25717673925692
66937745,294.6848141885311
82520946,299.63912038942703
52339932,185.55532805159754
19641281,248.02496805187374
69795343,166.43172831937395
99135350,129.90534551735834
27549583,108.51456892786781
94476832,193.87414484032084
58221865,144.84353942017296
25319395,202.4689249254666
74970303,205.23052880154071
10305170,205.58254774536258
82291258,310.7205474949999
81383048,153.5291741981057
79987158,411.20000056838427
13533229,188.27596902986187
40426833,270.70742945443266
79077516,121.96258033841973
49738320,100.15762541450813
51126693,250.65783513369735
52635836,303.12989451232113
46715477,186.26088159480614
82258908,233.4182434231467
56878285,310.7375067443019
19130210,107.78388662175081
92849186,372.3738965233572
24338810,355.731935687352
24758650,302.4145250167646
70913184,163.45775458168325
37987399,225.53490388021243
74913796,210.07444672558114
17667485,137.81102267173662
64222955,159.92985832658036
96958008,157.552890626637
10416049,252.05879937579084
60398901,175.89600075209145
24738469,163.78225066011626
50592747,196.63143300240108
96289055,281.5830931408058
38420705,129.44164828495684
93968498,202.31471867047307
79579077,108.02946272714203
66828068,310.83193074270156
96166759,187.34246181651173
32805078,224.86943550445096
96021280,160.984736634753
73914137,259.8569889513632
38819078,231.43372177631807
26837951,342.4906741092028
86644106,228.6328268371062
55183461,244.8695709016928
52422099,369.4669896197465
83190904,228.12008878004235
80939883,215.98482778351655
12388368,189.4977699848923
15537990,185.58688374333747
52619092,222.57215296562828
14251589,178.4519922841109
78390765,309.7257068658905
43497859,229.78910986034538
18381852,241.1125080526259
53390528,204.3551054453699
32023086,125.57940013593972
55881129,190.31906825285432
56955427,185.59884469368058
78797526,112.74024159978153
81441605,268.86045732738114
49418138,159.1861523221457
16343356,233.50711377149293
50953620,188.77175342733264
80530984,218.91853689111807
92363214,175.55976400070625
11505021,264.43691290030347
10464949,171.9307632923788
40174242,200.99258289294121
46922794,296.16374997528266
31165878,281.8670341968857
92160351,327.73671566155366
97225599,131.16134098983707
57289385,189.23130308947287
10490505,366.16677326029264
40593414,200.91794309421843
69535718,290.1034600214052
29927353,222.63130508836161
65834728,166.45456775564077
77297694,173.27382896412465
20453767,148.75478091079995
38742201,300.18750886472
44178016,230.7258613102726
26155961,352.64477245698174
85037563,224.76471178267659
13481675,189.93744916496087
32710978,176.62504408654152
42008191,121.37283435480923
13117186,141.40100910950005
32427009,285.789551014846
77926757,269.7696943136549
11233435,153.97545705962847
16522541,313.1845896118672
63770815,163.87148188567264
77164558,153.0400603382161
74405387,254.91471737760176
74698287,324.80257506250894
90725998,242.9433388696361
24204802,233.3924873799616
89034765,267.6261203154518
34875172,197.43473913417782
74411316,159.0647998236335
81157871,306.26727469725193
44232316,252.90131065870187
48083558,167.9955361439339
75280463,275.3998360569712
11329117,243.37706375341202
67082756,230.92279322029026
11237434,271.0002307433356
69921139,126.91900824793353
68448780,200.0844925353085
77761059,161.01391191901237
29006434,559.7203275007572
30190038,264.81161422933576
28376932,148.44056852058264
39355382,262.66371193866496
42494595,200.15397685157865
16756651,334.4126187334782
78115658,219.2185240778411
27261411,283.2782123514763
71919180,198.526485313188
99090920,234.74604633201977
64351618,181.04757211727937
88658759,265.81519300754803
14195927,248.6018948390061
63820196,244.0211604794152
23866225,331.01683235695174
50484100,288.02656473432046
98406048,153.5964069124986
64139858,224.52054759639637
93302980,171.66187209755756
62155483,183.7597823771412
69791340,272.4554545616048
19631546,184.15675520700995
26192431,255.7315700246676
68268852,140.74265482471944
14862183,165.98563675179173
50141937,235.54446019367305
85256282,147.94814206528443
11027564,211.74238928320085
51577553,160.9869896745658
77132573,109.12295453875052
55254268,278.7341214120156
25529214,185.5534941832737
89287048,386.2959212312114
23253967,345.40604952692377
22644692,173.98586730410616
32245140,107.77577943913525
82072504,167.1804002242107
34678460,290.35676508522886
55373081,352.99015303243175
12138481,281.10168774695876
23632970,142.83581152209717
44285474,144.45407473963573
88075177,138.8209794317383
13117787,334.92824101646954
14797111,187.03644578674817
28697695,197.12214076149752
34748486,380.03767548277824
30506810,197.70794630082173
57410372,129.6117379610302
28776122,312.9396812392736
18346451,394.0343854848924
29932007,292.10419182769743
82654800,185.08275928255463
67038086,231.282630201033
95282943,96.65371188746808
90723621,280.2861755960976
37760202,77.44609252179264
97077656,282.8402479790748
67823833,263.8644207276399
25222231,148.4251642719692
63451552,245.9836895715641
66552053,178.73572297971677
83488554,220.48550107382016
24886655,222.23185196356454
83798512,204.86496157856035
46152763,231.85457042984012
96015866,172.81724809450037
51731151,110.59308583215632
34899750,335.56625454228714
55529926,145.84195476627622
95405536,224.24126847066833
29288544,153.0007111018104
50076589,238.88242412600798
37886285,179.28796328991248
69818934,238.2794281454826
13957412,199.21493630634106
27493225,222.16015440885258
81186892,197.8135390117398
72734336,269.6881468211803
20148129,225.6079618834352
23391747,159.80421665408116
45833590,197.61628623154172
85777842,104.58386802804377
92975129,268.1391759881036
33382289,322.8618568003206
95953281,171.81259587670974
60074802,307.21194931845105
23912733,122.40189148833115
31346779,159.52445266220153
25605125,163.66857646304769
96288207,164.6949417499298
44535745,237.21099127651812
16008313,272.7369314822199
91365542,254.0461217639678
67385764,213.8383892906097
31465116,161.6821905406052
99474816,166.9634194006855
26141909,261.3818524586815
72548314,226.6133174161339
39043955,253.22786055766394
55963655,179.24139136886612
54632315,224.39516896055386
48726285,144.22667584816935
76251227,128.3660933867971
83562410,296.954359501519
93775374,113.12711939581325
21446329,238.15829719423942
37345001,121.19252953303058
49628614,252.45376812985504
35767914,284.41790084621607
10876536,198.796840089379
47339936,287.1641475416675
89347542,232.96893686695955
22457603,329.17908263117806
77199929,195.22183313109934
46378399,224.0281939291362
70602262,115.85080001548698
54666534,232.54997496407412
56421405,227.3137454580278
97652177,176.34968544339495
15442637,166.12999531632545
92360497,131.60892413936733
16847908,324.2490126096399
14220385,194.8505720456814
25905603,154.59651163814343
58331647,146.7458020035443
22292196,314.7826810549208
37237832,234.2275138843572
33009500,212.74817552661298
12533428,208.91117487785098
46939545,210.7748999019129
41868505,208.35544065776557
75616535,267.36243916462075
73878512,217.8850221635096
67270933,143.36085878815607
98281662,175.17628048246945
66553316,173.1429117723798
34303551,383.0651116628529
82645628,269.6291672912915
57257821,132.07031573729137
21288888,247.43847311007409
85963653,193.7016898107338
47876249,266.85274401032075
21439489,142.28152637082118
52566254,181.97671276584754
57084214,161.98831468478573
16925768,160.65875189542476
32782035,117.68864025325715
31791186,120.75130215613395
62797819,295.5245916079162
35384978,199.72258763020315
21945105,293.43122138935803
81557774,197.58073422386008
85407739,128.1702875909205
86085126,116.70056636401247
95296354,228.4658542977302
90881439,204.94793913985697
30757344,218.87487791118303
48457713,157.5079909157713
89571542,237.07872145981037
94067050,151.33658401675268
48271561,293.67763057015804
69357732,90.5973430908337
86325273,202.20099639600426
18152649,216.72621461127628
33899410,162.3787183496065
22781669,124.79048967856762
17283281,197.4908073019738
51785872,380.48072457814675
33104833,369.554149810417
91682435,233.48300323751272
70713314,209.64992514302386
13110268,254.71681412258823
34642793,405.7403889559476
41694899,183.4860742701858
86278349,179.5953564358365
11717089,189.40523551483693
59185456,300.5561590058082
59344396,125.96646036815466
89922228,486.9717111474276
62027210,213.31766883416336
98523447,130.61872911560977
77330146,434.5446454731658
78386939,379.07375701122476
66831282,166.57032612486054
17596778,260.3104506200252
72290481,188.12661569676476
31606355,305.0427735716596
72940683,170.53256538880692
24736121,243.41818691296078
47814214,156.78946634878767
39410982,349.5407765813655
44151940,281.39023739841934
65594908,346.18860113406697
79125454,260.18803216951255
50322107,289.705510376377
76200003,151.53112922667853
85059302,168.54223945541267
95450721,107.17809452236307
93253826,318.74857219198594
19723778,337.37729584772285
35980406,179.3815584172187
67285479,223.70716163488066
68864075,197.71321244547948
37422791,134.35792719919772
73798025,478.005276817813
97232135,120.66366019816707
50064513,454.0130805693801
75638682,172.1726178614244
41937405,255.35833961676545
18443662,148.5874988615463
68899727,321.7234652597336
18388313,256.23364989354013
69521945,158.69529279394325
31596715,222.63103218475592
78472605,169.43201267830256
12713963,196.93240757859812
46768823,218.35304743117803
27538097,219.58860822107127
89955366,284.90423528109443
94081889,159.54360800479554
65214899,81.56900589631603
95205973,465.31704326251395
83140994,189.78438605466502
69014391,131.3371043798377
66919280,335.60110821342926
86299194,244.49486932186446
14394397,325.29039832018555
88465251,170.61082999898966
82447513,197.43986424553532
90676745,175.37633202432892
61229086,322.8770808789624
30557316,254.90506867587862
48578361,143.46354890923323
29085329,137.26685069546426
99539415,389.7590821410938
33750162,208.00793863297815
51880900,111.03257621478295
81942693,273.2628442421636
44828087,188.65130096958487
80752087,256.6425743960444
99218652,282.4342863040898
37433425,296.1522457196782
39115683,183.60547377623007
26601986,153.75331780710871
50469308,187.99386247337497
69872975,207.71446996752198
18483245,265.94547267379835
12588982,194.21232223872198
79454705,181.78418514500618
76523232,272.52509698339287
96131595,209.9926430986907
99680250,192.70710624508757
82622915,275.6798543792788
11290284,202.19059778238974
80057162,240.88968544679392
72165316,248.67163289972015
79751433,265.4612359087854
33215554,206.70023749309556
42852506,177.37294971996667
56093872,317.3581887825599
64167041,338.1529348974096
83380458,208.40573837436816
32651438,136.07602849257353
38364846,184.23373664814278
74621857,150.70548526439057
62748794,115.5372186149008
71435421,144.03456170913887
76163868,366.2193019577064
14677956,153.7972811550386
48283664,141.55313179622527
93787027,304.934373803723
75353617,423.1536448210087
44130726,259.0007172737786
75634285,502.9985114235399
27969925,192.34569943711023
34662422,231.0975075939123
46428766,198.03188354918873
40279741,173.45761938623644
58991338,378.1930438399131
52295288,175.80737005124752
25429358,343.8774609022002
91223525,165.77586447206983
80429592,184.24664812710162
36010937,251.1716711335192
61652867,505.6908686887157
34655678,197.09074037683797
32281319,258.67293813837944
74717544,259.49106283169385
81780208,200.66776302703826
74117270,415.90669563091683
94663011,170.08970518247443
18715534,211.8594276593471
89926226,175.0470452703878
31441075,115.34897741402577
85656066,253.61930076050004
63154501,120.12909756090582
56954947,250.43177690953848
35193891,185.43566798491153
68045567,159.62396465352126
75523548,281.7928995479636
80044768,123.88836292658372
80565568,191.13240760792021
58680458,305.08925855772674
93434632,167.9414319705286
38164915,188.08482804414655
39561694,170.5697135711806
23940974,353.2122178311182
66689621,86.27960384985292
91586014,138.05033863168202
68610549,168.91539637998608
44648566,158.88383764694686
68443861,162.56447884811695
95300751,187.26703946646353
74650313,148.36927475324134
78190939,230.7685746469066
79583687,142.92355334605946
78744133,265.497617923213
19424377,126.12398202241228
74426958,120.16500806638226
30714675,194.61192072602768
20297631,186.4257909460697
62326689,408.01011691102866
72851226,132.1973329981437
94924877,125.58766711381169
39912297,310.6706350645661
50554145,84.95946247561226
51964385,106.10822388987677
91524053,302.8165480787616
67059408,191.0882245890413
13707505,81.50393846232693
96336923,225.82589543754173
18937921,148.33188912819162
23247466,221.81252188573274
20718626,257.0440591149742
62001591,396.28101098001105
32183930,202.25508838154386
29520078,166.21992887377317
20246948,279.80463486052133
12865925,196.57819673964804
75414040,368.77162482530616
29805887,353.0082169465751
91828173,306.0552174641229
92911827,463.4494555505357
21259879,278.76331253239505
27730704,170.99908549838977
10805384,450.8963597441617
28772124,275.25414713645495
67895243,233.68051762735303
70282510,330.15988944948424
76926492,256.7764866723934
56029416,174.52625085103472
42166025,408.79059875731275
88855559,345.9937535904173
71679738,193.75420724242773
95011645,294.1141638034936
23391388,160.48330912111902
97276431,312.322661661572
78499453,308.48466941209495
50845143,181.01261261150637
63593365,211.9680982971003
44645094,249.0611487307587
92805008,170.73667460132722
95966284,205.20856760049813
86968525,181.02512087289142
35459557,143.74255566366207
16959595,154.20125017909018
66852864,247.97793914088408
64976874,126.8866442961524
90803282,162.5784270050245
32597480,301.378261682982
22525205,236.33433927565142
18357388,385.2029382622799
55224009,158.14168279098786
12066751,158.90192904684642
51600054,258.24954211176043
33097870,373.11777928444155
44165189,114.49168134339527
92174554,143.29724419241978
75685484,240.73692194857767
79648156,168.4363717969848
34473914,263.47991046952245
42069298,134.50964417603535
24749467,124.09275377370496
37024144,311.48169229159646
53463208,465.6392532490408
61035399,210.0950689685892
92975059,238.43086545985378
16258293,162.17201542615916
80353068,114.38679413337891
69637564,168.18454959891358
60889557,218.0410580327268
45682120,368.63384905080073
62566155,304.24429024211304
86829598,177.68583079115902
77516810,405.94333960258723
32602883,302.5772018753847
99658649,201.23785083550968
98115366,355.90145969390926
40551984,224.5584133564076
89171680,164.37451948042707
78104461,201.7787112069995
80805720,155.31463675382741
44701781,124.72179102651722
32357693,374.8756457837084
16257080,334.49898008888823
63758432,234.73287753405313
86560064,105.93141755788557
76704426,208.4539767958372
29021087,167.36661064246593
30903210,247.3254634870769
59650055,236.8487083329632
16537007,331.6088777675732
44043751,177.10239747850017
93550246,204.13182195619189
74795536,121.75363178967203
36252893,327.46009408880735
60712266,161.49195678817296
54795015,202.3690732485434
59038432,136.34701641818845
53101267,368.5360126257317
96137757,242.09017932709713
61894184,434.82669192210153
56980533,171.25819405913418
40911725,155.71627278953167
78253728,456.4160517359998
46517280,360.3898876251925
98578100,197.62732292320513
92998542,159.4302339855736
85778453,310.8336848580698
67897199,152.98147783088194
37385434,190.06787886944414
29978687,261.5017551344137
63462293,131.6816492002108
82610119,290.6137792552794
11195863,349.2767001555627
22813157,187.77726868332172
16061850,159.06508862545638
25000757,128.68520210898902
23839386,112.90262787736408
62901003,184.87935205647602
85332734,179.52590109215654
41185457,168.16145618698297
32349244,219.5358547498791
75213525,297.6345156144804
24267861,187.95952512326693
80759464,138.36073488630035
38052934,283.8818842242237
36983078,215.90785168629756
48438532,140.51002881074746
98811621,200.09831995416337
41602835,343.93636362525734
79191702,198.82514427963076
91526426,281.6878083717529
12436955,302.7955046475072
35460655,187.1243732770338
24893618,188.69958712974426
12318894,113.48959522478587
75385870,135.34850862274334
24016887,257.02326645344283
93798376,211.99258859171846
10041197,322.86174751935783
44196192,207.64521653465673
34259961,382.9332030434868
79360399,358.3144909107282
90648365,233.8388517229111
32784142,145.10587895409964
88014206,245.50200449654355
47541115,177.28270662162623
81087277,231.0659126160275
99414879,203.63907048469605
96312378,224.7428370336714
45292998,277.7121510254359
62464969,198.55667510755583
89056154,192.65470355623464
43815757,146.84785480313178
36326737,192.93868708330663
66733240,155.59775026296208
82154113,348.01529834878045
75774127,148.56688637494426
99633023,203.31424334504297
54243966,189.12847968581337
21507777,301.3719735470019
89526022,253.27921852242213
35342783,264.1182963406658
75576574,187.43308228146682
86207238,293.65978753370877
11999604,136.94305808779177
64241630,252.83432231097464
49681885,182.88851260335727
20476163,270.576054465394
82534020,173.78645466265323
80449403,310.69390945300495
91978419,436.27945266260383
13134274,96.0712924282649
30921031,181.2466811927865
35948510,154.68810092207258
37862013,199.7065151708345
74364264,160.50590672737172
73089121,181.89366992423572
71120219,185.1178195932508
81357330,211.7241452012255
86696339,284.06230793523594
32694372,304.30065812540465
86397240,140.4187198941798
75410743,203.20222626195158
54107967,105.22531566738441
53182244,197.4029699711673
84949062,167.21165415813778
17578514,194.62738948567429
66553240,160.62111316437483
78244783,245.28706199506928
85750494,290.54518021174266
26835204,181.23488928781362
25568634,212.56830876391103
62833472,229.4824935539252
89441409,94.20734065960805
30957350,126.90763251923268
83492659,228.88902646816504
14123667,232.5540576863846
81332426,201.06564855878912
75963486,531.2314067521536
97473965,257.4598628498088
52550411,159.58148227820897
38852859,106.97341875081072
86945814,134.90914572250716
99213841,228.7750832438157
93296884,199.013219037921
74681265,192.4520719957698
67628381,196.5654888671797
53194004,121.44080390472311
79129949,269.0166018030618
21417992,95.99764897650569
65584374,188.5487332792042
83994457,116.17440663638625
79552394,213.75896155050665
14169455,277.22206791274357
11006346,206.27474857117852
55920445,160.4037661630743
42183979,173.57262837465208
27236753,127.8733174916031
38623845,211.22703026697607
56539617,339.40858829733133
89514584,189.09494708095244
55800655,382.17633243782666
95341263,190.96356089221436
90170967,271.72561655475266
25603899,332.835612406186
80752063,217.18256693833231
74272993,223.09373959999965
83204984,276.0868998374472
56041749,170.6500900336312
99929710,213.2476718064067
24093076,232.82519137836636
76171771,155.42396142507127
87313105,160.40782511005665
13150529,240.54658198529228
85314779,169.2746271601416
23218937,142.82434355705863
15797769,190.19634703740695
18451890,230.4506959130459
23712138,242.62307014927828
40201741,211.65472373587252
74044702,178.59884558130742
91758728,351.4154188606453
41605529,132.0355967336019
30345669,239.67100928951479
72490311,209.082781977023
11341429,134.7424184436377
86562367,172.43450327496942
65741146,125.59770417575037
28059650,253.3048365922082
36854120,139.84096419148244
70514815,147.36100426855901
28991223,212.45676186430438
34210782,408.0545083190992
97420540,364.3797791369094
53582966,165.00232054417805
25471995,166.40158378008383
40521306,185.22792534474925
18442744,97.89024078635288
86475933,242.11329434552607
35156621,332.48412905984475
92398280,201.83654832402377
64419847,217.72836644658418
27879667,147.64401838960453
33454324,134.3178785112578
78234554,152.57229731644566
37295459,156.06509169093397
76464828,205.44978609771397
89898019,281.7145368337956
94459827,88.7804751607881
30672049,156.35919752320194
93226295,141.6007473675908
66733496,164.0689871734657
24799537,320.20234244097145
30909458,190.3787210743715
20815913,380.40133551483234
77231006,176.978815486177
63770561,181.84666521994802
61281100,113.27938187333142
25443496,229.74262211354534
90941407,192.78947479130952
85217471,326.2354405814794
11330523,181.01873245554194
60135515,172.11265556061954
96537329,291.65937848606524
89713236,264.1088905465272
87856838,287.88625203502534
68427758,152.73892401766005
35697471,184.1059870048372
30758105,155.08972884007053
66828597,304.98694520583206
64179941,151.49008552303437
57531913,166.78715436420654
82276369,195.51749366247736
33117908,260.6017768939844
23807930,194.1028802212094
58313771,145.69290180581078
86361973,216.51194875455974
54136725,204.23219542485387
80609057,107.30540411869501
23386046,106.06041714358061
88923790,168.75088617834774
50739054,226.3048638586814
85701835,133.11001344773297
11164690,147.0093132591321
60686704,135.10143179005635
56500955,210.587455338135
92377094,167.9722014866646
27377686,294.0164916189887
14820376,139.74689256465058
24454653,162.9639980286208
49068691,108.6343060122791
68870887,113.16012532496367
40404763,185.3084471828036
53993271,267.0769459096954
76624283,171.43377908937475
84681113,344.8695751962597
39182711,266.43431131493696
99418549,127.95067186426525
54009403,233.97594175440946
15732665,89.79592111600012
21105712,109.28006322176942
76841454,178.07287735065853
77456803,268.98280128341145
94681649,145.97460049732103
42127705,180.13469741561235
86327920,170.00028475415382
49706768,221.43464351817997
47210863,157.52800020001442
98862874,185.85070964973076
80625113,168.32294429331682
13147967,139.31838807294676
79644262,188.4374974647434
40821766,191.07705610313604
38964351,308.33853172495145
80037468,242.81725157815134
10709528,197.22296614847434
14006566,110.50090308315588
84355937,160.52989740418073
68139676,180.09873120271973
51613745,178.5937288219777
77042505,175.12726062418008
35307179,166.40772830146693
43137990,327.19877965982346
60366178,197.68914855558486
28449137,305.18644943480007
54714633,250.68230190675536
86469326,174.37037354810116
81392986,149.83325891137105
94816275,96.45658645679569
20992851,153.69676604191778
33220037,108.78485537812448
52922027,185.5483642855207
70522751,363.5718117684868
35179027,226.0774642908097
11006610,174.1513698654116
97027045,142.67168380734554
60842426,251.77174386701677
37962781,147.95228720073928
57446778,106.13697393289308
46803142,244.129973409641
96412152,291.46767321962466
41948607,176.3009768318952
30401183,248.08274854801823
82446721,272.7664315175351
98640166,138.8489878031192
16426411,187.55751695362753
40919986,234.27534447927033
34959842,206.59315878585403
76545890,455.87007819425884
38671669,378.7825507879463
74577885,260.3681751520253
77894868,167.4787791908447
44132106,323.19082870703306
13303745,290.44823100886094
82202428,178.95742458276573
69359286,159.42721983625242
49249118,225.72525331366558
65186472,176.71999796135484
86728284,275.3839122710632
89113200,204.39247674081935
64085288,207.7496401197047
83095293,148.54358415356234
55834975,247.41958616423574
12408851,162.6596294097085
45102161,189.516946818229
21425066,190.59287057374644
49253416,96.77572584235534
91720337,318.546511786501
38125202,173.63125396940057
76716879,201.82144387179576
75093314,352.20751484761934
94720863,166.16817306731147
69306868,92.88044381713954
78783123,189.99202524429134
31503266,187.30737687213988
51221256,159.4847460128771
36978860,168.18056212215467
77102844,116.47064750471947
85218856,225.67445665224787
64674000,201.56583762321546
71928536,192.72053668586204
71632516,279.7682777346141
44645677,248.74924014916738
27089889,160.88821347738505
85001254,324.6614597208745
80789294,324.2073117522325
94921905,222.18259545389338
87557595,212.34925366559582
27812172,262.0379934727982
70326518,258.6237192217163
76820242,157.90560085296016
37798149,286.69954824143946
95689974,293.38809611227975
86698149,147.45584300705522
82332389,234.81101110778425
38769988,135.89249926321355
62104171,257.5782658228683
20008764,127.97353618906392
88250848,240.79226963293473
99989436,149.78188964279724
20654244,172.50024971455142
63645129,253.3082952925725
66237213,209.4525715204601
89366030,361.6397243041789
43885604,238.1572646141605
20777495,214.6091423574004
17630232,191.11116341352417
41034819,220.9641359199552
30863558,233.97534300723464
30990096,188.87873516208182
14528263,378.72820332446486
38046616,197.62721923988627
21720690,148.34880081237583
41971276,134.83408895058426
81966182,283.14018984978145
81876034,217.59641217088165
23233042,179.30185257493721
59959368,215.61022187705464
25429816,282.4186450591981
40884180,157.68820452484994
88955672,322.9867512170639
43077536,197.85137468369928
22541133,199.63569294049574
98515757,154.41060588429488
96170890,133.75966203940834
33994765,147.35402481435926
91089578,214.83028357678634
38840418,150.1277739872495
92439017,173.5495332216327
30192634,282.129947877314
30769461,166.19313200370863
80205723,245.83940970532012
55131937,209.7667940529837
29185681,292.2621318871669
80773149,409.9226897051833
84757256,243.0930955098493
81505232,180.85670325065803
57555020,169.6828729701728
70106520,179.47818194028568
43240131,316.5479716563019
57158414,127.71175596124753
63966023,203.70712731379538
46075950,297.7612384249919
47516649,134.3216750271452
57203804,144.92124637190017
99285503,242.8082741508988
23511969,172.62122229867987
78376646,205.5732076262596
48884000,228.74497112502056
98727752,237.75760903524125
82907215,336.8089190150811
72719170,247.99489186716886
39149918,178.14357056288878
85435767,212.42458986147668
54111802,316.12408974703743
92599919,222.56090457164015
24226064,200.8121713273701
96829833,424.19608656758163
27301621,114.23612454975301
15887246,164.11715872170822
51726302,247.97273556543507
51260265,248.83455937309608
45934883,177.87471389388747
97289930,285.2058249731541
42847093,216.03684062999884
13695159,231.67843822498665
21664737,232.61532666393407
72162540,251.6757936615812
45972276,316.61387713671246
71222059,297.9869071829347
18901787,151.24949714010162
64794868,230.5580596382592
96040179,249.83793917443694
43891507,213.72948251284777
94649367,217.90012577953794
85490151,170.8040941252789
51948440,226.69676507437114
44237958,161.34811098037324
97658202,149.166211753117
77699657,259.0968618037472
23252427,253.8076432247903
10697423,313.25465045503597
99095154,235.76248669951516
86344123,134.12454197420703
32740825,193.65308981362287
39699187,285.94916209585057
79334316,268.14468071184695
13862142,224.84996598447313
95022546,108.5049158245922
85671131,173.78605940174697
13946093,181.43423363258717
71911642,290.3330442967949
74557358,436.9091079157239
76424216,107.94439752529823
60569056,258.2810382488229
21429356,175.80168922999692
37147011,258.88584534697094
22363795,186.3341673500342
22711721,159.43726076497023
32781826,126.9335464547285
79919377,96.98005147771168
95950869,274.47936959309516
67975454,304.53703807209297
61846310,302.2337834997761
47190136,222.8463345061191
72140487,203.024366750557
33356353,206.48432829065743
57558815,210.56479657022035
85765913,181.15126876102752
67405346,193.98079517341546
47178751,144.80497502144948
92743619,222.34157946401092
67809997,373.95468413133096
95649734,161.46987658711288
35761786,109.99288400977166
20333506,163.23097997793562
39856656,291.40410143269565
80659941,152.97499867485504
72539676,223.21724333037523
34808508,164.77460359786343
18684795,260.1074871894317
60926773,186.82820699998655
25343604,172.8299503819585
85280076,137.7446050081657
51516725,305.3182797482722
54359603,390.3519308160031
65763192,246.63941915423692
53926540,130.29014418607818
77237054,128.5450323700666
75498756,123.328090670228
99166662,235.33286836946888
72410551,264.16541573896586
82923327,232.03059016006978
46066488,232.0031720112433
33059137,201.30033913739246
51480279,195.3120046098033
19373977,393.1738214888054
90715980,187.4656723276116
56492794,149.60293093550982
46037369,193.8893051453115
22743995,209.25382268513013
42553042,275.87189883475014
36975311,338.36118018604645
75351486,124.25087396628525
30981897,332.38549718572716
35580501,265.02839441987726
40483549,243.93284163799152
64819235,145.76303427225682
26688957,199.4566866537143
94904538,171.3621492055955
46754012,193.22697206335494
36796857,151.61113714510128
28461943,177.02679028729565
14026453,226.50078994414744
69053024,133.63475337079677
32733126,228.71686400352934
40931025,117.9469630784566
19427950,113.7200654202799
84597120,425.4839972326323
18811334,142.76653429279472
78324699,227.76222180980199
77953974,179.61149078452695
27862041,259.37969631999067
37247191,161.2419743047783
25562317,179.4613574641258
73172608,233.7113199393039
33104896,173.21224421622736
82319650,141.36346011223074
21799452,143.57590833901125
64888946,153.51608366584833
97264595,169.04159108513153
10429454,151.592393369278
61575325,205.18294121680188
56897257,135.2367365755115
37059519,292.50797712135443
52110520,220.11338746321096
81197632,197.5775317679174
78041929,240.93410095561677
62481600,196.26989017129915
79068390,226.17377833826112
35652591,127.05963559094661
39694436,216.2949347995646
95898355,272.0094508670307
80006639,153.09536060941286
53958546,211.89535373537757
58986255,322.5487842652901
35034634,154.22793104249223
21845497,269.4952070593723
40578913,136.5494651667628
52684708,171.4158519275741
89834641,100.85299906929926
65511611,441.0466089803933
65731676,217.36498543854321
83770991,229.08340223390974
56280602,233.8966654917117
44140498,250.690999082735
52748496,139.07804988191432
76136540,120.52916434389893
35483441,194.69627478151386
25193108,270.0860203664419
27434478,133.07686716692675
84357441,424.7297275384493
70840263,155.12374686473981
45633382,116.48212035205128
68317032,192.63044140550397
73465107,171.1513619970007
24929921,362.72791493973557
87300428,235.82554033882008
69871020,186.4130048054241
23755175,271.07741991409625
91971062,198.90293346321255
74483617,157.77497122580064
89642342,157.99501665302444
33276861,222.1340457915656
18861332,121.08274855589472
77211245,166.02033807338384
52041127,176.4827078799765
95864050,198.1740892961627
82528777,167.88170265812622
62702832,254.04962085277378
24146181,217.19821893847404
90263367,164.47528713225927
47033948,160.70523273191822
97856612,156.73565490942343
73014333,204.9461812208154
46731094,182.77697964492702
15781171,203.85713543712788
51156245,133.38908662841143
85958922,188.39399778455783
52550761,116.63619588949935
15567593,206.33780646109443
50279318,200.80065071581632
88796422,96.49760997183103
66724358,159.91269316754813
51443999,245.86999020355364
32661637,206.66972948923853
12999579,221.22829947371423
32460111,180.2373519519109
70354263,88.23775007205461
99768418,163.83346948120936
93597400,137.93453111806372
42968448,155.27451381522977
11447851,287.96249294180234
76146411,308.09878455058083
86917958,287.60011797093864
57526187,86.95108799495314
71062405,175.0886650762149
72847399,362.46791417447776
54891075,131.04877738252583
89841901,170.46696879537458
90056417,321.34993532238616
77892346,227.1726291246684
31627402,103.27720213095577
78864638,175.42390785987016
16022883,211.94892411548383
21980955,185.41230777226878
98291218,112.33133673488237
37406677,218.34644608714115
73253470,128.80613942375422
80239984,218.8955905549266
60323265,195.38030728128228
93655248,138.35475803418893
58796215,185.37809109703244
94203496,180.52494636211998
89472702,164.11395655009875
29142290,168.71296085427664
71021568,289.55033347544634
69197364,246.92585353343273
67499939,211.07162136856653
51780875,309.9081048610247
46941857,179.82554642295128
57911836,317.91734024158677
38559875,159.02979781833972
81398050,151.28065948373134
75334315,188.99502083914552
59308610,256.0754525303324
16247087,235.75013560495043
43247285,271.9826950899162
45215633,296.08722725094583
40481058,226.22341201333245
40365284,232.43158582187
92836079,294.15970351394395
70303716,191.42424420808155
81749724,161.7610673163794
41853820,296.17498146917
81440480,159.64251234302859
84996580,206.1489787622885
35919442,369.36669138928136
19046260,154.9257366970013
90423631,209.4483373211637
92961031,106.89117838553298
89855372,153.64521740094133
77816576,146.449245934269
12194715,182.09045017080845
20115124,439.61297507835513
73703358,225.07982171887664
89792966,102.2877875272434
43706254,173.50575620603223
70266281,131.66319474493037
78529732,235.46541123052646
31638825,110.82054317644833
58167471,139.9236745726449
93767960,61.68705487510985
55879589,219.71195200313076
67388602,238.79440310291656
86008328,282.03271248785404
53844650,172.32900071189692
86660948,226.7476009919869
39941650,126.48430109519936
44395757,192.08607353884207
81989533,190.78533719932605
46504700,118.04406226061009
39402032,155.892002413993
85919943,183.4745088581914
80733130,228.8760152715195
25189661,145.07621964911263
14623666,255.80489528642318
70848155,179.98953855631154
68571484,233.09430554108377
51228995,228.7018840186311
49683485,347.7721817643396
56036763,291.6243145791278
32459332,142.04550799142825
10860915,185.2564356672788
43696664,196.16415931185463
87941364,212.57603826888004
76183083,127.11537998957614
20966309,234.29719032263984
37699108,171.94779805361105
55952526,131.76578235724932
15616438,172.57152400668534
86514240,296.60833440603045
92945955,218.4827275715456
63145934,259.60490980126053
58853662,354.81311346720105
79304271,214.15786769465402
24276255,244.86572487635016
43245413,393.53419719789827
59024690,309.94546749772337
13551336,134.50584998515788
44848614,153.73750470239986
61087377,111.29246733666058
11885900,213.76077599740063
92535927,184.64232913887503
21708152,117.85160414744055
45352808,174.25054829678868
75624156,353.0826361344524
32001265,168.5803757128724
20413825,378.92307903970874
40305802,197.5814430022121
61861688,199.96426194854547
33441351,143.17176477880577
30365812,178.4081481314923
43625038,109.60567172700392
40659534,143.75044065021007
72885406,126.31326082837778
55817366,181.374816126339
78604997,144.37421437098774
14364198,143.21466027630194
70814486,183.84148402709627
71030650,197.80886903703552
93257457,170.7661724157271
65515227,103.58844963226151
23048185,333.4103311305839
64021401,158.37862408360604
81601136,153.66883691175178
60464050,226.69585530339518
62126832,187.81410473895875
76122802,168.1990867144086
68619547,183.85891872430102
69931017,215.8438908117393
52039321,381.1212233361804
96748453,286.88587720816736
40650345,294.72394561155375
94190496,229.8845734396386
40034795,175.91215945492448
16725203,234.59176276742707
37869032,277.8518000657685
87784983,308.7465308811479
67445694,146.90595996093742
44138052,175.00959907815897
56359862,192.48221293664514
27113776,177.321385404036
73853459,194.4634407846218
76284169,170.61219669145808
42581373,268.65318117850336
74617250,244.42029863953977
29606632,130.2338329896726
22328059,224.64251267638394
94596005,295.29486616223426
73640300,152.25992305748272
52511016,453.99320580035766
63643579,124.18609542975996
73979691,239.2205252714765
76806109,228.75374231731914
67084872,241.3399791649216
94616960,188.2530231578312
44018639,178.14548738029944
10369424,206.27702577991403
19417264,164.02547748576677
77137301,152.2320575685342
33598935,143.08670538376145
81379316,333.5562608168235
67627945,296.2484711577988
74067952,206.75487829373677
54161507,183.97818573159984
55930611,83.35341852837236
64919315,324.8145624206743
92109871,202.52915646987478
88653847,200.19460184942307
50331596,368.29249492843115
68139580,521.9707311673035
80241693,157.87056703299908
74034028,200.32372533039674
22712040,299.4898204627647
18212521,271.6722011876573
60434302,164.22142441157212
45427525,176.52505963951856
95853311,166.82684063357877
70857259,226.05638830629044
81477083,115.40429306853252
27723524,186.13990154011893
25206032,219.2315960167766
12102381,219.47173601279925
72428170,178.504952056604
27672042,201.1933986371874
77000429,277.5664844708714
95589605,146.76800925452
44647376,223.84090189637234
21338536,160.4178587995313
13820529,264.0441948996457
24568041,351.18648487118395
90117191,239.5681921180235
45800664,97.5122115361596
13557339,300.62145829542465
19087413,237.1339168878826
11616417,262.377651564595
22015830,336.01795477000223
42617304,153.24207378123174
72598754,202.0193135638007
34839793,239.50018990836787
77660297,137.0096160664242
13706769,161.26580622258297
71694094,203.40699302088026
26712974,133.92488689569078
11161484,175.69393094863932
92404281,194.31956012299065
29267516,137.4813702195086
44574998,99.97379059992102
66291057,243.95882088025212
13701175,145.54557769381958
24177160,174.99946519929006
81405301,272.54493546526777
11589439,177.66458290009842
17537269,230.58848770196647
98168887,298.81415587019677
57508409,158.47394474415398
83408387,290.5681351330774
43301435,274.34965152474035
49258344,205.12335033836138
98631322,126.24314539926104
69659096,189.35777714306846
99106028,196.78669654343412
37856658,121.71528119014769
42881579,157.20624058792512
77859891,184.6857723281378
81041727,168.20255041974886
47217829,281.73892276603
53083229,255.20212318949513
79619006,229.09910833956422
87897995,135.34228593713772
17964917,205.51709845299095
80568888,185.8534166761813
43042929,189.1650122708791
62796073,190.27667878743486
61083401,167.93310235000942
14141477,166.0550780752517
68306110,141.5721471269227
43708354,228.422228764428
73883907,153.59290848582063
75966104,215.48607589815967
55672599,133.73360513201573
14917596,284.66865054238826
65294870,159.24793763115122
14049454,206.70626151935775
93295381,275.4861244019011
27730907,200.14627800629333
52543486,161.639554295346
79427440,132.4440257223928
46627987,176.12839339126344
63096372,284.3183807897781
21047227,187.97695391759345
94588817,199.68980733577985
82925355,201.76712949993768
20239710,146.92663520082286
66560522,196.19840108749878
34394729,183.59547897937915
74199492,133.10239271681093
59577067,179.2475163948893
69919638,354.25244587111735
46718033,451.37259289799306
84917912,212.94748160323414
31599665,197.04203779795688
39056365,136.91786667922915
48895978,132.86646865983363
47094246,306.07830380135306
19549587,247.99843023590768
18563899,154.04926860226266
81642903,163.6506338149118
12095543,212.2624382005646
67140026,157.42632017580337
11054636,328.74222693622903
21698635,217.84735202592208
23623849,243.39605629503785
71392936,87.34931504636005
83425325,254.10326343718793
14553390,152.08117827111522
70274030,278.0610502535723
19402442,181.54088837872257
11041677,169.20227954253104
77513563,139.808750205173
87335721,247.7201594058136
17466406,158.72973609701023
11267365,163.13488495931506
89144675,187.6969362485537
89338457,153.82453469621618
87803439,251.6493802801926
20104582,222.40616569546805
95781089,172.71733463971373
66358482,124.37580464803497
62863016,220.22024569434993
92557337,257.73864475780135
10876766,242.1211870908475
70473205,156.218718424198
87569671,355.057602530493
61139578,178.74069965949624
53121878,146.50917154157156
15430462,213.27266549892457
67332796,245.54541755608534
75641163,214.78137530522798
23552924,439.7200300673162
56332291,280.1864217078848
83472051,151.43727301723294
73213649,227.53036938236357
47802315,257.6807470669826
42459098,207.70632884758282
59654537,244.18220820135048
49312825,217.10798335008482
80983900,140.6140599064217
58178507,199.15474844410784
50382416,162.44490624731225
66073034,164.6022331735689
43848284,197.14407037043733
85092410,158.014795170621
22321014,307.2736187678187
31162245,199.71180762008737
26802981,179.3047317928681
89737386,84.53645686644059
22704344,209.6332483354053
56000373,133.49553372285322
96310766,170.32445640080942
70324095,148.69885419150037
86441629,171.80181224439914
12514793,229.936039376693
89583392,162.45306521447162
36498032,350.7157824706476
22072881,125.61323427377437
23992589,165.80443917139152
25380807,180.05710376780684
30026993,194.49731430785084
65742850,118.72394662393549
33236806,198.4000253582693
64518820,175.0777769174021
42371713,123.32510076367805
47924596,218.81975048586534
55469978,205.54564104592737
29356220,223.83302743227034
98913649,228.2683531393897
22201860,183.62264480174807
17005574,253.58953704058388
61767605,318.5773637867435
63003964,202.87345374750436
52904792,193.2358089441672
87014699,289.7028953730389
60476269,236.17569413432017
23374773,163.1921658690425
12887652,135.21880610647005
11366466,175.83434617534175
62053080,144.33481745469757
21354279,237.54677287526533
58635346,183.46078587061277
57475663,194.19668307418337
44627129,155.4566306595045
29419543,201.6642998067173
47538164,231.22170234246408
19854086,204.32984456249744
63381374,69.91890204414514
55348437,128.4217072963389
80254443,299.3097028656816
23105559,220.56463828467966
25129271,182.17583470729824
40257293,237.25229046544413
63509506,311.4702957073559
45432136,223.05897754042147
19785631,170.83394163991255
22859019,219.78122872740227
36147504,192.72762626693432
54449509,220.65224962445376
81205631,198.58538926283327
98103632,165.25348422002438
32691265,169.447970329641
72768344,373.10869225362364
51890279,179.40522245148316
48043615,175.59090376023016
25374441,150.3292818310233
59962384,217.36700795561
28910995,385.06750677985156
13141234,97.45919557450546
50747063,205.46978963957082
55252279,167.60260930427188
52007426,202.14400937854867
30847276,180.42768470532337
62106368,141.8834571120621
60214573,222.29772185977416
40002314,227.1682448799918
32428356,277.24708430930883
53658343,307.13857900766607
29161839,134.50044616919467
46396012,148.9082262668662
62360708,203.86809075868211
43297939,154.88095832002526
12562149,239.40676826489428
36028116,203.47093175395491
87330286,246.81968790185803
88119407,223.61192812803375
26750897,257.46635323904025
49969361,162.27514650111124
97204974,147.45478011655237
99702598,222.61229848167523
52763802,192.91092030717633
68901809,157.73493197231673
39208673,206.43590447575633
54033485,155.7208670645484
54497531,219.6083956026948
53990991,208.44483095517708
84489537,172.6659432029616
35670801,255.35486311992528
78791350,246.3407857775207
20845184,360.6947187880332
13555027,194.0349680419313
37646059,190.2412065604623
76127874,184.3928629681788
92134461,301.2679411235381
35770374,172.19081543139728
71020209,263.9494649274144
34171582,304.90313109427177
50654248,219.33252316369305
42458567,180.01292548625455
19190057,325.5803069240434
54080489,140.87679604670575
68542535,194.41670572717865
45210646,172.30456247806816
59714270,171.79187171737578
88185676,257.04437500995937
71490260,152.23485240063195
30639393,108.0024197290866
82576353,196.38647637082158
24335906,285.24764534818155
21049647,276.60218973355086
13781432,174.14191087336437
86079138,169.6620786885229
40000990,530.2492791991594
73775201,254.09945462023313
35148701,253.13825879723902
81596880,188.80670396235993
94320273,210.33498556788638
36438421,210.66481116122242
53057217,284.4145236783072
25248077,251.18798952395616
73038169,171.13238359257974
73258090,254.93725134642835
87336796,334.9900687070506
78963426,160.26105198548024
12232405,227.17200786287847
86811261,181.0337293433647
43165541,283.464436693998
83018865,275.2437716702716
37762842,275.904877242719
65591705,162.43778834232876
67890361,160.09695911058054
94753186,156.9980153789155
93051402,220.8602974720154
18623638,275.8333377481032
35256497,200.51255367800027
79246585,175.06037451835104
23762226,221.66378683959894
67287814,174.56538395890556
78864148,470.2937388113465
30658878,99.65719644944811
97960066,145.37453021765452
19914732,166.60863089807054
23619037,134.275501759323
27095793,183.6594735850674
83667300,337.39852596197625
76686009,215.03662157135452
79911388,289.68666021093384
36038618,151.79936949093928
91489166,162.13943439667534
64088644,191.545818459023
10087238,156.79625756682657
68403788,211.85017261328952
95817054,264.58066395478926
57182933,235.11773410207343
83941537,159.96051661498424
86909159,281.9145907665833
45478492,277.99348389020975
84142111,210.87670047808277
45223652,292.76917855369953
15651868,277.9882323487026
48952352,269.6229736934013
53380245,161.22209151882117
56211427,278.9649867004006
66961588,200.52662066268505
38567012,377.01056193453445
74938615,163.0699698007534
81147200,217.03373695224485
74772897,173.6190904592232
80316029,180.2170601003328
76791795,163.18177932678196
95549661,201.18295994227714
91524955,152.4195009969622
93849275,116.51963924858055
61885188,96.23397827052924
17120455,295.6574323308807
71403569,325.352597809493
57944962,172.23240826607713
72483844,275.3206518630336
45141218,201.75088733439344
47525065,226.09287696951066
24379765,261.1726378766427
91215387,146.31683284631362
39945150,235.1575073627348
25481926,218.06323229659398
72167432,216.22008246206912
15652519,220.10983905290647
58079379,121.78407324380949
81779274,153.12150202485813
11313638,456.1901361871504
82915596,274.6496644988242
12551058,267.77750247478946
69374139,287.92669607643336
27490970,238.67964234133984
28663701,246.77375454295975
51901697,279.59582902439763
19964529,324.28948016311716
14203976,274.82944756935365
86724526,216.5020813827108
46513661,223.1942449559322
42464585,303.60800923890645
14360059,295.6226161929766
72181637,262.5449049890005
78956787,253.5159849026732
30264496,222.6481904460633
77227528,489.31191114802084
50534372,86.8434404831087
12187853,216.67509082047692
97814800,183.5765525557378
49704538,215.65075553573746
31844965,285.630015723798
89449307,176.66385709975802
72286626,396.138302449695
90641879,140.93746096653757
39977212,200.42054991969886
56406335,164.01703979470682
46671061,272.55268769452437
21883230,218.499344743963
57754484,172.4886252798837
96138639,146.4244381291448
48581654,150.3453482701029
15477564,157.21249185759035
18367532,395.1269259754559
57040971,157.22243657533576
24677280,149.63485553598275
38279741,108.2445334176473
39630161,231.7250195546744
94354941,178.2704348309827
73739305,346.09326992774504
36839896,193.06894914875642
60950133,244.82939979113462
34560824,119.9860507306217
89848060,302.2505912348628
21727334,226.42439485155697
96402755,155.3883125699493
99203156,345.8997824907415
69252455,373.5826390371218
86645439,102.85712038518471
83677892,154.77975228598203
22897635,161.5145455835551
45288708,228.6784982058266
59969436,101.53083390596554
94774349,108.66086649713769
16886474,241.19070205950334
44198009,192.1327111191442
64700341,274.80014230352253
64505698,254.3668101986922
77323444,204.2614368821602
27706778,199.77467354605065
59628829,256.8847634970285
55365465,212.3002670044378
69970571,320.2344523844986
94271260,199.46156267756433
52700573,199.31837079119182
45014443,151.226364371619
71021280,126.20210510923886
51886091,199.15110130009126
91170937,182.70335700965396
92081846,66.41200698815422
95719079,164.92595365981379
12428005,195.92104111217066
38292857,228.94111644408645
75786036,315.9528842853225
76868352,159.5025800454793
61787836,313.33062289793077
92993294,178.56892225599537
23885591,208.6516380537264
40800066,179.51775618280448
56146741,199.86778093480774
49447892,206.2687480679867
52965378,127.2919132183975
93685952,136.10168267084927
89649731,177.4562307796755
47102704,168.82812608545316
52908918,118.45439741401209
77943419,249.32164489771873
92500699,290.9898712628764
51420779,229.54719478557132
72830394,154.2330997456831
72781023,212.44294999799374
16161212,178.91619919601052
73724856,326.9953250773304
76991618,242.62460793403065
95797758,217.9653042791995
82786703,186.94590489012603
77183119,127.96772883812943
56026782,233.21964039723792
16589083,149.08047881128266
47749953,230.4144602944338
27187508,261.1325309253034
51723171,171.46011925139925
56627258,114.2480846019498
75635227,343.00142955163915
57547046,163.0210471455908
36631973,177.2159817590005
17463415,118.8649291989842
26674861,156.35300072478248
56995341,113.5428619127268
26126144,136.24217830386468
58450363,191.62056573907242
89312269,185.45855378511612
16817991,125.94779060205576
84965319,279.7041707428071
43319013,276.96515964515754
44400321,208.43798686202123
80024230,285.3747066796757
74521218,280.83834000077616
44832141,142.16114130815248
70162625,155.66363780709617
43589357,156.62247597040493
14100726,145.69588743415346
36520084,230.13724334198176
98999098,146.87160667562807
14148442,118.79247292749373
90033275,169.79816694406
19819492,188.9118316277371
94929441,203.42379837732517
64769677,204.4972510833124
80605119,236.44741450434023
61896581,152.40225253215755
25053770,178.45962240878754
74893395,175.10814267225476
53560531,328.4086794096929
89710260,156.24996232660655
93875018,228.94828973244603
64766158,312.93219248377466
54305179,264.88055972015815
30403292,241.6914389343562
60767564,166.52631104180205
35303188,194.40982180168814
21177257,191.29994338418425
15350431,101.10933498930314
19112314,209.1231054046665
10078818,150.68716096415045
23150338,204.07435061890465
47635759,188.1896447877277
30605686,251.47763918852144
29709781,276.02693345765834
13735642,291.80552171401723
99020214,78.20382888855313
28873624,363.3011883392286
70890497,289.40604821151896
99675492,195.27996580085704
62216584,142.68282700102696
84668724,301.9538411728377
88738488,221.36868724771514
35683009,230.55538965099439
72816721,192.85593176149376
19163259,216.8286804741929
51202613,302.9505432228732
56056704,142.44955562369455
49879334,141.79257799077095
16786843,212.70150577560605
47533115,132.82349666492013
22109413,297.037691514157
85518746,101.48343114812253
93362991,105.82415109172388
16124077,131.14133358464125
76182432,145.91057697144254
26790843,197.07881872911915
89672220,90.96572480884582
12756298,374.55476505146004
16926806,235.6333835483641
14000956,197.0060576443788
36806959,152.78083515573508
87017954,131.13517415282843
43944283,401.0940953535761
44101724,217.19616518930962
67316534,248.93483346865062
88490548,370.3745850613635
88665651,194.3978991663195
83830852,190.3740666178416
35512699,228.6452943566199
49228670,184.4682023095043
47172196,199.3337447540978
86195285,324.73067843751164
61100752,160.66574053062885
23609539,217.99715127943008
95881788,289.0454922998348
44925764,240.04297536539656
83971268,132.15490595852194
17370699,352.17056990536105
76384877,240.45032723833725
93972349,94.01968524973341
64752973,85.04761344499859
22747583,225.0373435190124
38304968,153.9385455584675
10235307,148.53023338572604
25779125,98.72337413712147
12843653,258.79198789470706
78094768,194.46311886138338
10635284,128.37256098330454
13687234,150.37235222565263
53936042,142.6847942934134
82732686,163.07988671868026
96543781,91.65001804741242
82228529,277.6753294514649
12775154,169.71495355921536
55255907,193.80058541937194
32916130,132.4760804008695
18504284,314.29373862995726
65825890,150.1307341780848
33391713,349.27556165772717
93331533,396.0599706073204
89345152,300.1302621731933
46576484,213.58562610816142
33320733,172.48758443689147
10724817,223.76404180545765
41244276,121.7043415628013
39841607,170.62644077665436
59463885,339.3976406542235
61317492,317.9089192311363
33725830,183.58860202539128
15316450,201.0295202499626
53318939,133.31063065867247
82300735,174.74075257558627
44927585,241.9460852265753
80951510,202.04913316723577
51421456,287.0966211078564
67936055,298.57274327003347
48065777,200.51672486038433
56103730,266.64230314679435
40566531,280.8930709983049
61129612,212.49629114791884
72015593,216.38813365795096
73826407,153.37766518325
88021730,144.87658510844798
85653819,106.93403118370661
45194339,157.48907199391112
91086895,194.70936968110968
51919540,143.74715434553383
23157322,343.20903213852023
51628095,254.11789790227272
96537190,91.6103982310309
53402735,299.66185869872487
36360155,154.03740805057973
37694507,182.92631142197368
83593533,245.41323278554577
24284452,207.58181751543466
21000889,180.31836967674602
18518898,132.01813936144174
11533995,155.81869046224094
91728492,242.019435880685
32889326,303.9092289855953
16392740,225.01226554715322
93954664,398.13200291427836
40527969,259.60416398455095
13359501,142.38294366462424
54613106,281.4475829156414
89494294,158.0495062210264
43243456,135.74506972691913
49320975,271.81765857459453
66824387,181.42641666008868
13395531,241.6800301971728
84702746,216.56945095405823
46376987,173.3322450165481
16949551,251.9704840449255
76113598,293.037660302064
88051686,174.3998162106878
21575972,417.2414070669323
25797068,205.89234308707194
46519671,203.46331128931024
62958708,117.8473443849669
41163598,262.9114029142369
90108134,312.3289705533516
40305514,169.69530160897844
28323820,255.87662899631263
36148206,149.8207758808535
41903222,258.81638482956754
34111269,169.955272470196
22460898,376.26716144763566
87095926,354.2836549794682
99063606,251.09716241034113
41090287,378.3641203037723
76553835,207.67287290846886
40520930,355.74817301767894
72499276,196.73845673173014
40722377,184.36459701077897
23596828,162.51629989949888
94118199,369.6472956823725
54177823,187.995401497763
32744353,276.20999172628694
83540534,275.86660698113917
60135160,343.7994304320419
32215997,313.3418271070749
60591783,198.5983618320123
75534413,172.58458970328184
74381587,196.36969933870444
83928867,192.62019701235388
31779925,132.0268413933465
71389415,265.5261804813939
36657020,141.60605792615308
52833217,188.02239334483585
43206206,281.3367753930762
21701449,208.91742442755657
38073031,263.3446017655529
34369333,170.57783833571418
92620587,149.4671246928097
11512547,235.0008587252167
81501365,192.9665746667656
91014044,240.40033269807267
90225400,211.2252649199888
77353219,225.53685249395963
55291546,200.77995757473306
22923482,182.89734295203087
14288303,222.7664426750893
55909136,239.56563392296428
41957261,174.68952961224292
17675131,156.5809009944937
13490253,90.16076934038898
79023756,206.81563390470706
98393510,294.03610958773294
36169986,135.48217756294798
98879925,215.87605987531467
64713126,206.9588329328997
54807445,207.00177078563462
76751871,204.56682769981538
98441518,223.2332541047445
54149693,323.90577529187266
42794612,186.43720972106541
76036112,226.68669373013665
14657728,342.7325608306452
73292737,206.23684785329658
37897222,289.3178973601639
24707301,314.69270885247613
54570938,349.9820226105037
47969890,196.79876568372316
86391847,188.3898323970076
43251995,211.9896933931639
61789630,250.68941214905996
12601759,181.63465572865405
86045386,160.31177504610378
67870680,239.58673019189075
92603070,189.72327677086523
45118743,301.44571935904423
40352166,255.31520879451122
96817260,252.4375347652037
70031890,295.0208295933916
18280163,204.93127989410664
84418154,283.3610042705415
50657043,170.0691489512066
24196657,210.1002776302889
30339428,144.73950263051074
97021401,206.95766563068628
35926246,137.28268046154142
78296017,157.47888905345056
91378970,169.15445815993002
80348783,309.29411142581887
90424864,212.49711083885714
65449342,194.61544001368418
50552285,245.11027475742395
96371635,335.45883514759214
72833770,192.1722691764333
94834332,315.5713016221424
34291304,421.3991893657503
61020465,132.48360858694656
58556746,276.7829475860498
39138083,312.9515665962915
25334186,125.45980893558783
34764813,134.3922300175077
37404139,165.98910099489834
44171473,215.97850010854268
32137098,129.46619652802974
72644851,242.38068638999664
57301182,193.62395620743226
68777856,237.95545897023229
46687209,115.42030116925767
69167315,259.70934199745363
82057134,293.7425867491778
28611499,130.66842114285106
73817431,186.18671358682235
66885663,367.60189736639495
81244724,248.05750518568593
17815149,191.8050839531513
76792976,166.99741052779734
32232188,376.2442530928899
32884692,179.94863767885244
51904668,171.12838033740644
54177086,242.35985570748323
79785130,105.80585594462177
24791309,192.6285383284536
79748184,159.51832447712806
71076766,272.2422965586727
91713473,194.13859548191385
21889636,182.2693031083874
88684450,179.08259744742097
13868166,198.94960841394268
72609306,159.72457333866146
40230821,261.9919930974911
65326864,154.2258336577143
47873334,166.58790071916349
38502225,178.8388733575656
78086792,212.8465608620445
19000370,203.81435057644595
18794356,401.0573351307979
15695931,190.6923551748629
69820899,206.24876862626218
42730808,229.6503274728369
55693372,185.66495187343827
39793167,246.5464891687764
42174587,231.80931050786785
17562701,172.84723799234231
75887228,235.2378814472843
86381737,233.33550999767817
50478816,175.1686347281747
59640073,199.47870834646827
76678970,246.9502544295365
23159711,101.33462772521987
74146213,171.81479507960205
73679527,208.66420317147958
83678670,242.79239542998783
82153168,222.39824189875918
81585077,188.18677970818908
51172809,323.26638334000745
93348209,155.02522973970318
40526730,175.32688680986683
35477741,208.2002217615111
26904107,172.46005073235403
98083773,145.886575734452
62394914,264.1154132585483
38403298,216.8002643281262
19395977,104.74060703490355
28561023,271.07160435724785
45885910,216.03894002132012
95086890,182.81822060073245
19776574,170.6260334107597
60586201,120.0378454964579
89147481,210.45807165539787
47209892,206.5975988958825
47476854,280.88818502429024
60953282,253.93920834804942
72001460,280.7189684818406
22546493,113.91549457833351
48912589,301.46327782924095
37241017,104.04185070143134
40152795,196.65913642060076
45771924,187.9722046640818
70307319,163.0273381000155
42825484,217.62306133837848
32535623,200.0209576642653
54789245,182.86843124276635
72682970,220.97164273452896
51218700,321.6753782849164
16039328,150.03713740064575
44678506,297.19101577017693
59530373,138.3656181965245
81467001,185.5870117352387
50258434,248.694358545032
27681355,163.34029228916896
69431073,443.26460036640674
93968709,281.03732939814273
56478207,153.96371252060018
19466001,259.0378877500082
45204787,193.63872671001985
44120969,189.74372905766256
11347094,179.9369336338882
33817003,267.83334265537485
84812841,165.95848491902007
82947487,134.35192574544539
22317982,111.34619576677599
95086863,102.99000348875764
73084974,221.35845572939957
96665202,256.0690553823756
52954565,210.22541741912198
22781049,197.7212330397193
39742164,94.8115637521496
20712973,184.69742660675422
76124953,131.87611984894033
53726970,99.09643704841255
30895251,257.0666603945394
87940348,324.5397372661203
95321478,279.1018663969173
41613207,97.95692068875245
64780104,314.9055520977336
72574405,212.4368991494412
87909513,117.13452806116715
80918662,182.84207975550672
50842195,168.71563347183906
37167999,326.47023844316305
56430683,173.44344278485187
62519911,303.4858070010242
29251792,189.0658933743859
85925973,134.4620611815664
34644536,218.08138629316426
39276706,198.57344133169354
81892516,99.7088902296231
30222761,238.53226013393774
10422044,366.04685240666606
28074362,409.11043037833826
64967123,181.75272120339244
38282963,176.0784380964531
76769818,149.5314053441596
81835353,268.4243274574824
34737343,338.3173219524069
51032996,135.50750106204612
32565254,274.3905300323242
51764743,284.12131731284114
92831396,196.35247583343335
84077215,148.92770758043142
77480283,403.6090705809934
52724196,124.1973662328221
78039908,180.6413034340479
46605850,276.0145033767176
61041851,124.05468714462413
10551671,210.70951430046412
84956232,234.39529659622482
93609795,266.4872002402367
63261476,317.85752016388017
78773692,250.53048155538164
41527728,366.28491006109755
86838609,195.90712398604367
46835475,147.55650790726702
23285553,310.5840849069117
83082562,228.68622061963825
33889237,219.90562333545526
46836989,172.6061449794845
42683388,293.587806023661
15212938,174.48449780324844
63857629,145.24674228174598
71736760,235.22662686211453
41166882,250.7958219417736
88287708,219.0999869113109
68218612,363.8537017987307
34505104,322.6313548830025
50756606,221.6591549934711
40004505,162.79354831112005
89798576,219.4025992375968
43860123,232.35940404260327
93655218,230.799632710911
71051446,330.30817278892584
93380848,223.78867140270756
27980449,149.25882606345078
57084880,198.13864982180007
46438239,152.5925490450416
30942515,201.57358434901062
19590564,197.48533925601737
83623165,120.38926203743274
76716085,185.66735675529702
60666996,155.43006487493415
78361983,166.755932556149
72701952,259.0640633848363
74922910,133.58778899976807
63759907,176.72623715776922
68856134,122.55470160574905
79795778,203.63908724482587
97178936,294.3432876903778
56185778,185.17410793112353
48290079,275.2683500304422
29392023,415.5382982764948
54780943,217.49300231788683
97751068,145.36422290147036
69746506,248.08209592814066
55371174,307.91074031662515
67781652,219.22127533508322
78245291,177.00621638777164
64158812,261.9108128802491
60974365,157.15730050984212
12800790,266.28643634787113
96154030,258.42435799278053
98482327,187.97372227614645
17464700,203.84665273329026
56270967,389.23056394764495
46584495,143.01565383410303
72785702,227.72257958675664
41281460,235.99010560495418
80424496,395.5326755557985
18835766,186.6767093731997
87502261,170.9854618757245
96135205,141.49849465690627
26258289,89.62673676908759
75302604,285.0158680309478
98645752,172.44892036561194
58643859,246.55224399003706
90141148,300.1780461089476
52181895,223.10284549242328
16710404,130.03485724308038
26056734,306.78177337703744
39602380,341.57752150465967
66983144,305.2236216327366
52507579,204.32755134790796
97432890,224.3181976296189
85547503,213.8160101913516
63906202,200.663273165153
84599750,152.78965987939944
84325254,182.8244738260064
39975048,220.8560499292724
81574706,211.34763585442522
30468791,280.69988030129923
97533812,119.60677678490582
18711694,134.53022494231556
51787778,353.39904459471734
61409887,161.7501014903936
22014620,172.12060255197488
38836545,108.28024348618091
87391833,220.86327916386955
69117778,223.90227070635314
68122788,248.50012368958875
51241051,182.7857181329135
87186215,184.520627129598
84468326,233.8455974718579
86410473,359.4424569593941
56236242,142.90451932490544
59626902,288.79225837784946
66112801,160.99270186447876
84626603,126.07202845735624
68630773,284.5915052171355
33563434,225.53272944341248
52975992,260.8887481460997
26817104,203.13313109333524
19501484,221.01162075811635
62595745,254.63446329069774
41563117,135.59228133319078
52796320,205.87485992924104
21489695,232.32545622069415
56658010,227.23073209112624
91048109,257.95512222312334
68814610,129.14035881360763
47089966,367.6219513804867
79261064,139.20762096369197
43267298,97.67068890839919
35491922,141.69014886511758
91103900,156.5079050682749
81885878,227.65586088978486
10004659,157.85979497977394
49810234,148.58338148669068
65062190,147.09142167730505
57566037,410.9918316479933
55754004,280.8508787047469
99179360,132.84531090669302
67491962,169.7762232036342
55660033,183.62996073305783
96584547,155.79745462543306
36088377,119.4854196056311
97242422,91.3154920161793
12109366,184.58234277054513
57248099,254.40155424871395
46843789,347.21960979779794
15574311,179.1813917979973
39119987,321.006663871518
95964371,210.57976801913892
93965777,316.9291165182815
32720737,168.8863792365706
38011636,196.99352629504398
28738450,195.96664191918944
82845868,174.00408517269068
92357814,232.0311258952798
94273774,243.2076977569803
86770972,244.70121294821638
95965665,378.58408832345117
80658412,209.13701784297277
11188732,98.46461570951269
78466957,86.81306106966832
77853776,135.8011489089547
81589793,272.58154847675416
49765777,151.28418164369353
88579415,244.0379433579836
65011154,153.64942712987866
32352609,190.1325946540143
25644810,222.55322019623338
36867135,151.9756915666936
88848522,255.09388682601426
54293859,158.25164561258657
33019527,203.03228434396192
46924492,168.4110831908428
19488750,176.10271926014622
94594464,139.31035932082625
73247876,159.12712816555927
71373451,318.19809411980316
27655514,195.74348782706753
94112335,126.1580879054755
79135715,216.10546783746636
69231521,221.78085014252946
11994136,226.00507870166012
27288623,289.9603081484547
88123955,164.45592539384688
10000265,275.4761086282822
79772833,136.7523520071316
93882232,249.56278748000014
32109681,155.50130609552195
65404136,168.50567974539663
33831079,200.22257579524242
71847266,252.67246544834018
81003839,285.2495527563316
19285579,148.35627729516995
51911514,218.6542204736736
55539434,278.2945225948873
44536751,234.14279388246447
70028057,126.20164708494981
86860126,312.6009728596239
64254454,199.59818899872664
98284782,170.93494781853585
34610652,192.9337933614681
75568847,309.585871863398
65674652,152.39802331284267
55019276,201.44925801538008
55592552,283.7304540084547
94267636,149.13899446155372
69222634,188.1858497462071
85591369,295.1486093253525
43835656,157.2871553187203
87803052,339.9397672738736
26232040,246.69061880843273
91061668,222.2760070114424
30001734,171.05073770872258
64074995,225.80669158825444
98892450,182.66848540978603
30473837,157.0700966211656
95158643,181.5491364780568
42377220,140.5014919270982
64814717,168.64072511161774
30148862,461.02248389787707
62010302,158.23598399577685
99477712,160.31638460437148
70875105,312.7029937381692
20465640,254.40713311399125
27850961,202.23545305209277
44835254,210.1747411012669
37634561,157.2227631487363
46702648,237.11874616760406
86839823,273.82860971556033
67985741,359.80107308680374
27791703,107.32202190956606
27289673,248.46914938221437
47043760,105.78338990953573
54808934,93.79367260006117
98155995,233.61551768924045
69341643,220.12793986283484
19401682,172.02546498702623
97496254,183.13499120450032
26009392,170.36585626185376
76357312,220.98952044544183
60644292,193.57820760637824
92095667,186.43230188433617
16021125,184.30663475590086
52662306,136.67887854734758
22527415,255.74812338966956
11178457,202.866268152891
19452873,263.77067213618034
89463603,215.61835447071712
55778959,146.76678613661733
45079947,147.62159479448184
71913651,286.86098165474635
26030335,202.73880247755966
18887144,226.4427933462945
67192573,374.13434331041793
93955593,352.31323869203976
51025425,164.96051303598452
59882564,175.34033639844705
39586553,233.52837848508847
10235871,183.78092259834622
44636319,196.6726707019511
37290007,258.71307839760897
14108687,173.80779296039577
34932666,144.8526862088043
80941617,418.1714341875236
54682782,202.16294173653623
89652985,220.49546450039463
13137515,148.732724172941
69623259,140.89912190061943
58672181,196.89482430045913
19145583,156.56821444891415
15756823,148.4565408484953
48404289,204.3073621921739
81082424,302.42304848042266
73224913,238.79241822366276
75845341,74.74376570151561
98474913,142.42537389521897
41962691,276.4611490312152
48961741,147.47220089438693
87593653,122.69860289217858
84917993,163.1518406163283
24081947,381.88722793865117
54462462,323.90760667126176
51963469,305.8272328765936
94467679,214.05418159783156
31642363,281.65691699727057
66097711,181.18687387211997
12884742,156.6152113320011
94999391,123.06722037345145
44605879,302.9006727526928
35787017,278.78333689652067
45450960,217.41903049199442
95291199,216.80031545107212
96016558,358.7730639507329
84566828,122.00916193824924
47412693,165.84068990390472
49029700,172.70674309658364
60010012,198.89360855673337
75883768,171.02453736710885
26202342,215.04636760006744
42317663,145.8325498070752
81534336,397.5164349700781
89007837,192.3088949166408
55830410,253.70249359323668
42889086,176.64349914920447
81610198,196.17167752460944
17452253,107.53345501760084
71203731,155.7773022393224
80449971,348.8149989713345
69429731,181.7431891423588
54605956,239.1697154087177
34299688,233.48427890034463
87819668,203.66123913251607
35995429,130.75357745082306
79395935,147.5966513334028
77309412,197.75649377613405
43863935,259.5999045666278
25184246,334.95102100244696
36615071,188.19311025696615
38474717,193.51773271249917
93825316,204.37814418822245
33683398,158.53802752107063
69346242,302.01542048293453
59095929,231.5740926459557
87118088,374.073841882919
45924958,279.93279745196713
78591323,148.8503280554174
37759814,232.39343210560267
79378632,102.46335071939933
74799649,203.09253001242618
53222755,151.32936188415363
36749663,258.01426205007175
48476133,158.2357870831977
49028666,298.51658271917415
74177764,117.55568922139666
14771208,183.76960863816706
53613430,181.52279779115597
58749152,163.37229437222177
32751897,134.94362842235861
26470651,138.54912212717377
35002941,191.19190899105834
18541890,214.65980866222347
57596711,311.4939091549551
24072464,135.0696519229412
31435093,331.5966623601623
30602585,184.6147556920329
75360000,170.50623666319333
46273615,260.1541131299533
95181699,125.53485183410996
91310621,184.4513118051715
82017783,166.27196928860616
70908643,274.5556503126998
15861638,155.3133003866387
50835625,130.805072503297
28964861,237.2661796775406
29864397,268.51484747014297
12057084,285.1324943348768
28334945,153.64969830202404
60084019,170.6932645442954
63996133,117.97905365263037
24215888,230.7658598892404
73974645,323.3393476255245
75072747,163.87231119983377
45633768,304.8207741135359
35646913,364.81238223217576
53661067,160.99965549197452
78907585,193.3537506528882
76922109,224.99893775143383
62248680,172.7235989828685
73320273,201.80212680558446
22179940,119.65473031807217
26991418,133.3299725088488
21855522,173.43048768180955
55265808,337.00573381778656
58224140,229.3109155861259
19913819,229.35190141152006
90275479,160.07489725210482
97988475,153.98853734992394
83636674,252.6556705797356
19875524,201.20821324485985
90421480,106.40989415913587
81793670,264.3971311873419
85521270,285.7955506241467
97359529,205.26450336388723
91814930,226.75817209386975
39016297,169.7397448142155
94156929,173.38432799993262
45023538,183.27867025234184
58269517,196.2079923010818
35694304,452.92194694493423
64951262,208.49978804583066
95920942,119.5878517861771
41847450,331.30266898466436
15255858,96.14555904957001
95924527,132.30988000338186
12518283,320.17356795437354
99811369,136.89770742464563
59569343,201.59430792372703
47206769,195.40967014139306
51079651,185.0333672246347
23194465,242.61353244357076
83356805,217.64430423414925
26586384,108.58974634027821
55548495,144.0890458947579
86324071,196.20176935804457
75101749,110.66568024323146
16463144,194.1551853955226
19396787,89.64292520415654
33279246,269.3128204169958
49233593,172.45706614684892
48210075,207.22347976476559
55054820,252.56485445608368
96257897,259.1865036985768
51430742,316.12569008283765
83437485,213.40585994603293
50578351,179.85990503520833
97275251,222.8659656407288
16222585,230.28947810584728
39525336,203.08200956425557
78481250,163.77269550865788
90967247,197.20614168269807
84855982,172.56577397984842
57782649,201.5480560970739
77997002,311.44782795990966
36215630,141.53585499172735
95580912,168.11306857441554
59034107,176.91368122628353
74775777,108.18232634795235
39971311,231.56115005655948
89020638,283.30711886399445
51169286,191.58019682225583
99644215,127.793404732802
90744203,135.0471289968251
96320211,224.73029711816596
36465697,213.04572571969362
86214609,397.7949143235305
81033519,267.92105064091083
61860616,200.40846946411824
11758072,468.2033469440792
72796099,203.44624200675952
12154166,180.2738783142698
48588483,285.1781339971607
75800458,204.30582628131992
27360889,119.58885321991045
84455620,325.48403857672713
94594944,258.34611122596675
73063439,234.17111808065843
81513909,431.59454775217137
76078349,173.33708111793993
18738053,171.97845999471681
29574045,230.3785243000462
80540560,159.49957992311536
25751173,188.7859201779334
26008933,207.07445830612056
99638568,291.68416444898594
16106243,259.81663006046347
46712863,169.41548981333554
62434322,183.73086128505963
41483187,258.70707905836383
56776930,238.9668434231002
79612305,84.72177123087468
64780825,139.93766129942347
45536007,84.83957871916991
46661025,321.19361889046667
77061678,168.46994906703242
60393588,372.1173620683762
63346660,323.6440130428328
27845955,182.08073598298458
55504400,346.5239143934877
29005367,219.42566280299474
22069246,170.01716170486105
84008491,215.1744224513567
17133631,264.304888208192
84832150,115.25062977095328
45723864,289.0795972977015
43493787,339.4305789191766
66097518,305.5622528385779
70168465,205.2496608844151
94063743,159.83601360192048
14576418,211.23118216298462
67277120,189.4526327647383
94345958,144.91296099407816
30685847,175.29273856313287
85948230,255.0071810370276
89817663,153.50500732390367
32957921,224.46153709082023
46701128,209.38532372514538
70035645,204.51021056076115
60395047,299.4471198897504
88839252,320.375252819158
84131490,147.95048141243294
75586325,182.61189965853964
80103534,198.10445083282275
43032685,169.92596344920628
15972126,150.53140336873662
41404247,302.51729509257495
38893753,242.54727400828077
73633779,411.8069016571922
35904393,267.373396405384
24714022,317.9548288907728
19048345,405.84295400020886
47004008,137.554255850394
94742593,218.75864167212612
75269823,295.10934611432396
25552669,158.78040925954738
51828771,172.9345287899161
70179002,279.95390359543376
38115411,97.72580372652021
40317565,205.32527927098016
21110207,237.50229420625078
84762082,245.32283838776632
48690899,295.24907728580786
76594160,267.7721735663338
54192522,224.02277969248158
72813893,154.65696148826692
21004583,168.00235952512986
64817154,167.74982578932358
42706195,195.51458603380473
48103074,224.2800812277828
21878260,282.4808918868485
36272220,154.92610141602717
13817497,363.9862205884988
41737305,302.8005723241916
45517239,224.80586271251005
89500514,404.59772751480534
35952974,191.41125283088496
79180368,243.13761635731092
49972479,196.22642452543127
16468436,116.71969004112994
66415757,118.41321958118155
60737619,261.9918324365439
61065232,135.03622523998277
40172654,122.98286064522311
89609665,131.619819835756
23952725,145.24356263879793
72896307,152.0194045607953
43835334,163.87300856621528
15170417,158.1294871252555
67479665,209.33011975113178
33361674,140.91129808567172
44130617,266.5386342771884
51579953,169.3143881013314
75908580,219.52507224692587
55554604,203.0507303356112
78855633,85.39615086282794
16657542,217.7784608937752
54732615,295.57972661444444
61746292,185.37545028150524
57869356,201.0009850992844
29926611,239.21538942520476
75275045,197.39573579729952
47886535,183.152564742709
44918482,207.34202334598834
78968246,204.73420003833496
54136456,210.45611656725154
90807736,195.4189899750765
60276696,198.23140293662016
82048962,135.52100493297618
92669446,169.55200412416892
48680297,159.5474236687056
20902349,187.51068039520493
56991657,218.23049112548685
47839152,142.1333927256893
78844128,193.58548102959463
13384224,378.2431199610837
46213331,157.67105227509293
34116626,158.00614961423133
13884884,136.88000467830813
86060261,255.72376794866753
33698474,118.65414754934326
65729973,118.63643134651483
10671871,262.83822639382277
35704807,95.54143249979516
55231783,128.3174335641428
62208192,276.5880776513819
67563103,247.2560058740726
72548470,246.14716939208074
35725437,277.77236180812616
91119982,208.96066677385298
58303560,197.7492815459029
48430844,119.06560562458769
17825416,230.55907796017382
97821966,131.91608439764315
76538437,274.99089773432934
46855429,193.2854125559087
70135617,209.78632858791815
68330883,332.4044028825165
82205109,488.59274307113157
47743752,190.24361664442893
55059767,276.7457537535754
88243398,302.00521898602483
44699350,274.5031136870112
35330178,195.93063825627965
25203468,142.87514436222392
40479165,133.4703067995742
10947997,134.96757018047774
76351104,238.70046808507456
11445786,260.0513078086628
49470754,157.6811411578617
25466549,131.01409836404025
68081302,177.00627186999841
66965573,147.46469329871866
91230160,191.21719326379494
44322697,205.14557277787426
17542284,193.74176522501855
43035885,124.80059080549938
73926094,224.05404866606136
64948505,250.71549223536582
78950808,309.5747429150487
38422125,364.36260686669823
70854487,225.1889643239912
96303461,270.12199699237715
46698218,98.11680852871174
42918073,190.45767921919918
60976113,167.83332354598622
80414616,192.92023669740004
11919826,198.74917376625893
78548658,297.5746038620466
21857739,166.8250917797405
29877271,344.0678967268516
12698388,187.8303739667337
11871707,309.7901742776643
80819542,144.99780978595442
95941128,153.65817870886696
15401105,116.55008866316972
32754426,234.89192120549416
69235267,128.3079389151698
71590075,261.0386593912707
93562904,316.6127365850569
48418506,268.7844545470249
91190923,222.18002172531365
33120061,229.4678596732089
79992717,185.697344949638
57263719,193.28182314676087
97902872,241.96254951014396
11659952,177.20948903802483
19463140,135.80279716429453
32523829,229.50181663989187
91862885,251.51427604398776
72799092,407.52910032355277
53477503,255.0582890974883
66993460,157.08836512333713
13665562,295.68758252593034
80709687,421.45312667890823
40330962,235.91821507121955
42684844,260.2780165899258
27675885,125.58421180531346
38250322,274.5438948488571
63478776,133.60266201628673
62285686,166.04832489841235
97553472,242.47502446068154
64732641,176.67329183344035
10341748,213.6057855534958
34930451,177.94453460533921
53726168,318.8594161882056
69426758,156.9804687079238
90029637,209.64302234338453
94611401,323.19095472322226
31394855,166.46502206961065
36645175,176.18926131434523
56281801,269.1310571611053
12148162,225.3812284568387
18771087,137.34514481604344
15509457,236.5232240322466
58811830,222.3418008135785
73003066,86.67663698082598
34190353,193.38527115487582
70731913,204.84289840835496
55320872,423.9952762312781
41886703,179.80036831363591
16884593,150.98769206790018
90415325,207.95075020039715
28408198,162.36872121451546
65914001,236.6160505343421
75122895,203.0743375864651
80177938,234.9779297231757
37984269,199.13861200661378
81491790,291.45086219047033
37294085,123.441755565464
23335477,143.817537811026
74996570,140.64027343109007
11602841,323.1832106581362
70152712,216.9487365438444
37504288,164.92017920030187
76619689,132.5429278978352
95075447,203.02359130520497
62779399,231.0298767190355
66278648,192.69747645810142
18002070,122.47672495482297
94135062,242.0358159862465
74396322,264.704700338594
97169764,257.6631007969866
84630384,187.61993460682532
46052909,435.90740250244517
60213474,319.9119259584716
33797784,111.2833278372462
59759309,339.3775987689852
47001738,170.0644139179725
76899861,165.17802788940278
54444766,295.2247213331303
26850612,336.89510488843985
22468145,191.84552352685532
39243645,184.5648052259279
35759583,115.64062705406091
92468992,138.14068210050985
68717112,240.33730322063457
47344834,242.42158334641329
52115284,298.099621110381
21042322,113.26848105326833
79258805,330.6671329131925
51304748,344.35606004414603
23253686,154.66311746042777
43275074,219.20072400022065
81602713,249.9088276734695
60924053,339.3621381113527
50363853,229.29935028600283
28412591,176.06230598488438
65145713,169.1036517317571
47077663,396.35580563860157
58136966,163.00512973028475
67034290,137.55020014396058
72057747,236.64027005314364
78034116,155.38468870537855
99365155,276.00041849254626
56151729,242.2766435526504
68997667,195.51815927788246
46532370,154.19762361835137
43276809,276.2610404676694
70460118,355.3692725947692
66150334,311.30211998807636
92614050,329.11062056270254
69313526,269.68582221730503
70949373,214.3286662116435
98595102,157.54266904222175
57731071,117.1323847361772
58855043,137.3197823313627
45456441,156.20319775978135
39733268,165.0780121632909
71064725,97.16410079927111
29668017,203.83130053019417
94555207,209.98533531060133
60811404,470.2702322593816
53154973,195.5355712537376
79534885,164.64642003465542
82049293,230.3286967121463
19578533,137.28552666757713
66374977,162.59955449433272
16850211,79.48544920037575
98217866,188.85505774276967
33773989,372.03582789622067
14998381,245.1769803495515
92421507,164.65874994218035
66591282,138.3549565861901
27243576,95.08400871360996
58962954,152.63361151316752
62891715,150.16831605033303
40256776,161.19370362417845
92014626,206.27670153644988
68868046,229.18802856768224
47811896,208.70810499118593
86438296,187.74843283546508
10421272,173.41757476133535
56519274,141.2347313549994
84854339,123.83480604603598
95049673,257.2285603021941
65578696,149.57101777551742
85747970,154.500814971434
69874974,289.1982738708601
34594425,152.3387530166038
14874183,242.59511573928825
91643227,158.25083488629392
94998930,208.33036000827877
25184219,193.04234450095356
78637662,205.71404005112143
40102355,285.63745860408454
33004293,200.51828109645538
85498300,515.6327026946733
37721019,171.13730609872167
78482421,232.01138399095657
81912650,187.4575229271085
86410146,145.4362533463782
69095320,210.22471519534093
56569332,72.76657820164097
97340317,165.6648376644439
37533494,190.96994974405214
55430447,205.19433762993685
45610406,196.9917624754658
64085140,316.4286242228133
81416250,300.41784850992605
70034683,190.37078623651098
40315264,145.0307496771489
73160601,295.36918078178604
54677638,210.3086630685213
90571590,202.4047314272192
84772888,145.80346467975568
90285847,289.7263485556965
80203339,187.91662840922098
73536003,166.88610265059634
56021479,242.99990920992008
10526589,351.400907511994
23648848,192.83328471590363
27805990,130.9045712039606
46740683,117.43190215454631
66243364,162.34701430658274
88626421,128.44991030082906
81009655,196.62012599758634
47576712,235.79509198214905
73803450,458.5137550536187
47427075,183.6355811233467
72540520,147.49855738933482
55407503,124.36023227992956
49275948,393.0594433776206
74312584,121.6367388655233
84174297,254.58979166020774
96261162,168.78030602618463
22879870,368.44690067540796
13933179,183.64947666362616
20116066,102.42551630154038
38689361,156.24760870399945
63156536,342.44710615534075
95340838,227.84935954694188
75352375,188.3678046640169
48265534,307.797445176
74912030,161.92217662257082
70071430,478.77744775043976
87025516,184.5004869752409
52784904,216.33866909282563
96281041,133.4282821573962
60302206,352.63777693885845
88862209,173.97080161431379
66359731,375.482638406683
56582999,145.0635446784967
78391067,169.8403853405412
84566381,307.38308740418586
15548328,148.97530292126118
49432086,144.0023338022446
49054075,104.83401431069366
71689174,165.6685327348597
64196832,122.0930405060693
85965917,296.65441118750255
30935690,223.4514134246497
55460540,166.3405024553826
89457485,133.8597446699496
10188743,134.86972864044986
58823191,260.2652232053702
20643935,140.92962042544804
40325735,179.05229052740015
91136520,158.1243602576525
32259671,132.73642977244816
26400774,234.29590095588537
28057887,287.13900797971246
82844555,155.19667017413008
51111773,280.6874637466456
42987529,178.78484794758117
62978911,135.28723670146096
11881525,301.9168797345228
86857890,184.3671266739469
79797628,168.7873613019534
80357222,245.966614695334
35431033,133.42755950710705
99201502,178.1404953672498
90452446,377.02937726370556
18670977,464.50151221640385
66979442,110.89076388660884
93738605,175.17224644752127
29213200,244.7790642835146
31107212,117.09207524589772
91594833,153.69118112142905
82943336,116.96265754154439
68443662,177.70454704207896
93641230,229.52646620360656
50244475,432.65192893728357
87626955,314.53827437634436
51387553,288.5929303659648
71504785,270.5211579705067
58768482,163.0129761363271
47301702,161.1181661229503
46285200,320.60584272490337
27113638,185.09129297757352
63361835,147.3325843788366
42709073,142.78623538692838
87920715,251.97749820746273
59996173,172.2481604719156
97865712,107.27691357171953
76462362,464.5627968714468
38643308,142.49099148459678
62694540,107.78500349890558
62141335,140.7300083604319
34503041,200.6344392590258
11311229,205.80024366798114
51623206,184.323229366937
28560163,169.6673369490569
94388349,247.01485690202824
86256710,151.73239756488678
61215694,109.84960281311639
80946911,140.87551770157188
35537651,342.75773845921344
66755381,238.69205559094448
73455092,236.70144234212472
34041393,159.24651045446132
30484078,227.2048424715759
62329986,192.07379551185826
62897188,262.33706987228214
51881772,231.74598560212684
94211751,194.59372007366832
61613645,107.09425592483177
71479652,199.14475019754997
85310501,206.5270579412718
23110318,153.89325231238064
82884759,192.655758663487
51095836,179.5203036658458
52772048,188.84337706333255
17245854,173.51835229922912
96708865,174.0737352309997
67276218,335.2830657770108
89528454,182.06853098112816
73044839,249.48992546654318
92820854,181.61383695281086
81415527,171.07413747130573
54704500,117.37726971092066
62696690,227.28703083599527
43848311,237.7802757193312
30447397,145.32223449326227
96343937,181.58537911211545
19151468,348.49739970555027
75047192,160.04369606743745
29891460,95.06555965662558
47625277,153.72117230039532
57930980,164.45624285777444
48354539,135.3073280171672
27628114,195.53638046163775
32690361,112.06302879989899
93744019,162.50985710613077
99861438,183.65330846404504
30181088,217.61061934684733
31181640,184.29357615049548
44766788,153.4254891103125
65594080,228.97639715705762
22508377,155.3597061251339
97181173,261.67871395022905
17420303,184.2696344786469
67800143,233.67006883140567
33454469,203.24617649283712
30418520,367.7193779954492
89752463,147.19825026013945
55142148,154.61744468909447
20848293,154.37504777211666
12617495,204.75399926439576
20378275,268.0196664236523
37172337,351.30226613149426
21839038,304.730902596292
66993155,101.51380737986976
41249770,174.53576640441972
80181790,277.5523872124506
36248478,322.8001331944236
99097401,174.83924224045836
16998435,179.845815443345
28345246,248.76575894400818
97230601,346.5674579602759
67442292,117.97445428537442
54477624,198.72364410099718
22866548,146.29349445550122
86504569,178.77324753630316
81257074,201.63813191096273
53101206,179.9607811864762
77626907,188.99973336605152
15402267,129.37263958093098
66190974,178.42864681159253
85276459,214.38051857949733
61882567,110.58632606300363
67503548,193.01809776423244
80801220,166.28686565051402
45827465,108.85053329163499
13145303,212.21138236227137
92842662,196.9541733538945
73150077,239.45312044057482
10904048,181.3950860742961
89655386,237.36980453079607
91827598,147.85238296333188
36736446,169.15709849676364
73791907,176.75202815495942
93237533,476.05007934703593
29020722,355.337122673036
31344857,117.88538801926124
67961594,146.39563389669067
82896045,236.33276377601985
79782925,118.05385977478672
65627534,163.09552373218202
51055429,272.47265864059
24073352,162.3156821268772
63468697,263.08042443414
69815836,143.43435256779793
94658489,176.2324568287455
89803063,199.0898465653362
41826065,161.34385624306867
95957321,295.90313705451854
72164672,129.80270680809164
88171071,257.7771461612624
47273090,136.89993220681788
19574799,124.39311748878217
74042503,316.9465487644775
73199665,133.91697898999945
32553552,142.46304309178652
99007181,212.66648458378003
86459252,220.55233602373636
33160158,267.52977862904066
89403244,183.10149442226282
83607429,214.78842551207816
54979491,125.82790123865928
34711897,161.01434099527808
76049090,170.36817122744125
38209438,226.21696674481313
43607471,175.2229083074821
37603490,309.711944895913
28133465,341.4023098856342
66543688,122.64234923976107
13310180,423.94942674457343
70639698,171.0160243767681
31227382,236.85704554757584
27953042,157.00027841607317
62042217,142.63771982649206
91860613,201.68605724878108
55497701,225.7375448591231
20529003,287.9523138230579
95270433,208.21915843690832
99713042,243.753926570315
78850782,299.7405609111722
57339822,204.3119712236996
89910926,178.56270033227827
22738331,295.9261291793485
29399410,105.34277510898468
48960030,133.2617347300515
23209349,192.58425302892866
40869262,217.74498103466485
13469481,302.3841711449215
37901584,194.10351921147424
15827667,289.9545417199452
36279211,206.7744008369519
60254169,191.349768916209
15666676,360.97003201884957
83527323,209.0019751624913
38323312,301.96392637307986
16145827,191.00802573626953
25816799,195.29151542757012
31540608,248.43629343023042
78332853,153.8989786702514
50241601,170.4710265745015
59793938,271.6243201549949
99765396,210.01520430141093
22142241,197.1086511979987
28238312,137.49790416107265
56677251,174.9657252566021
79286536,280.4414936196089
20049898,280.7684363208685
79883465,217.8880178815217
64419086,131.4656543240215
35428504,276.9356183120872
83636473,132.50289734372353
91911110,294.75878781933926
94747885,202.09618859438123
77052407,276.88734532286867
89274668,160.5433076603103
65429257,151.07978152531365
18949424,106.5720172715622
78354959,133.5517052003192
38613499,176.06302495077736
99410878,337.2307804680652
17066881,158.55517933674196
84559340,212.2938371800781
45796615,365.96218768537426
18650747,175.9360582625383
87098836,226.88740715162734
18956602,158.99790795465296
49896714,226.99846284374857
51066559,146.2385635060116
72393934,250.2180144399084
63389143,223.01813306980128
35204339,179.89615942944326
51345357,202.2758296289687
46322354,111.10175202964949
33951394,253.73568107083224
41031096,169.46560545269725
42228451,193.64181991651586
41161057,145.1055706670508
98892524,147.82463834785366
19811103,130.01740023431557
65448488,215.41799187537117
32428376,276.628224104643
85323274,239.21603719036244
92258087,83.01597955775016
79217297,169.30892757750232
11989719,123.28522916234347
28471365,161.6164200629969
34542074,173.86116450923112
29164293,226.51014728996296
84304086,311.6680781675485
31817572,159.17086885622552
77771839,264.96588274215134
14239440,263.908665183857
46882099,121.6351305724513
38983396,263.3950956161821
31683463,222.96838011663158
78092716,213.77293104118374
42013895,236.97061432763203
65197071,137.75899509530853
64495960,317.586427927581
68745703,160.41994183605516
51390927,217.57856567765214
94850983,100.04392825042977
24328415,280.9716961758061
85572847,239.57031279438135
42303463,198.3203793031313
48215084,201.13851963602107
35427122,206.60598833983448
62307341,161.92892696685013
63212299,155.23724472594694
97856687,204.79172616512895
35540248,120.90147826896128
41303810,231.7320596802776
72749855,236.0838996528822
21620577,146.17174742275796
33846878,192.8836536826383
72596574,127.2284182767061
85230815,190.06284670524389
72103187,179.9038805618723
39368813,190.34277630917546
77055150,184.6715902173571
61280124,156.09902555603378
88442406,219.28608397646292
34283144,165.4818429507879
20283328,166.53487484153658
15081148,146.19383434485175
30803223,197.99781154077627
95977285,199.15836125179464
73578397,144.54911873779548
23548274,252.356347039581
70020229,161.72633809289331
13657037,261.1445099182157
62209540,181.4289999090542
69122837,205.99194529289144
56882140,240.83410457268076
31090970,204.59605923517051
18895583,190.53865840192617
56220075,269.0414206391608
81883128,239.17827360291216
85178304,272.70200439468164
44572294,220.10248116770106
69139777,164.27686046429673
77682175,194.99096054789558
98697835,187.02363021620783
82862062,220.79212734738536
63154444,293.03563205739727
36052607,202.11712542958554
80221636,175.86424978834916
14612606,367.542243592079
22793087,290.0178469554758
27221763,151.2115876286171
85356281,405.2861267662428
72870330,98.9067043299461
21631750,159.18015518560748
65662420,125.50299140388113
94704718,70.5799676944315
68031612,167.89993321805588
23780065,373.3794265058526
76854946,174.6884508776318
65320814,161.89797354917386
98544588,367.82100621184384
66236365,103.79326799704239
33614608,166.66699052139393
41538321,214.07176423345905
52604597,173.7714295175429
51929168,213.1277400832969
34989178,133.0107934752054
17968995,160.79456268157338
17104507,246.16806525861372
31799006,204.64830783066373
80534303,145.58557364611156
39486975,133.43582406524484
70473933,203.83626591939264
39315812,141.15490742261733
32664756,208.11619810305353
40582877,197.76382155385582
14853484,184.89299521984182
72018275,194.92364188077283
85501233,210.4289761547334
62857702,207.63691344737674
37589957,382.7770145404696
75861106,186.72566624916797
82048801,221.87282465428854
41226392,218.1219722318835
43191623,257.9693394425825
98896014,130.9120419369545
39009427,156.89980385380295
67635937,261.9619953596913
93989030,215.2339257118833
58213050,158.3269382642377
39089500,137.34029056176414
48099206,155.280080333353
65115683,194.6499988603561
19072238,180.0173905484617
50691779,139.03541957706605
74240054,231.30296934731012
57606331,290.31642996909295
50124096,102.38347129266803
50596395,195.82283049770328
96230340,136.17575535698478
73626141,119.35705423021464
12420303,183.3208993311953
64008469,252.6872261899731
44066450,155.21093687337537
27734466,213.63334954159555
30219489,159.92184738499074
43296487,241.41334169198495
22060633,341.2814735191662
23197881,202.3507416239188
65499520,173.45332138567298
42012431,370.44108143200583
42076492,141.62614995155823
92931745,353.552032822334
47924563,131.82627423697818
17036042,223.49583251335523
79903869,168.42862763930526
27876581,275.71402862640844
10911722,211.25403476800753
21207465,154.78045922893352
90406241,161.33410004276365
92048586,139.07743984900344
72112785,219.450572742044
10881048,306.12751835267585
71511312,196.01719451842504
42854203,193.9698227515246
23271785,487.0939475116904
92261360,279.08384056510823
14679655,189.62295309334067
90532154,174.40852447312056
32402071,184.47106676764764
90864060,191.17044337841568
27274358,109.45526135710651
26334631,203.65008079045555
39224642,173.923581989044
19272671,162.77090820124087
77841869,350.8915933906735
27204546,384.9264336781574
12405459,205.34671637677062
23265034,264.2999571882775
97633242,319.16954985979686
15746059,181.7764691343669
91462754,211.5766335633285
71359730,218.82881382292493
61463575,283.33867803669204
66429439,193.41959099224167
63351764,199.64737901274543
96265907,178.12426258525082
87085441,285.8790957611046
53920662,264.80081497425033
67679919,143.2878185946331
96779897,118.13514532391775
27837717,164.59211839062795
37035368,244.31569387397997
26123523,301.8621208986119
79652243,177.81878438077217
91451403,279.7925232096869
29758902,139.09126071987887
47019965,203.28866447748365
14375753,443.6833634104023
85119076,357.7768728854875
58032446,205.5628975697657
58129049,299.8507697882227
89574518,364.94253741445283
61206117,151.441352030979
30554474,167.91186005508945
65452020,171.21295298430636
97089415,336.0183611039869
75395475,132.66318035615473
58881030,375.5599394329255
49402947,167.740149490969
68947111,156.8947490105739
48259609,380.18314807930665
46561397,180.8352803141858
99687364,222.10667427519124
91051315,209.7341011181113
88446486,201.33436660159163
57583992,113.46907100544108
50054814,154.62735716737885
42048168,239.87562674998355
49480319,138.30482500716175
72653841,171.91026847403776
93923592,127.14851613127814
60863343,222.24015400957433
64544903,225.72244318757765
13683649,259.982232865512
35441685,190.0975950326045
52702103,160.7856945062182
33316809,298.014662543506
99319395,252.00460467355967
42958811,289.5248800226229
79034999,156.10354942706923
76692806,219.86635730291044
12247918,100.12720100868721
82872484,122.3431074387413
74712172,226.79269174275817
40198101,160.1327393281843
21709825,258.8809381094174
56134477,217.58400311651826
64741940,247.03993688305914
20094279,101.43836261200494
86415472,132.07048088835194
71923505,194.98736156907697
86463105,161.4174022141562
27182144,102.76474434018928
78605487,183.46305874426974
61339703,242.2556397296916
19457777,157.45894399802756
14282521,156.88033320799616
53055745,159.963772199153
64045100,204.70369958835317
67336212,173.7786153712316
30110453,137.73392302319792
84766140,116.73372014860773
37132913,150.45532467119705
37337576,366.9652310835365
81785280,316.4950496990416
33749639,186.19198910082358
65293655,274.02144957848606
99472212,199.16329062120346
78611736,184.3822377801575
34109955,342.9999164221881
85732620,306.7744801183702
22271257,144.1290940644131
17111467,157.56101891748898
87529909,141.13881564698713
80109140,350.79190283586814
74139761,124.11569069370213
46468468,217.12607471675753
11871024,209.09038405742595
38948416,342.34483747594345
79710564,396.3821368022027
76775271,154.80687577896992
39022631,276.2421501031553
90991831,283.3964176971822
89162323,162.57129735532365
23588134,251.3584500862213
97925196,267.35037893944923
73394555,223.336711974801
81939394,102.38276118441877
34503849,209.59499227433622
97624284,221.37391253655284
83688015,173.87943345017902
26753007,155.91812842837663
87953339,211.43914693356496
63187534,268.41658663175207
67816850,299.6274352606951
58193423,384.3220940159607
63256520,89.55056868638202
14482256,243.6576355000386
70047018,150.7486089973366
25694473,214.2893555212981
18876734,145.14816643122148
24815106,299.09178462335524
32093953,165.27327413931923
21672606,230.6599909014007
51265019,126.53031662333616
46633682,349.26721133334036
99505720,220.94558641702616
72684116,224.09276917733627
73603518,141.02034550513525
42812113,246.19365288898655
91497924,149.70804804487736
94645725,145.11201093384585
83011406,391.2691093150719
40459671,254.98661786838016
28128683,249.46109139487513
89799485,189.60436527837135
78077056,248.81745127806315
60018274,177.76473630789548
63035070,286.59406877464767
50452662,149.4209783328768
90748238,187.20514705841035
19626211,151.14645757368072
76831160,198.28018106759765
64430456,159.61442714145915
21788725,304.556803957429
62692428,253.91840821941793
44601450,127.9312386610881
84918858,233.60920033520696
60654538,135.84555984951845
33549671,157.94219042484664
96482407,169.76067488551394
38139452,240.7674026109846
25148521,210.9548542074237
39090111,339.1307574772064
37364225,108.41675309650667
79808740,150.8430678065827
54570288,150.9411565820257
81519320,183.63813407366644
61290981,89.13228646467412
82595740,246.2849125087577
99018938,155.28761303651874
84429722,164.07088082145043
70463415,142.08657882056255
13251670,171.6405769038225
63915791,126.55188692675577
37156544,171.06361685107623
19087720,195.4612218475341
15777066,247.70962749387587
88419707,219.0598013512061
48515636,130.1015904663157
88810042,155.48551879162454
55078871,182.15504676063784
82278966,189.49131891214728
33265741,297.13584522878585
64678931,333.0701149336079
26504939,186.07963345040378
64056925,304.86112748828447
46046461,146.3446616265036
47352478,249.72351528997692
91442238,191.7368047546824
89293921,165.82177539080698
12378808,265.8651248524394
10153799,136.09984352830514
21954731,223.1527352931971
76938502,150.68514742368183
51632874,152.62985359262626
56510091,214.15170965816705
54773302,198.21479069113005
29181400,217.83444076165236
36937513,223.94960915129468
75732466,187.3110795509279
53117846,264.0919429398911
38538746,199.7927489752104
27988038,114.16805432337249
48886162,149.24665824696083
24085686,142.66752064485658
57820012,475.996863631357
46878225,374.38833743688804
20632751,159.73561333809215
47775231,196.22703773219382
46789610,415.7184652635693
72806360,214.16797833144767
21856002,312.53108444944814
42319053,252.71347685739642
99630613,191.1006042706046
61255494,176.34127946817813
76945971,219.5247288283299
40393163,181.81516953153636
81941837,223.86831823521274
45930551,210.91047437472093
24573538,198.56679164843374
52994547,197.67230259221486
28445231,241.9384221901849
45643109,256.99849592555165
75887247,147.5936619725565
46367713,154.57520067511675
12575157,135.87373088736922
85076068,305.30011152121386
84603623,206.22432463406702
45514815,180.73909194892698
52278951,277.8246344911744
50360032,386.9095780049345
52896193,171.96236786832682
91847198,329.59719132954024
25179521,239.76834902862936
92545328,139.73263667228076
75231573,162.57752708940035
37926120,248.9998597200234
51096687,168.5294824891917
62646217,159.46268032659327
62619222,421.7087554676499
39457866,200.0880211895508
47130686,171.61326321248714
78763249,238.3154991305538
69618147,271.12624580294596
64127746,247.06614451061168
56593004,182.26882258419909
97403924,202.1541102257894
73948550,279.0095500126787
11236514,294.36315297577386
54389520,162.73055920329142
76068841,227.09856529852948
59631248,288.70819363427194
34575405,140.69167414725155
91359645,177.50166886072753
14542871,165.8107496109521
37836409,198.89925398025585
99958710,158.0775265004798
50329848,220.6051896663664
55825298,177.581195428268
43158591,227.2478654441605
95022900,209.83612075274078
11903900,168.9084386232115
59905554,144.91623883041842
33394781,299.16984099123255
85262305,214.52989742038483
18156267,368.89074338178216
77719072,173.26786233735046
72353806,391.46983307363945
61973490,190.50961700135565
80257850,297.27968547868613
27763246,157.2082764447374
28152447,189.4133014777187
40447839,192.10454229355528
88401173,210.85602488619585
77151749,144.65116168671864
76938434,191.15740938921422
14595997,145.68925739109517
22245783,179.24157009200394
45164346,246.56988908969484
44320199,143.94124959440123
35470526,152.19230408416757
83276172,111.18126417431131
65081928,184.23118286559068
34774976,490.1404344625712
10096416,218.90027174256323
76574726,221.71919870398057
88509347,129.46858786792808
11304650,219.21543977681196
26418453,116.33236394159806
69643263,129.5673484918144
30241547,150.7929500799001
89725513,288.46595818144976
32289745,268.11309593700724
33888699,187.51072757759192
67508421,189.34879258661812
86446610,232.91273989598952
71641515,200.43479235566264
46243423,142.86200570519827
86921194,292.97382695802054
15222892,152.25484516518938
29435694,159.38950480118706
35795322,251.05356641464982
39026338,88.22686892240276
27051431,213.31777625168888
91107111,141.36613659758723
76674186,160.5345324680369
17932616,518.0028471314306
86326117,210.5217912424861
64151997,262.88478500189404
