customer_id,monthly_spend
20451981,2596.712832452251
23251656,1023.6391443320916
64082260,329.84377061562134
82505923,189.2547438636915
89981994,311.1904460994523
64973937,216.38471319436462
27610278,238.81130553365546
35883083,129.74089057761316
20490020,334.3938604542829
54517670,196.37325888131627
94359232,113.44079110200741
17326886,219.55356336863213
86594167,1870.9722220657197
94873255,138.3481534234365
62944765,1572.9151520788398
95482882,166.46853484752927
76963069,2484.1587603818043
25112257,3927.5271443492315
69916855,781.26767793868
71088357,239.04903618113036
50168897,108.6684744069439
67403679,171.71087518347954
55474643,1634.1457280734444
54852556,564.3098720044195
63667529,134.54347319347926
48025998,780.0162826792385
93351324,489.1843216373901
18887996,298.6779013231896
49568688,893.7096124177306
92911099,345.39803367528407
11717924,118.57221386690628
62085471,385.7777852795729
78336143,188.0419579093063
13087851,494.4878604003214
33506258,563.5225045703249
61356554,105.18760843416034
11967368,185.9035264348196
98374877,143.7527665080216
76845536,523.5727147950806
59313599,120.36218205765226
41041059,755.3886599946094
22292838,187.67919265332782
99892065,103.569064868647
78345355,2439.724950518071
85986903,151.76203675587996
27715035,239.00460050599264
66099730,735.6546178996535
75346786,117.33534271025547
22860710,139.65732816617364
65958654,161.68121301695587
82607442,162.15642666647253
43471475,145.39436412117183
36465070,819.5409260307907
21931749,105.24176594420695
66815930,112.407869797598
44485157,329.82253905722797
78728059,326.8165157418178
89264710,149.39845611438545
81874643,189.77523433973528
48603927,109.00481535595254
20257622,105.77690994944473
88360790,115.68437187997057
79411556,341.027422505178
24819092,199.3480640071079
74678656,140.74368099744675
22548045,143.86661405756112
95827783,475.1491858021263
60019526,133.41247481497504
82548254,812.323376026488
90453319,152.13933671887975
15312091,646.4170713428548
34786964,107.14567493794735
46684232,416.87005700388755
84597099,119.50826916507407
98134524,562.8766811605732
18531043,415.229908410025
14953383,1001.7284200396253
80944054,320.164964416167
34873753,261.70359817930523
95577033,119.1235508656054
50215436,177.5557955221576
95347203,293.3662979606946
58614046,341.115865433254
40368791,319.19092268901227
23316775,976.5974955714686
23331513,125.85235628303259
40038060,199.42103309793907
22096579,260.5883784950801
24978810,331.5277010021826
65890694,215.1387689214174
47906818,1422.7393614724717
38478694,263.9690735118115
54797755,272.1833055980648
44533278,112.55853094867572
58182080,325.4869118328263
67491014,690.8000782823858
45798475,102.83114389514927
41586132,289.7323297899657
22956540,525.2763820046863
25367334,1367.6205865386555
70503250,139.4539745234939
58307796,101.92998976505528
59859757,492.6547846430025
47787665,167.07558533179818
69610612,274.5985619569124
66658967,1023.0183794446607
37962749,663.0045242632551
87675902,354.6502116311463
61682179,331.3844935402513
78073125,334.46821819426856
73229345,141.96920882279895
43171437,1044.3410696921724
69766997,103.79907727693849
14939250,1668.0339249230801
12328281,149.33313149584413
76560997,309.2148576039448
57569914,244.6553008306641
20883894,594.189480169787
22766188,326.3527915193732
62905121,108.7469949501398
36295477,118.73479335282997
55610529,159.09269762580325
40366302,175.52140426631493
18624954,242.04256572693558
72668820,919.3217117913014
23817472,140.9013970157106
99830054,229.14698612868614
63410560,340.7240319207591
11811963,142.09044366151585
68778133,160.04880748519253
61211015,357.67253723521986
85223112,153.18521850279257
17785980,131.85868639582412
51523712,334.92786896448524
88242319,122.72158620067134
66674532,129.9438530097405
76442132,161.29027323841473
84193848,213.93323163477703
80878809,229.8496514915752
92088473,615.7218251067442
18574912,171.4914194093975
82956926,320.1989105402039
57265640,125.58192149952575
27961225,306.28790366632865
65404075,128.65005261449846
98698597,111.94114493158939
63221757,299.78167502851653
45396691,267.8843827356583
95724535,228.5971413284064
98157590,114.23019327388204
60909030,126.82188805026017
20932142,107.89815018203348
85604729,109.02826351206815
25410553,157.05838076370546
76477501,174.63474902722024
29459273,139.2392163869581
71879657,103.01244596057454
67115179,107.56539558764474
82348794,124.6482190982726
32880748,256.4972657735422
36203607,145.1591560670538
20891850,446.50314430248864
94570583,765.9126759305753
47560755,128.12581276399735
39752876,476.837373052668
68980243,124.8359928517243
71143374,450.73692405545916
89917748,285.09222381949513
30461949,773.7770139874432
67458886,191.5918054136811
44166816,259.4506706831122
48218923,236.6996152610405
83104523,177.82421929120588
23739634,161.40554124445669
45544123,403.75226454170036
72316980,137.81210816760344
24805396,278.8248006104428
85045576,219.1310147934918
21314164,1129.7697244761507
52842656,160.06654096696954
12382139,194.13024054028844
88152347,321.6873272772604
49270171,214.17361293751298
20221404,1088.970415174571
25851974,122.13252269633104
95701680,336.8692553744604
83739665,501.8119443824017
61996348,116.68777391489043
12797236,169.82762839612823
25554853,1503.4414350423606
72618187,132.11110779215466
77583489,148.59902722893335
79450582,110.03544759547242
84595636,107.26560499020079
89981949,920.9467733952067
69424476,195.7251355326363
55064308,253.5508004762409
82956266,219.91968111565018
60185159,498.69338393818185
80612747,272.386103601245
41303090,138.46080360395644
13517787,118.00605843585781
34078093,210.06022941579133
69030112,229.60775456711218
61791328,724.2873131030699
51789245,293.48008490886417
88068699,106.88881772419754
33399367,141.78493592459222
79597553,267.1208914462129
70695101,623.8847422769344
98169962,178.02567902429476
89251190,103.29716092645405
53044281,200.8335781698028
73528670,277.61230764130346
14751149,518.5735238009395
61490053,618.0527411484604
51385275,532.5606030133172
41764194,297.17754048001683
96598282,129.48309565485067
96823449,116.66664311505082
30931247,132.6139552520626
60872668,629.8430567378068
97835669,1169.196991881589
36785828,138.4197761786774
25812131,719.7965077800714
38410800,765.3766763680891
33023072,102.20882893058139
48250594,102.62419200291548
94891015,808.7089237787327
65307671,191.8674443541709
99621779,249.42888231610567
83959755,275.13018963664445
64535310,200.13824938807429
30594968,1763.997668823455
10263960,316.3932871913814
60876075,114.6192789499042
12217583,370.6186580684582
29989580,656.1407757375056
31184452,734.2893473423089
16182148,2130.6809591138754
74700470,217.64355998384494
53084609,407.9944631415469
36052930,371.5439598627215
86583512,123.60459782501452
10930793,240.46400866400919
74179918,106.75870876499644
89853445,474.0956766946972
75258370,117.70274656280215
93197004,474.7054916199829
16551408,142.94112015772146
36115326,309.5704676143577
47243451,1400.7117845207651
90773939,304.1380960158876
30735291,242.35479257097188
66891211,113.57468502455887
77142249,125.23923274760072
24530798,286.40170183667357
78204046,118.31536201732062
60230110,330.3973245697104
13017302,465.3803522120134
21044447,206.72259857266613
28976655,343.71063722835225
52214813,110.94179599348354
61575366,147.93286337755106
23125986,133.91870953024795
11614855,105.43527714201701
68090330,102.85831998617641
31241329,362.976835200493
21561157,136.07958968364554
61917300,135.99975660889277
82147824,119.7931443295645
91513421,161.16678214094944
30753790,369.61215423359334
33700064,117.75213893577762
86773406,3525.4069866305204
41719197,232.4843926630614
67399596,103.22123566938507
37696535,109.84838183696573
15791208,1490.391086524889
24348676,255.29038551746115
24480974,560.7670786256488
49440078,212.10983746078458
48242779,1028.2563791120942
13405947,1053.3333600797805
34531671,125.45379132201533
63652222,327.76382197955957
97745210,128.54087576915612
48557187,801.5232889367803
79801016,258.12170603518143
93409518,277.17582352793323
48891463,103.48259895808229
41134793,125.68222100864746
76776302,142.10510362964217
89505130,146.08280831185627
46129267,286.3504149046919
57862630,128.15014285583555
32227094,857.9829766752264
72887559,103.09018281755651
97826236,283.8823137445057
40250768,229.06615877992144
56765848,137.86028999513687
11244823,599.5541608005303
40189321,118.3089195942728
68120430,723.2680154388853
64917610,371.1711421566634
79290200,1483.973874795234
13110537,464.278341983958
56816135,485.8073809721291
27525357,648.7500183563147
71914367,412.51932657934094
23989491,236.94067980711668
86436168,677.4693683913365
63499286,365.4083159843371
18619374,120.05712434049501
52222614,280.33139578557194
75467866,163.23577909243411
28926111,134.96751882052294
98661834,215.76976507837887
73087852,1630.4409227671772
48887326,801.9085135053482
87383314,103.59781735510848
88682579,581.9122545060011
12617324,128.65071826932845
49224165,786.3897662585914
69951588,166.58599086432747
11713703,270.29690791172976
59435002,2553.4675643003898
61153563,441.45468758799973
57206499,2609.76172549196
89140242,101.46680994853801
95100771,109.20471955013974
32638417,118.61032061911034
61625712,197.4937765369164
61250133,141.65711774884633
17952873,245.68189268924365
14513813,157.7291462383617
57500282,115.12367791854382
51340284,181.7485654160712
35897956,136.56961352122767
21856280,159.19101090360408
36786275,406.1841410725213
99178725,1161.8883475408409
48955886,248.93351678122542
51811678,209.026487144281
81930210,180.473660987439
49161318,249.78349051828016
24723720,572.1110463811606
14950936,247.7348813305907
54638593,369.8697116890686
98115682,756.0880099830284
10533857,649.0900200121986
87478097,188.35140419468925
60429975,143.64940229527303
38969729,129.93823014288606
64656132,118.24526305508616
86963086,311.9035360135548
17268859,400.1469132443219
72142121,1085.2701483026128
91574809,409.57738616150675
54272037,105.7039050212251
16058661,2149.1842824075256
74133244,1337.401801558732
14281752,108.19179166601204
46666867,126.82516644107832
75686584,1051.8961862722194
25546684,304.60975192673857
80619174,170.2745105954381
61749604,121.09167486226029
38248391,227.38592848270974
16877088,161.5404111901149
99140321,462.62571394186324
15975231,282.82509293513317
40531945,304.2789777471413
71708672,104.62853422814052
85030779,514.8821985239535
61117487,138.41614630486586
42638536,291.0003358359211
82326061,107.53410654716151
17028661,949.0498134708553
26048783,118.0947818538267
34262255,103.54357863641678
14326462,240.37235718091557
93816989,328.5271188866146
23690395,239.9957111372427
94999262,879.3494449630599
81971277,148.40423718299465
90562416,105.65091940792372
95799765,107.3925190034473
89244724,102.02277898642288
83879641,322.118784313347
96424387,250.44307894348526
51051501,232.62412620283666
29249441,1272.744879396366
62893412,116.61942756274597
61417835,152.12360449478882
62755928,128.61686896578905
66501572,273.73298540711073
76084740,199.5287518345358
27624326,169.59890194717013
86757966,623.8523078778759
92455037,162.54203910546912
67852942,380.988845576243
30696098,1214.1902699661086
44792329,124.85788728848088
10390388,316.765851531216
17826936,375.64769301616803
71880941,550.0961442777611
98184673,144.44660327725163
60002125,105.1250240530804
34664804,144.85527786248505
37594595,302.8207376712013
42980815,112.30764892443935
25819880,176.15925310716727
16484408,256.21093442895324
91766904,111.95945930749292
82866803,106.87203578435998
82424284,956.0436661843036
72903422,223.6929184741545
11480750,213.74135114147322
96983867,140.12675997758674
41426492,224.99003686468794
24002286,315.4901262458557
18056145,124.25465462522185
72362977,128.1861907430238
15977163,355.5244361349672
51036186,159.63214318490972
34918337,488.19416510680037
20599813,113.99250622443573
19900890,1150.1474720644305
27971378,240.15971824462412
50965403,110.00400352146012
49026734,2018.0147451565658
14192253,315.51178895960106
76817070,153.7781980577919
41164681,254.4408828117215
94312885,111.0257840242149
38527851,218.17232290780055
88279496,1402.9851581441233
15498361,499.23191356421614
17691622,105.97234295818382
43719564,2236.578019719587
27861137,117.21163876362891
20308452,109.43482952234906
97996598,109.39268409446022
93656677,425.701378159698
20464937,280.17612281916865
25195757,257.4437100027899
95231592,110.29746880238636
96604510,245.44295108980086
12888073,367.7801591142285
99408984,114.35974234493602
65238591,162.91703563478202
24114707,575.5784878463139
70796256,103.70276220568024
64703869,287.6684619226086
35203752,146.67889819133137
47453323,104.27261289558268
12385313,206.90193147815552
54441418,222.80135809609098
83549825,1291.2692014056533
20370209,1433.3545306386552
68357218,362.4534526387468
62743829,115.44594025083201
20331898,193.48383858792553
43934228,237.5426542118798
47620709,125.42479065854651
75355275,109.00717404879875
63446649,145.1838077987873
89051919,2657.4945719590905
92954904,441.83973722937714
64731800,426.4701017360525
27945685,163.8326864214206
98412215,151.97830755067295
19535502,739.6860390602686
66516822,138.61036043588112
45373292,106.40433414724032
34711249,279.76117130311087
48370651,1369.1334904302837
71354510,111.86927042134091
56728847,154.76630886783428
40004525,247.11274910096827
94648945,163.8743285135613
62756732,222.8163311883717
80428237,581.1390810862528
64878556,262.60456564458116
30597278,108.62926324255653
40357660,236.25831734011422
98010210,215.5812421156687
43275959,139.08121598116892
67938712,260.71923406201034
50506973,181.61480526669658
27421159,226.8361015019998
51123211,103.31091761237585
51887530,102.73080400126997
68372581,110.7029585261421
31184062,170.4117822903622
55543655,572.2014258822891
71805162,206.6830535669043
98612541,276.89725825331476
67235486,380.3939205548921
35490134,103.41845648511031
74647441,811.2916473292145
73962817,182.53363728686224
95192638,1025.1230404622042
96803902,1333.2326237238283
97635826,135.4804438440655
34428942,1853.5017839490538
86699979,141.0411622436393
79766437,144.0154576465765
55732878,106.89094821386487
20035702,607.2315210915013
54997853,163.49765107458174
91776457,125.5769113551301
13967606,1409.9858209376919
88365927,118.08466338749167
92907413,107.33475043848395
89771364,332.6691058666075
75648081,1686.5033685032222
97365061,111.02648635241317
29587137,115.23775348058847
22019813,170.0255170207982
29469529,311.9463511964791
66670735,104.14352251846748
84380411,721.7967959444229
17040729,795.8866334140446
25307807,416.9717091940006
33962361,491.0580830389304
67969299,143.2437375600547
38562471,1054.9658076125058
33114742,887.549589000355
54307298,740.2085720619954
20058700,115.222923209952
33779532,164.10648777886306
88110162,106.19172043730433
36112292,1910.9934001559002
38475061,990.8652614127531
92644264,105.36609356934
92355731,1751.716313624842
75478249,109.13756354007502
23875741,526.4332519920227
88793850,104.21114565302783
14142195,368.72617068065944
67422773,696.5479809735391
36705498,118.8962972730253
62072834,188.58004020100736
33337577,870.2126420535237
14298054,385.300661225222
96998725,128.1734298916816
70579244,174.00882574195867
26844678,197.65629170886714
97441250,115.90600240657648
49239286,221.87810833782464
19469855,206.23794363417863
82552850,111.74299093699398
60170958,195.80368443159026
28237826,380.320389331463
84208342,1349.2913316694883
28295140,174.11756651024487
38477827,190.5265176459583
54941872,364.5273147190977
15450767,176.28047142468978
93656934,196.6777356229682
54273142,103.05127512951577
63648675,144.03624502818528
31875954,126.26943504358164
60881802,176.83928863858222
17233443,983.5937514629047
28953932,317.79204927021857
64958348,1223.12189358068
27038940,629.3081294054682
25667330,271.76214955814254
89200812,106.22169162428276
63109620,433.59794503552826
34692595,115.83218350179737
45554823,103.48454760404795
50487516,370.48246420757295
37970303,802.255957113675
20944145,226.64982566250043
54232510,113.22387353706102
58289637,539.1587675565694
70295882,1187.3282764134829
11855847,346.9872811986014
26640485,127.74142252245288
92806514,511.7006374836661
43703605,270.79306342829454
75507937,687.4855622177383
21361381,109.93661068218573
73615273,198.45285494862478
92437179,135.3092064337959
57813173,112.14788946801497
99373127,310.3885871897128
95805212,1098.8214069979108
61946147,490.639409937094
24903202,116.81439045667443
88268253,660.7860676261828
45270713,480.58364877811914
67013519,303.43299320561584
64480094,265.53748590193413
18481385,1010.0520514355454
69314375,337.50127502816287
58464172,146.8882524807202
57844179,176.06691900615388
65371057,231.2864972224412
22749627,121.8985327072222
64747851,738.7676164929667
35545690,984.2165420527358
91575937,182.49245388455878
11663787,109.44017397697652
59570536,109.59221837376786
53724418,1110.9531531252885
78572661,119.05387108295734
38544041,129.81886005978856
27091356,845.8444803095953
20013110,232.91391320208382
11862841,106.01472374171013
54926458,406.68427019779307
72702715,836.4313298887204
65477001,479.3913477766518
99407693,226.58892067789236
15192014,314.8314808534613
87232785,126.27810509720406
76412402,120.89664869831196
49393943,517.5633932088608
53853124,183.14252003075057
17486636,1915.3537459803958
64895733,801.2406668353939
64938150,165.69820326735606
62321885,107.07330178519231
14616504,136.89019618113127
53996148,884.6292103774299
17209399,253.54560506788783
25102335,434.4198559824744
54515012,204.66548423947165
80596244,274.569791300962
54217244,425.81079445098214
29133774,146.751045459152
60727794,114.59777022720385
55160698,120.08298638026274
18231141,297.1599212446544
91091163,2655.0417610351246
52747750,108.2838524373247
97932301,141.98332050453308
77391969,1723.9975201637708
64274314,171.91395393774127
82861922,271.1416343329405
95155142,147.35334165493822
57522876,285.751921258551
46054634,109.17638068688504
32006732,136.31504999978276
62808198,189.373955071456
60875435,163.80292814526766
15688688,179.231766431344
13559129,199.12627755695266
25489744,296.19190333801765
55669591,267.9355166004025
10763911,183.16355761435673
15579269,103.06064259394799
18433265,149.64113760903058
72131946,224.12824040844885
50106249,238.81146776608884
21363716,232.82828786590312
80090384,185.61477620066384
37971475,297.4780829476353
31314120,154.19196083760488
73683678,118.23814142994351
29703095,2057.152370701627
87144591,105.15430462868106
44689207,739.7602437877161
42450190,134.91191561277878
92653218,380.8256326780593
67727493,120.692996686641
55742747,1003.6288947786722
96941026,858.437564288086
89824134,1155.2207300872903
19822449,763.4924960086428
18676315,289.0095292431155
17316044,146.82532832276448
81559769,833.776454550184
98912158,385.762949449012
67772871,108.29731259808703
65921862,330.4121546466046
12636566,159.08248686789054
88608909,143.29318003180833
43902318,278.80503393731107
59512038,1778.7301288281215
77976362,802.8579269334946
57092914,209.90606169217176
47412567,231.62437444237753
17145991,481.840624859854
56270450,938.9044842623966
47467383,899.566437327811
10449714,408.5104246578797
43156511,281.55195623739195
71377851,207.08481531360405
54093810,131.31320261558548
78096026,131.63164430464846
57320154,151.73725141348064
45383520,135.61912506111605
38351707,374.8239118769085
70796190,225.50379092685475
29977177,105.89024616317006
97584339,110.76276856920298
47886559,390.26999002583534
45622137,322.5249345823198
21500277,133.32850288676997
47647928,346.19772538237476
54496344,226.64440611040143
44268785,168.60208548006344
75946241,116.18771624768178
30459191,562.0971086788538
15840319,237.2853973201459
72588739,142.3124089198758
73017157,130.1572616430244
25420365,372.7589509892665
55377863,490.8180005521261
51370964,106.308390467295
48905468,227.95879780501474
83191846,158.25585718910065
59334183,320.59531379570797
94009638,537.566884006905
41721760,260.9949324611935
35401283,594.4317453655412
69685525,137.26526200486896
84271975,236.6264674941025
95753616,545.7193548209025
32526219,113.81413797783152
64532934,968.2356212140311
76031822,260.38941380960665
52468855,107.93083727264026
21028902,221.87035631380374
34108713,118.0367467935926
84943048,1078.2994568218944
84439701,105.7362503904224
16539498,110.29869843829893
24537949,153.4564446647566
19537971,335.7610274063865
72069403,1646.0381722939971
84333546,150.2129861432661
11868598,178.63541658021245
72165230,742.6613241460425
86606477,400.8577844627933
85432562,114.42754891673223
53853013,105.0209578533792
87319378,119.54513593294516
32466967,1094.6254779304356
80519195,107.2362611808013
12289146,300.5746379532582
17893529,1028.6094981374915
76217556,1331.0305102640832
27323024,316.6327081391991
86557861,746.9587394766666
37601873,206.55922446970843
43146250,661.2641981810089
51498335,853.9562486232129
46939189,205.7041524721201
36620181,146.98103797751216
59890806,105.5656846335278
19160668,138.7072751849789
94555827,170.78093581743778
73451577,1209.1711078264511
83828090,105.84389790938481
92021594,113.18352360533872
15822386,101.45867388910193
57405310,244.2408894879439
22671359,1468.0574218477464
68101436,112.77808880920072
66910009,107.94140884821502
55778706,271.43045591394224
75120697,111.1797577618152
12885545,150.6099061914342
28604372,182.49813609997037
97297156,2781.8170650857483
18964928,1026.2726804130336
61244754,1024.5360029583137
45178470,265.3519218108474
65250669,168.25195316968447
75566313,398.40670879744755
25053248,136.21703324165907
71082761,204.7900773970571
25210276,244.68107457022575
39718089,1040.5678795602626
51364178,106.23960339139144
31211994,122.31615350116394
71509945,379.2068893820575
98330029,136.68282164391147
22456435,304.78034398553626
56912862,341.19678040927795
41548833,867.2123230130971
34760776,102.66665082126734
54015943,1835.3488817309665
75943554,551.4099866050915
61847706,393.39122226849804
79766441,134.56944133551573
29099073,105.16433758948023
92971983,124.53059785555213
77042656,2246.45635977738
41355522,147.9741508826744
37905258,161.39204260111322
62845536,135.07914313448904
70252689,131.6989717693159
69012389,106.37840149360741
55230723,203.34523974551922
36148733,487.84265796828424
11166306,309.37076296497884
86661349,307.9547344119667
39933083,161.5432450641073
91301497,526.8042121638717
84697954,326.7472553278949
16890490,127.54769246563464
46638869,126.17133643616431
44149767,127.22225853154293
18897403,832.1096988076318
77411533,115.79303159339602
62885631,232.27559925358932
34219564,542.4318735008081
69042251,195.3965784872911
24137005,269.2081268865
66305720,146.0871127752745
17619455,146.43890390913666
63065642,148.13914171554987
43970026,380.3861352927844
78870428,269.57630758347796
72114631,127.02363657722282
84664219,257.0750329662879
25739422,387.1570194270711
54038039,145.91812530482844
55081531,467.3763784301732
45672847,213.566736795871
29734641,267.8862421918252
63805244,380.39341919422856
82782411,107.004773711728
64705797,414.1470643588754
59326862,152.62798851826616
48549098,3004.8841886276537
39570097,126.23574611177565
98000370,200.7903606870084
63674921,369.65766596250404
16674336,271.1474474989971
77063987,233.49157468341505
67143015,172.63541691227317
10570033,254.0109696083478
47185088,527.2126432087979
63757190,105.3876473369549
43453041,1715.3188461073032
17890447,214.33112409185625
34735493,124.75505080752094
40580820,371.3351964171385
84776860,1583.7889570821906
34883247,171.82591056426702
75437035,104.53200139752177
63198281,511.39518914162267
33289878,1002.1183291638332
42222441,137.16642624225648
53518898,104.55596060479672
77756377,138.4715886213421
66266331,1339.2023124699972
75207542,215.8002125575217
65741993,232.50561254499615
30452290,137.36858527703194
30341625,220.82312553664798
10196118,738.1932125244128
39997400,401.2519914034357
42764498,121.42336705998261
93568775,112.18757375470531
60138513,361.7844212360107
95863174,219.69191450467812
92194956,119.60211296521244
34979379,537.6043688486538
71517927,113.13643387696403
80092401,154.27223285315932
29853468,505.4479556707374
95595164,137.99966563156556
47277321,699.1964285163673
95111852,261.36561383844446
49309773,268.1089056957468
52060622,186.98461721213891
18920892,344.57482224331414
95549548,289.91281878894677
28343921,187.9587779448933
24575136,323.5522849970763
51405326,268.1969860723491
88024456,855.2349204552979
61475538,1125.626383920172
86032798,164.05079197830437
99829874,525.1847157641544
96251785,1322.5011979270835
11235918,197.9386886214462
41084979,104.10588828603561
31949326,103.70740601052849
88425482,107.42377264898778
41724063,1143.8320762443348
24244868,390.49419323495727
96443454,503.2898200955761
83159015,103.03099993998046
24632345,378.3118838320359
44153806,323.0496083664687
93580629,528.4562695294185
53277959,269.97220529626696
99759183,1030.4333774515567
55252816,104.1244865964646
41285175,164.94732518147282
73261084,505.8925644901556
99347555,843.5042943848076
70567494,105.47113130026194
76764787,1391.8159508367917
14328685,152.16706164954235
66866287,194.43378618401718
49679159,224.1057231430341
58671247,114.90669713637429
20236719,2130.66450895221
34585357,159.24331830220214
45051453,207.70928082669295
51786574,302.0226013032288
79731887,234.11256259737414
54354970,677.8712243858274
77833826,741.5110587555223
80242735,123.29389657525768
79336488,330.9148489555165
51121070,457.9637766742499
15930057,152.49515990449865
84864986,137.38930109131235
97820091,1234.4138594222031
76206876,155.8779017499996
34508398,890.1010278493262
15581330,785.5485918911307
24272114,958.762688418125
45684128,227.38203393967666
53910689,109.14523515066927
89611963,121.34229371271971
19439294,181.52028717465916
44476677,988.3841680316816
72816714,487.23528754551495
74817899,140.3767795695546
24462605,144.04922885996487
62629343,501.9629820302652
60387272,134.11312988169172
60976677,159.751862107516
25938630,203.22565823809583
89171283,174.44711527781618
23407854,613.931825305729
84390020,222.94295002533875
10131944,461.1421508931997
61185673,963.4668858578478
76507951,1014.598881407697
92456997,328.1547198846238
27091498,147.07131883873706
22015405,199.71338546876217
64048811,390.19194438759376
59963315,186.87497166689107
99392827,832.7375740568076
52435285,586.9790082823313
68018936,143.41401425630877
92985874,115.95945562323669
19827012,102.4689514126886
32076309,103.0509292800169
74459345,137.85876210279798
59329650,229.1383510002566
70105673,207.44972208874623
47359337,1517.0020715634773
27991858,250.55764443768842
36755663,676.1448918969005
94560591,531.2056926871218
47944050,140.6091846260603
49561372,390.02693275709805
96160989,127.03105864739345
67474261,125.3197721364271
71965824,606.8402619906104
13777105,105.01849689644573
64739771,825.2188950017676
57691432,114.49227748386049
21801740,180.28756501222568
74352185,641.8590437762665
91521650,607.0235418267843
64797772,482.6182870032654
48820263,168.54759270743543
14791909,167.04893410065085
82868024,142.00372418684933
97971853,184.83759259241634
75654232,167.87342395636634
30725718,211.5606437426034
83442812,491.77102015689036
62376431,231.5267133304298
45295601,257.7510246484364
44038407,108.18127184613014
74138589,109.90681363487802
78812422,169.9331220259932
57253455,587.8462941107573
10109432,536.4025523944673
70492234,314.3750372688355
16499768,876.5774987862704
29721809,233.5008960064722
99970795,103.49837829226362
38494075,202.69785665436058
13300921,197.50904892130086
18255583,365.67764812283065
76957329,399.75352800795025
83103502,461.3449977301521
24570014,403.9904605051438
19318542,365.67399369071956
70614169,309.6343926713301
68374888,715.0348482107291
10546051,193.02115975985737
82817153,449.7452832268447
26190736,164.32067392200614
26227414,321.04394678723713
55825692,209.06872395604427
65550483,117.9675572405353
14872097,355.067837950778
32405281,184.62947993667484
37055817,227.06070179304268
42617798,118.22104218402026
30684771,102.73790054938677
21842298,159.49826427251645
44215525,583.685697571262
54734331,318.9763775720553
77244965,181.25865232872076
31618537,149.8699499793956
10912371,144.71748667610288
25284273,140.58380298049656
63793006,515.7731998426478
40346903,353.3527358391786
14281423,491.5545895103125
10329833,497.7992931984544
58147868,748.040267387512
62215262,594.6401732924166
11535494,241.9829241542726
55289261,195.02380273744714
93054393,233.13924126239584
15613905,881.298247593664
52346993,108.71672261157211
31426410,129.99243686468145
11924915,103.87349307099191
83461539,855.0506106601116
68351051,741.4845651708013
23144760,1380.320505290364
97049626,1236.8521435633888
94895031,103.35355170206745
14702382,202.7552522926308
22232789,129.21828146325532
14653500,118.85222053315582
45931554,146.6520143386343
39099976,121.29121183909236
65803003,318.0416649119576
56391701,1396.6338502327094
92222330,430.23662127317385
93455198,1826.5698374751423
52410336,1754.4009233240297
82423675,539.034430840019
25925356,382.5108157210578
88622240,148.30438059923242
37830382,113.29559602541953
97198420,217.6156693476096
21477504,175.666700452905
84142976,1177.319667405386
96401209,120.00344805253756
18047299,133.99106020706463
25908320,394.1827900027002
69709013,171.31028621478868
63707451,103.32316453022688
68674616,181.3885864629215
41246291,105.81402653923863
93099265,119.83646151628609
44969882,126.2344228301038
94840571,107.33298132884048
24428966,246.53730198902835
73406276,192.99052287736163
74093567,103.9625650759009
55445678,131.43628612836892
56770356,105.3583905761827
20116401,197.53471015015043
23989432,227.48182390574712
77573883,2037.4830086337563
30955534,132.53790122197793
46007298,193.3243632586605
60038151,112.60389263568102
16169663,779.0422034248992
40454664,104.67249861055619
62049127,199.5248482310157
19821119,139.0712825525258
56611586,218.86130272454548
55267084,161.16037675993192
55813034,2185.0909367391446
23867957,101.78281218423086
90096160,137.02379907007494
32751852,726.7065122250447
21394047,839.7843263931443
80032862,212.04168737541818
22418983,179.4217990785699
52802197,111.68592961474145
48673505,158.08207033861038
14195685,127.3010034426376
22205138,153.7570693019728
96628154,315.8556535855946
44734813,109.35697796511802
55802873,526.8981167837965
41368275,145.38371223552576
67686446,537.0218677569636
97989934,107.86508538938858
65686117,133.33346728557322
45591525,104.63272319296817
14884094,230.4194802171526
60291749,477.63099767548346
46418453,105.78060187307024
30133967,417.16842182929037
30307611,104.71291004089407
76539721,311.7766626406386
93325285,147.82236840811564
69825909,305.3461397868292
10220197,224.63467341205885
34178403,101.98094389689783
67327944,784.7103268684461
58361366,127.43712930957163
35080838,472.2626370670334
24415695,203.94277336553773
30354080,369.74223513424926
24117628,157.20042571146604
62628994,420.07289484279084
51012198,606.8402619906104
68125143,701.4821570928831
94485707,103.57449159038566
40172711,181.9286646892893
17647583,164.5867189824413
94790367,105.27024058555682
18254706,203.9203572351027
65733568,104.83042319502918
58357649,109.00015301480288
42289495,223.95450854131568
15020288,102.76888219889226
31419590,630.0515379708238
37233713,369.8670887968391
26330225,346.9499811262566
73976501,365.3229624180526
90642644,599.4126036098247
63791881,223.377700207607
40102213,1594.975549668346
60203926,769.5851640677126
36257216,279.0984625030689
24119768,675.7334356598865
30403208,807.3692047522168
39737862,937.306241014711
41150683,194.8324915155862
99351268,173.67420732021404
62692262,354.50504326614987
72711178,128.77286164580872
10083097,202.18407827443494
65370298,553.9735639415346
84388395,110.8606536625264
52114454,128.77108494911485
74646950,329.60859323484067
72720701,200.6837763735218
45732529,185.7369482193083
10509116,156.67154079758765
36154567,155.85306368775727
46124383,672.0348826835819
27866730,154.3230621659985
62320931,218.21537481239477
78979954,145.58049901786592
52531638,359.26420140342435
70662494,112.75804584566318
88174413,131.8799234825369
21513664,380.87863292283976
26546743,534.8787466420091
89094189,108.80013869421269
34006202,299.92640355508667
44458405,106.3163765118249
46102741,655.402775977842
80947937,658.3781089999407
73456376,446.0894307998253
27640503,343.44313912748976
66469621,516.606534685492
35504694,103.96636685928368
24815317,695.7039285972917
58171289,107.71907500133364
18612790,288.3710911924392
63428669,538.3696683389376
57949817,1667.9360137539084
72876573,321.92123297980856
96193736,200.27226383644168
57932688,314.56646310835924
61617398,434.6808300841396
57513357,349.33316202098496
46336493,212.11909410055
56173102,244.54374699709754
22210971,204.45838735157776
27397907,103.36080730901644
94750459,414.215994069603
23197778,111.70095393107742
62692781,115.42664413623007
94164438,193.92627514490638
19395402,876.2505379344901
94219712,166.0195830114604
33491568,120.06922096118848
67632603,151.16347585346026
19852962,576.3745386044042
73405784,787.2144630603401
88192699,329.103943369181
29867417,112.36521755043924
84909546,765.4126143222619
52598919,1144.0597744519266
86077350,400.2403595606562
43929538,551.3891548713764
89992133,275.28581518827707
33643157,830.6714305352403
40190924,137.91860967889627
97098808,276.7860481117612
87635513,817.1716013222599
16478169,2672.7282651804744
79498204,364.14548245876983
62568791,1228.8528115677975
36457296,109.26638015011382
29599077,273.62099191743766
22644116,267.40073521822444
69419691,970.3032364294991
21970018,110.74694215710493
31666748,269.21645221525347
84691804,516.0501669787275
19277545,370.89690964071536
78443496,225.78464034250607
92759112,126.31696582305703
49629913,791.9563819574342
14874574,170.8699513509825
61108399,105.20359637723784
53618559,715.2782233546085
46977752,111.9854707909107
87695599,392.75641267134046
68430793,240.51090261580143
11606038,103.61737302986381
52469720,359.24737740586954
91726930,141.9335349244078
14558288,107.24154675102547
98640275,118.61358660073861
82918511,171.48888202590865
32992592,192.7618986045026
36930879,147.1784325411913
73360172,194.627513282171
22281491,206.35710898424315
33813436,146.56759909147837
49300946,590.9873089784053
56371129,310.69445569240474
83899433,105.08723438475513
25827679,1598.5972757275108
16631062,118.74393850832868
86793673,285.6170439112907
99689707,140.4524144253933
69776211,142.44519935880132
55892015,191.89003829923138
19716865,190.3314763191195
46860460,155.47475513135714
66143638,1291.1863367305905
46241046,153.7876778247564
47497471,289.3380076824548
38256243,290.54076266458867
90078699,129.38159448721402
66607961,102.18520884009644
15632043,202.2396202189882
81498334,860.8678554173723
82443801,220.07826291742
88411591,186.27180943120976
18221799,382.4257935209546
30242976,131.77800727055993
66494245,106.685710074614
49287510,102.76319884182098
83370642,212.02767473253598
92348451,102.0676446503676
55790147,112.46056576922496
49423398,139.91992528971608
39715763,155.79585569614866
46440335,249.1675348768128
78128236,365.0448546590607
63409672,1681.8298098683695
98873842,145.8817173446057
34782044,164.0648224114083
70391546,188.56337566758037
76956234,311.32377486205564
41544516,190.05196547003928
42550648,292.0587115709161
98465226,107.98815783972654
30886863,449.62722949186025
84535276,153.26947927508664
54301788,399.3280862051433
78637034,278.15713811020777
61387156,106.40163963874991
71715096,150.02230231262013
47859897,117.38600794869885
59800013,247.8839833481859
95293248,539.9264900334352
11553772,288.11751440828715
91107127,469.40794617039484
66825939,108.67392744151162
33598864,116.80505511365776
18818037,583.5309448025283
86800656,360.57089499211406
45209421,145.298216305391
99712718,106.38875255046034
80320840,286.05299956567603
24591401,304.06713899402564
90294177,177.55883901912932
14404076,188.01107322358382
60829113,126.23994575626999
22529505,123.83553189614186
59566170,425.26740411725063
40149323,1507.8076842680987
40382936,454.1641532959547
99300537,116.45692517079135
44631793,110.18885852945148
49450050,105.55765256894043
62395628,140.54013533981745
30879014,289.53614853663726
85524688,101.56948692083293
87381496,696.2882495204798
66258576,276.39947457946766
71415255,547.9668338435927
45179604,405.14079291377607
82676573,170.52870813648292
14654038,112.5567813715776
57261303,197.02903738943562
69037727,386.76494244458036
78583522,308.92976873645324
49703078,256.31351178635674
78525136,119.07979794939178
86407509,317.22281805760076
33024193,1210.8077056303764
38535158,550.9194434551125
84179400,106.17480147733767
24680896,632.5376999108873
42024082,158.81383830289974
31137878,876.3703159636774
92689780,144.48223489048559
93487228,515.5188202011426
27421195,199.09984855865164
27611928,165.92341847796786
25261420,1356.026237453565
46864780,140.22094977387474
51909487,331.3728760751762
37913958,331.31159932589594
74334619,699.9536428520232
24422548,140.81883255487676
58508595,556.9105307880668
25087154,103.83744100788157
76806766,214.6887532402751
27262464,129.53789720598078
73422693,323.6342498901122
58175270,181.14261734413813
76648743,473.3514185306698
36026120,523.7893010503599
87485989,405.8233991795756
88798255,287.8036856232348
85293030,1324.337899246776
87029422,173.28411378809065
72679949,153.4219245773739
25871017,109.76084539227773
61396744,122.3072786872632
63197784,1577.3404099208094
49632353,175.80254899486764
65625596,120.43253182545662
86795596,221.65550196112068
81433856,184.2487815544274
87476873,1093.5346264707714
98147948,229.24743712373387
99212421,222.53999454739053
78236394,530.1772833974786
60511137,107.82173961771038
37030090,1735.8352062124004
47227545,396.0183488722313
38980163,277.5990272208621
33290320,227.44211878106907
57735630,289.28084709070333
37888473,405.3647759346063
54251453,294.439195732388
85556127,130.46321808773794
26903779,183.20515221825707
91692809,233.71051266538333
32446203,549.7931969786006
34350235,132.4751507493002
28532174,1817.517631150678
59869496,123.31256049778216
37887202,117.51238279676252
54799254,150.7376812550753
44298051,1056.434407842588
89901990,138.17415466754272
73292166,332.2927688536163
21775362,183.28644179926613
36884233,172.30940013669525
66353025,102.70032496667147
19481125,112.62582568853225
95336492,870.9178874005537
32400462,1090.5274726679318
28975228,141.1611186344613
11320585,549.12861989522
32162156,132.31075047100182
88724326,480.9432307872867
67650053,245.49436351517915
21038175,242.83372988573439
64836379,152.2951397103292
60827779,179.32866947189459
88997264,767.1083293983565
44622902,315.51835927288215
85670106,109.15005723190741
38945693,101.30727117609901
69337730,389.3561930396232
22890345,266.228804823753
93106331,180.5191325266579
56257607,145.64515470894784
42845025,475.9846565138476
10678470,564.0439636412008
35975743,4195.241105530304
44298756,422.23517943991124
66670226,104.24480585425583
37883517,1001.702432012884
62831558,167.46642790720188
25294874,103.66617867271678
34601413,2103.8632389202394
61300626,459.28899410988043
63694211,278.7437246402499
70308634,445.2183971112746
92846964,219.7349056355336
32093061,643.8518168574257
68496425,316.07525189575676
36724576,279.526242443534
18988842,120.92199317522615
44304522,109.06483167288772
91192236,146.8755844787505
27105876,167.8572420227043
89869414,105.48875964745758
45877010,107.70406184792404
24146001,361.7736773280231
23395701,212.8612412656759
38974456,345.5648152415378
57842607,285.97177580311853
51687346,194.9128390748393
99288080,467.745902407127
58963406,204.29386358113246
29443260,631.2094662647097
62626422,1022.076160534773
57515098,128.12982106896317
61739694,1027.0687775120955
27459512,116.24680716072419
84889146,109.80853218616411
58681841,110.24250214720313
63593417,2136.748629413781
33073018,359.7358670038868
18775917,103.28621133202854
38962045,189.03873197052278
67933426,620.2317729657331
54603681,518.062347752101
83399485,223.56258719051255
64199110,105.06836678947094
82415208,347.26204743313514
87961803,153.31267704285858
44853010,160.51191039726007
59952980,103.67486612284269
88562279,228.4504177758301
55858413,596.1478035448741
61198975,111.00681067939475
37448315,1262.6115672864146
19525923,147.87262650117302
35026025,209.67888840790792
37029910,120.2093919916359
65651564,435.0168788743712
76546746,102.7528137009347
78805012,441.7095810956114
73332787,468.7623736547591
45937289,341.4956987608304
99048249,790.7597252690225
29475704,290.1292335512963
93694996,535.7890507093557
18159173,135.69855372067354
50435273,104.33944452551596
56812269,210.22840215958743
10385151,315.033834310787
74541267,1251.288096507339
16719195,105.97070447314185
48754743,195.5416542523609
18188655,124.30363166013949
32063627,336.9459453718438
95749552,141.57929921474772
95191424,339.8614838203183
79363744,361.7844212360107
47169927,401.3845012126956
77108983,105.55574229962231
44823862,139.79170877422098
81122519,198.97854672428
18168723,152.43843994317504
59737458,212.69908658265757
12477444,109.3204227721325
89609832,1722.4700654980836
50913652,151.5100165762657
42856249,113.96517462689734
62711409,238.6628373006507
67374114,176.9091092976753
26708384,231.79309131759396
57463109,277.0265335927059
64273952,101.89769924434513
56304545,104.56422918187985
82795140,261.192879746387
14007213,104.69081799029242
54415843,101.74540810287401
54590957,198.32289912086253
67350145,182.66937700974097
74993313,134.92745926894725
62432527,262.6381792049694
33713363,138.7877689083803
80390114,114.64310180058003
12723951,127.54445532335235
71416124,376.70887575043025
72440899,255.30303935550356
60115717,272.39978467095204
26317947,140.43669232317316
35504199,379.2565467807173
30187539,379.5554145888116
55346293,264.39012919910425
90516502,461.6662059574449
72045347,106.39901760021074
79850408,105.17671946003519
20443404,1890.283456998005
84501791,160.29926146804286
73999320,114.79016561110114
98913461,101.50423959027107
37225199,122.47216058187752
16193655,379.6455321549776
72620298,1250.7591395659956
64188152,198.30665476077337
67784083,346.37578165079054
90552658,868.62728560238
80748000,964.9248347261087
38083778,529.6543726064124
65525497,161.43053835391206
19381953,109.57921093522877
65723090,653.4019816245838
76151738,580.2520977896412
48225827,390.0605564128193
27357384,115.89211698971432
72090603,378.00660465669097
13739096,181.7453030809469
42442381,244.8996788129578
57561155,462.82297833334945
35942827,147.37268692170744
89196128,363.33530171596743
90585757,109.84294830771161
28123361,102.92152149722642
54892166,204.40474224740774
34399967,107.09229924287614
36429013,317.6454681755856
87308981,372.81423138870326
99529719,246.43056281029138
22093311,441.2649679037549
81263538,107.07326751630971
71338939,301.8086775749701
26758105,639.1925738281642
97028969,1323.0342323463171
64463656,184.3330443395986
56099433,108.58127482863814
85325718,284.88920555067824
44166454,305.3326449533664
36489810,153.23726727242604
33207901,178.2618262767294
27978007,116.12745209703282
81479630,246.57495099929838
51537650,363.65007149932086
45619520,137.66446763179266
38111175,345.9556586220473
52128949,974.187999748678
25404819,108.50006462560349
76230938,108.86454768118737
35633669,331.5751695510508
17486296,369.01777599308605
26823352,500.05175261356663
24234066,111.23089292184508
69609466,421.27000494066505
44500625,471.1009682400953
25810885,955.7676920291336
47095933,242.27533972263436
29996746,198.393263407333
26824387,216.81987433029238
22560248,105.12399164016377
67043419,150.97518049821363
56128877,893.5716307305318
78532613,103.0793591723202
63334626,144.60723632016317
41942475,902.9861627426649
71572581,997.6983639260158
31224917,336.45481512397504
52061385,1509.2506564079567
85648776,314.95355859812315
89601046,402.4454208884792
16315474,391.9711878174162
90885644,563.6185165403809
69988016,403.9221026959795
55363982,163.66423722062314
15084841,841.0817585561356
85269120,257.83611076865446
31531393,112.86812077113179
65511292,131.62154735828327
76207920,1486.7109993472268
25765261,1362.034692683736
99628783,127.37277636570498
29123949,1468.6434871519045
84071477,448.35323580893623
55408575,127.1440174433286
18563235,1789.9601612079248
32862824,2610.918469684743
87247913,359.5624728857688
70811397,591.2492571584565
79135010,241.58557509907624
95532555,137.5916160752591
91619153,187.13047645505074
85185899,255.8074719771426
45503458,197.67335150459803
40572975,319.6858739763814
89004010,132.53262214654828
34562042,377.7585810519073
63463440,305.08589481285884
64460362,106.84563188086426
67250925,133.0637078104881
14939721,230.36211697703624
35310686,329.5853046675554
71187848,125.75739778582887
61524357,3003.5544635033875
36782194,563.041334935454
89842273,748.4410067824326
20614858,422.27225812104996
68048266,114.66875457019653
62462117,405.98164794575115
72115510,177.37805275736866
14057421,136.6307774870734
99878320,157.25931826256237
68934495,149.7941846345802
63897425,546.9045822200496
30823846,105.94631583602504
45856506,124.12181078294888
36318458,486.45064839893007
54709816,126.25131461971297
58956301,465.68990958077933
61193977,291.5488584494014
94916864,769.5322123093756
95563649,1276.8578151281058
11808364,185.14232866640202
53108582,116.0450881606942
37502181,495.2654796658465
37996385,209.18714253186917
53563779,159.22640362913745
62612706,371.2507772508981
33233317,139.1632857639825
39285196,107.44062403543978
12469660,1052.299234543991
10086272,233.47449829980155
61556619,249.08496243243906
44239580,1707.0248899610358
37303458,304.2893474714938
69742763,275.23055391865654
79252407,964.9857750863766
55035288,172.3886372701612
22573833,197.69118344002982
73616028,121.44602334781594
72379751,107.31921765726807
63515051,109.6492910359103
43605274,130.7567175992928
94526159,122.78691918541695
87017405,1286.9853155214641
27785122,287.42406657417825
88986010,110.19461728690581
83705830,108.30231782790665
19294754,357.5417527911452
10016581,396.81701800497154
98337631,122.93766777547316
96284977,1209.2819044069265
85120493,2765.905524460805
76912038,151.0022495394871
38273802,1883.6277443488675
31373003,1041.3147966343358
16311364,734.4497099213196
81773825,107.1279810018218
85451822,113.99599933537066
83837897,215.4814378730771
79840167,323.39923983194853
10053165,267.4977276418004
66085962,148.05198507718939
74446354,2522.9160237973833
71248291,440.4899519818322
13527988,1852.35880721523
59655162,583.2593503667559
81270080,264.02547985107316
25459024,127.85882363028779
57124820,179.50846559964018
38744724,347.42191825003545
14672828,260.5678141518464
86208199,336.1743358522448
60804234,130.16426222169162
26637959,134.4545827056796
84505191,199.8815776872564
34949195,186.46679635159433
18236230,362.5915488329358
83633670,779.6773912809289
38795738,143.0893316827123
57060441,1037.2262716460102
63193750,436.52062483319037
16584196,139.63383181539027
97470867,124.4423656144082
57117308,147.19965059399985
28539736,102.36151098574231
42854708,107.24074347008374
74612987,387.9963965610444
18574187,104.27060497487578
82554201,284.16362256381194
63502035,526.9992481239552
91862663,735.7442054081481
92211122,1198.4664993977933
31056808,484.3329075817582
16943964,743.252171766711
32863651,874.9579849678697
68176876,107.50834413888064
49131404,259.3853291324217
70277995,108.16253181908063
35494136,194.08895965907544
81234980,382.2185708273358
38613978,112.8239855897405
58078556,520.9059452987481
44540392,283.7096907482299
54581831,129.13362258083617
27711464,106.03212707269806
34639609,359.92834005741037
61465981,781.2244318208722
97434739,945.3538556431861
11115465,119.23493497607227
73204702,420.11848141757315
43122014,247.4392480031841
82465915,122.52164241433061
70336402,107.24305940246994
66860305,1725.0337876142353
41500458,134.023308069429
92919391,322.4791203614128
99618084,830.9384185726891
86909460,191.92156042048356
17337355,113.69841891317533
42353664,160.6457692744041
21765685,175.22219468725473
89088918,113.66049750315142
35899962,136.37131995930264
68684318,530.7548948408879
18484780,114.49415373774073
87388388,401.82694811769807
90094211,323.07978789294344
16804039,188.0026377726273
91010086,135.39561804452967
99469868,127.70418895587147
37545302,242.29330383788601
71878464,202.23291916481512
21183040,358.52747461368534
35304073,480.7178283707851
50348670,282.0003200035806
34230931,128.62593797497405
48867425,511.0808370598409
35018884,157.14153355423795
82792644,134.54347319347926
55638604,189.728293129725
45618589,105.04133608940342
94996859,510.61446427819806
59711138,375.4056228241536
20008628,134.60832996265827
74210201,1022.0237553174795
71592370,768.6635914796299
91112168,630.9490390619308
86979588,109.93609571080952
77491019,122.82835477982897
82906889,146.2641772397532
47215201,500.74484351787976
74482354,191.90751322473986
85248466,114.3968982540575
48081067,231.67534159152083
15387364,841.3389179646391
49479914,354.6871912176654
67144063,1749.3118430048169
21546784,126.51407536466505
33690767,415.9832604363205
33115846,201.85063054728494
61562965,122.09126796879913
39809818,104.39116305418226
68123009,369.04727685368925
51851996,2590.595872268897
14592737,161.52086691085523
53703850,1296.36308670529
32305458,119.20002173580778
15802272,418.9814926565422
36113397,156.30302141508338
10490484,379.7744124195441
60733954,144.80398012072607
99162691,480.7463647379447
93098807,129.3130723914772
40838545,190.6134725309701
11051825,204.40673039110337
82908690,1012.8963401105623
71787511,864.7695065903821
72823966,1036.0856521675444
12980060,207.56891923268773
96086415,241.142520982182
23697274,609.2871989789636
51614059,2658.980183555904
78779574,510.9870870971257
95241308,160.0376639711433
17643222,402.57007123933494
93263316,324.6533232865182
37302631,114.01985630848114
87271886,144.12926994371554
55736876,822.4534260741516
51594702,428.7967926393608
83945766,143.76268335276444
79078313,118.63748175461376
31277810,300.422095417334
74965419,121.41690832435792
12557472,107.87597427656291
61610958,273.8606557498721
87565891,277.0084786429289
69835471,144.88791528765643
50409416,721.3581966440656
77449547,202.8322166581804
97554546,435.6967739411438
15981479,287.7376626435998
19522006,1636.8410495941564
27996044,118.8954837205515
41161764,589.1218350330279
20740770,650.3698399835249
70042803,160.9222036058863
52210690,187.9985315531934
81657059,146.86123960872894
67733763,310.13725518734424
19453777,563.3889276195745
76648543,126.74130619744032
38569009,483.8323964573894
24713941,136.94947245333012
89660454,114.29126669149959
85740410,497.59551346072675
86257801,694.1531803001952
86873805,262.6417585620923
33399735,504.11192476279257
37535534,424.22120964104863
27667456,3980.564231203707
61581329,121.43925834108958
51263630,329.7394450629724
52033053,114.74949519775829
90888218,189.0713960414706
12546179,196.30141062330569
83093814,247.72127074025485
46297699,143.19582405174276
97044400,300.9997531926021
31763919,108.70409717824882
16008849,205.96728024417226
51084945,208.01131609755382
59957604,311.47932973146203
18780994,167.52107708992818
87997537,194.7768963473022
45685391,174.14828109869623
44441149,508.9451461777995
14178311,341.8812389246829
43522500,118.75567607117902
91025767,148.0342211557245
92328854,104.67069346903331
53582398,109.68123482427596
79088536,962.1976693727715
46193764,142.83180397683478
84800487,196.80954832160032
58906346,188.66283676748353
16384425,116.66361116885693
31314423,166.1955722062026
78713693,432.525148403383
59579059,105.18234597917177
51309878,392.666385677614
18367921,395.1055942611603
17963218,1512.281804073134
63773516,2133.429094305386
43820904,129.20795705804244
61844633,447.68450885285745
97433520,587.8150136578637
67890378,447.9535250731458
84770654,279.03156391877076
56388014,188.29642450618053
48498606,257.83277867365473
96139568,161.7994568312954
23184000,220.11444422224187
82435682,1168.3746299272086
84725417,132.66210373465657
80398008,105.81554829450883
21408816,285.52245499683477
40561414,223.46861843447107
47526789,593.2703335295697
34202671,157.66937885567685
47410501,114.11322742558067
18437030,107.0577228511306
89947527,935.1766568990149
48179652,1955.6350938948933
43574355,614.720132984866
93441626,112.42739471934516
49833156,382.0272623476927
27436801,183.36516575736542
43212239,134.26345420091656
57781002,114.9912282863509
80452756,125.94547243799339
69547198,168.29262122587147
92282402,101.6661629581188
60080700,461.7884198285234
77220496,236.24530611630573
54095090,102.69506648057077
28159066,106.62846434632377
76298460,318.92611077570984
57334293,1613.5455567084043
51349452,418.7155150197923
57825954,146.11317944749555
75566691,144.2101680497101
21994482,289.3779740839812
15472109,200.22870872804495
74524636,1934.450893533733
50954892,703.9762314042425
72834699,158.18280653488088
62999750,180.82864055536226
33123268,862.7040156003401
66540114,136.61302995850568
54002928,185.70624646652405
55085304,102.12421546968615
22151066,188.33657312203113
65334729,515.0454842643145
30865724,110.75991792982937
90388666,278.8897514638163
55605064,517.2218573745678
69408128,321.0055462750174
99473168,2766.190892498548
75818797,137.18107542958114
62565025,1787.2039222452631
75143116,171.7321292305087
47696923,156.5410339938022
19416750,705.0297795262095
22855194,551.356081382642
67192782,344.36082542654003
87517475,145.68838102598514
56350089,246.06485518610566
34134972,103.6526507602016
60576347,120.92158517057804
26319072,107.17771741857845
88893111,188.39686002495372
68033382,188.57633004984314
94035885,257.83245190799875
81187160,511.3047554325276
28315736,409.36960717582076
22692256,243.50904264255868
37267592,116.01617541415217
91150814,108.52861779509868
26431305,140.85236337557
87910232,116.6779032817957
41955248,490.6869795660732
69743430,199.96622455549448
46703259,170.28413697012496
31441294,176.9278253638488
52540774,436.66368679639214
86506186,173.15454469108502
59584539,335.1611362605561
97314977,208.4871511195765
96666615,296.186242229737
79683457,159.4960113066114
82209443,357.5057205264262
28258830,391.216260490128
42067661,230.11143051288943
66297804,117.02208763998884
16941404,151.18109170152226
75005309,138.5657334263311
24570745,130.1549154846419
86113362,111.87135324458976
17047985,289.34746547002646
65773050,112.07773038223844
58445540,579.984993514665
48523637,531.011396549426
95993557,158.27595689553817
88761628,126.44422987613508
35281082,107.42211356346934
63427827,490.1240177196934
38736916,108.74376444291511
86580197,175.24764330509169
23112535,236.70969864465545
70370352,104.25895490339988
27855625,195.8505001425796
60833031,103.89079180104979
23047956,1560.6034736755028
87351286,117.18561689563596
75886001,115.27504857604833
66301086,292.83775439767686
60935733,179.31491542079704
98414359,304.9348460442745
93169508,755.3728340541638
77985316,283.06709320500005
22647726,170.33770416635903
39865459,205.62177952399904
81994206,564.3181100737877
62822262,107.52942444305296
85331429,139.00705194834893
75110630,107.11945125575609
51138756,103.31115956702119
83491442,222.21685144762762
67891583,508.72933475955665
65475315,164.3648360588664
37180335,652.4451377406964
53617145,103.49564641597142
66644091,157.8991426822884
85685863,220.20400423074568
67756317,144.59251442202057
47286828,528.6301760698991
30798257,103.8416812193177
55429056,1815.95875246581
48423935,141.44420267889467
70215654,1289.5563977778386
84995114,228.4877512232567
34191374,190.07381284602104
94424055,284.1934452488933
35266032,173.58411040220253
10282778,115.45745383881396
74509894,104.7255912836746
62379565,156.71549015215527
69295266,232.86572926606377
19487319,144.58382621461473
80523155,1368.2925646008882
76258438,934.1456773893369
15381648,881.1344979442164
76313330,141.43112236402538
67909709,474.01230335002356
94172578,163.10763444113806
73730320,411.9169816583318
93164433,397.3512401569902
47160388,121.65948451054126
39990609,130.48937727588475
64566990,716.2408231343612
91126842,454.27919134871786
52824809,149.34738554457547
57254599,300.55457661491965
38718331,223.13775550930407
86095545,268.0113609371776
47117496,109.40378229482796
38398092,112.12378212934716
35904079,426.21935690166936
90919237,184.15758618467171
56102015,1787.2851394725012
71540566,302.35424723152755
10011577,733.289494199522
84723499,732.9855829763479
12437858,190.969656227249
55600884,110.74277968861256
14903844,116.61523186188606
79656066,258.3284457451534
22833793,841.879414491939
52725368,158.09341326443484
69338616,107.68501144229421
69512258,497.6805591478749
96249786,344.41596170243275
93289839,396.8425296393839
89525161,618.635923617427
25602400,213.01980932439676
82687645,124.38676393013024
86466057,386.3264944263755
31039064,107.24642003774994
38126410,549.5407809116879
98941268,177.78064932802644
98887377,1048.1478487477896
19069593,271.0174053702918
48991500,1059.9044037604183
81340729,117.7115242211027
17755803,106.64671835911263
28332754,106.40184112072568
48710415,180.40201951559692
13552122,122.1500811004158
67175252,212.7636953080529
81401006,2200.2861814506796
87569420,491.60664715663336
68775804,134.88901077777092
51303767,180.25563496099073
36907350,159.53001817941254
11852044,169.40533322899134
57122012,387.61783008494353
42764646,183.42875593565572
23299341,178.178357311744
99527596,156.22151942207165
97393585,131.24346011483127
43578412,103.03612939243595
98294611,512.7040094359071
30924809,104.17339274364254
88121507,506.27370839671
81094653,106.31946996260135
83948197,133.1447843486036
53707208,159.86834119052583
72598207,102.18501844757317
96325015,115.56325018109133
32527392,137.53822214072284
13367283,104.67028230674474
70926441,1349.5742429112559
14507496,110.94976161191803
84516945,175.179438922911
17478153,189.2454480057232
83347951,235.18058704570137
42507501,437.18339860312
54322410,106.24540503835925
51129418,142.571273270134
92284337,1115.2884182560654
56191305,255.7234900136985
69717201,181.2296710223344
77803958,929.1566027480201
30868541,151.10788658241222
21948362,119.51360442954378
64597726,129.70540540968622
24753315,317.6236115336369
83137150,405.41258719547506
87115344,104.72317590140484
99984175,381.4273029523163
78503238,1038.1047033152722
56241324,447.1844094905297
44979606,121.88697158815577
73782771,114.86589264524505
83259646,103.76104584986507
83615385,539.5955384098093
84238097,307.213083038633
90104229,244.31086177300998
47165230,163.89807245987512
90052115,106.84542557353925
29318397,2582.5068211742396
66821977,363.4746489781958
74914365,107.40083716840128
21821045,104.30972311223921
78077361,127.0253208530486
11290483,149.0400434760984
18150280,103.5275555458494
97190006,549.9339839400734
23716973,107.0175323119305
22402268,149.62643984407885
22495547,173.22675292911796
62732805,145.04219475417986
35149813,896.1054765798903
45074208,133.961229431385
16930048,114.38876416215705
37034316,344.8288280389282
41257506,879.232234488209
37119194,103.03097962590351
67834562,154.12336247052374
34524417,181.21191466189572
65917034,1919.7798010858583
89187031,1308.378092177214
38918236,313.03998844780153
15343670,1044.3972777006036
14075655,190.14999569389377
38174910,1378.8431089619064
58723158,131.41378830560407
60249533,458.8127140062311
97281245,757.6343480173141
72949298,127.11468836559906
15101045,129.76470217766175
28123842,168.72246728592694
79777819,192.412231747272
49207880,148.8251527695236
80546483,604.5505790447462
64032695,226.24757389874856
13192282,364.25599725442584
77309020,118.68927134926999
61977302,127.61073223919622
97344057,107.0404402760245
30586194,789.0308407282137
56677229,703.6083354277503
22130117,1388.51751414703
40261245,138.06653952990382
30166032,136.78034371024677
77089984,112.8170133148443
26878900,587.6340390857368
61371436,168.5686971461912
42742062,136.74117781025734
95339974,243.29619440660554
56107946,199.6616304064903
75011328,972.5496189427971
72662754,888.1549219522412
72203106,102.26440991919903
70496852,267.7540686346388
13201993,105.44978995214929
78164844,129.2493885177524
59342403,222.67557000825204
94540895,1408.0499401633913
46539631,835.5830614285827
72239923,106.92801739315804
87927143,108.29448447386363
58112642,310.64196268721713
46348606,187.3259218963594
41028863,473.6342763909048
24368370,194.75035267806345
29933781,622.2841419360553
82791847,301.0593788784387
96015529,109.61831550882178
54561874,114.9473389636946
53184693,102.27249427941888
76671373,1067.049169405516
63611357,186.716241831427
80706420,268.26792162214537
55017743,182.1258194137016
80689892,104.97342299111456
84469446,253.37390165293422
23226721,383.70963584550026
85084580,106.04914819012305
80669002,140.0761538045701
65745002,385.8154081587191
89007400,287.59790073351184
29824422,393.6571619908706
35775431,590.6622328929489
14074630,756.1353690420339
72325201,953.0361636197945
23874500,801.4356855138547
37300173,153.80798727050805
33493494,586.4051007138894
30229764,473.81713122554976
43966954,521.8927237047227
27845488,309.7177394202072
37461765,1059.449940247921
54994083,410.33711962519953
73747516,117.73340836317941
41276058,304.18471640397433
55912598,105.33684862397469
60686267,156.16147233713033
32726148,107.97675553868413
99279088,518.2421949258635
28728541,588.8368191771966
13858737,2627.3117240934025
21895570,449.97756531156995
76323759,174.81748856324637
79038940,187.8583297582441
29272847,121.0763673594894
98713132,139.08161556507872
92394953,885.3343314249189
96580365,305.67344301551276
44481344,172.25574821128336
16420037,127.75623359636263
93921984,309.26438631251995
26481610,139.6275568195516
36292815,2499.548802962121
77806189,582.2666397398622
75958945,110.03450779602734
65456150,445.6701334810387
80743824,346.91536466850914
49966934,358.7297839678358
86026791,927.6603619323832
85816309,283.0975387847919
15568874,503.58003494227506
99556884,725.0483108257213
27514144,266.7451098358489
33950340,175.36237230575222
90674412,124.3303957883514
31688776,120.83769504003365
58380703,661.8457181321356
59666638,106.0126184664614
28858647,269.52546940488145
96281488,2600.4967875764346
81757957,104.87207242549441
15387606,120.33259173473603
95978588,122.52324585865486
38876766,279.5350769585823
97177476,129.97174450705458
56304916,425.8627775317919
94447504,103.7393759212096
12858830,104.04263237031681
29325031,130.7352667617963
45137864,162.88795871532855
40574206,762.3883425249528
14671172,539.5012076335771
79393183,211.4270410359455
73490914,838.9689662831389
74160460,246.4478260599765
44164617,104.28095342749548
82646950,173.181974528546
13359174,124.30219720997712
75134927,308.7220685910915
36042465,189.48952930396015
83839627,137.0890848064715
23668396,262.86346706509465
75299261,327.5687551329004
41480775,103.44454247433472
33690039,129.86556307070614
22503085,1202.4118606002958
37466667,280.42210771085405
14321282,190.14593665520476
71351933,366.5539462516218
87081502,114.14739239999868
65472553,3118.04867303351
99213360,121.05475036065687
10832464,141.72926342644615
51819797,782.6906860058511
75955259,155.74593178340663
88647663,297.77762264644593
48629803,328.4743408014188
83286245,132.1310227629593
88766577,1063.7480139402144
92941012,355.31957783519465
77129657,104.03594462559481
98212477,110.9485842462155
47578988,273.1295149567386
50209960,337.1745006863624
34219777,450.90380508829
79439231,112.11557335234751
73635146,297.9497729904679
64910994,130.13477355652662
53834693,681.1730384535487
11363592,244.19325509174553
10873772,296.63760963990734
87767702,729.7844592387772
23454749,755.7188704149842
58196808,212.24097881585348
68491285,166.67776451274278
92242279,111.74250136004996
33507598,558.9755163414072
31155680,143.97539512111283
69782815,869.2431547155186
99510246,121.7350763582748
76945883,171.36674047846932
17094345,105.83252225502761
46337525,321.41111654438225
28488983,412.563753270614
16761031,200.1788704481217
79032271,116.03253089524023
62295468,149.06109670405647
34239247,138.96387384968247
13382072,616.3744624724607
22594211,165.57636877152848
57247913,350.5242664186503
91685716,283.16747032659094
17466502,730.9690220339485
33964749,539.1198260725436
51427608,210.0130013025995
24310192,116.80650876488657
31116680,332.6695470231618
11417356,127.2356483175314
62762079,110.68499628987212
42671255,1896.6236306962944
96926020,121.00126125627888
50275050,617.4800067035385
39760605,141.15028382607554
74898826,264.1965002323569
72916922,143.0500734938103
15943032,188.6943636089938
74582816,306.8586658256577
59875250,204.5149153026728
80790659,773.0288641469566
19888418,246.44792003280193
31588130,187.5623917196344
66158465,123.67517696276249
18800645,126.89197859922764
64505218,115.86841359627302
56056799,123.99231886986352
10374837,398.6400042576826
41300143,106.01539590920974
78621253,140.6700717112616
11141195,181.39604180251524
33865847,486.2493541328455
90610974,462.4843452593809
98930552,1171.595113868866
12727530,124.75706473606388
52930535,443.6046222371973
93753865,211.02906738992323
70595210,527.0590022365682
86025280,152.6346942606821
78663509,141.03230662059153
21322626,471.14644379415944
38172344,198.25855379033544
12467923,1090.3509318377367
59832255,691.9509013585522
60019461,606.4677013985826
36274445,385.6035600888753
35417851,881.1347382840415
24997453,698.6387339928433
83094532,124.80709769513103
90174488,2176.4929864649234
71319002,290.1617548518163
29621396,401.75681658301335
10011880,830.4833686388321
17190126,1327.7667971122228
70424510,401.22739763387307
11417531,264.77861667669305
27554957,203.5084627644823
13689480,476.24918343869484
69613512,291.8510769493098
74318773,496.64438363572697
45221034,814.2959276596671
12200305,181.0849569197609
29052499,137.41311225197921
91168920,103.6385269383354
99587330,402.4902690318322
85493546,547.5175271395576
36510260,183.190962219401
40370308,1042.7222876016126
89123563,523.5059865864151
68894033,261.63630544345983
73938236,653.6131322258217
25242707,245.75847771344638
87339346,1119.5732496333721
34182148,763.2509268709192
55488547,229.5760805457431
58799207,403.373734395746
99415472,401.53690058515787
50374353,391.7844636287433
44632960,317.45959420480193
46918499,748.8110054742575
61219752,144.79371486949086
57928854,126.62035347498691
22536598,805.7789010403507
69936903,134.82402161767092
69696012,102.97345811471014
75807455,609.0324154437742
31557332,962.1813897818085
98503124,395.0847631804881
45347570,200.9110192354506
91321804,695.324656257426
56392111,409.08451800619497
86308272,289.31561916693494
64596791,604.3049727846321
80652734,559.9256870726158
15067372,141.40651287241545
19485124,128.23018823739568
14453004,177.87540376007837
26285533,173.72070592795095
92838656,111.7875531373118
37408293,121.81791965889813
44619550,506.32449253643483
12229798,110.99224296763346
19471907,476.5036930223594
79387412,2612.7321556832076
62896852,121.92382852194662
45934349,205.99472292999107
16860511,120.61933931732347
43506983,225.61435944509896
70740306,154.9152554680218
92814410,819.804212206699
42104710,221.4083899327086
23656647,2628.3355617027178
16622582,689.9339878649721
91730318,130.25662922732184
71502047,383.58128981988483
62198081,170.6655540442034
35586426,104.45279207322059
73159054,146.16396285449702
72932579,148.82358658218064
15860553,899.800995786423
76499202,2513.325463289692
49147306,935.1175962394125
66173222,1185.841251428579
36048465,104.68004454005204
58226162,382.3691589511086
75348253,337.1665413514797
29406516,141.68820339609
30120831,262.63643335765266
88886135,233.00648104553983
90716300,162.54163462319815
12118186,116.04593863631358
39388114,121.70580742161606
43348151,311.4004311996652
70648988,485.8657511424693
89828759,1714.857809154984
25774436,142.51332498828205
56166234,131.3215481325172
46207048,269.2794967516552
24260337,1859.213312705451
43372122,211.38531853016946
99211792,378.718318229379
72425048,311.4797517800831
58848576,594.8565486750563
69451066,106.20638825850722
46571746,673.9015841505229
35037281,106.2712538248907
85573733,774.148010190857
85004009,140.73086384119466
98713147,184.87782490288654
99574842,277.5268684245377
56403873,244.7134603201955
79242881,202.25574747304742
58458582,120.8245607034658
68482067,231.5314372576608
16690135,103.76315501173187
15173091,1953.391464809135
61448444,501.51556699002305
69237042,143.56427136494835
85145895,344.27529091937254
22701271,142.01006753668705
39148372,108.13797610479365
94500108,490.10823579053306
68415143,751.757962343057
40595467,279.5091743149992
53076141,189.71210284548263
73641861,606.1633262530594
48605668,117.3905404460324
69923530,121.16140594835726
49319680,396.8950962265737
45928049,115.16034203313328
73814109,275.1981184392571
61386764,1864.5613077560017
67209776,1047.6475275918497
10596331,185.20665995897366
14387887,117.99450496817946
66568548,121.85455074881534
59240082,228.90821726182668
35040177,246.23958445547723
99480365,414.74514502473323
68333386,573.3759411993137
95572882,132.4589002401491
38132096,1005.022077344144
76955826,271.4981180469193
17729676,248.68221923252943
42211142,873.2959153734104
20158681,200.47507427512517
79393152,586.9487891376672
39911125,126.26390340520443
88836366,1289.8549125683128
20409154,239.43979574207108
15026679,236.68105945747098
42131515,537.6151906788879
54650905,121.7316165608253
26838390,150.80537610699236
65068346,394.1540080595462
92979933,106.78301916061974
95452518,146.3098566487106
38822689,116.23332671888954
46355252,689.3281648891643
12444224,102.46556392126729
42979270,491.11318534968626
77573762,230.89763360228554
14826829,111.20205106552906
28709839,395.32146649902376
18829646,137.16506412916115
96568537,174.07454428755335
56829547,120.35412155181524
93979772,240.47618471370308
17626588,837.9248382023275
34011504,596.4473793845893
52636134,321.847731701606
91687348,291.8587231342616
36508418,163.71470701578312
82621948,211.86586030136488
89318730,124.62283943029769
98717167,115.30179620273529
26278873,126.29957711849744
56823412,1082.1620289324608
75609163,735.6546178996535
90104725,125.01936876699203
75874553,295.01809000434616
48469293,170.77231989669434
70313722,2722.415206396885
48269879,897.1859849965939
30338233,140.4000131366082
32779513,114.64628847383807
75548478,166.60054505923281
38561257,133.4871875970983
10945373,752.7690633317085
15756944,1283.3192128456033
46940446,318.032210217181
24659465,172.40760803842943
88948806,908.4939587158344
34164402,233.53682948642728
79477391,261.34102304976875
15537006,304.51290497272385
88911942,142.72081173389938
96378293,122.39581525530586
76422231,116.9606831702956
12309843,251.43412935635968
96239148,216.0145214880709
86466781,186.68904917144158
49050128,106.69131260190039
14724818,944.7154328246496
56683970,985.245223107575
98393974,105.07605269906226
84824034,1119.2127058871629
92573067,105.9782279370153
73226546,146.30363265398304
61358064,303.030824233513
59398688,1206.747386877446
14969480,340.9780736052497
80588045,185.7533308981034
95597071,168.30404153170392
54836005,137.9591496034536
23220441,487.41160097101937
59018993,529.9594334516303
68425900,185.35953287147225
96400633,109.60695229895846
32664783,673.7041987059738
37951383,296.35027319781636
42701020,191.5789702192
23132709,195.61400803048517
36039638,1517.1738319472818
14728562,256.9229819312406
62765095,285.68985988571114
90518206,193.94709944644302
99330676,705.9238110014978
54002963,444.15528007579627
80024301,157.5884138144083
83450392,118.89311243567059
80827964,135.72295946776853
22623823,571.2762851010301
85154401,505.4022347986501
92409200,484.59489246026135
37461274,669.9817479619933
39412052,131.84001577087827
99188219,138.5952029529784
10533163,125.82623376087116
16576946,406.025620892908
10571061,1280.7443514102479
11502784,120.05018421947597
10627022,668.9356355239016
66112731,185.8333283058755
12271580,2369.773331657786
19300863,162.47088182812297
42301466,375.3048163140839
93227392,257.961584032298
13989390,411.0497122691774
83189444,102.32893167328034
88982820,1232.995845755263
86309809,954.0905457174653
93812427,306.4370323059923
79351177,373.12793611526047
73882065,318.8203478172591
85331771,104.9347753078445
33746879,352.0669178696517
90357052,165.2364221748803
42998447,189.15598113291344
42297649,144.9906557847025
74232297,118.06199080797118
68234963,156.2452287413891
79955240,121.23087562345368
33685499,103.1660924330711
74031111,118.45488939457272
81527691,761.8776081265003
25578339,319.88939956887367
36826714,192.4386552653841
66720469,108.40857532579986
58271754,744.1394103914781
79175453,122.3149602938992
91006186,386.26125494805854
75399510,162.07865289128353
65438642,145.2975806336447
72193555,362.35773527782686
52661224,503.0158808570086
40274658,122.06577781387945
63582038,110.15185357928344
95316180,160.99022576945652
31722576,103.41583184507591
51439680,137.01692927869274
92864642,471.08104026753324
24588628,234.07258089030853
62383426,102.76248727237504
91245064,187.51211580892388
61715372,213.90823643513374
65148106,422.6532577662524
91441992,144.8366116043118
49274969,110.6314229942884
33917232,322.3575926626065
83235081,145.71903797389842
40753215,120.37174466838748
70796627,189.71964288601876
73931614,249.41247671831604
56857736,2052.1990808397422
54064504,220.65457873568369
20389019,525.1138043106328
57574601,243.53215555092837
16478279,226.30784576109346
68356151,161.36950278648746
99711808,104.63300637753603
98284968,253.80123426048056
30598390,106.14690464271739
55132880,678.0820154708387
34163532,523.1300012978422
40857770,145.2610561336994
79839486,421.92973794346
78134573,577.7612218129996
96251286,1187.791870411921
46606815,183.18442800628483
53204628,119.25874098742192
39264189,1573.1000110657917
66917873,396.70658392952396
75228206,102.11283324461148
57466748,126.11561906140417
75500440,168.36545742306603
88152254,1409.4700924684407
88711927,106.01147103810756
71935730,339.18679960178355
11714210,703.157702981639
99304127,454.2708951898719
79629484,157.51937800106626
64599027,778.6375342284281
71633685,535.6422025479236
14342958,312.1293301032067
27958253,105.46466259004005
61174518,102.81989643483008
74916891,243.5110708723414
72753968,365.7129513630263
36262662,105.1818110404692
60917615,105.2176591851145
99306721,368.87931795905854
53075886,334.6925485830629
73928511,106.93926531235358
19965325,218.57601784604307
54826574,1127.2786677620438
64209168,258.06642406049895
34147586,312.36121419452587
98269123,353.2253750889095
97467622,311.4639797721645
85814087,122.33721504710533
72333580,894.3153230475556
30873738,273.2207582614343
10331403,202.77584442222346
35344119,115.11759032087008
35769080,133.80832187770991
21575135,108.26291902762159
75304823,679.1066778071212
23401574,148.12106656288944
83090193,139.7651121905069
86996430,136.32636422502299
99751646,536.2670397281437
23591049,105.01904442539468
81709576,472.45049542823006
82444468,171.21786978062886
38288153,3217.14625229798
87446209,208.49954587536624
12079734,364.68246099482263
25058080,106.82416626371031
89691662,230.57916393679844
13150938,126.93866004342732
36020495,103.98101448454887
54923182,287.07773837361015
28841079,103.27368782260112
41392965,349.83009902109836
17119564,131.56087852942304
57430704,892.8813340842124
36272284,833.9849935708811
91925114,179.31637934099572
74412922,1069.8680941306072
65743046,519.566506766496
48653211,533.5864667225998
36332370,432.7333072216824
85424579,109.67707083653073
95090269,146.88664281941948
95971802,122.59528639472026
86256336,399.10068342463353
31156844,551.598078475316
37688219,370.8327715517903
82437324,106.0722164406745
21950676,297.77929904447757
54094553,128.5791294530258
74374536,382.73955697642725
61738687,238.18704459153392
19277250,114.41701409955606
84311990,136.67611801974147
94274494,116.84296433138867
89122239,2527.3417848367617
97119289,760.0880488683292
29959537,104.84096103419208
22777840,1817.660860259068
39391011,109.35636026598013
15127918,334.81742441416156
47251761,1437.3346856737842
20023773,104.65352387624584
96682736,105.51351366446129
12309412,237.63905667301387
11517944,222.65962825964718
59425514,1197.8926510035024
28854961,499.70617420564895
63750719,1712.3723143050518
69531684,333.95154986711617
73516640,170.56482587552125
92500346,686.4788720027519
66124065,108.56120971067789
28886163,693.6722973167546
19680706,231.66951312146324
83673598,840.2135946219764
85519237,120.40238386624871
37110854,502.2080354768044
96010780,788.8786459539803
51391268,384.80614122252416
17655078,426.2194378889299
26863121,366.0242267430122
30839269,105.47506299263206
22418770,130.91608543481152
88029081,489.58576943068454
27689636,106.38639072142118
58431423,860.6119854590127
43802347,376.92805030703335
83961382,246.38218142889878
27938336,149.4966626027476
35978100,119.29046687263678
89319775,1667.9978619735514
30362974,158.48241402944046
93105032,1959.0366187486256
20314268,112.98820486752246
34550012,375.1189882754092
28077484,389.66645500111736
64656384,229.64024360185536
48022436,115.66971730645712
40507726,829.0442448262045
10314144,797.0304955604557
81012787,114.89327977321183
45672873,242.39164029210627
25759428,160.80099892905872
13512722,258.17016146680936
96070498,108.137920674231
21352279,361.83793341782774
54205490,532.7152766724647
44645119,145.0424025203093
37332321,213.36242892334403
54601842,614.5060096272063
60801709,181.27885653920873
28903523,142.23565530148628
79159760,158.6818803393952
20416757,174.06397859939784
38432201,131.23891593241905
60739859,108.21276441202285
89931987,223.80227037064938
60999736,118.62214290775373
43182602,117.65981670620657
89739478,186.55844655572707
50450523,123.77927002050626
73950928,278.0106559075529
12330781,151.96222701959
50236542,216.6294057555703
34912503,171.93605205424967
25536468,266.9339749362903
63776599,150.37104361267058
56389530,651.9969560503441
60881312,274.6308317040841
94656046,369.471467235406
84143693,303.0273484126749
60768240,1079.2094105212257
60458308,126.1741892686926
53948557,325.27554834388593
11612817,123.15706084086345
71889062,106.39075896737496
77172079,990.6186040760807
34222625,1186.5096398567825
69965828,115.36731335087872
94714430,148.33808698335125
71961534,118.7332142216823
32936108,167.98498732185158
18431618,167.7372749252241
13548537,731.2041517073268
86674079,1656.4062925914454
21748194,193.64344167117403
40124541,440.9976991334707
33347811,239.9854033411671
92929218,108.39338491046345
72190892,142.380105093039
66963455,1323.7283104922444
96157867,148.8820405779672
15254705,1403.4810350613056
89064766,131.17623539329472
85305349,413.84842307911015
58781934,154.91720783238316
42553797,657.3040509868842
18721533,638.7601153312245
58244383,447.89870914469276
13696896,328.8848094920645
65894339,133.0486218122218
61098619,165.56398996944802
26018756,339.1244665242395
59479424,235.96987170776282
81738781,102.95338033994685
91106215,619.6357828103886
71223563,322.3631751431201
95945745,250.8315740025044
91424061,274.40925250669267
67135880,200.44985107095573
15528553,740.5824569970798
33657705,141.2145111820037
62553289,148.66034833988468
60993054,189.1127425284069
42800613,611.925276252522
17769800,490.8487912230676
21401202,179.88407962230886
52155473,242.36118131590487
93304650,435.1471552166385
51407728,229.63850375005356
89543732,268.3226501681291
43419947,102.92091068529056
41488699,121.37288163588111
60974422,108.9951076434652
65352047,352.9481900573252
37012905,268.58110314312654
14787203,187.0927764942528
29417973,182.77686368276613
19835446,683.9247561758233
43255500,1036.1164616280657
28812691,148.0423788434539
18722953,133.5676769383064
93227004,514.7835378906765
35371569,1567.034412989369
12076594,109.93046526603352
17330331,102.59035735909488
70946197,164.36302165016005
44132847,106.41752354010137
77445263,115.00106298205435
56880921,2548.2561847675133
11480304,247.30324743710008
44407005,1164.1469551579967
57603851,163.7453768838266
36951093,139.00624356829522
18651476,478.5128380146767
28758403,1273.5444074948334
29842235,134.20020187952903
80915194,139.2764137213699
87361082,128.05300966269408
67711479,543.8401805629438
96493355,107.84525807649102
60783295,1456.6224997319214
56178874,106.96995333890911
36921713,899.508332220971
48581624,172.72799721290875
75576141,376.82617433829387
20755403,201.32457813987455
52097748,131.1681783649378
30927924,157.69647220167914
52924618,201.63749055149728
23083091,103.11981690875098
10593933,356.73113104632944
14984647,108.3199902367617
50764768,978.0947720580149
42909851,127.61419410037475
47962891,102.59066105600297
24155862,367.88150921456514
96222874,772.4731995290372
76243625,232.4071299942372
83785580,443.7519021395355
68046684,300.7975815838886
35026518,426.1205736471098
21144795,215.91865358731008
42304823,321.1431878585224
32449171,106.35401694435406
67804951,456.46385381206727
80988109,289.56763663746375
31562948,541.4153335105373
80571715,276.07726703363466
91879270,211.44134668841582
80331872,101.90237603428034
39788137,567.1480867586047
78186126,189.2488864891762
34300076,106.29257842600362
70710711,181.51455706972408
19520201,117.97960170446055
75968232,371.4070544228857
62441830,451.66415774576717
87704160,186.58704204644752
38039509,328.7053086537502
87299257,188.68432699962557
34604480,277.8250012166849
93559487,493.55292799783984
35225951,255.69264541721103
80500038,109.22735181743415
88587318,801.9638662926876
72460444,180.30291437868837
28502361,174.81995680406501
91781888,549.8437441994009
83528344,2307.346241390698
15266445,204.77427274245522
83532377,488.59207638217214
74780110,194.7532588280272
88664511,114.76390856721973
81767501,251.48821351528352
41015579,131.97197084072593
19338404,144.82650853497586
14667759,603.7968119690382
66260119,1756.4358251559256
20542479,1365.3778214590188
54097170,113.88506791787466
35669653,139.19832180037258
94127563,106.32758030768048
81488029,108.99358543537312
93329952,841.5085806013478
57217043,156.29855734926406
65522547,424.0676243442326
73695068,221.48487319913386
13539769,350.68295721439836
44056017,519.9866713187093
46617581,108.0714097718449
68464888,108.02211936561987
45303083,540.180821273803
86984156,126.65838644445981
56630529,189.74102943846304
78254395,123.15772379546202
30913049,281.55345481280006
82688614,187.22569062408968
88893045,183.4582885919607
94639808,388.6153515554893
52742143,738.4824350629838
64260968,1000.3424486286885
76546956,109.11915985543133
83523035,984.6343894989877
11013053,1136.5153591956403
44130994,183.24497493822943
53796074,576.3661537441841
35498168,532.8377916220758
63562445,118.43174445563987
42365113,171.57659349013332
54613679,187.16417255152663
69835682,101.67213443896073
40747675,124.37131481522738
37071709,273.1793139146124
11644754,1555.2230994657489
29456046,233.6950689813362
63575365,174.35473441336933
62030210,184.0950914533224
84640048,116.32731791568851
61377846,482.379396700273
72441550,1138.7970889768362
11270022,415.67557106642306
70261792,102.2571676865442
52404988,563.6590465040875
84003906,627.0539480781648
31204633,564.7081759929142
75242666,482.5233870558011
49434528,116.30238024205319
42863318,154.01828873098842
47571305,320.2558802809677
66490879,184.3452340561689
82396141,188.49428691151613
96803616,298.2100060260458
10584088,421.7201253853724
41994657,145.7106339648616
87186973,107.32020502036177
71213873,105.37634657915602
49764305,102.36809173916188
43725149,393.3759019914429
83812129,305.33382206652595
63290164,116.46538794415484
79318573,365.3301975946379
10844028,105.7064826516436
19798231,1374.5317472587499
97056407,106.7263418003874
32215003,367.9178421248446
94765090,236.23720027245383
47235057,327.21197239989766
94429036,187.164973102117
19267342,141.68820339609
79884507,3189.939919570902
68548734,177.44033002648223
64679483,125.7129575330382
99761027,237.2603039751064
77538039,686.8048772808926
28035639,154.34381347036185
66579510,167.867728037086
50333547,130.5127223267731
30957545,119.30352725722844
87343589,433.42541654542356
45470859,131.84958363782422
57383256,376.7980012864851
62753404,105.5317135306174
65906932,1728.325469925387
54060112,1794.961630923287
88317327,422.282481145115
46875481,863.4521113450504
86614127,833.3800661390759
91675434,402.0541041142388
83895227,731.7116120969974
86365373,129.83111056944148
19948626,110.29737823101433
79630167,106.00974901381797
89106944,105.95220691121143
46083057,166.39093564146046
96150610,107.50958623635572
35015883,107.37810251071588
69747407,105.52712999069313
55538576,1844.2526961690971
97411049,104.62541056579349
11519556,247.39228773987375
81677533,115.75730787363314
60065328,178.01897624304414
91824420,314.09599667437976
72549395,116.0391834460857
75208950,278.9288806372585
54258616,296.67426277072525
28371507,356.2366352550265
33800661,749.76641187995
94718676,523.4428825797303
98426094,111.78425081741652
41019343,272.2248959026237
55953203,441.78002766254826
97258831,144.00806147688235
12406914,102.81141042142637
54260975,112.88423999829638
17839314,277.1890595474844
59228162,110.71159480439005
53104947,528.3838810586623
13405871,1164.3107564816514
30540873,146.24571683761414
10681459,212.00929824460974
88488173,108.05730418524378
11138134,819.7223110503171
55965946,416.51526597106147
21024415,271.66398928303914
98633407,562.279752475232
17665044,237.86984337969344
52365929,120.41072787759168
45919010,112.96114668885146
29159751,171.07872657914547
25938815,104.83923046013393
31864619,173.02372044291195
84907440,975.322597362022
55408023,126.06917230332479
97513676,367.44626027871476
71808636,207.4442680435886
37329985,1128.7857889824481
66719590,194.79894366263875
19832352,857.3495210386213
63673893,832.876634332356
54185196,243.55475314079962
66171184,297.1375139267115
15702584,213.658085858449
26362681,1907.3022277065888
15300602,205.9910168128695
54091216,359.1557935743891
41649165,171.63463333999115
17221791,145.4708752749448
60925601,143.54092518947817
98579259,132.74379114776764
84327985,564.5112453058857
42373455,129.3539656986721
51759034,574.9785988362327
57369993,594.9570090267416
86174456,216.542653849648
40095064,162.14774298723975
36904267,586.276570117283
95653857,102.35964902998364
91047161,110.30898019025167
24858933,120.10911984776325
43668504,201.72836266973366
64688863,105.8587899562692
19394328,1088.5660881785288
90928544,108.34209966524946
54501975,113.781119313458
55816692,114.52318417519274
54235055,104.62538498081028
54802075,387.6148583261924
44582261,104.5480745044103
30580440,223.74271626582222
53586985,104.13484866999607
45293131,152.24373738811164
61623792,106.71834308330018
12664255,286.8822607460372
99282552,103.66029749823309
57422029,193.35074952234302
95049365,103.96748119747886
44630924,216.41634456381524
59932513,291.08281253158265
79864196,322.051012972745
38025450,329.98960997122646
43187524,101.59811901582006
85710350,182.44331870409485
39439329,197.24554543095343
11767243,507.47227613971285
40729807,383.2896546015877
95837440,103.99824067336651
62785546,116.3374701469394
18032525,1090.335505450733
78515248,693.7563529778843
64000264,274.5050719099795
70932637,1378.6905894482668
56631286,1059.9681357148743
82611641,671.087216499484
14610215,105.00177886413026
65282606,135.47428223856446
31080502,297.3413375375344
66137109,567.0144207394198
55286917,165.60870977900035
19462876,305.80343839686293
37235871,832.7361666381298
53584009,108.22125238710916
99377565,605.340006892951
82994298,160.0853336457455
64250472,120.95721752900475
61269314,387.0639208733963
26299312,241.26873418765024
97300018,923.7356192893343
74523665,383.9312302556419
19970243,1043.074579163932
14406104,200.30487004472477
87865772,415.7042921576428
12224440,142.40631419406608
62628011,115.29045207194747
30735313,350.81459619009115
12214322,149.06798426975809
80943078,482.927671126467
89421265,1185.3195787583377
72762674,104.06371281599863
55920835,224.84453906168153
95456446,1098.2559814317
96630600,283.2453950406282
20077759,242.0329683256412
77066065,130.64485710587746
47856776,467.1013963486602
31685937,358.2034727532173
41522098,500.52127761438175
30032101,126.47547828174646
91606427,179.50939026854098
22900349,223.37516401149276
43552678,311.7770843118137
38881909,188.82252735422557
77508029,1353.3274908283156
95128506,132.30343992475278
64627729,181.37853650258523
56744301,125.82893443603714
59338251,397.62072617258417
19662574,235.66861187416916
92971829,154.2135222117125
18409584,897.3200275610378
71760159,133.0996102044121
43660858,463.87356033723484
77997629,123.47231975497276
33928732,183.53510071301548
68629875,754.9304610636999
48480450,304.4177924282079
54283664,290.16016487214677
65942293,293.07730175081275
95573502,1291.5535808295147
45086632,110.26514787255027
23012000,166.23354040046988
45395839,514.104610244317
15432712,464.88729286834393
72298046,374.88757521822566
84408769,140.3788100436821
25246226,165.24050291555824
20056705,111.32223010940056
67856036,425.4166871400396
56138985,134.32426995784425
89984541,134.29997490840583
34860961,871.925622951178
55067089,226.10670805376995
63717753,362.9049655193487
89165138,142.2870326832162
22336894,126.79935409287313
23089519,242.1184002561608
74572156,205.1900988733187
96120368,1603.0580576083441
70734227,1641.0344094515974
43842124,219.39448137067234
98567604,322.3862264010204
54538757,126.22017316964816
40105171,449.43259273325725
12135438,392.4027319289364
73738446,127.300798635511
62385208,239.39404341652656
56062641,282.84978495234895
60234485,267.4421926654508
37490148,366.66453671759047
73644773,279.40926456991735
25147876,289.4277792804638
98738159,104.65404614249344
36202424,137.64479417296573
90053455,1010.1837277905944
34861961,135.77820769984305
40235987,115.31304677002915
25289802,183.36684852463182
72831408,1170.8065668379181
62725172,361.13897088591904
20547868,436.05979630505243
43821417,351.3338284324294
39911650,313.7929773944195
76282034,105.83407533613433
93532589,278.87831644397846
71389546,577.0056659121552
26491098,130.82265844538853
63364173,835.0916308291677
74256814,167.05021365336722
35509595,103.15709798446312
18139863,192.97400235733585
68577776,1421.0640500661214
29522715,336.47567777102506
77706518,239.19168029375203
14006179,405.4867278675553
92579248,134.4250225973405
59229974,131.57273212813797
62295609,556.9013020697432
84259414,222.02192712526724
47815936,133.0220888009851
81563963,2070.464534001146
13005852,188.7977351751935
62738558,105.4586727543208
57070759,129.83337694131131
99600292,140.7389323790256
94306787,408.02267482990703
95225104,205.4668262912251
55330216,102.00837447809434
36532262,101.57710021256138
46565446,700.2780104960412
49087723,270.35155830344127
59534453,386.6364975471146
48055811,196.35325051607316
88400730,181.59464192706062
99040799,1415.1746951672758
54783545,105.07589915857005
51521420,178.5189600175039
62125112,368.2297234224623
41533842,111.51043884173482
37548888,136.69089529709242
15800993,571.3192419730506
72777210,1331.3958900716038
27213732,786.6691252774925
86541928,199.84718902002834
24899277,148.28661253573628
87153365,219.74411546730732
29377093,205.35610317159458
17126249,841.2454695756392
83735200,131.92796114437516
75294081,1812.9836837732964
50305812,109.08045793998934
80598326,120.99148796836536
73085224,237.1277593824963
36011967,152.28900264833248
27344122,394.07088062037764
65167661,2310.810806533119
22697886,947.9323382973662
79772982,125.28561244558729
75656583,119.26447642361116
28706133,124.39101504356444
94307664,1945.2233992231154
79181014,151.4011192397733
64940514,1170.4950439221209
42076518,325.3934185835531
38290514,219.89217903977988
12647465,931.1468712203849
51615379,462.21816714657007
58583551,133.22004186012524
89324282,199.4613348553177
53391853,116.62853110288908
22488467,2393.6614183150527
77912827,678.8531056235638
92699296,1581.330013666809
98391080,165.53197611252108
25085429,199.2924204865968
58232338,762.5061841462415
40856740,970.5072852107207
86463099,491.56608129296677
30661871,229.00225898522214
43294411,421.4083545223846
95379944,102.06266250287425
10473693,132.65478470607806
60542399,846.9790039175622
52521598,115.91605619104801
78214020,326.69743920915914
42119756,103.22920323609696
74645008,394.890492289846
68736704,1492.357973483489
13851365,113.3577982556021
10956933,1744.7289326320251
76588396,309.19434059584734
48664414,750.8057878855726
75409758,141.41582992994685
60867152,180.50201024235724
49408128,810.1192864584527
32398201,311.4593611864893
33820657,106.48620131686395
99096183,1513.1946205140785
71729207,116.35254655408777
13424233,111.31039253629817
69313487,223.9523105461138
51427900,219.68169197617152
20461232,1258.1241022153583
63893951,208.62012878219136
93871936,216.2426205456005
63699477,118.0048174125843
96362629,298.9536652459621
53928117,269.11831385371124
41164553,191.36452450490575
36908648,194.00095186284324
29666927,117.43198875057416
11938394,532.2443796373148
52496134,107.89603312633537
32481667,118.15793472100044
61487441,674.7983569222164
78992007,1038.887666948167
52895411,145.52886243884777
58726779,124.2299819992139
20458217,373.7245225675065
60265538,259.1412229575307
48479448,139.34986717283434
72404425,283.9068845206404
91400370,235.96637701854783
56260955,115.22841165473275
65491665,266.68577915694516
11663385,102.16780460052846
18615500,1449.7944651358694
87935522,104.13929894282981
58889457,107.6653467256064
19169471,457.75493730875627
66133962,411.5626939387771
66731452,552.9499387088605
39410896,149.36500722542644
54940054,199.67820748781182
10662394,1103.9084636923112
80972130,212.59967899406863
45235634,1129.4989294621873
32971413,238.32346498970037
79283360,286.1339480153599
67055260,288.5784484694505
56118755,131.29722031981177
29230461,1293.982906214547
37178907,333.91535647116115
80400106,163.08802298371344
67091284,507.1166893787368
54160936,2411.697809645262
26849200,126.38485581392075
49585462,385.27701248001796
29429374,107.20339350562602
95616903,2984.781796036079
40605040,130.60412977079903
77364221,200.20394236930323
63366619,374.3642086313008
82932107,203.7150608791912
11504000,140.13110462470766
66338948,322.98571174149015
17704772,439.8309060084719
70406271,137.9063190831812
78457345,2170.97513629365
47160363,153.4369989688511
76792443,508.74983396109
76133904,157.09413062536586
30534387,196.35491353452338
27949452,332.0182395093398
98920505,253.37893685507618
79101538,187.69778255521172
41201623,129.9053333892149
16952322,297.04532022407494
97020909,326.7089717777807
76043497,340.3429212992583
34495964,194.1691732428514
68971691,201.78082164531403
68553106,164.19132904138277
90311747,227.39729923955855
89361909,105.79842953445306
20406930,259.24037703500284
38933836,328.4149621367328
38377549,227.0919718214257
23346090,235.03569485100633
12625694,305.0228477002048
57311677,297.6339293123952
53924641,130.5043784424299
36865701,780.7820746815906
22626294,173.60045241897961
94697405,102.82211577720676
89675917,148.03874041375525
28055737,128.71284977144362
17371555,358.30140851990086
31452123,262.9283981783824
39910354,120.00406273184585
16661684,102.37109255350032
11696365,291.9899013262473
13890760,109.94339319696988
23308655,109.89764323348567
58265470,111.08152371786217
23915393,116.49777877560597
47202387,1945.4244751106532
63170132,477.60443225755597
85663208,411.3658803781119
11731667,105.0979075421525
96387342,387.08498211482834
56912577,1632.1184896883726
96546739,203.72054030335312
56118135,125.98217762323542
65848480,113.12332140407429
29524312,160.90117783741843
61207733,1336.731190801066
95068416,107.66684509240059
93730714,158.0415848466526
58209441,128.68813617374192
77468100,208.86346653271423
94556768,371.9160195428925
66214153,151.58233141246467
63178801,407.9616817755516
47025809,569.2739854887203
17223815,247.30120549987637
26808769,322.5254954331587
25114626,285.58270227043243
33184251,269.628762550252
38562723,167.38302671172352
19383477,157.31730619468686
81390291,135.41446678462898
20998216,501.1101362657022
95233875,453.02345722056225
36756234,500.1022442959921
80596646,422.0533754507353
92304937,521.4672647391754
37613954,263.0830265683962
58590718,157.04869068808583
53992915,172.47527508798336
54005253,112.65747147800693
68781482,149.6576520001493
70720914,105.19360030018157
29283338,408.4208153816994
71373910,107.8623266751695
82737999,108.62390481573121
38789318,104.35624185140088
50526394,596.6032090849171
24047944,132.84303562760044
56710540,112.3762373277411
18038779,437.39790122945743
87817642,487.11772659752444
54364617,2134.843907846991
49277751,130.26504729403848
50647092,118.89668684796966
74938295,587.6172923256121
94151619,374.0873724776796
14146499,491.87407571811394
44114070,245.9625230180222
71013634,130.72529110248067
92727921,116.81792651449904
23408005,272.0205885200605
55353418,158.79658771490315
42627732,2140.540737766876
52380113,1372.0656773165524
76380932,994.9039684888444
85051446,385.7657579627113
13441812,644.2302804853451
75634466,255.6218467273514
77418032,102.06391890805928
26069913,432.35866801718987
56951161,739.0793095912345
65568116,148.45078744476442
61527594,310.69971513311435
17428821,197.1603713383095
23710142,546.0558984165187
95218141,163.9324817658788
64929695,139.68805356042452
16991389,254.261844210226
28240625,1716.1082777051033
27547150,853.3044041454491
66381811,194.9226985766996
33749942,111.0264374959192
35190059,299.3422398336943
63026525,446.74537173590545
52393671,284.7975018675151
32813270,241.60638228146988
49072955,104.8140373952576
39300176,314.9534579928066
46915044,221.3054036566603
59260240,261.4298335350576
12697027,185.41804399199034
52828733,194.9606386587888
73335938,314.0746130696609
55961268,125.26787235197278
13325471,185.63762418428095
29398613,168.95265439908323
27052291,106.90781136719391
15955952,969.0248537163513
23271818,1178.7152117472867
99724134,1939.1255762541023
24071058,158.65798807724116
31560904,199.98567324563064
65419988,137.31332893658035
15085530,197.8122142944235
19942722,890.5200174151997
13275930,313.7137769858666
22982323,822.5598800007875
36522599,202.4287858799015
82021909,1469.4856582542934
68645790,542.4442129909987
54788650,107.01371079559924
42678082,787.7623099550121
60925510,115.94615899879649
88286089,120.12651308842702
58263484,285.14374944813187
65619117,175.20630314572955
38104250,153.66672148254548
13756583,458.3635681352451
60053914,476.40973303696234
64871810,306.81501387442796
58457956,345.808771363362
46159970,112.83391830548916
68250229,154.962138728043
47390028,797.1057611118736
32969075,361.9690570314283
53581810,251.6181787054866
79530731,1306.0802391104828
24487509,313.47208832948775
69933962,153.94750550871925
65663302,691.2701902767835
12423653,138.2233733949933
58871872,161.77786700931742
58171151,176.37978330563
30617224,495.7323589348788
69106909,149.80755809277704
13212070,976.8126720516954
68351771,225.64646587368122
87624917,121.83812507200192
11970895,232.99554379776924
44431758,2217.552654486812
16633955,939.5334258232327
42590404,219.12399328167652
86953915,899.8172038315818
15250738,342.88611400859986
44832140,167.302341159584
73698594,495.0823367693582
42128660,156.10288372609094
79549553,201.92775729122295
71619272,113.0824409399959
42016649,1335.3989042917665
61877206,212.26933434146977
56572912,204.00974520391182
71598751,429.54156053912004
34544077,575.457852904368
28672236,1269.0633357446654
68689312,180.57904344879935
20267244,112.4792655107048
68781454,1667.3538179890759
27270801,108.96510006137365
37219515,411.5878422831112
12011866,103.6216542160624
98392715,107.77913207550573
87201351,666.3597823613043
14908777,996.63584701162
34723195,161.34920710532538
27339925,150.40195458429085
65420496,111.74126879058537
40933008,137.15497582066484
47440503,172.37632030295777
94970875,109.35121683888546
91029594,826.1113439958547
65336637,207.0301313693777
82023374,199.88186557907383
11380763,115.52790989496303
99699540,108.0142139986504
52649545,123.67128573181137
46299510,145.27725414695715
71452565,1067.9486374084192
67641699,192.19223335503648
12714684,384.356995575065
60016742,175.91353065068787
53641525,756.8375867916906
43542290,122.18121373588934
32126954,754.1821435876553
38213318,238.24016615699554
19971849,421.7703038330388
69256669,549.987720467965
23756854,113.34077403681816
62908704,164.2566120320275
32399173,203.54023667606222
39238887,1289.8789729622395
94428578,224.06437394905097
52458139,193.40070476109602
80574227,133.96627306920985
90487261,124.35376359936886
31852005,189.4377057592164
24086418,446.7408582902395
82209864,123.03057212685951
29014855,101.73624571713022
56782601,140.9800552240645
24702075,164.79323268737994
74660449,177.86179609942667
40117654,131.5212872250575
60385260,1562.5619987971381
35958980,808.3113149172642
69458629,178.1484790202514
92886159,344.0005015386653
97734269,104.33019721370894
19053695,388.6789294822888
22371112,304.8384325436687
49183639,1873.0903290559668
53526975,172.08084299148553
26290335,399.01321429545004
13359830,517.6090207842199
39340686,112.13128867439711
85521089,126.71762841769304
26704193,598.1108762988409
86626423,397.44288224123574
80675333,305.53756888830105
38369741,190.81095682207953
10428306,328.47266202349056
18197840,142.2663377740437
78586780,252.80984983057516
40311310,271.09876095787814
51507375,190.64902226852195
10857110,202.56418257699278
88736789,191.7967162742732
10823128,109.04896105263568
75933085,2090.726275609681
87766438,137.65579365585864
64406530,131.00596723566946
33833037,673.2475860168363
51715740,204.94938890971898
59611801,115.74256842714287
74340374,1212.7376643509558
55507333,578.6412721521474
10416536,384.0523888953344
43556040,111.80800147889485
63137873,1036.3933309858191
70387789,330.92228150032423
29408506,135.9035600118489
38244388,307.6436780486807
26541311,102.26421495564331
21032019,207.4223557451109
95710332,470.74742914972506
80660421,2137.2101645665934
81086775,116.51570659588255
14692465,109.55153136330269
35590067,156.45313001683311
37534494,128.80176565469662
46669694,369.44386141511995
68379291,103.53006312985767
28943151,113.34539737646966
85214973,558.576137714852
49160221,241.21656378093792
57027484,216.86870891271917
79515834,132.93049248012474
48903593,517.185173594744
49944843,894.7717090075026
15919205,565.5971073594657
89043859,775.0182312870544
22557888,415.92522563093416
45588391,1256.1735502747322
67323319,170.2472898895455
67813677,223.60524381486815
94570366,219.9995551698598
99333664,301.5673798563435
62452475,330.81712233845593
27164888,193.98436541573244
13777597,883.6316943511924
58863729,143.95550657621374
75372835,273.69478893467044
46531922,872.0870499738116
22638297,107.07202333280831
43377425,219.28253692223404
45061752,107.1302030951383
87232001,129.1818371682204
99721166,352.2551237213835
63930988,551.3502179332422
67323116,111.44904029976054
90199043,114.47577860159139
16025812,104.56179781735398
90192151,564.7683466892481
85194090,109.74050729305223
82716623,115.70391611895612
70041588,103.57649518421931
10909503,149.1581586926606
38910820,242.48760520946342
67605038,104.90299037811901
22421268,251.04482855205544
12483701,112.75790116833032
99756084,293.8656817908705
72806047,110.56562749710609
82569264,329.3504991847915
85085562,136.99702124289806
51688242,228.64389830272276
67031304,105.75291065804139
67620733,977.7812069098752
15399183,156.42176225352534
83228475,646.8010728675724
59551778,103.4646055654468
58024179,714.6406552974737
67130514,252.33993650003404
36292117,400.03550582044414
40708056,449.9286596079983
16154757,1180.426339474131
56077131,305.32942406525984
24589481,1295.6265535752489
73507348,340.92974939334385
98283340,136.51251968144692
78682956,198.90710166476663
48031966,321.81229860071426
54069937,120.22704112783528
12509398,484.6244148111395
55254106,335.5346176790046
99797445,180.174958214536
46298966,422.12999197013016
97439691,736.2847942927286
77392495,139.21366188758648
20307174,275.42945960747113
99295729,108.29954244733166
13479279,106.09762912805485
57906842,547.3245581959804
11957267,119.15692923555278
46011088,104.27440709204785
40051988,1138.9256312518228
76565808,106.34967127623874
38007540,150.8895615436597
79111798,550.7198884177254
44170417,150.11377476586173
81747003,660.89328453551
10689207,102.11335968796129
68762949,617.9304018514082
41533253,156.20273294782817
72624609,550.4345918973565
95729378,965.9143307912514
63404247,256.7223878690666
66851416,152.62632966905946
52878792,879.1526388028684
69816189,151.24727139949988
93215948,354.4288561620157
82196067,119.84351414264283
65951347,115.03829458806916
28150709,1332.611803161954
26445964,424.33505125082206
59886188,135.18168498809027
47858132,680.3001057349929
10617528,1712.314057980332
26555436,119.73667830922268
75176293,931.669759299037
15592659,651.2135321923047
17002563,180.82724484818624
65418918,1033.0728279829032
50328250,101.75636327565373
29587649,106.35985792803598
58771361,210.91161581209664
11138502,342.79421153007564
87806628,239.0646556499166
92541302,105.04212947919254
20045193,101.84701986283397
53943287,183.18627640899186
72973012,402.253365065094
98243897,734.2889583837076
50425980,213.2431682617945
53891279,105.9837265898127
12653293,283.0867324616698
79516817,141.25741077836133
57736550,144.3653437484629
68504332,158.1342607277751
51418176,526.6369250900839
52844688,104.10929316341476
14924228,162.01232832816007
17385055,209.0975922675374
48584675,123.68805091182159
84113591,328.9674734397743
24176804,969.2319823716157
42578288,107.47068200471324
22976178,197.32998485808278
59427067,120.665550877201
62214101,143.83831629690204
31095835,389.4962254324111
61084952,323.407827142383
24538640,156.43658796249116
17397516,656.8193543080296
53588939,178.15157297667614
64801503,122.89733317411223
22306102,479.87882158510024
73464976,196.90057485363027
25265317,1079.1193770852067
67321055,306.5170070984013
52652991,1432.9076829340972
77364707,279.155780962368
28941979,383.7419645625936
74248679,949.2120359953925
67415672,131.2450082390793
80048641,111.4105161891517
42348096,118.67306575664998
76460518,110.37572728163451
34956566,404.69992366109886
77002192,549.292733323079
88577445,480.3619115419985
38297974,218.23541707354397
97975641,1817.177648053797
15692698,1268.3554298984004
83507949,284.156781490988
91740530,518.0421089376338
37895673,112.76785519485207
19139820,138.60008969017966
89742287,228.8733090663769
63175133,443.9898041534086
52867973,204.7523856548428
16690451,115.46564479933456
37055011,153.31666263939206
17248647,192.6148950462913
17328412,108.43782008153359
63923102,2166.0004402402787
34421040,592.6548833494091
99940233,119.49781076133901
45814646,257.4782397344747
58613984,214.88225154239717
31285738,229.72907359847034
35071743,254.04316021623399
52223959,361.8483847876171
61904367,139.5812133840574
31525138,184.90133660425965
73171290,140.72844795959654
44582195,126.77621862711823
90109527,164.07731231910725
26952082,102.89231424332559
53620380,239.0095876788784
94287883,1431.9570450052436
77186365,300.75314417918327
33864808,117.67839269679
70959138,168.89393419195991
52099246,463.870026700148
22249291,142.0477623865718
48803280,390.6434618352143
89982531,144.5367001839319
64289923,994.6998308371249
22000557,104.28846165274403
26219747,128.75029648524517
31130738,334.6833046368901
32445244,170.81415942869825
75236281,132.40791054318467
13587715,515.2876886878413
52514750,141.97985732437334
90786271,119.0671785744669
15005065,121.38014202751224
20097518,106.45759681732856
50625868,382.1622816754847
84412981,141.14568098183474
92773944,113.99150628937663
25312123,120.40320585723046
70396417,134.28721969907585
54865863,298.35545663819795
35803808,170.29187938068236
59597265,625.8960195406995
93311848,102.14787516829482
32340446,271.7660883198473
96794801,151.83621756398728
40380864,179.77797848184656
82007689,137.0886230315172
84851707,165.57877447336654
83174692,309.32569471094797
59083400,107.76703975077824
17580169,120.41892649209625
18219500,118.66158523417813
87811781,124.70223249484921
14088369,123.53064779743274
67659430,254.61406138729987
42456496,325.7807251964939
87353322,345.6009161288405
13917344,108.83445525928755
19886405,115.49680100381119
77800166,644.7887650474229
77068569,187.47155338836794
88362858,102.55761690267647
71241476,1458.4260179583819
24814654,181.00373722659705
46691706,486.00236468422884
79162545,300.3151867831598
42908985,106.50336968514442
74936566,302.2670601712069
19620916,141.91763927661742
54347722,142.0132736212484
90271799,863.251137913359
25414359,485.4519123625349
35809369,260.96033609556093
57731323,114.904885218864
37887687,1451.383109756294
76623206,105.08420744897579
69954876,249.21667260861818
78180146,2128.2299607999266
90681578,113.2035207801431
41794614,114.50564167933808
83295852,200.22488043869765
31156145,129.9578549648254
62711916,497.52637210697634
74676618,141.85191185476071
43248708,170.9516357766675
69180825,245.03516829643831
75624999,257.8292190461299
37667208,857.0960510333374
77810578,250.241852492766
47115768,106.77751239673269
81589304,900.7331832835516
74472711,129.91214024937457
82711188,330.5075025616085
55272778,178.77096224115914
98229885,171.74228322243312
70058028,199.26368770565333
90729377,134.20515291542904
13401279,437.2667174366903
85519612,681.4023405869771
17006769,389.5954250134325
99888523,186.83923595285512
22354297,525.7457707936917
43508583,1262.7193606362162
96795828,140.3125804261708
96608998,109.6875318382333
67452091,171.5988903372681
40571985,1403.6008029418556
15232782,1499.13361456161
86789043,255.53030190304995
14046478,145.2156926721768
45515801,108.39039788854326
26318506,1812.3657659228018
34584473,113.81181731327268
15369631,167.2087867396597
26479383,115.00745537772511
81346470,184.542433704389
83197984,103.05290873038018
70331904,448.193516595861
78907246,1393.0031476476213
42709019,918.9517539769286
97184353,189.82948841885684
35589537,676.197297912141
83942112,339.8672546744299
58293013,313.055508865159
78567689,231.53820846276136
88610012,183.01213674716914
68628621,112.74291775122487
51584806,114.8012938249246
29419986,121.7341284222485
21476578,168.49803627164394
77370060,132.42825546934353
33607448,1727.0507366802915
47890072,453.5902180672838
11234362,157.64157415642075
70681971,222.88889065305958
45196219,327.08676711851973
58136807,107.17182119102245
21383428,183.71586775102972
38088367,182.97910950152811
57071133,124.95350946522031
83834449,863.1136112104376
72194210,1336.5303420995654
14582584,335.79119117517774
16017322,121.82023143815229
18598541,283.67428985648496
82812670,428.7374059828862
53563234,419.14860052442833
63779141,212.39925384090037
70854456,375.5949149557824
83535660,131.24351826848667
51099419,113.91430650446613
30503407,1729.0036498331476
90802363,248.73032922388927
84057874,117.76728270122354
93637941,105.78040751881171
33888588,105.78174801953465
78183407,155.23959431583802
88497510,382.2984469119196
88829918,257.99807949229114
72639649,351.5694714429756
15627595,201.28418922948717
68832460,247.11123423741788
31734310,116.59631975525788
69212161,111.78743555887964
62980146,120.37699103011565
69972227,565.9621824429984
53162285,148.3103174787525
10963473,130.60763821740173
65276908,197.79111300565899
72611634,333.5488964927858
81292347,446.40164547688363
34705944,694.326449856373
54322977,110.91430015385644
27155431,519.2855201777869
61373056,133.0819471757312
64530093,150.82775989726372
44187538,360.80260984544003
29110806,113.89295320560201
34026881,846.3477241015053
67734035,379.5875168916911
90355788,160.20158991771888
76930932,285.05391358418035
31194080,113.55757384169885
26948420,739.2173450507227
60117998,116.38434179068838
23540580,300.9030899864872
29255361,123.0442399231452
47322059,446.2593667790123
50570727,106.62263313015737
71874386,136.2475282234768
27325447,228.68687664259673
92986477,160.65067987742043
27856293,119.14637399050648
55159001,190.39683193764492
88660196,183.38610932861747
82148252,104.72255161654871
15421314,999.3399254210199
27620141,140.42879439105624
12348320,197.58371147675172
84344897,105.97480054790664
10950855,131.55062927617976
44290434,351.449518969441
84843689,135.55704480669212
85814690,150.7658284238854
60406086,189.22458918387755
35395832,147.2797808982121
54621645,266.32395178466345
29154162,114.22676872681826
40230589,438.7897137911189
46902130,302.97403861207647
70579622,119.45496093626396
86272378,104.34347693730334
12294631,230.90531827710868
29412564,810.957630411401
88089176,414.6662625795668
91193188,273.48635382425556
36523137,341.0302481330345
54050884,108.02636967648951
19187985,1128.3331090491454
91884750,1416.1815168502437
77985469,322.10402838709274
19362736,1460.2601603320236
37641826,111.49667825385195
17997673,136.05310162409668
12296621,122.22493276120777
94210085,119.60517475453584
84475360,276.80699922984815
44450631,174.55377769449825
96917819,367.59282324883037
76581579,164.04321995361155
16376842,164.43551637333164
20378565,311.8429348674311
67149501,791.2230025511318
74149592,106.22016957557004
55437574,103.23852989670468
86258875,220.74362399124223
25154125,1120.3661911731242
64289878,116.55085930898602
59484061,103.717522143736
39600891,277.3582705012642
40907835,121.24507550345251
47183606,140.9695525694487
71132260,672.3601174929327
19424487,1379.6972459142407
35720925,136.33926049433174
74210516,108.37137462939174
53089641,137.30986884712993
27778699,301.5550572680257
73489375,437.32955577973496
46042524,145.78442731684214
59554727,208.99663700844846
31273971,195.98297863251096
31543147,104.58382154089479
74490349,110.74001847002508
65190591,840.3542959666389
21122660,313.49126344841324
54597323,1342.4282403167745
77569150,136.6606581921018
68093533,366.02678695170636
87099884,103.064676883617
64825958,617.0211713023202
27545112,472.25810725292956
87791632,271.60306169406147
93384265,381.20999507533617
64047299,300.15210198251594
23357980,140.45962993999115
88585802,1277.9981208085796
26754357,121.79777031642183
99964380,150.3149687093024
63611208,720.6594527145032
10618556,1177.243005374859
12155276,133.15173166903648
56528554,684.8214543688387
72203638,367.4302169405895
48174886,249.68704527343232
25749233,275.31814249029935
11912269,115.16127186129215
14181748,1141.623894575455
77013810,598.3167341690043
59885886,159.29480366898247
92982194,251.04138116082132
88065861,568.7822412476856
14857189,128.41771441699083
60358916,514.9939381331958
72265262,1403.364434112609
20471623,2846.9200026749313
88951362,125.4905080385045
22364003,134.99580839976386
85137999,395.59129682530215
84176549,311.5604757269912
25849299,172.98394854870546
21233903,179.56671650056862
95963515,189.79660414151994
47630408,311.4913507754599
38763223,159.71612021009037
34812513,144.16787729755185
77372953,1360.4568716983817
74724495,213.7317217615825
34162435,128.55849074766556
60046268,304.52151389744046
19475755,216.49762065457958
89620481,2577.979690785955
26981207,199.94561903024638
13918048,228.92322271153122
36590125,276.72850360939594
78119113,130.54272178048504
43245514,103.44598592801486
88082339,101.66722474800204
62738760,103.71208336861854
55254407,116.67669874345353
85112378,126.14596407178792
40490983,108.39962783961569
44048989,380.85975737498086
15551565,192.85696574414817
27681538,228.0138970117682
98232104,101.33415475269256
14018289,127.65397702348272
82522150,305.38897910254434
65483357,113.7361488509686
94158408,241.12713567374348
50266167,145.53231181976344
28805175,799.258523155298
93929668,876.811897994075
15540290,225.93179102870738
98661090,675.8012543397904
50074109,170.9022737718614
85017115,147.5454367756276
99914220,688.8598216284056
76334714,209.27334608607842
38140938,290.8984749599083
93933852,276.7849860459761
13190892,957.3068937886617
67747085,427.29853829395245
96389355,426.2149406467753
42380180,472.6716427159353
55522772,257.1984244530734
18839853,107.77305421009403
93030803,324.3519990989388
19574384,136.54271680653935
17501488,136.61713342522705
92757638,280.9544982109284
47546392,134.69682533984252
56569095,145.4548445558772
34392418,1077.547399914246
49367171,362.0372002570483
37669142,138.38355452202936
33580264,428.08095742976707
52617381,327.26432301740505
13011861,835.617538260821
97498208,165.621746801285
53388262,105.97168549446782
63018369,199.5767080922607
59266953,152.83567021237502
33256210,131.6725620681673
26585585,230.90447919668517
43342989,732.7648961807646
81962175,222.07841353318352
54752385,106.71326076134332
12906623,483.59778527511736
12144505,492.04512286990035
47329191,150.7672551241974
35302686,148.80524512189908
29541158,505.016140986082
80447228,132.4490656921572
56399590,102.59912997782692
44327442,391.1825117865071
65756284,766.3865326053316
13967851,576.7126512565563
33766889,219.97480650798752
70886578,209.06827999510696
85448456,699.7624234646782
24208719,725.6316913401748
72059158,166.9391214111199
30666083,303.4959965070424
45090209,274.62602474625425
79520644,534.2792904468483
41015799,417.4484612703236
22610356,345.2156343933543
46940244,131.2839443676131
21443863,123.91550439453158
63769088,272.5706905842452
32298027,339.00237244140493
26046152,385.7657579627113
60326272,130.52286935935496
24693880,105.91339886117947
18317166,233.52767356579227
64265688,214.26924366410344
27910854,194.2433807109058
56810750,113.79529358872668
97007881,404.3062106976725
90317702,548.7282602967026
81231529,151.09901540926464
85899649,227.7752058384468
92087175,174.08061005457256
24070483,215.5453378200903
87629146,335.47082588404186
11101794,253.04540314907956
67889079,1067.340013408047
25576186,103.04516087641096
67657245,193.68920760470596
74992266,111.2457399950714
83091668,183.2455997060864
41547362,159.52667350554356
75141878,173.5758795605565
11562295,515.4535799931587
23748006,360.5743717036265
89825179,374.43114151040686
46505766,2836.9449049681693
36098274,129.19692754946718
61326956,1589.8817176992661
69020339,132.15989814238807
35844282,452.88643689900795
86014291,144.12386112460325
72500654,507.624451464948
11567986,146.58062594933287
95910506,160.46185264776688
73565600,200.30942461737132
83729347,1281.5531439293188
39689433,1630.5018838386627
26513864,829.8062841674913
20449852,547.0709640981423
10382065,333.0627094122734
61096786,337.8941364792257
40823824,128.13803729133616
95687753,335.0730228894236
88043962,216.13918240319202
43192291,277.77385086447
18631499,905.0972634452922
27194752,117.31275516444636
48023684,258.2521533898514
76180232,122.38744273440071
99345059,601.2215904264108
46554999,499.05083718218816
57537267,102.37821192950261
72087202,103.13600881478447
60008708,414.254721760346
13534295,249.76207425535821
90971189,147.85117131760362
55662480,120.74265379588225
81189360,361.8269223801898
49401774,275.81667456384713
12131946,1393.3233221121773
78732926,629.1341501228502
38392538,1390.5122430905408
64273801,319.6496436025285
62858255,221.3026535924804
13288053,141.08612289116826
80940080,144.38834401714047
73197703,143.77123145569388
88918806,883.3917949078559
45088467,267.0945862987544
42105313,294.6427114516215
51515302,116.5558464531195
85071892,808.7709424314301
23401512,115.19775468903012
70514922,245.39003671775518
53367560,406.2306301744635
30799466,907.8217020112864
87442307,304.944356637771
84081332,115.32184414968683
87505658,310.05216582748994
10151086,430.2732522367735
19254776,508.8762775822248
38019521,687.7331669965225
40151098,105.61314453349976
75965212,549.2340383886378
38667600,202.0601598150396
55646285,113.87134746130867
35548301,210.02967138379904
18737005,284.74551569006087
76771390,559.5143151341957
23778594,115.83184773098282
63739797,141.49354944929638
40559434,317.3775452206902
15970404,119.76494162577234
41963393,269.81233055731605
36850376,1230.3148399113127
30703622,120.08618596869978
53681130,256.6437439894015
52524172,367.95053780998836
78986568,386.6985007894569
60868659,118.21822982914773
55970571,138.0156266172415
69603000,146.2457939699906
24475423,104.70151731989412
30105284,188.91961624299617
42638975,545.8560370130784
54205765,328.81094063616285
77026950,525.9712276989569
55738198,1809.9660941465193
49309757,319.92689873308734
52256145,541.5656185218565
14972722,140.50935489225685
47613103,164.6471231054874
31244414,109.05607270157658
67669646,504.5127136815427
85221335,162.2618062116765
29598209,464.1156458577443
64960038,199.6407183830313
36072721,128.37077979861814
48855526,149.2697226452973
40290168,299.76645722976775
84094689,105.25965381138069
64780070,102.41947629179194
62238032,105.25330659194098
44102009,411.9860373619871
13443938,321.0508688429344
27288438,173.26409934682698
26505769,523.5095476595411
62425735,107.32064303853626
41742405,303.8808695606621
35508108,167.4608019631994
67267851,278.01527108257085
65786198,753.8234871970836
69652252,101.40412515127281
78338794,810.4991878397
98205508,194.11344252253886
90079134,154.76439585677622
89240929,117.6218955319464
59365630,614.7685137873993
16423455,248.81907656455408
30410578,203.64091394757486
41943183,139.97567741460506
17181615,106.0532594708285
31537031,105.00328003443278
55634963,246.00167921017635
14790401,341.3664069692025
49470022,155.45173518337012
68137744,142.18289861477717
10800640,144.5879616332196
82878129,110.95420105292658
98099360,138.2153166058739
36414556,119.05558526164414
74858657,121.91582169079449
41406039,110.68480327714431
67297495,282.6136572788536
98019387,163.23475555936295
17133275,800.9023479071361
44434588,733.3621285463847
23385843,390.4458223458261
51805988,279.2146572790191
65443150,180.29630562244182
77624321,1717.275154213338
80056192,707.210013495349
92008819,125.67447511915593
78973038,144.81297022321132
36356168,202.0305495937638
23051465,248.52759787176083
18225590,227.1264697751464
30705007,457.6185900962896
51916309,216.46099572325318
49014177,147.6475157524537
46939883,104.88820460964203
27552020,115.20334617738446
76064439,580.9229292873257
42732794,924.2813236734672
78185687,244.06298780394235
37150067,305.76565541421996
60216204,1212.5579763195883
67861895,170.3766381777718
82668831,112.66322128405059
26865256,824.0895306744554
20296005,586.569178476885
91164112,418.87706349827005
48751412,215.70783680484095
92672083,132.47285572374338
66451503,113.62223158067957
79223008,176.51421527435392
86295795,103.21744812910016
12188395,1523.5069460553748
33148873,136.54388233212316
18236078,263.73386871161154
53763750,239.21341164573917
90278346,203.407709872723
23921552,1382.106523661021
60806947,440.51127270562006
87988487,102.01687171450504
33594333,135.44623269783975
51767697,150.08004320559488
76176593,153.52734607369146
20106678,427.8639759557586
89323122,157.34872875141548
15084276,107.58154980537554
46737280,327.9186234291461
27725859,228.12643153136648
47502584,615.374257119923
89375361,1004.4040017211378
54279167,396.79834365567467
62834953,212.03089336571833
51358955,172.12270671059963
43105700,349.40093850701965
71610282,175.22169475051933
79952909,395.74176889557356
86913278,410.8468034094519
72344233,161.07423993888048
41143291,421.0201256694203
47312733,286.3438092764034
73376655,314.1402714487422
44219943,108.23696781767421
18665144,566.9202804763173
38016360,132.58338714023893
50277432,131.75779865026237
14668690,288.4277774049451
44041678,425.65660540861035
68597599,283.5625206577496
55600173,102.704091988705
78109218,168.5838490482518
43432402,110.9706881800321
57793276,646.1160481340429
82143513,376.56686931978965
13373907,145.73077346543496
78336625,461.9230877230366
51821030,107.42908729186682
57620512,360.2852377136658
94840760,718.9590252185066
71866671,1063.980948179247
12967437,443.46957373026925
94620585,429.56269926979
45148967,349.3674249744127
28096166,127.21004934717834
76948857,1014.9147299886239
44584760,155.20113942276436
36577484,104.8035831722735
63103602,339.77775598316197
15647671,485.18479557361985
86020607,117.32439728174054
80235014,136.79108856584037
40496834,204.00366329285202
98549441,150.05270239120907
71915619,340.95331634738665
27813348,346.99679169115194
48090735,394.36537351651606
91818207,426.0883812261087
12597429,113.89745065981698
99318296,116.68089221655964
38085169,207.52581088611367
38823071,340.8205796603033
61630311,109.39653415291295
78195551,507.54914195220096
88131419,300.0871516205287
18300026,1096.3542351002689
99585455,501.6990444530891
51530595,510.8788790141007
94166971,108.57651322437233
13633057,519.6569253698696
68298368,219.2229565412166
69215865,259.7722522876746
30064972,233.3745330463258
96997224,108.2269752037159
45138943,233.75785389670307
21749235,407.5735862203934
62856234,308.22525529523364
23982292,127.47853850118982
17686144,335.7610274063865
57256437,513.0804990337969
85469927,110.57921722163786
14451732,467.3750462709826
85268432,1395.8174271856776
64602955,147.0171755916656
74101500,108.40944338183243
80083521,349.6991069750231
11433359,1302.1686725856252
99198713,268.00614127272985
12281135,287.14150116837493
60094475,473.8561282395731
18817746,301.3360006257095
80803307,1129.6394719431594
50415370,107.89514072972928
65098425,184.8540535359721
52785060,105.35054167731576
76797423,103.53322138327609
57752962,1357.0997190283133
30340212,138.01181845732393
17309152,113.40342611750164
29046975,150.3116960233695
58339630,268.2711338786454
38269849,213.722517440952
65498444,124.14557193940165
56278811,466.5540597608142
65904109,103.9996631316073
34436387,194.25586649469585
83162633,118.81582239697548
41922575,1656.3086156197633
67606284,105.62875725951892
74148614,2990.6122279365095
31898202,934.2136803268153
12816787,451.8682159904849
73390625,153.07092203990328
44602780,680.3920949031417
59497966,369.22432515558035
33304284,330.3931399545015
70931726,424.49113129752163
44381487,166.95843535672122
55483533,105.65030683701329
41096987,222.34520330790235
60844342,133.85608327362024
46382270,478.23936500021597
41975761,605.2648430373113
20086347,112.08207117645698
82572177,461.9377550656245
27871083,358.1135623859047
47060550,135.74298142985788
44062914,212.99758160057527
29352791,111.2011961656602
42368060,119.73337518943437
83186065,150.8712697694627
86750602,389.13958648831687
18043718,124.60211440868831
85319365,538.4127875694045
93521329,143.64502272631142
68774400,2176.319072744825
27686846,236.10341610028084
73144512,247.0500595532723
47707941,212.53051844754376
91947483,145.36477536559576
54467473,172.51030521487718
25827075,437.2577204150897
99472188,782.4717259871134
29814538,128.0432304264275
98588385,150.20667237127202
15032563,580.346914961761
73738020,126.06152693370721
11480212,142.98183473756634
75221745,138.27704314766058
19968090,1401.7484206957429
70404205,105.11617208688567
68659791,257.17297175225013
33092757,241.4756675865718
78193594,106.58839993515431
98198145,289.6082273238912
99767011,928.1826165487884
56688046,111.01202642187235
66475382,263.50504250315396
75692782,1451.070672767856
26808729,106.48323355030479
32171695,120.50998226292877
88456703,186.7513115046127
20999557,705.5169090567989
28934979,109.57100864500958
37107836,103.34087190583836
50278467,108.66827729479354
61940174,607.8256993713377
17559774,184.39777825493994
21430086,263.22641467642234
10776426,313.0967890076619
98097088,109.00808555525177
43113087,144.34598076601787
12862019,207.42821048264628
44592366,280.01154177069236
96886172,194.82353351853328
96480201,155.45745874007542
85983502,384.7055606556501
23038927,128.61008147821872
53573032,143.01782360317173
34553934,315.1992390175283
51249487,185.93277001427757
85349173,168.90204637322665
40895869,225.36609779829865
99256510,106.29367792723822
76469230,141.00428382642065
18165718,547.372903671477
96264289,146.9890856924888
20452221,132.66550199186747
15739031,280.5987879342953
75157790,337.5946585932159
28901434,204.1468136963539
98941473,125.52886536712603
84489512,350.5033051665361
11168890,143.9154240254473
45041073,246.54985191826506
85582491,187.53541557891845
14863106,402.7793726834162
53607444,220.25089291613355
39640829,236.04912793280798
83896205,639.5316873408649
66887097,103.23281334775363
54562627,159.7299207464508
60923346,614.4347271175242
85626709,297.7639922268993
11687354,193.85228074954946
99055900,326.69151170783925
94176139,228.70493960732526
65142810,1377.3264653695546
21025866,177.04034353144505
86231352,302.0678146079011
94223565,339.4190781511154
53094412,225.23489575361015
16579300,113.93905024780733
68788821,116.43066596236811
22347006,165.93854935753396
89447420,255.82948985701955
92132840,1379.7426466923603
61120099,171.1783802499068
66390529,310.27683925069226
36752526,188.72467638880215
28673093,164.5962084014276
60187719,105.92413982733206
47937195,330.69135040694744
18528428,1306.4516585988374
72855294,1274.0888605559928
77314174,464.9230345239822
74208091,341.71016714439645
25265856,210.56726921675397
43541187,937.9724660897002
22027673,611.1989929196276
39533389,245.4511405321123
28548263,1296.7242041243164
78891989,118.1093858831635
68562696,751.4802791192554
45297826,498.90262977701167
14532340,613.0925988819819
42487332,663.2225645868758
79497837,335.48388753661544
48787566,388.690340471994
43024895,183.34065434439063
54043001,499.05336878306974
18517095,333.7108858531928
42190640,582.5986796057671
81702926,960.9855475555212
20584669,137.7740590313467
48104361,280.41907001493934
95781341,112.4714144630627
42595500,797.5195808155268
34081689,175.88578363390906
18465181,113.4102676011272
87028165,137.6594641510657
25157413,151.39416506690867
33500861,148.44819427375535
22501784,288.98020929750624
90954690,158.82936764943872
12079890,594.2306671853869
24560931,193.54008133342876
57180097,220.60591111471345
53805689,116.22116287137789
54653374,118.67016620789063
79714919,131.1591264871602
52629831,129.11376444332876
30315883,2837.5470321903867
55900800,124.10672463872089
62528560,181.60398715884514
17439043,125.65001460176298
64302335,380.5857824116217
53498595,104.65341114116578
92248005,200.90485569595293
65132848,1123.8308615573853
54712644,137.32574672857075
26501578,1460.8030725187919
57973578,114.06542788671902
64849387,951.651014298147
38331875,185.9911288927187
84564845,135.90248450833553
34335614,508.9877242881079
18851658,543.3893705737406
10997678,167.00077210805802
40768250,222.0823510214549
47646719,132.39436906628615
92937467,1283.4539571297169
61661397,141.2053755308205
48317061,140.5456645092397
97216589,268.55971210735754
39977323,344.7588487690701
46445975,1097.781124156169
94283551,247.96797393861635
49677766,116.1059692206558
85991335,106.01543207928574
23059563,190.87872887140705
98641777,742.8330479581025
62115510,138.92903969393717
63322573,640.5116143162726
88463974,334.4035845412351
29063398,130.45559145922994
94756964,155.0041145194105
84286445,1385.551661874557
86644899,2475.1003000081996
58366829,110.63661388932525
87935193,518.2174472949926
65710078,132.0957802918905
55211028,707.7068910321686
20090342,121.6774527788056
17885846,389.52991037162735
87917108,225.51514555111876
35243872,248.58259983472846
78681572,726.9165847473847
36496663,268.9917750883408
88567292,561.3436694800236
90883683,730.0175978851851
77163639,102.80838866448774
70680981,2717.4680405325807
72230973,119.40861544889385
13786940,1468.0698561332774
56650323,131.7709341001736
67337097,116.8640902636277
65297160,260.58002402940184
23393351,103.20592834697506
43711949,112.24419286706117
45998905,339.93423733610666
94413146,321.8660765576623
30684529,109.63070952494337
28147355,1645.1757051083189
14737001,312.33465007603894
55758535,192.89559862882726
95914131,102.44601218554043
95400320,191.3621972361858
29157079,115.98776971166951
34838551,120.8596277393021
79573538,104.44240147274873
53853858,632.4121318733654
46958037,279.17229775899074
40355076,1603.6037303573507
79162800,135.61740471310816
61449541,120.06799241252118
68870249,181.21267717812717
13256146,118.57883185439805
23687793,106.63638385817885
49330994,104.46320884771868
47955268,313.57759101531974
24572229,350.03358289316367
85493065,141.3747493288652
95994562,176.04910462197603
86822089,304.7246629821329
38878729,205.74356913029274
83459912,231.30916087459315
40295244,193.1486362752469
95702507,430.1190693748805
97865744,500.9710756166818
81724417,202.19256241500167
22296895,591.2492571584565
25100739,1042.3528544441726
11994578,282.7972474002556
43823713,143.91579391832295
57595389,322.8500209318774
37162594,642.9197142752341
51432674,658.7727476574202
96977947,510.25678611085556
69353041,159.76626554795232
97471377,506.46224833618146
78888703,456.8036076905768
58472902,845.3516608043674
77647159,301.4042839512612
63649430,1409.1546929228707
11295973,1064.4605787992875
11886952,1176.5004003089048
31115337,166.7137762231218
53945582,806.7633611435144
73391100,109.01868387324384
16170017,508.24583844252777
96391937,133.84098231917505
49663888,359.47442059698085
37966282,442.272068946118
91789209,568.728517887622
47228126,337.1182205358648
26588476,613.3143286796527
87591569,119.44983460817829
15315145,111.53906635147146
70198893,303.05942778514674
61666968,104.43903344840749
22175686,119.7375718824658
63396595,309.40631995107066
18727617,331.058674688709
19777468,199.88641726290138
30527873,286.4747136372886
95114158,170.37154764810708
41739701,426.42830713412076
11369670,161.6252011986188
74973026,255.57011070272057
73622781,225.31561797612082
52281834,140.32870524344798
16897176,103.4212950489383
63339672,1477.6990313980166
94319057,163.2209003252437
89357552,124.16763145323779
24886317,393.57687584775994
59666869,194.30500866525207
72430983,596.7980012791595
85345596,646.6264388118382
24218852,161.44116853869193
82044920,123.29291360787701
28204462,922.3330006901753
25544623,108.48658498307395
98645538,103.44865478917171
35786181,1244.224618293991
56759514,318.48976611671173
94979414,102.10629837583129
52508190,449.95551386976854
49317061,149.2368441143571
76293520,170.36703515080342
67067662,152.26278735341756
11847526,154.8559576153588
14139283,281.36104895101374
35602964,173.3624755470567
61092334,139.27057847260437
69270579,123.90476014667166
47517321,464.42110174042335
10542988,217.16835829831783
66912082,125.33124697940751
42445139,1189.8953507038657
73053729,267.4764067676673
96699423,196.15816393037895
18843679,266.0348348452863
86433075,203.59460374136953
26883104,1074.6933639460171
19601132,126.25984440742633
37017650,150.9501498567472
83138933,158.55321152958302
73247661,125.88012110133175
59307450,383.63805580876726
31131827,206.50921776169588
69966233,1115.9562076770726
40243877,947.6278856195472
41951589,308.0564748591408
36031262,202.68506626088194
42623413,1000.197186813905
67891203,431.41631385687464
51970188,132.27970837984878
24213498,825.4295450057732
96242069,110.57072043074652
41943430,1299.3868092363562
89189267,1744.1731643685034
19898345,105.5003186103074
60572858,641.6870267569984
34988552,116.91279129727214
91110384,361.4874507416277
75957507,268.75839772071424
64422949,104.87511001100255
93823627,109.84208169715086
93745711,117.73737388169639
17782008,178.42693355860953
40016743,623.7754163911399
78676337,237.79048813303092
96591242,101.68917607715821
83545822,251.282148593454
89501773,902.3165351515269
19293886,104.26607458832548
58534753,499.01405394880925
56198063,372.00501593756553
60777659,101.70928201376093
65431978,158.8638133609818
94604898,335.5621200565785
76197738,662.2641106379746
81980523,392.054692108926
41676275,115.2509867911827
36497965,1698.1753680198037
23177824,120.95395896131244
85192608,113.02114854701067
30289672,120.20367417294548
98138275,1058.1587149795316
57817320,455.56484028947875
42234307,1726.2037382217352
35893634,120.4783753739759
18195993,114.19834075261615
98403244,346.82838841787714
63004294,113.77978940818683
54567579,494.2930474051131
91568379,237.73456963910567
82476880,265.1262633066339
55652262,373.7369048191945
20373341,105.0890924493643
58632297,317.060174440913
24786934,744.9301942212313
43722745,143.7624875645335
87508719,337.6881608622653
80752603,107.35455438211409
16698668,975.7386637282805
78798734,364.79360347764145
18461999,473.0231007286324
81299277,190.36784606609348
91417891,186.84762524397362
25190830,734.6619469317391
73164327,144.65532124649468
92759943,403.21673710404025
18785269,109.4721073350176
67717385,141.23318763900417
68136920,116.70371821360516
77810360,222.22540459580367
62012820,130.71913274312533
55983128,150.7524906684764
28119370,323.0490529656664
34978717,125.70588786388245
52374215,529.9716135034763
66651771,633.6261282987302
49306420,661.3486669594942
57524470,438.90593024437374
50884173,142.69725622111807
41477733,200.9509453999828
14875840,349.7120364972683
11186021,118.56438823774587
36355598,974.5800730752605
54557949,103.2296978086584
69426516,173.243695251229
92092667,140.1013114406877
52668902,133.2850911466057
63561915,101.88278373222167
11154750,129.2469082842881
48765039,130.58809265180378
91136342,201.20336164009842
41265217,1387.1257805916157
25331950,112.85894046793517
59339185,126.80365173948043
59925803,194.70785669921372
15169957,706.5812334120018
14437249,183.19763736449073
98971521,121.60389313368788
26418410,141.64312271250847
85892267,118.27836459886196
29358885,223.53982829058236
90069301,121.70141366107472
11408026,172.04621131622923
77952900,117.0936769363521
83752708,663.8937850664379
15243872,152.48291190429535
20649757,279.0803019987541
94157069,462.78310377741144
80138291,420.35132036850797
79658232,105.53768830732014
20876663,129.42566493615942
66248879,112.61613059453892
98196787,123.84220188012003
11070217,471.3732707847602
54123194,529.5174168581589
86862821,585.0503815493367
40252559,101.57907292161148
60519623,111.94333224535883
11098932,119.7903848856136
77544004,134.55512470820042
43855714,120.66316249243965
57112829,104.50709656409366
69104738,107.59167376185806
51426009,119.17868539703399
96759585,966.6140601943423
61695552,584.0678020050706
29335973,154.7399386072895
86711404,295.59416966659444
96132003,1781.8290729324442
71930157,553.3788290447857
24207989,138.40977119326067
81239737,123.09431549885008
19246532,104.47289791474078
12541440,217.17739001062603
10876544,262.7919761237388
11012723,231.42476707482064
38854043,314.10267886832816
78679072,142.91749053506376
39567200,124.96962373609307
59107952,236.85163403307334
79981461,164.87182602936937
16385065,184.49872240014184
42418677,525.2415739177275
26750207,169.1992544961584
92430939,378.5721734161259
22967094,143.86525570692456
40195159,208.40702363602878
72466218,166.73605283701414
34482136,124.29504098647013
13940540,198.76447589793992
22725269,517.8660737090734
78995555,659.3480582747579
73638726,172.03712648061978
64722395,136.1334810480817
89563722,518.8138055418146
32568591,126.17721240861957
45801232,140.60024848018705
20301291,1141.8371098763919
40244043,107.7783088128324
64129406,870.1531451447762
72297320,125.47403773871063
13456518,126.53428003695302
27325248,117.65985952230639
33468754,114.9508771283663
60910395,140.2781561330791
32681832,450.46862180798837
21428869,141.86801316498443
86653666,229.48525200794316
32786522,457.9752316532711
64027869,374.1254387523675
34126567,105.19131683200146
42278394,288.53688003396786
95376056,140.41621816611303
99562015,263.8687504003829
15133980,867.741922281562
54026308,149.82350429894038
76441994,105.5475564771489
94110128,110.45046885659207
20201258,561.1313048998766
84604326,191.63513775235398
27309117,548.2755989869239
85307886,155.05925202892288
68918906,1626.6491931800113
16328223,281.6089635515038
18599779,146.43749165733414
54032168,104.77216892184175
56206271,212.6558130725686
20991939,212.69070652232386
78007881,114.07210321514573
43136632,410.95412832912217
26961880,1134.489856348034
59246484,316.0907719878971
97485255,186.04035746320588
21548886,119.80346007929343
41405520,201.16943694930157
17265204,113.28396126985956
57594370,113.97373342234192
86204456,112.35621834334273
47896500,168.3682523373613
49072175,165.60974772453247
57819104,659.3618913535139
38029807,725.3107867460262
72219430,1376.4184149697153
51835434,206.6272572789954
40820294,374.49113594940974
39676991,179.51552859091987
47329975,353.9319184881798
40515929,383.7791398722718
49496398,505.1596906353294
79829278,116.3201608130311
25676253,266.2988829600288
83511561,245.06009975793603
97282391,131.3704726405269
48159381,1086.5154105151798
26133617,205.09630759240264
14830790,149.86960509639374
38458641,156.61789897765314
92902816,310.69241447744355
67366474,1354.3473043231766
12931119,778.6671424904067
29119450,340.8364182039742
69182586,136.60882930479175
95601790,445.7511953685922
37235321,181.5541857145878
18453791,2552.849699901939
73959998,147.42871872727275
85145437,116.77055461217023
20490331,109.19509842449204
40505076,331.2084732541282
39895736,3655.9003443122037
36927127,500.1487838077215
68104733,219.98125990432422
65498526,305.0106801696296
29077796,119.65324732098205
12700500,504.65451558100284
23234787,184.356259915609
32248328,109.43375159641519
47710917,1054.7146779062691
53904169,142.32852701439032
41795394,529.1739259671702
81931808,337.7748492570941
89546300,108.82949076589422
81512800,1975.5500244797863
74490322,111.79542827065556
77716971,505.54490441202995
76509280,107.73395283697175
86774198,203.04741993444895
63795592,144.26229340699746
15728342,921.2418573982872
97525554,465.0907712620946
81201227,520.8585275005372
98995752,153.113469967776
88336972,732.0430974443933
56577963,105.17913308734646
73375002,108.4506395848935
92846400,262.5260977307963
63160455,199.59683189374792
31277941,190.137219787528
44244750,120.37600759082902
46198195,846.4724404623385
92939641,812.9893713210049
97399227,103.64141012129113
32829265,106.25643188664452
73813213,214.76311613714697
71142772,102.36473399145181
26186456,1371.5495238288343
86118507,300.6988319403624
91253288,131.92796114437516
16739260,119.05224603289757
97712970,123.76967288635177
33709101,685.8028415251051
97473173,149.09383335426057
84445365,104.04429438196946
33683407,495.3153812996942
55156833,188.13323789211194
39198647,115.85328158349212
84859914,179.46899798519706
42321053,139.57421456491045
26496602,104.10714986467856
87373088,129.6976043936057
18576200,653.422178665406
30304669,110.03808312007078
97043852,196.86170444239713
65885111,201.10369300422005
67235670,582.2220371142117
70791484,218.98794419567184
80687580,200.7075071332287
15865255,389.88100747911153
50517128,245.7945818545633
72791395,448.03127503331615
43267986,102.06877633587096
93567577,519.4655765959278
15107743,134.00230713983862
50225644,554.1625851672662
50174181,703.2789605204847
41401409,632.16994546169
80395755,342.0046848920514
58616743,200.89696167778948
62863764,648.0035306531594
54033467,315.23222531793897
36905471,105.42689685175272
68728934,246.13782021331127
11399296,298.1870093334192
42319589,150.2651359113608
71193471,410.36890300553455
67728154,487.96471899843976
99252537,288.35412304282113
69554397,169.1738619165514
57406844,1337.7180700472918
17460622,1790.7684882284366
29136908,312.27767199823325
88836387,166.22117255173623
56749521,1146.6530600331826
42038296,1324.1464132058888
27575312,780.9721818762081
27787635,129.38964365820576
22639453,2144.8387821064744
95074248,1043.9260835036305
62398547,116.9490485944134
48210895,735.2253222461947
87163679,105.4191215710222
84638479,107.85726634780029
74277222,539.0784094000799
47124707,119.64743731074903
29597912,472.3823343310644
73217471,525.9724465947127
54203733,885.5225029092761
86493934,326.3485910827431
50925419,346.25987117351275
36161210,358.83284926213565
18638157,102.07150106006688
95763224,207.583509256651
92017449,345.5492432364567
30955049,196.46898272001127
88464978,333.4864149751809
81709003,131.45984665044077
94640782,113.09117753020291
28684873,1892.5879724618585
82032258,140.6258452127641
81929396,149.11426642694371
69137949,2192.1453936274975
58556748,351.44793693794674
83494716,398.3727473781309
51219421,665.5851999542347
20118968,125.69247277775686
56424305,371.20354942351184
91040440,951.8266106205596
82249910,461.03148171567284
65005094,881.732713651888
14333847,309.95682830679857
79940622,476.9431216886109
36407377,167.62477144136764
16485177,154.24161261242162
19967320,135.00350271506855
86757224,164.24830716338536
47859734,111.24417363802338
15329881,187.03778328468212
38097629,140.34299595297935
63914375,843.4474539153525
68107359,477.0203951358014
30898448,147.42883993255253
62098958,108.66823915774928
82555231,936.0796474129368
74537472,709.6728492995067
53883476,541.8555597210176
87349008,141.2965276016922
60387770,131.9340567965268
76029782,327.5519333803279
17330605,105.91423685081881
73592240,362.16433388306524
46762043,134.01021895582969
35726404,521.1767490553431
19188826,169.48373906610297
69934099,2415.2700452007844
98236292,149.52688421130352
66601351,501.13342094110436
24082367,613.3143286796527
86399833,1093.2017132444385
29406161,367.5249793524645
77568118,233.6384126337503
68454220,187.88436822401115
20326815,717.1509671307689
96392075,248.0639712670556
43846930,1492.7171328852974
64059970,307.926836028696
59660323,134.77370515193326
30664289,104.03293862125389
80504110,121.45420957983374
69214158,302.66054903763495
37153701,391.2688726915993
94463524,170.80543780022023
27069908,108.63866301157864
19881454,675.921990297187
62073736,495.86077366746804
81301863,123.277636968892
84692821,312.8642966419346
18061173,1359.6665061475485
20396165,128.43835555273176
90290263,127.89512458050582
53205197,103.70063942065534
71639333,626.1029275847563
26581527,1088.18711940623
88753189,599.683717227708
12152481,351.83994578438904
66369748,498.66274467730983
31086360,302.8555252370481
68141078,146.88840213421727
87072389,112.52221812446082
97229380,104.23404522906634
14239930,146.2976044886924
47067735,1034.2679800350636
23013670,894.9477245226245
91166617,355.2774378714805
46464430,105.55407934524833
48307993,148.17759835649574
65322743,324.39351735390045
50086685,599.6333953189181
65335801,211.601618637953
83887090,159.23923640074742
79333390,391.41898955478115
84490520,193.41418449687382
90753494,1884.5680135500845
17091898,373.76451525275115
94064213,716.8352280271704
76172003,242.77610286256103
36639874,104.25187078477613
93190659,508.8302370020548
77671761,104.88632227032545
64459243,263.78107217194724
92415904,124.5239911506521
22451687,117.51302085455045
99098676,411.00107114828546
96250656,131.25588568325534
43637666,1609.5701657740624
87755511,735.173241318336
39642098,289.667457740959
29533984,172.45482501107824
57860445,123.0474302464585
33335103,107.6606638108427
40928352,484.4326358788187
66938624,241.28841009660263
97908221,194.46009511904495
32317269,497.2681106546607
56374872,801.351046237096
56164704,602.6179925448349
16557670,105.27151021432424
57350487,106.51488150614645
73640189,127.49954286371671
28886856,240.45463167751453
66838952,117.44407792932915
73125445,825.7196569541967
89817544,694.19929989205
69175507,112.0210927121523
93099722,107.77186390382471
42498618,284.1265914147073
58133975,705.1290342305609
50823382,117.2552927793875
82720881,254.486995384822
47566077,246.1309452448929
77236358,345.36780987709227
24977235,214.48700755311577
82212369,148.58170586672938
61416619,140.05920481196418
14011629,337.5544924934088
47820649,398.2950591237604
87027470,1144.4899254407846
84406467,105.6936224298243
18483336,126.13245712895406
11745857,124.53117111005939
72009137,159.77764564377048
21373342,114.0851315510894
50764118,133.05915534257406
17876513,162.2125900981916
21573530,1249.7080887510485
62535056,501.7842462031318
52924658,180.64195490845367
59116751,341.48523556586355
96464552,105.61223925491853
41877592,252.8307516759825
27556664,146.11056487081117
82049392,375.3464159785961
21890177,106.57370861890534
84019657,134.5770653820113
70836939,362.0938822375199
73269246,308.808267537884
65430516,104.09779799943043
15552867,1016.7906288723086
16632045,110.25246113043724
58510236,126.50822237513148
94607287,107.97486745148213
16582909,1712.476508245178
91254889,116.41772239110246
52951693,285.94201054958927
42015762,143.82936498484545
39537878,105.2746103775672
75334066,462.0836857205939
15509168,115.42620183455976
21848464,117.37680067082226
15512926,609.2434601416061
19852776,104.29697024012832
98991290,108.54520795221113
67867067,974.5800730752605
75069265,280.9096670687382
33163007,111.40232331040073
72461037,128.58033982552183
79368575,105.56674730732648
19283832,186.3114979673711
74686369,271.18036540974333
42431987,171.3805525049643
49107046,142.80702674746803
21631633,304.5032746110348
57757752,1061.0335332937825
64260092,405.48049021707413
23733208,103.25213653102954
81359267,581.1825697127337
78964700,226.5473951596836
33821569,1361.8404156419058
52189182,229.27896031717472
67362415,111.45223897969187
32252347,1076.212274441315
42461075,174.93780542280555
42564953,874.7320146106949
53441096,124.51348042986274
28942045,112.34905258411192
92173510,477.33490181178263
37939234,198.7909449598865
83072941,861.4975635594247
72001493,2078.4886698183905
88722560,193.40534395601986
24458695,140.94420375544
34236973,1948.2274458083762
63527431,137.54546556535354
35020078,110.31016032156386
96240931,465.27784906986165
96449025,830.2376258915515
73324268,149.33858844060512
20943504,1903.526400349758
65163807,159.92171375408242
65735235,527.2854672183115
34006121,483.1250770280985
11206259,1004.905741061538
21142225,283.05412751766977
43933688,499.771439166794
20195114,303.95091657067087
18089453,267.8334143704514
87927482,3018.584154185097
72119177,649.6877942824331
68722653,238.3863513887181
99012228,475.68016726685613
95191404,332.54472565649036
68494900,113.92477024070429
11789848,797.0439024840675
51367435,368.41162814328374
83199690,142.6761526488999
44222449,114.65516676015736
97059152,199.43409673291896
21321783,126.45413976068944
89238156,224.00193144100203
75658495,130.31565567728538
80514422,101.67333160376369
80098101,338.62820859059974
57507250,366.7563613571388
82869937,167.0259132074949
64737683,326.02600596456483
64663030,352.39699825358633
22362250,104.18050952630136
51054867,125.37921772380928
60302181,466.6116594895906
89897892,728.0556999295285
99745406,504.2755297954772
52137793,694.136907777845
94617943,189.69977149258276
92402481,1268.9309553316348
29177060,110.25092074852658
96789879,136.01445588038922
16733828,115.5502308743672
69997197,986.3752948931973
80009529,132.0852724792362
70971147,112.18903274747174
89268742,201.98032727408926
81559172,134.36519036800382
19799436,1065.801084292499
96316683,853.313592794265
16202604,585.4088758808698
99234264,187.15983288248947
89790861,864.8591581735963
80624261,107.81982955746317
98327008,144.21901223088892
43114030,124.598125870468
38992659,1341.6278010712992
26185292,156.20706835846647
84958392,132.16060674176066
63532044,103.65098894588411
72780852,129.97913224489778
63755363,138.1527131830098
63435369,109.57288132579372
49085103,156.58464623127907
39826465,357.9290221646259
89335030,2141.4875544374618
92393797,104.6247860242204
36385689,122.94177544689438
14218024,171.4417424234454
43067447,156.88089704008414
11821155,1748.3121954674632
96671043,274.60087851023684
64977532,113.34488335606551
51923648,192.00983501689916
52082499,140.55023341447333
58693008,156.66647878151497
77432555,105.38615854567023
11692478,450.4688557636616
88536020,106.04988072151824
13996971,233.6882931296547
92291100,1164.5908387370866
77799089,108.77444138047706
46970679,119.059444892199
96819382,187.52787990646905
25751312,419.33922970626094
89990705,350.9003296460287
52038068,516.1085633458179
32344173,560.5375594147924
33993191,155.50965781787343
52279123,121.40714228276929
18496274,128.4060275854753
89490563,189.52387838427254
17329696,107.87201047556049
16967446,207.0156794495414
80888202,847.9275698775841
14661504,115.33851786810563
19604443,155.98165632549
37821572,550.184601014141
88831769,111.1087472877211
32405077,531.9789356768789
52763362,907.8999033007392
75573252,888.8515073143116
54781465,477.76007245646827
22599480,208.2266373107356
93311234,174.48214705603198
69925053,381.58817750272976
12598333,1176.8255602640745
94909106,230.79991596564724
86019408,133.5888085464716
96477826,832.9456632696617
47575439,178.46427446589252
44219472,132.2697043793181
14808414,158.9765041562331
51535602,262.58305391781914
85960705,141.2224487971095
52391461,122.71874509046498
81172596,110.08049383521062
11351493,580.1840964117264
72733290,142.60765419162496
74877854,534.8399790568527
27680792,329.3046167781008
44946524,271.86877411038046
23475779,439.9023283264357
48465422,156.95026618364264
52076835,438.710728953897
44646564,200.86368100132387
87277346,292.0983528379619
47973044,357.0627418957824
75500097,145.45546343743572
36145678,150.82219461561164
85625020,112.97032253592414
97404967,635.4186640464679
11411712,119.6582358031729
80164594,133.81526717105012
30555374,136.27752739920044
93243676,127.22639613139341
12801610,925.5083144056774
58651288,121.55735476966991
52409464,289.10986224370566
26481577,874.1679087575235
99557550,927.1805640090696
92346786,1083.408502952008
33277389,289.54898732748154
78792921,130.79116370753889
89378277,103.56571200641336
82856305,337.7891680269414
30767488,576.9987486632384
36397903,1363.3351526358938
64870928,119.03646770562709
11575457,452.05758606508107
39041845,1076.0366690240644
92898654,415.10139215106034
16929732,160.95523568634127
33334714,487.7006040500215
12221534,274.0429398164096
73945645,114.91959739960123
68971550,151.42681628836021
75565371,473.6258632386061
59677619,122.74705254750342
93539814,146.55667195084973
24106217,107.00044216190008
55020351,435.764141956335
15672017,617.6052965687893
10841847,207.34627369983826
86946687,203.87419477027902
99799054,257.6642182149114
81128474,149.7000835563007
80366080,128.19094975153155
10218336,431.10623867614277
72351128,192.37530406450472
56132260,128.93701497911658
99301338,461.0714362531229
84453738,490.119952975478
58188871,102.48143969812416
81971342,232.33221617068165
94124547,104.615618085479
32266038,216.03752058822883
71760843,374.90310335445577
77203995,136.83161601868176
84611651,113.21475240090695
76627771,289.9062537255918
12653847,397.517225776352
43336328,455.6488698596928
91500607,115.72081219926179
68213549,1321.4283774570795
35549327,484.02621494788457
80808916,132.0834432929951
17110481,1649.3962011760327
99587119,467.4227560081368
92334856,730.9995279768751
53359226,121.12131571734335
80618402,229.6844396375456
41703808,310.48107915037804
19195409,110.67440477659461
76941149,152.7907415048294
97584818,1177.886479056153
56683377,161.89970634802404
67011320,205.21908470216104
15480221,115.53859338353935
68081328,175.03052136039307
55487684,365.6770608694897
74199206,169.6425803560951
90165063,204.3238066233158
36193583,279.2010360245073
10917950,181.36718279719858
92870312,430.4283320831652
72030717,1275.1270043454294
17113758,1068.4104744007832
89153386,116.70332632059443
45809568,152.640451977669
30803532,215.09098206544684
41936053,197.54936450679713
14429173,227.69779668990535
86629786,307.74015765873077
60024688,217.6829933816565
75100924,550.1100089963276
19587468,104.57324156999482
88088850,528.6814338040549
14339658,355.97954316278333
93643220,110.20139811633368
61257147,148.41478395773123
47372664,189.76239502513545
72551157,158.5686116810467
70006271,259.0612170556367
66160499,319.8409731227294
14115358,278.9944083652619
24138292,439.4911158566081
81649352,408.11574268945014
86450554,240.60653800155302
43772724,113.14885029606441
76147600,278.87045836537953
37814705,394.60780773567734
79438450,544.0491522022744
30374304,1161.6547524530101
54234194,828.7573048922735
94516994,115.95101032006225
15639119,346.8793715353563
98234744,354.1186482616754
84292967,118.90147899170641
14583946,104.73646328785173
74680521,191.21021894634524
10214287,218.1073502640294
43877051,118.37076773982996
28904050,660.9610803097869
62063260,119.1792508662483
50651267,176.10340402788063
76093719,597.172753496954
42788012,364.77668502170235
64271564,307.2197407254445
36033563,101.36743350222496
32364760,216.3379061198098
82718318,110.99243326912612
42781597,471.2372514921341
63047151,1325.096038709115
54331908,399.01684380629246
88556646,802.8010254952588
80038856,162.42100016678242
62561061,1215.864223694329
65834717,151.33360521862883
80358828,104.28036320562887
35099840,319.40299587045325
50872993,143.8395238340068
80223193,102.10993702605602
28448374,269.3848289313489
92231676,247.52995762039657
65717894,131.71403231975276
86298764,189.91017719040582
76299579,109.05011467593589
15449921,112.5630613841431
44677435,893.8721676506332
75188492,116.94130304317807
99785392,502.4678533099402
27084775,127.35320583300252
34483861,124.56842495785897
44135541,103.5431858399185
85537076,195.4082183376074
32577802,186.32548254920792
58632323,107.14637939028601
65794441,1506.9008498037977
91626972,181.03983683830148
80568466,238.9009749335128
19317452,133.4070563405092
19462773,295.50327167775976
16861573,208.4058803800955
61543398,698.5584892559573
67189144,504.69823599093417
46184090,283.59105216377685
14969625,438.4702446324582
12339000,213.49261977087
87651999,404.34465560842744
48444572,148.076263843714
43026767,117.93160174412553
25666315,270.8058828722823
85141494,124.99965197223236
10196732,303.0213360998924
89772932,108.27761895864472
76197106,361.0963623050431
35668637,438.52331970815817
47789451,117.05308154262315
11772481,844.8562556240274
92352486,112.46813030797387
74959731,379.6753264668678
24006644,341.7173877678636
70184471,206.04208973249973
63616459,4064.7127654848155
65420176,116.642862815629
52778454,328.1730513452744
20334394,342.6461768211037
29566160,374.20770897723736
41218910,1070.4526068657808
57645530,117.37698443308383
32753016,109.89230765797018
53485349,473.71970668633037
99359057,1412.5486203549156
50033107,110.34976950698733
21562381,2193.942928354118
77828671,153.52813496645777
59082786,119.57567623266263
99756703,510.50927444424883
62477883,149.35020854262916
62194095,2368.5330165500504
77240295,333.32520124594936
78173906,136.36343986055687
51850860,197.39621326347026
36247163,114.84256724710772
80372868,219.06344250195926
55810884,273.0506900831186
39425335,297.5587378304743
64769998,208.1051607510022
74184119,411.18406694932787
30910517,242.07128249291327
82036794,257.82503652745413
27288556,165.4903272931863
73750248,756.4973856637506
93836103,1241.3049126873102
21006367,796.6635708657992
93898545,194.90449587684165
94582565,133.36429350990932
13137522,170.48094956360055
31604761,762.956242546029
60718232,506.11971513889
22356430,716.8662522510572
39386475,206.9369166044218
16350350,133.4740402798431
70755780,262.54885166469865
55920671,331.10393755099767
30409198,180.8295092489937
12366994,1494.5579111631193
99624161,311.7825564159985
27085439,864.0342452169676
26222780,400.73104494505986
13513100,273.4363967403757
83619693,105.48970711262696
65230131,118.51116795727232
74197231,612.8181752421698
16535315,825.2565729348956
49313519,304.0510981373049
54192335,474.63382431211886
80736897,228.91196716954212
99406225,203.2000607409486
67818530,362.66144759163524
84284655,968.6349743544284
30897932,685.904434515499
32254189,136.2396568712448
31849680,141.24606324297548
41359333,168.40347262145227
66456629,159.96247488589108
68729486,264.53107441159597
40630348,264.51207405781537
93988333,443.00502883392494
47811524,305.80343839686293
98617237,570.6130113042203
20362387,207.52416685152818
84645660,287.58939210137635
16861971,116.7865687091428
34588999,1236.7286736588533
53427517,1842.853320410414
42513475,168.8381967566411
57705547,111.2010836551131
49742880,126.79691061174279
66920323,479.4203817837561
12354776,666.9496600724123
25840613,409.2604390688055
45114259,246.65715976602968
49079923,484.9996429386766
63116367,233.72309457804897
63802912,107.12061619239692
48974796,192.478958092369
30061599,168.06198229719928
68578654,268.83052646379537
54173227,123.41680793738342
96680380,723.2500504621411
23868064,689.4342940957047
51824090,2104.912608652846
34839733,101.96356162055747
80054187,120.21036617297764
12685572,526.023684211129
41567061,135.78568704915776
94877842,121.24177192241729
58492968,206.5529483172369
71326484,126.05908572663775
70920278,122.73926625406055
54663137,148.8036948302604
32126460,138.8948045273792
54874790,105.20668823472418
13538436,1239.7477280510204
30100038,102.5483096474595
80017866,121.70951129233485
64347455,266.07286700448776
13683069,2407.8297959546503
48039428,103.99622849686266
99567150,264.5700677823526
85509215,255.43492229272255
60668698,466.42867065010375
12191456,354.47993403370134
77765786,107.18678691681394
12528361,132.81036810591846
58442957,1379.4441976576973
54303594,156.6894027170635
27681147,2907.7197520428185
69098569,1074.0235356205496
95221316,481.5186539096175
40109548,106.16068281937541
55576313,141.46838326423142
53153958,1343.3831914914551
21200840,118.1452858930964
50894265,202.18323537624244
23626838,146.7836825239029
12418418,357.74689713752196
22706358,133.94954025906102
45395670,159.91541501677804
87327017,148.0844432616821
13017114,263.3067996784385
32271547,443.6228012086631
74538679,134.85244804973985
39506103,294.28995750304466
46816166,103.82786117588887
66503105,242.48283316367508
65579176,112.29015579590495
40074247,263.48166433634225
91310031,103.86636915921844
77444410,315.48298469911225
69955281,655.1010337707844
67331105,191.62329125327585
45643632,156.54223366903616
73282363,300.5732946412972
13642505,180.82858465233
68901430,327.59296256181324
89906679,250.19490064394415
52711886,126.54508142498872
79575331,920.7184778577334
92616283,834.7978896162371
30763055,985.245223107575
16611953,368.3853939333874
33070179,626.7600512346597
80347205,923.7148634115973
83995335,115.20599717320697
14535805,105.82710964232217
84879838,129.2677236509383
11864901,1350.1969083959816
14658965,501.7627845136535
24293507,706.8366589511771
70453525,106.1082492731963
87798104,118.51682456604023
19197193,413.0078635037212
28284548,288.20870973264175
86044842,355.068331315074
23057275,107.1727877261336
27985337,1489.1269034065012
22587547,396.65208722770274
12855508,203.57628257212934
64337495,160.96081678967488
86712331,277.73115569982673
61189156,1053.0292867374446
91594873,150.58925271555728
54835971,1008.8829687107839
44370830,230.0426441033021
23684803,125.07505712212276
92481929,2224.0154879124866
35638424,195.32696809267063
25657749,125.30330793192796
39381975,130.05986619761543
72999107,225.54655961709813
25818586,119.2597872616191
58036789,137.08056796274522
94320377,115.57269172714219
47110506,296.06290265432256
66399362,124.25816982147526
68909982,128.84632132234208
16073310,132.93252392742488
43288405,526.2667621376801
71579560,463.6517143065646
16507355,1351.39978121684
48802207,943.3809675363857
89915294,107.1082561380789
97679852,140.53580970581328
29217698,191.24812193895752
27435911,114.93265124649548
78879242,1915.567018061629
27175130,449.8831112478904
29020135,537.0513709657652
78626569,676.4558151687058
71067812,139.63017392827408
96690513,946.2048908641237
95531962,258.74600565628157
98356800,105.56336732002521
86104439,744.9301942212313
55595900,117.9184490142054
75208610,228.4007724177813
15300209,826.3639031833767
61949363,221.34695381729605
65881085,235.31129833714382
66803690,119.1535743382804
71508510,205.24048024757494
77429269,437.61424934373116
70868754,303.95817373963024
93223292,1189.5889787583026
70378280,187.89789787457823
72142932,570.6752709049371
88911193,151.1117502687028
89761834,137.27955855828787
36836619,364.2207426526197
53134062,113.687722435102
98828461,135.63224705363336
55370391,570.0511565525883
69978664,212.43440284175213
48824111,136.52787807848432
11383415,486.3718616009254
89041808,390.7640846141676
31864759,683.9733853427226
85436725,544.6539519143463
12287678,201.69989457082815
54577919,242.11699253864168
69095778,196.59630170988783
86755087,334.084466343797
87570494,117.85662748237729
42971075,368.72891064844885
19251821,248.05513842514407
40154766,120.69188539587074
86599495,108.80664361560524
88331508,115.13729045588364
70254717,579.7827199622573
32105523,107.10432108153931
42241465,176.06868001181854
66334048,574.212972102774
56657286,1259.9661662313433
99489082,561.3321104514641
89634976,197.07886529783175
22529712,176.71053518366824
93452559,168.59496687098078
75276107,445.9102689017054
57620607,531.1592174590387
11822194,467.16290884337286
85101585,410.41356144124745
73640715,209.74883834689524
18114714,244.2871798394703
62352450,282.4048430468699
88096618,113.92945891742337
76855836,105.0408131903152
76968795,255.64229497606433
19089688,350.3978784670584
93669020,444.0163806159708
32221954,143.0726391296117
80149491,1065.2492701829656
90863370,557.5751476124875
18955449,277.9742924119633
46106075,387.5529261874508
64362412,297.6600896528009
13228942,386.6769401130065
18238798,105.14608484850197
17197174,110.91002670098501
56883307,385.5829630735954
43838074,383.47662373652804
94366977,103.96327987410413
51114116,192.28131680512539
91929625,1481.7927121099963
72617691,144.717908961325
18081983,145.23442382101385
41430371,167.7379325505355
18768333,336.6004792810903
97670981,152.27627653185004
33138884,741.4072533025031
54769750,299.2337802771234
89191521,174.97562307966257
68771611,455.0400694529794
69658524,136.14817498426584
72361657,368.8072744507948
56548670,146.9978836063775
78323750,333.32504606143425
30772189,260.1977421474369
48525110,104.50806647776925
86995869,147.20415407936366
17626486,1755.8675046361486
25200634,170.269015274376
42675735,236.15031549731245
65493081,261.618030941078
93613666,1541.1641577765788
70416961,106.16694282079082
29938065,331.93023185051226
49578380,1353.8612044702159
98870679,108.7799926226698
69931311,182.58200247917614
53406287,1806.2985665089886
84279248,340.6250175259388
95721664,505.2763235343642
86560148,1658.9876812247344
54643141,187.69050494246594
87296829,140.1390250742237
44687814,103.38405184907846
17812890,123.63014504811436
55517272,141.62138107286523
83984617,171.43672896681818
50681051,360.2349098170255
74119296,318.0418334915464
67223450,746.4635786249561
77287132,483.44676013603356
36264517,204.0535996271806
42898261,338.76105591789315
62830950,239.6983258136163
34861949,299.33210283925285
73511243,257.17162662174184
21486168,118.5812688855288
99309538,1080.3096524894409
42037617,115.06347089705476
54746843,806.306179450972
47539615,142.06852277633652
84768747,279.27056661741784
72954519,568.1800127693195
86653160,461.1191846474717
24350012,187.27606667297187
44330162,274.6386170735059
40410889,122.6979325277136
14017526,565.248715528262
18494070,718.1532913279116
47916307,436.09058836149575
39725498,385.004977730546
54156054,169.78098083706337
49589662,824.2350928988717
87793535,133.56332298284545
25123851,363.45716496610197
55319133,1477.021098838408
35955058,436.45683486802113
15784980,138.42180197630358
63967490,1144.64345283135
84366303,104.93662622515059
32211409,1328.517210385579
27475512,803.7169248889213
98385904,146.46568664315953
74274926,106.42438784503791
26137274,1459.4949965330454
35706395,466.60874335204585
25432073,156.41160025352352
56493804,253.1124841665921
21783642,315.203284404711
24274717,325.6714004222273
93363592,278.56808399243437
50359798,1158.268905085477
76057356,267.8267176286055
34577569,397.9666497253758
13432670,276.0660367100307
36150614,246.7714828155287
95883486,112.69729486805086
17035345,1173.464365951442
48987823,125.02958458583315
18853302,127.99855912336179
70059479,117.4542647996325
35830006,386.06189004530074
83058209,178.82223858077842
52239160,176.09807279816
24939237,293.8371999589677
48271879,143.15722815452528
58898302,108.37769801014862
97505252,255.02101698783528
52580265,108.0622103553979
59859756,115.75921968793787
59531100,815.6574900249481
82820692,106.56965361545255
73015543,1611.2702358993151
50663543,241.82995648192866
61349439,166.3453154093616
82745505,110.58550829961872
91058293,285.9651864955377
17937997,462.0690848856135
48025378,1219.9041975366015
21558049,473.7456289684558
51468147,844.0497701746193
87943582,123.5732984453485
72989675,122.12361741362716
10828659,144.98858944922105
78868242,163.59501657978063
63610417,925.6055563498869
13037947,244.57781821203326
63051485,105.0812394558512
42637767,173.27446994019047
66029975,129.3955517632268
41368516,177.03162510831513
75570412,101.46971465051061
58832659,898.0791332975746
20746324,104.387492820077
41047714,1011.9158982260665
41430458,493.0458521496768
69198371,111.71773054455397
46430156,461.567708605558
42120705,345.57522406773927
67695943,394.410222277653
10655846,160.366315949517
56387239,126.74434605191931
73136827,142.80285730259664
66107772,331.05971386149804
41597595,386.15939205609925
27035754,138.46739895070556
94233303,142.5036671736506
72371862,152.01698562372016
47858586,118.50428284746302
50074731,137.08116203109574
15840349,173.97787500695438
27527024,1083.4528921767574
51445447,120.65837433103765
83042677,175.2875046286547
17433657,202.02076129527276
83477453,606.0409081362891
58980418,206.13967544389752
49038207,122.81106021106031
35105997,110.56978902600052
88328473,127.18312452907395
49929992,441.9025222178666
12057690,107.04433276052465
22485986,161.16425409677836
18944255,712.5441595718677
94296460,104.19947753641112
15325948,944.7286811150421
80036637,1339.971774778887
63707416,126.01092663923178
33357067,985.9746739243476
76260292,250.9956339726895
88542794,1129.6312759805808
36624049,426.8883893544378
85370002,488.7726884299939
70947321,471.1009682400953
86215831,1287.4894568319778
71799918,560.1458607406066
70779429,509.9464586445221
28177790,379.5383203273384
33416701,874.842352906818
32210074,500.55271492504
91177225,274.2335850084006
62230096,111.9639905832264
27830922,259.1092062017125
20292159,103.1879553845584
72135125,202.9021808698154
41060839,966.368890691296
14610723,181.77832252612404
40291165,113.87179531897198
76063806,113.73159482470018
21250419,127.11167232596314
67512417,212.10416192082252
33443292,146.57395950866146
33660955,129.1683027457251
33504001,160.00476322988868
59014872,125.38860757337133
48423806,255.36622414039073
81227220,369.48368455372963
97904600,113.43304616335689
80141558,108.53676089040935
13290868,119.19182284489493
12913192,1377.7782055192074
94144440,1357.7727815509656
53033174,314.41655922004435
93735706,758.6381028164603
59909555,231.96536497283083
99555121,178.62877395661485
13256013,188.91874433762777
93540353,392.34122857384324
97837539,103.35359936554212
35669129,110.38495049344961
50012137,162.47556637630836
68173579,3149.6441904763783
59440623,172.68401422972983
48714672,859.6353283927061
86973367,1377.2669144258432
28395212,1366.8940259395042
50017530,232.24035808713205
48045601,197.2084660641475
60427063,141.83808798947118
49061177,103.97736241149552
42896715,864.2860790998126
97451418,148.61721359563862
53456411,1029.8519449004787
99184358,1333.5119106766467
91879007,305.7727900946689
76424273,421.21673399150217
19529774,194.75955186753154
60604201,126.37534428501105
96265561,102.19471726729256
84388943,566.596758072576
22143961,105.09824506716177
14880373,2046.7486224079641
98124884,584.3887463387714
23434755,1034.025146480451
36626131,492.54859701607506
86172967,219.87904147719263
89507826,1565.9995798231996
51984404,103.93602280756839
21328430,132.57907764686834
46133239,109.23272855334106
87118588,102.0836561630842
72466804,144.39700704924903
90243251,143.59285265659568
31491219,202.1051771640897
83702289,1828.2021928225547
78369132,921.784850139777
12074272,113.52647854534852
77297832,135.1186414949673
91732264,1248.666010374354
51116865,153.75791469587284
81826443,325.0497668608898
26192585,963.2704839824014
72261842,149.36256385295383
40619619,180.0988320713294
89999631,151.8319017687337
10490133,103.76076606751663
90054183,1053.88654148497
62212383,273.0179876462799
19863611,291.18051351949134
51025893,413.0045903531568
83280839,146.13357141294688
53701664,139.2195139086625
70474564,654.8854152400862
52730115,314.7565561096795
28945671,140.3106100819181
76905104,314.7564137376068
60340609,181.80093115532327
14262244,312.6943222864293
86114877,379.07505189682774
24582504,156.72157079573844
77544375,150.84960555508596
18212637,514.9939381331958
31107635,294.0657019682811
73185236,1627.6802175956973
73413665,106.5402350017989
31204532,197.39739057340978
16646519,764.7853079552463
59819313,331.8296619968996
58041963,382.7449841738578
73177607,145.27893345305728
65489959,213.9800386270287
53892134,985.1928197632558
14638825,175.7214644374083
61652212,627.9846414883554
69208062,106.12160074473363
98205776,125.01346781483971
91953270,110.43941303323943
95708788,553.1772574336246
71079776,112.1210388195493
10948901,1932.047004978759
79084173,402.68170354259433
41410746,126.90245592302688
50927968,189.83005381618307
99511873,101.59789069900572
87562260,453.0700863360229
48098997,200.5785126521787
77592143,316.22757956858464
50298301,172.45120451466187
95160336,306.17966476418616
13581567,785.5260561163964
76106706,775.6564984238528
53880590,145.364989560428
50270200,138.6501011049785
13098948,106.95317902970737
81835258,103.81964912065241
14238786,106.47586604292046
65288499,190.38299217371772
29149871,191.1878987489257
39551396,807.8276875008597
77375335,1162.765253173201
14384374,104.70798812330479
63368293,629.4787094220278
25141477,198.47438886238515
37822276,115.46264917905665
62473299,112.85877170172832
90467887,1276.2250674371492
62270028,165.7846833845635
62101686,154.3706749429508
51642126,316.3139881333406
50281814,474.1304194932405
34969698,519.954715528437
46962155,103.44598234846806
17638609,255.0774061354063
59977095,108.05411384961434
75196820,142.35894991671853
65141041,204.80271946302307
65986306,658.7727476574202
99818911,106.33036751691316
38328534,290.37633509815174
31204739,700.8174000401779
53082885,322.98416995867
76244528,153.86285860653874
46394887,140.45883267300863
65939511,115.53353322556273
96048217,141.88183402792257
60425489,105.06659469623634
69419323,244.8569250935236
15008203,214.2115073035859
70058997,370.4879459510742
44067940,462.05681180785285
47031542,195.7478493482487
28929546,510.67276568753636
34548603,700.6322428386025
36515676,729.6066267360229
42765717,144.76171546511617
60296558,101.59756153509987
84332226,298.32521583586185
76539663,477.3511503755113
73504572,157.92529880658165
64646486,199.48399907670446
28262602,138.5094362821144
74447096,283.61626245042623
23247586,112.6722934718562
99044390,1509.3832267950256
66743385,1218.5045544937818
62841747,223.11552053589838
98271312,117.72045588353018
54969068,954.3144249089925
49548078,159.8252912261367
47147429,261.20252355847407
46113098,141.7677184364846
52623517,124.91401371144867
43618531,127.46018016956259
54174309,364.3215008071453
21908078,105.91074546479902
56753065,391.7276573846882
22723502,438.89597365191116
88620530,1021.2670411646407
38560702,466.267312623385
66126723,112.91879370654885
24731893,199.2861503938183
19472558,533.5985809349148
44766250,132.9607067703322
75919229,2128.567650695488
27459467,252.58063679371898
85529275,109.47092849612118
88503537,975.45963839927
66147417,158.48030507377115
53916103,142.32835218881345
65299077,103.8570835646373
82070950,315.3449736555151
69058105,146.87810561505293
89985793,144.60702832327542
38430174,921.61522409179
24884771,107.79200062925258
37414962,192.0925055110543
35739187,166.07499287934496
52492779,386.70748127538815
70409358,224.09346979959292
38452011,132.30001050990543
43879270,127.80840328700053
70351120,292.49430871740316
47671157,136.68203429908405
60667365,655.7177080099873
85223481,130.0461092465381
83739939,838.6628066531324
36389934,899.7012024116493
84194560,164.1629865261662
66937745,288.32145572969284
82520946,389.35709918091123
52339932,277.9892228166753
19641281,544.7768202630233
69795343,152.20271936590643
99135350,115.44268308327965
27549583,101.2975378674909
94476832,233.9241998217259
58221865,122.51538423806473
25319395,166.92590337693684
74970303,302.8832638057956
10305170,407.75344768107806
82291258,608.2827449355901
81383048,134.40867417120066
79987158,613.0458034015328
13533229,139.73132695793788
40426833,186.266967100519
79077516,107.98704227524732
49738320,117.88257332367998
51126693,214.84592012817177
52635836,1080.086884051314
46715477,175.06287379722693
82258908,367.8075282320229
56878285,1355.5663360145818
19130210,103.22508128553956
92849186,1277.4219460383792
24338810,484.83449333649355
24758650,589.9976831968951
70913184,127.71411617026965
37987399,427.0535079981502
74913796,362.3394077849114
17667485,104.24279757188006
64222955,135.1366900156799
96958008,109.86183381894034
10416049,329.8809468855598
60398901,286.1421624002373
24738469,120.29088101377717
50592747,164.41595560998834
96289055,1620.6308898532257
38420705,147.13824706081087
93968498,509.32141240648156
79579077,123.88611711828413
66828068,1684.108113742627
96166759,147.78555157636222
32805078,197.69767968104267
96021280,152.6869218234853
73914137,777.8441066239493
38819078,624.9048000657234
26837951,715.4473044831153
86644106,607.3675048156614
55183461,621.5316838772809
52422099,858.9336209025205
83190904,637.7558911194818
80939883,413.0074062047716
12388368,109.87591104274694
15537990,245.87251524180274
52619092,151.9351189017098
14251589,419.76738485307806
78390765,333.6582342843064
43497859,322.12911350331467
18381852,288.0976124864915
53390528,1557.9204157134113
32023086,113.77374617461088
55881129,113.10018876556438
56955427,308.27946280780225
78797526,128.32817124865812
81441605,471.62172065942
49418138,178.27489134090465
16343356,297.1346316962206
50953620,235.98849496736372
80530984,271.8681538654071
92363214,153.93086534882468
11505021,431.00222078290795
10464949,149.33171216732066
40174242,116.37766038752692
46922794,586.0739552313111
31165878,959.6874249306998
92160351,530.3440784556894
97225599,167.64708141164078
57289385,305.421163730956
10490505,473.8566642794121
40593414,206.46889307342065
69535718,417.52764606557173
29927353,690.3417637575184
65834728,330.4842555306966
77297694,165.38494543529967
20453767,143.212928653326
38742201,258.8975582162283
44178016,2121.4346984427816
26155961,498.32885579940347
85037563,645.8151006008713
13481675,108.32507220099833
32710978,250.8190183516973
42008191,124.0649107156122
13117186,106.65515856479152
32427009,288.6115244934465
77926757,608.2460662958239
11233435,240.73674947932133
16522541,613.0431604186759
63770815,134.96821791679287
77164558,104.92221955526267
74405387,632.3649143895633
74698287,558.2939040428234
90725998,461.1786061331334
24204802,1629.1923072003642
89034765,703.0599141229537
34875172,482.5402263753215
74411316,194.92009509289335
81157871,521.9214994644666
44232316,578.4644144435574
48083558,105.15921205498385
75280463,401.37607825286267
11329117,414.2102204370129
67082756,457.54144698734484
11237434,1547.460762136856
69921139,122.49215174304356
68448780,158.33792254294573
77761059,254.37678756951624
29006434,1114.8890191706334
30190038,490.53333756712
28376932,109.58069004701623
39355382,532.1199839563025
42494595,109.93892039861016
16756651,912.6733701859954
78115658,1220.4695829965103
27261411,449.86896300767984
71919180,197.4916368504665
99090920,527.1547159656617
64351618,143.11124047543112
88658759,1181.5181419470737
14195927,490.65458550272723
63820196,169.6037262573678
23866225,2138.364263214801
50484100,386.9283426740092
98406048,187.36779951937544
64139858,260.793228448875
93302980,113.82372152633484
62155483,139.4036023669562
69791340,1016.8933189354246
19631546,133.76221166309423
26192431,187.730256252408
68268852,102.43964791648321
14862183,111.55482296891631
50141937,415.3164406239672
85256282,161.5000986632268
11027564,2727.990848484655
51577553,165.33205803676455
77132573,120.69914040396218
55254268,444.1074537102511
25529214,168.04822931710697
89287048,309.15861716923297
23253967,559.3370245883106
22644692,140.56076867365655
32245140,117.05430295468405
82072504,102.13972117646708
34678460,1161.0542823382548
55373081,855.7197708345464
12138481,410.544513798107
23632970,102.85908026691362
44285474,122.33816678678983
88075177,103.74140408647374
13117787,1291.678051981595
14797111,169.29962722841347
28697695,308.7047693848182
34748486,1248.596021282146
30506810,483.75142905952254
57410372,119.1263343783688
28776122,1089.6802520818578
18346451,454.1223436028387
29932007,1673.2612244025293
82654800,366.42335275368487
67038086,1325.371761056474
95282943,105.60973016010621
90723621,1556.1203682789062
37760202,102.46551990382308
97077656,1232.362507170775
67823833,543.1708389178118
25222231,106.72631392490946
63451552,788.9627730838807
66552053,124.39185194519727
83488554,365.4495239144906
24886655,373.62467919897506
83798512,312.07734202395915
46152763,351.8493646909538
96015866,299.71956401790396
51731151,133.60087806917645
34899750,789.2568795361033
55529926,124.59686971513347
95405536,1308.080107475601
29288544,117.98030323960504
50076589,405.618839852824
37886285,177.89199662815423
69818934,222.83627869321094
13957412,330.64915618293895
27493225,301.3002325745354
81186892,513.3058573672831
72734336,147.19719832900194
20148129,1319.1329368679185
23391747,107.34000844446118
45833590,479.47059498104164
85777842,106.50687377374692
92975129,878.7164746375995
33382289,811.5003924749622
95953281,106.94779613045006
60074802,261.569005933247
23912733,105.74415177913734
31346779,298.6863613221603
25605125,119.59551159962977
96288207,171.23530126703463
44535745,346.89819981247064
16008313,1469.1070976537083
91365542,786.5936430191598
67385764,410.55612120259286
31465116,141.9095777539594
99474816,105.95660635341339
26141909,200.4466822337234
72548314,174.78042811300082
39043955,748.1016803565468
55963655,105.99232354579695
54632315,290.45640218641336
48726285,166.41159264675125
76251227,183.23013233362872
83562410,819.1718083117289
93775374,107.83851716912258
21446329,401.2386575137742
37345001,153.2060870332274
49628614,275.3818846925902
35767914,1538.0166838653695
10876536,292.03939138716595
47339936,188.7647390167175
89347542,2289.576903850687
22457603,282.9251508207788
77199929,186.24745239455333
46378399,329.5481490709943
70602262,106.9766534019522
54666534,1913.546086963081
56421405,613.7222777330195
97652177,168.69367807091814
15442637,114.34679809428103
92360497,103.29529203233011
16847908,830.6289997761397
14220385,407.8250836777842
25905603,161.60042729971983
58331647,113.88783787834787
22292196,752.5925006275585
37237832,290.92873982252155
33009500,1273.411410615266
12533428,2087.8833093310764
46939545,126.9229112859003
41868505,257.1384953103527
75616535,650.0876261730298
73878512,446.6565818673699
67270933,140.25729529770885
98281662,178.63016968513196
66553316,414.03262866515064
34303551,657.5911541226959
82645628,580.7235888957204
57257821,211.54927288129215
21288888,458.13017764331545
85963653,148.6629829910432
47876249,2553.9914693586857
21439489,191.98856216212715
52566254,105.9431992170168
57084214,191.9142963482522
16925768,227.15730547830185
32782035,123.91960781591992
31791186,129.4585513183839
62797819,1364.938038314525
35384978,151.9906194300119
21945105,1365.5213866369318
81557774,210.52524542266784
85407739,105.58617260716451
86085126,110.1695103295752
95296354,361.21962937814476
90881439,155.04565860510854
30757344,428.75520543840634
48457713,142.82567341461166
89571542,281.1434861045114
94067050,166.08034997268507
48271561,1028.3023985587433
69357732,105.3572905198749
86325273,158.66546212533447
18152649,429.45942974122096
33899410,161.31913614894262
22781669,107.47883322520069
17283281,354.23815353608387
51785872,1187.22598288437
33104833,786.0146141238572
91682435,112.6476183584226
70713314,230.65559021580492
13110268,315.09577606457003
34642793,1696.996239194501
41694899,133.45175874994047
86278349,137.5348528300369
11717089,147.07461953915336
59185456,240.57634146280708
59344396,118.62195312499158
89922228,603.8670332656275
62027210,247.8298727056199
98523447,110.58659966194104
77330146,1774.3002618648698
78386939,1214.9978383934435
66831282,200.86010687409168
17596778,856.1148250428873
72290481,225.53574900798063
31606355,613.5250338931148
72940683,140.0732234428113
24736121,1134.0241920338447
47814214,218.71255618116112
39410982,603.5248816937236
44151940,311.0062737500625
65594908,531.2590905726788
79125454,272.0851629344586
50322107,374.0960786032995
76200003,137.01016894024917
85059302,235.77553250371776
95450721,114.14519999597569
93253826,305.288163878592
19723778,578.4644144435574
35980406,106.18493602832218
67285479,253.80842642772495
68864075,213.1751622193512
37422791,105.54027590578393
73798025,1355.0648384644073
97232135,122.28763761905411
50064513,1708.9103320711054
75638682,155.14705654366878
41937405,448.84965078248905
18443662,135.22905776416997
68899727,178.2028096473493
18388313,161.39678699245644
69521945,120.38340294896182
31596715,166.42373297764604
78472605,175.39875190798068
12713963,140.4964160908303
46768823,207.8195195072105
27538097,457.0985671388726
89955366,251.41980236437797
94081889,267.1173887946741
65214899,109.10163525965578
95205973,1662.1320520495508
83140994,135.91944119740364
69014391,116.63538340380117
66919280,223.01810097640674
86299194,315.67256325949387
14394397,499.58163546858884
88465251,144.06416788489094
82447513,325.6034058652204
90676745,152.80030517206586
61229086,571.9869778173411
30557316,503.9978081874418
48578361,103.5149463752592
29085329,112.24627338648833
99539415,708.8981146057563
33750162,372.1550604979268
51880900,117.96815176438366
81942693,744.9301942212313
44828087,229.37180900227406
80752087,193.64057738865645
99218652,600.8943328858143
37433425,885.0176091111513
39115683,116.5303720375006
26601986,123.04893686027282
50469308,114.0488887480214
69872975,472.09689186502527
18483245,441.1175971341049
12588982,273.7616669499955
79454705,139.88485001907276
76523232,201.34239440171777
96131595,2007.1423256185544
99680250,142.00135822323892
82622915,383.4605048922167
11290284,595.4661015842274
80057162,306.8255578819487
72165316,513.9839489293198
79751433,162.98628582621077
33215554,260.62190546239134
42852506,143.88246989097678
56093872,351.13981695171344
64167041,265.0194452759525
83380458,2519.4232994238705
32651438,102.72710366901589
38364846,155.64368188312272
74621857,103.94040055321108
62748794,123.49875442768243
71435421,106.26090084866748
76163868,1192.0554740397868
14677956,195.26718599601293
48283664,121.50583016100295
93787027,323.0811281834742
75353617,1121.6470297237674
44130726,349.74737379321357
75634285,1564.7709679076238
27969925,115.17609391417513
34662422,312.3601969299749
46428766,229.70738102343842
40279741,146.29911280954627
58991338,1605.76993607517
52295288,140.94354175792887
25429358,707.1639699236925
91223525,186.75993987542472
80429592,322.051012972745
36010937,247.46180618312556
61652867,898.0360881001378
34655678,209.95841893758964
32281319,639.1159376154477
74717544,746.3092474588584
81780208,255.43335100186127
74117270,673.3606123461508
94663011,130.6476352371834
18715534,202.68048997067388
89926226,262.46476908819915
31441075,101.69332550993923
85656066,499.69896353445966
63154501,104.14254232987788
56954947,687.5603560151134
35193891,212.4199766394474
68045567,103.4743969868348
75523548,183.55531061941733
80044768,155.21342402734993
80565568,151.14373406782906
58680458,670.4959711516183
93434632,227.95150057452676
38164915,296.158105282524
39561694,314.97063298382307
23940974,1030.6854274043174
66689621,103.89004926163983
91586014,197.27662714450565
68610549,143.87724910234036
44648566,144.31185673938793
68443861,222.24200447517745
95300751,158.9953955972109
74650313,127.98037798513953
78190939,678.5062715564699
79583687,117.43098850985403
78744133,337.285212997672
19424377,104.12209809029441
74426958,105.31005505846423
30714675,161.7104329888863
20297631,202.88535681973121
62326689,1983.9878269081776
72851226,156.86523388953643
94924877,103.87245515925243
39912297,396.7654346168423
50554145,102.14042209976536
51964385,109.07652721559266
91524053,442.8845496205397
67059408,145.3201136620481
13707505,110.50192378880782
96336923,508.5278647025123
18937921,177.98235420429063
23247466,258.1543181072446
20718626,509.0992863868107
62001591,408.02915449851776
32183930,2507.2505716805244
29520078,226.17247624646112
20246948,853.0686780830501
12865925,204.31683998031377
75414040,859.3967208355826
29805887,871.636674759945
91828173,312.34432399114775
92911827,507.15651094764587
21259879,919.991376696558
27730704,275.471975971343
10805384,928.5250528843992
28772124,255.5745373481091
67895243,485.2188339492651
70282510,926.4115438860684
76926492,801.4719944446714
56029416,192.05757142091744
42166025,909.2428215825828
88855559,579.9354112091363
71679738,172.79072825157215
95011645,343.36303664043066
23391388,119.32100981971375
97276431,1024.9964681894262
78499453,2055.26699488485
50845143,126.47189256931493
63593365,116.61393498178403
44645094,365.75590790251647
92805008,170.8129567448679
95966284,128.63313840041528
86968525,104.1939543549486
35459557,143.41099599517023
16959595,142.60730553765353
66852864,990.9597801902383
64976874,167.42475156716492
90803282,133.04619779940606
32597480,323.9064765110706
22525205,426.55005351953827
18357388,564.6059370083436
55224009,132.38455150094242
12066751,184.22085008133138
51600054,355.80483117071975
33097870,912.62159362847
44165189,113.44011790148025
92174554,138.98716420615958
75685484,195.25469325575227
79648156,141.095917633412
34473914,568.6205492924199
42069298,119.97696169440815
24749467,114.42046981818552
37024144,848.7568904926121
53463208,788.8468868558807
61035399,704.1452853151696
92975059,352.41473823836407
16258293,208.4334096491567
80353068,152.19917701719612
69637564,123.58244935999923
60889557,188.56116334844708
45682120,1595.4141440726617
62566155,197.64909851320365
86829598,134.8065971194292
77516810,1046.4630738042197
32602883,1501.9130620684282
99658649,131.00595102528442
98115366,1528.7839685696295
40551984,189.17630823454306
89171680,110.64723011261098
78104461,358.487464319596
80805720,175.7121871742299
44701781,123.62347119603075
32357693,568.3391690157007
16257080,561.8269842381156
63758432,924.1853664535786
86560064,102.85868558659112
76704426,373.7356359371346
29021087,140.490735082287
30903210,464.2447214467974
59650055,236.86690999182113
16537007,310.283355855874
44043751,107.4218574100651
93550246,247.3704465416352
74795536,124.05816545778524
36252893,278.08491460407015
60712266,144.27066880268976
54795015,275.6312662299686
59038432,184.2545466840226
53101267,494.3020980994303
96137757,311.50026859458626
61894184,708.8449140895938
56980533,102.91711960990928
40911725,105.50818339180549
78253728,1754.681672359603
46517280,1291.7812318986498
98578100,278.84485565545
92998542,136.99449049819552
85778453,741.2120636937475
67897199,134.97293160704555
37385434,192.00669670605137
29978687,302.18493304842417
63462293,236.9790250465135
82610119,359.1557935743891
11195863,377.78072615716803
22813157,268.59039706361347
16061850,131.46124980787874
25000757,103.82477797753661
23839386,112.2777815231539
62901003,150.27043994955474
85332734,126.46328347341385
41185457,142.59684982719494
32349244,529.1842473523083
75213525,1766.469809933709
24267861,141.4324903960453
80759464,108.00803993101104
38052934,818.1672468807333
36983078,244.20949585930092
48438532,159.12359647501577
98811621,240.31242980977146
41602835,1422.2322140301499
79191702,451.69463991297687
91526426,1075.7833608799392
12436955,645.2679395692234
35460655,119.0243072441222
24893618,256.0403857395722
12318894,105.45144562411389
75385870,223.382929738934
24016887,804.6750285703747
93798376,173.22729831021508
10041197,409.15996450150465
44196192,311.2069992044411
34259961,1195.4004940661737
79360399,1089.679663990297
90648365,187.41205470395977
32784142,137.28459291162397
88014206,2274.472941426362
47541115,185.25381695698695
81087277,457.15690349632547
99414879,530.1041472179706
96312378,166.00172920441494
45292998,370.16189785859405
62464969,584.4068068301182
89056154,128.05138458088942
43815757,126.92356277975034
36326737,146.38833348736955
66733240,132.58692181656036
82154113,838.1880569558181
75774127,106.34644139083188
99633023,329.69313318532613
54243966,210.81612947882678
21507777,403.39370526387444
89526022,230.52555753597701
35342783,129.58496671004986
75576574,135.68653755292243
86207238,279.08046759438645
11999604,184.47041389134262
64241630,994.3478016843687
49681885,186.5156068243073
20476163,783.0642136787802
82534020,273.914476361914
80449403,218.66830377535408
91978419,766.7539530667763
13134274,101.28129694650279
30921031,251.687120632984
35948510,256.06545508306164
37862013,1570.9015502542377
74364264,140.72076709824327
73089121,230.66101037732213
71120219,198.72070384739308
81357330,1319.0960783203884
86696339,547.2897238682864
32694372,693.795430763037
86397240,123.35786120462092
75410743,263.2090538176477
54107967,101.51849686137041
53182244,120.959126474163
84949062,136.5691765058658
17578514,103.46702438972437
66553240,225.80395912229542
78244783,331.34764605455507
85750494,212.01160080250884
26835204,193.2001773878471
25568634,180.10296072041925
62833472,292.68965828836576
89441409,103.04229152356291
30957350,131.3183847257101
83492659,485.56021470858724
14123667,137.8833516720396
81332426,305.692815950353
75963486,1377.570233502872
97473965,250.05019550495427
52550411,219.28079587905202
38852859,101.44036106611797
86945814,119.30565998186819
99213841,172.4086880802139
93296884,768.7532950283596
74681265,412.9026752812166
67628381,104.80855492314576
53194004,132.26184065608632
79129949,1063.8306279677497
21417992,102.51212738183483
65584374,185.6352419924032
83994457,145.3423643060962
79552394,923.8792528682005
14169455,300.1307693822889
11006346,198.5188128568452
55920445,177.5585385270749
42183979,129.66014579089514
27236753,164.31304031775454
38623845,198.7848923983471
56539617,331.4773953750522
89514584,180.36369486607566
55800655,833.2315071274462
95341263,140.75207698924802
90170967,487.2447988902916
25603899,736.5402160692407
80752063,276.4242448742465
74272993,169.29388405605576
83204984,426.53439512526876
56041749,169.6186371693424
99929710,207.17070363983078
24093076,1053.0362302434175
76171771,170.994790797635
87313105,182.15768727712648
13150529,2961.7797649586496
85314779,252.49758101240965
23218937,108.16784974678258
15797769,129.37224199884702
18451890,981.140507511435
23712138,170.03073154088955
40201741,1113.2302780231157
74044702,413.9922958430645
91758728,966.6863537629703
41605529,127.93581564776223
30345669,374.3080105454278
72490311,487.5107750644782
11341429,122.75619055920833
86562367,106.52653046561596
65741146,121.05791153906033
28059650,581.5069290571373
36854120,108.01954132489759
70514815,108.22265827656084
28991223,293.79553285917325
34210782,702.1767188958231
97420540,983.64033613224
53582966,131.91444810304034
25471995,178.47950446313587
40521306,273.4594051313633
18442744,110.54475035349708
86475933,152.48031222557768
35156621,304.93096746828843
92398280,175.9859534736079
64419847,118.73601386824356
27879667,151.7349056377987
33454324,141.89616654107508
78234554,118.83099150957975
37295459,126.39028428693602
76464828,192.63015405331055
89898019,687.3793271893159
94459827,125.00584866158297
30672049,141.61582376745199
93226295,107.3821286564693
66733496,185.49675595291203
24799537,445.8280948279313
30909458,122.44561014026657
20815913,1133.5109428580276
77231006,236.03785311610278
63770561,140.10570881214906
61281100,102.27782043174065
25443496,1251.6226024158582
90941407,108.94821507536129
85217471,1205.1457573548535
11330523,185.2474993434002
60135515,172.35657889385436
96537329,852.3286173186364
89713236,267.5864020587853
87856838,421.72004025567617
68427758,128.0983509123375
35697471,128.74515319115608
30758105,241.35200505888747
66828597,458.19632833122654
64179941,109.42650329992715
57531913,142.7773641843458
82276369,286.72115377567866
33117908,243.19407896908447
23807930,445.1742500556658
58313771,105.18321977683974
86361973,480.71218071293464
54136725,730.1547852351152
80609057,104.49435276441682
23386046,101.3775297047566
88923790,433.1490418451324
50739054,1690.51613011469
85701835,109.71200809744818
11164690,167.54810259263832
60686704,293.688333290304
56500955,276.96109114321206
92377094,210.63492971880478
27377686,373.1995132197402
14820376,107.40960763533812
24454653,243.44338952053286
49068691,107.98843323843118
68870887,102.89169038991105
40404763,119.88990499717823
53993271,330.39152533272767
76624283,104.94532902806631
84681113,644.4850414026752
39182711,252.7350901868489
99418549,109.38295199717892
54009403,941.9697825492
15732665,103.14659904014675
21105712,107.19866975262687
76841454,115.87983982349539
77456803,468.1673774658746
94681649,134.75580350805393
42127705,247.1231968536929
86327920,128.63649811993614
49706768,182.36462174927743
47210863,177.02754873281523
98862874,231.07975377684295
80625113,164.3949481586873
13147967,121.02000152129656
79644262,191.00187502683562
40821766,106.8603219242887
38964351,516.5071954819467
80037468,295.16477849078115
10709528,134.70567493902527
14006566,130.0269962512098
84355937,204.7759735976579
68139676,287.6099845754926
51613745,468.23060114314177
77042505,163.03042293389518
35307179,184.20559356192211
43137990,1055.5683267492147
60366178,491.2089578839434
28449137,483.36709261317424
54714633,632.9109452210205
86469326,228.65354572123601
81392986,111.55176217135511
94816275,105.38550030645374
20992851,120.31596969234347
33220037,132.79573904868354
52922027,152.46716443252484
70522751,942.0528354621379
35179027,165.72590765976707
11006610,107.65075478900586
97027045,104.57321024383546
60842426,235.10012862597085
37962781,126.44450248535077
57446778,129.1037874522227
46803142,2113.6943805323813
96412152,340.0379077837149
41948607,241.53110363868942
30401183,308.0981165574178
82446721,546.8883526964003
98640166,135.11356183054562
16426411,214.258244284326
40919986,425.9270469183707
34959842,250.88052889318624
76545890,510.34998091112567
38671669,434.96626826831533
74577885,548.22164768694
77894868,112.11239852789224
44132106,411.77062907507565
13303745,164.60484727083428
82202428,171.68518139608594
69359286,107.91238403550784
49249118,559.7358162382562
65186472,226.17619764813116
86728284,600.2350328842757
89113200,339.52898941162175
64085288,183.80480273737962
83095293,216.73490493605223
55834975,266.6972013806148
12408851,237.85428919157857
45102161,182.9475475502182
21425066,226.91015561597698
49253416,111.67286440974348
91720337,733.7057907624201
38125202,251.36230436748264
76716879,299.7040516266985
75093314,829.0340053571765
94720863,131.43808868648503
69306868,104.80005213655237
78783123,189.28716298064123
31503266,350.98542820195917
51221256,127.22389214251048
36978860,209.7488996292324
77102844,114.62031131791608
85218856,271.2558869710416
64674000,305.70795949986217
71928536,164.54812194948664
71632516,742.4355921152259
44645677,184.83257780833912
27089889,180.01591535830744
85001254,452.37995741102316
80789294,491.60266973102074
94921905,867.5924121812878
87557595,340.0318128917687
27812172,852.9754237487241
70326518,870.0913083365598
76820242,107.33883459632023
37798149,343.294520754495
95689974,872.857088396248
86698149,105.05357192017973
82332389,466.62699540237367
38769988,136.85345155483768
62104171,340.22275653896594
20008764,219.93362465433975
88250848,1159.498947142029
99989436,113.0177332267213
20654244,147.42156896787154
63645129,215.6356399106836
66237213,460.1418050188007
89366030,741.6820781584054
43885604,357.51226951567287
20777495,136.4711282648065
17630232,381.2089354374062
41034819,877.477972299755
30863558,429.72367326791124
30990096,256.22357770063104
14528263,594.4317453655412
38046616,969.9114803256213
21720690,140.19962136038217
41971276,108.14762093242807
81966182,298.45939972160016
81876034,356.3384000802123
23233042,173.9401131756428
59959368,285.3640647396242
25429816,370.7945645659747
40884180,245.93568842041998
88955672,993.5947246813022
43077536,158.26463138159733
22541133,643.8346176045228
98515757,119.2671119027126
96170890,187.46723673649996
33994765,129.1466019888877
91089578,150.4072181301028
38840418,105.81796479279294
92439017,205.25765708435821
30192634,282.9147456846885
30769461,103.52751790212079
80205723,290.38455013757317
55131937,169.501342608181
29185681,918.204644837118
80773149,523.6423024395737
84757256,324.8639874736463
81505232,124.00309174058425
57555020,124.74776025785312
70106520,105.18572547496348
43240131,496.28295334996386
57158414,103.60549774216535
63966023,276.9055882372267
46075950,290.25113646039875
47516649,101.64363639265608
57203804,116.60629538004801
99285503,350.48682825819066
23511969,138.4538080729935
78376646,710.3761402026626
48884000,388.8695966702306
98727752,1324.912328702597
82907215,561.8513571606512
72719170,504.48586443048515
39149918,124.79876767139059
85435767,346.09555094303926
54111802,263.89723980958405
92599919,366.29155268314025
24226064,275.16723371497073
96829833,1652.584005670737
27301621,108.51065285946255
15887246,260.13475376805195
51726302,381.0328050935882
51260265,1674.505811266572
45934883,102.2955047913699
97289930,482.16933492541955
42847093,409.35681671180447
13695159,304.95161716705735
21664737,277.2346644453152
72162540,443.9961430434136
45972276,406.3314164036554
71222059,287.9852136160098
18901787,118.62910210892863
64794868,263.3170225208898
96040179,194.50524807098466
43891507,260.94072732380727
94649367,381.72973542529354
85490151,176.9529542844799
51948440,386.9315321932626
44237958,173.11662978756362
97658202,178.6530423820326
77699657,883.787980881433
23252427,516.6064159568202
10697423,302.8968494718332
99095154,451.1019390869653
86344123,140.49774090788793
32740825,137.21807872019474
39699187,399.37554784597046
79334316,689.9403424446022
13862142,229.18197420900376
95022546,108.41982831958286
85671131,147.81408946712102
13946093,241.11489706535716
71911642,477.93845188338236
74557358,1358.7903212840565
76424216,153.96126985449874
60569056,392.98944619711716
21429356,317.5717958684755
37147011,251.2070723562119
22363795,148.5567859529595
22711721,225.16462271597996
32781826,144.92518174359827
79919377,102.24628877305366
95950869,354.7115611689694
67975454,358.94535967937196
61846310,735.8129307583963
47190136,226.3616110990076
72140487,692.2532932898009
33356353,259.8688496683178
57558815,181.30636845384615
85765913,244.5818704835357
67405346,102.77069596869238
47178751,262.9909990264982
92743619,365.9805399954922
67809997,806.4163172570376
95649734,113.62525831795854
35761786,101.63618908379267
20333506,337.77092726322815
39856656,475.73187207987445
80659941,111.61555221897991
72539676,310.5386260748139
34808508,203.8369796154704
18684795,1638.7380801325887
60926773,379.54009205428025
25343604,246.90813019832436
85280076,106.49507099212293
51516725,889.6127898048812
54359603,586.4008734534814
65763192,131.25714038602365
53926540,133.73363213137563
77237054,107.26963311020603
75498756,146.3493883586469
99166662,241.69413591227345
72410551,504.2755297954772
82923327,313.2003582389505
46066488,278.5916643542719
33059137,284.95646530746455
51480279,109.92233878688867
19373977,926.5885156858762
90715980,157.70883145570852
56492794,127.29411474656752
46037369,129.69235796328442
22743995,404.7468353287025
42553042,434.9637139508504
36975311,806.1615109456335
75351486,106.27980895315737
30981897,857.0722098988854
35580501,120.93174016651214
40483549,441.41333560227196
64819235,118.49542727017734
26688957,264.47119665493483
94904538,149.8434638641686
46754012,144.01929618278248
36796857,130.4654831738035
28461943,152.26951036118643
14026453,313.007012098627
69053024,119.28707788740064
32733126,364.17995360983355
40931025,117.11162036500829
19427950,103.43064942716403
84597120,698.6389587651238
18811334,159.54809276475598
78324699,1716.926935264925
77953974,121.41275277159644
27862041,146.6978198807684
37247191,278.1831729517978
25562317,102.87449821166489
73172608,165.0652513134819
33104896,231.93782986559935
82319650,213.9567876745093
21799452,150.39619080250768
64888946,105.99885722495902
97264595,151.84788554810982
10429454,117.7973755626716
61575325,445.11429946920777
56897257,124.17730899567526
37059519,319.5839873116877
52110520,435.87724774550543
81197632,201.8155642156075
78041929,196.1801740640201
62481600,125.4315341033376
79068390,157.06984717267517
35652591,106.97650907140803
39694436,264.2451731176929
95898355,477.01853338209855
80006639,104.6653820494163
53958546,2790.066279814674
58986255,258.6679985198551
35034634,242.00888179930362
21845497,236.69490623377536
40578913,266.8201711615548
52684708,300.4381507224738
89834641,106.89282116483108
65511611,969.7421788072078
65731676,181.009489342809
83770991,1000.9701768559445
56280602,497.9399623501187
44140498,204.61858036181584
52748496,106.13203745223588
76136540,129.9145891745108
35483441,131.9565975188179
25193108,263.458702416402
27434478,102.02239675940953
84357441,721.700064157508
70840263,106.74353717086285
45633382,109.61288198146623
68317032,112.86461676063844
73465107,279.54705823635504
24929921,565.9922989646672
87300428,265.4236271200279
69871020,148.16561744395977
23755175,324.59399364895467
91971062,273.11753962823326
74483617,139.88238241209478
89642342,136.6151563875186
33276861,172.8828052178434
18861332,175.44697580073822
77211245,216.65916741661732
52041127,225.61944929170602
95864050,370.086461356229
82528777,161.01601058099493
62702832,493.9836564740864
24146181,179.6533330947238
90263367,109.39801122172452
47033948,184.6399901648622
97856612,170.591663630869
73014333,2813.435333854134
46731094,287.92407179439715
15781171,479.1538766233574
51156245,146.50944669872683
85958922,152.00823000014282
52550761,102.63878787337761
15567593,220.6089134127463
50279318,2890.857851076759
88796422,114.29301254598171
66724358,149.0509486627601
51443999,195.24181404749652
32661637,127.54644450593675
12999579,314.95355859812315
32460111,128.59723742015458
70354263,101.47103983545114
99768418,106.13859867255007
93597400,134.95922816450562
42968448,137.7426803036374
11447851,723.6685733741891
76146411,303.3464295285945
86917958,1941.3063338532875
57526187,101.66299705152746
71062405,248.59386912349578
72847399,366.69889579304385
54891075,117.30793669015173
89841901,175.95330597357147
90056417,830.314548624482
77892346,246.36605033367462
31627402,103.87150617257812
78864638,175.86671704691474
16022883,213.1675642569856
21980955,179.00154004586213
98291218,121.20997451720989
37406677,138.14019199211896
73253470,173.76975014724871
80239984,2371.8234012157654
60323265,136.0753427115795
93655248,165.47182978217387
58796215,103.87262383457637
94203496,168.4532889587972
89472702,152.31473675087307
29142290,148.0648591497148
71021568,242.10450864061698
69197364,388.87256687700966
67499939,362.399165741377
51780875,174.91126903675575
46941857,338.253630857935
57911836,1966.8312162987456
38559875,134.07937564082513
81398050,110.26862241542554
75334315,179.76455618147895
59308610,213.35087758363963
16247087,415.97916472345094
43247285,995.4107329335928
45215633,1570.5579921491008
40481058,399.9160134423629
40365284,482.81296408397134
92836079,923.4069113302763
70303716,277.44871070031536
81749724,103.10734404401248
41853820,967.0510080886675
81440480,125.42604571484995
84996580,331.0669052990447
35919442,852.6524881303476
19046260,102.96805646986695
90423631,336.0008567686174
92961031,166.50011815478723
89855372,111.87675004454121
77816576,114.26462995975639
12194715,206.21343342469922
20115124,611.7640829724313
73703358,222.52787556380792
89792966,103.37093227793964
43706254,153.99122156996404
70266281,104.49054299025816
78529732,180.19053424542315
31638825,105.30173539109454
58167471,158.42167427138892
93767960,105.42870978236826
55879589,346.2674338104438
67388602,466.9684422774363
86008328,335.54267441649995
53844650,147.1672580565582
86660948,320.38524106745365
39941650,108.96609454225555
44395757,216.5150631794157
81989533,263.9921412102286
46504700,114.30973734456437
39402032,253.9889613009088
85919943,230.85233560465494
80733130,309.3139229100195
25189661,232.2871539522299
14623666,229.64321421701564
70848155,234.3206344510593
68571484,1317.8894791550192
51228995,1415.2119080212174
49683485,727.825004955222
56036763,1671.522714733186
32459332,105.81227524705899
10860915,138.75864638042736
43696664,119.79362648010165
87941364,218.4451592052853
76183083,159.60570767483222
20966309,302.343490772527
37699108,198.66088365201574
55952526,181.88766546950916
15616438,143.62231744326834
86514240,501.2707564212591
92945955,184.65244530709083
63145934,351.28391186501284
58853662,774.5899412629168
79304271,313.1069324001828
24276255,602.2466235245315
43245413,542.1197317576775
59024690,663.6803483925535
13551336,119.86580438058891
44848614,105.04754621813578
61087377,108.21903422690023
11885900,318.2734682961618
92535927,156.37279812879268
21708152,109.84962810147637
45352808,307.69661994646884
75624156,515.6096896149242
32001265,294.6149111677372
20413825,413.54439333573856
40305802,185.374039091874
61861688,2606.228230501567
33441351,133.71574752704285
30365812,153.65886354615228
43625038,104.56374385533893
40659534,121.21450246773061
72885406,107.76808245681629
55817366,239.56086782341546
78604997,153.75961248119896
14364198,153.280782263341
70814486,128.18694382719457
71030650,173.1928252658962
93257457,161.3487212807629
65515227,102.4467536160505
23048185,1057.2641869757106
64021401,220.44578962500512
81601136,136.12556014298502
60464050,127.7238480113476
62126832,229.24497499935333
76122802,129.57604241253463
68619547,449.37496254264164
69931017,242.53055794804314
52039321,657.0730789838751
96748453,1902.6896842292758
40650345,1262.022340089351
94190496,354.32718191327774
40034795,146.98940074428035
16725203,192.5916218776501
37869032,721.094476513468
87784983,752.935645213583
67445694,131.17169378821336
44138052,118.14831082656
56359862,183.43209531791697
27113776,173.36809572416323
73853459,136.67741536631408
76284169,248.65103685341035
42581373,1251.8557958534957
74617250,370.22997546480275
29606632,127.20591059141069
22328059,319.3355299863482
94596005,1178.0308606008311
73640300,196.85697755170847
52511016,1050.6492926790108
63643579,114.67001069530464
73979691,527.4578825556769
76806109,211.2930046382935
67084872,608.2460662958239
94616960,102.41519874734797
44018639,312.0931836945031
10369424,318.58913897709857
19417264,149.4341857371451
77137301,120.97226180266652
33598935,102.02082480172282
81379316,493.420251355778
67627945,243.99493209160116
74067952,671.1667157247756
54161507,148.12996849843194
55930611,104.89819384622584
64919315,470.88095661784917
92109871,167.96996681363098
88653847,263.2345386028543
50331596,670.3655080710714
68139580,1390.616412275641
80241693,181.49981510080525
74034028,500.55201635610587
22712040,473.7549151483174
18212521,392.02810366114386
60434302,135.6101339722862
45427525,168.49350299317285
95853311,143.69315107469734
70857259,158.26517593422278
81477083,113.96603427297663
27723524,170.80166056840076
25206032,2303.4613583170176
12102381,377.98261101131015
72428170,377.19393016622934
27672042,1015.6590354103305
77000429,200.1671739181849
95589605,138.44380071194254
44647376,198.22961939370086
21338536,152.00880332641637
13820529,177.22840262423054
24568041,410.7510431403085
90117191,814.1812048328508
45800664,103.57808678960845
13557339,458.77310881773735
19087413,636.8883761475629
11616417,1386.1675827998217
22015830,477.2197954357065
42617304,219.24626076130895
72598754,376.2783878015243
34839793,322.6799945036289
77660297,187.4486528533624
13706769,127.41593886020135
71694094,210.2271266017712
26712974,127.59682994244979
11161484,159.66264438082402
92404281,450.25965335597255
29267516,119.58246864180737
44574998,106.22175787697512
66291057,279.9352881127538
13701175,102.86048035386855
24177160,184.75660208225474
81405301,615.0066832335127
11589439,128.0270352831114
17537269,236.84134847524965
98168887,500.5700639911591
57508409,165.08738340725645
83408387,602.4388664145243
43301435,683.7680400384451
49258344,257.45852202676906
98631322,160.9526692677788
69659096,203.76320490778826
99106028,214.68853037390872
37856658,103.41506683662321
42881579,112.3790633716066
77859891,231.0468198592241
81041727,132.37127068066752
47217829,320.8392419439834
53083229,298.0077178642491
79619006,306.0646766836633
87897995,110.8955292987212
17964917,858.0894214099621
80568888,246.89590757831047
43042929,182.0743227027567
62796073,146.28714443441547
61083401,164.70346522743512
14141477,122.86745113047776
68306110,115.1932881964335
43708354,158.13972224422616
73883907,179.52771565750146
75966104,145.6936627205943
55672599,109.09580418588477
14917596,282.54595379955344
65294870,109.7158727140873
14049454,110.66248060597883
93295381,485.3975577622551
27730907,1234.960129367927
52543486,222.63072291769433
79427440,101.70212338214165
46627987,136.32493773869157
63096372,535.435505187915
21047227,106.65768777652691
94588817,314.2542042201697
82925355,335.32480421188984
20239710,144.24463095188185
66560522,143.01951984307505
34394729,171.69146305475724
74199492,151.0882500234653
59577067,235.08541465887888
69919638,867.4815219344518
46718033,764.0535297258085
84917912,114.56311900099014
31599665,165.5777644227633
39056365,216.85161356703225
48895978,117.97380885960705
47094246,880.1979731948225
19549587,447.22844568345204
18563899,121.39070845320359
81642903,153.88770097224173
12095543,482.085299690848
67140026,135.6948207333643
11054636,519.4923041592668
21698635,199.57228663557052
23623849,297.41022726692813
71392936,102.24611448457459
83425325,601.000028788417
14553390,107.72998216575773
70274030,489.36183126941404
19402442,206.7188637182743
11041677,116.79169360593134
77513563,120.13262136258746
87335721,471.35962384704396
17466406,119.55924589336747
11267365,168.78441971575847
89144675,147.53279099536047
89338457,151.64951889993074
87803439,339.2791348824802
20104582,168.5575700937518
95781089,110.1602443646536
66358482,105.83013080607607
62863016,301.1070361839895
92557337,946.480188482268
10876766,547.2545200893182
70473205,259.9482291457201
87569671,1479.789507736845
61139578,117.88578628972307
53121878,161.6090655021508
15430462,122.17803787947526
67332796,547.2858109452098
75641163,274.67884613487354
23552924,1373.2350181635545
56332291,162.15807159164007
83472051,186.72511669477993
73213649,190.90097048664236
47802315,586.7220632823978
42459098,239.48182404469648
59654537,480.6173306062656
49312825,418.84342581361284
80983900,125.6699741328102
58178507,1290.4177960076383
50382416,137.70956202112794
66073034,143.41831654747708
43848284,154.37161239807622
85092410,130.28802600310954
22321014,333.274681049173
31162245,149.9736905462011
26802981,458.9800434755955
89737386,104.26418930503434
22704344,175.5710511803071
56000373,124.7761854071599
96310766,143.45582478840433
70324095,104.98432938106549
86441629,167.78710481543533
12514793,1212.8535665485097
89583392,219.80235327853867
36498032,767.7538788701543
22072881,105.51780142788795
23992589,163.16344335660736
25380807,155.9415776121824
30026993,113.27774823356363
65742850,103.497397494239
33236806,148.3975966913024
64518820,321.49093234578936
42371713,107.9288916895127
47924596,246.10018477604342
55469978,367.516769529635
29356220,385.7358209338604
98913649,626.1796790549101
22201860,135.34365543299123
17005574,329.2352026785091
61767605,1006.3049399488611
63003964,3711.0433434541706
52904792,125.80684837277761
87014699,745.8714955400837
60476269,890.7831520460552
23374773,309.4318863466032
12887652,103.5558801127554
11366466,125.91646835008794
62053080,106.09671634483091
21354279,240.36714061961825
58635346,326.5861535791694
57475663,308.47814154616873
44627129,268.7353012659725
29419543,752.9355172303669
47538164,393.299204106797
19854086,158.3613173932493
63381374,103.54298347337773
55348437,108.07998637374452
80254443,773.6326196350543
23105559,252.96458773190466
25129271,110.50496084302834
40257293,272.97321189797475
63509506,753.2204753264589
45432136,416.39193997806797
19785631,108.19497365324494
22859019,321.09201883513464
36147504,146.47355933001577
54449509,356.640030296219
81205631,449.4537787042211
98103632,149.15421479579234
32691265,142.09694492837832
72768344,1890.280373414096
51890279,128.3242213536144
48043615,106.95605857668495
25374441,126.90974710126564
59962384,1239.0762045301678
28910995,545.1455588210978
13141234,125.39089275196129
50747063,243.85623221092416
55252279,147.87281081447875
52007426,293.0663822037697
30847276,125.18583098176777
62106368,158.25768521147205
60214573,458.8751504693061
40002314,1906.9750075534819
32428356,204.98753904657198
53658343,703.7732583309476
29161839,108.62674235832529
46396012,135.3037504292657
62360708,253.17321851692967
43297939,108.33695976108454
12562149,181.00062357685454
36028116,279.67404224127876
87330286,416.4308475867796
88119407,245.6911953913637
26750897,300.7570706487757
49969361,111.41952873261931
97204974,101.85190934850931
99702598,213.8977132694417
52763802,134.59246868271129
68901809,163.71355327906923
39208673,376.9211506031435
54033485,106.20924840633846
54497531,193.31237374395977
53990991,950.5255308117838
84489537,212.78870033912568
35670801,713.9896671285751
78791350,265.3050422505528
20845184,1033.3440130613021
13555027,169.22607821680947
37646059,190.0734094866207
76127874,177.78333273371302
92134461,427.8571345138303
35770374,227.78775256307918
71020209,523.8050925575637
34171582,401.3264673691759
50654248,523.1457485699593
42458567,266.0818560427192
19190057,2144.441888531001
54080489,151.25358112227184
68542535,231.79188933134685
45210646,192.639824260232
59714270,134.0878305585625
88185676,261.90063169564934
71490260,110.2571058593133
30639393,172.92966348136713
82576353,202.94525113045609
24335906,850.0655459824584
21049647,219.38454175211038
13781432,106.34617843450874
86079138,103.50023348175623
40000990,1047.4661456405545
73775201,277.0406609105678
35148701,1076.873849344521
81596880,121.4546598586648
94320273,147.8504296241424
36438421,143.4442225762642
53057217,337.6955192616833
25248077,505.9313253704644
73038169,271.4306453101704
73258090,309.9154655681082
87336796,1518.4264886916924
78963426,122.55776027614931
12232405,309.2222339621123
86811261,129.36540050210752
43165541,246.90679783323293
83018865,659.9148238775315
37762842,187.4810967535519
65591705,188.99519056490243
67890361,122.48494557705179
94753186,139.53724463576765
93051402,552.8661138622733
18623638,553.8338996602783
35256497,123.60434442100933
79246585,293.9432745684491
23762226,156.88706405659403
67287814,129.28262182658682
78864148,825.6587834115252
30658878,105.44048916020964
97960066,137.9641369382827
19914732,222.4384043951017
23619037,130.0076828590134
27095793,116.59116908156247
83667300,644.3663618034602
76686009,329.97200943651404
79911388,234.05916072975856
36038618,130.8072830528292
91489166,235.7171030610299
64088644,173.44995011690992
10087238,134.9052887061501
68403788,202.25994485311784
95817054,196.717921543282
57182933,1579.3692235310039
83941537,116.05478640782191
86909159,708.3404488236015
45478492,571.379740114728
84142111,389.4452898452979
45223652,1213.20459722766
15651868,325.74157230612525
48952352,683.8222024317463
53380245,145.7967604325043
56211427,338.9523143850592
66961588,250.9921603840061
38567012,436.36376945676216
74938615,122.25370951354185
81147200,646.6724011446174
74772897,258.37762735854034
80316029,159.10881030068487
76791795,172.7341899628699
95549661,233.45517255498217
91524955,233.0767722691683
93849275,138.36534691137243
61885188,103.45190651408853
17120455,760.7736058487336
71403569,515.4222245090439
57944962,129.13032226450267
72483844,200.452137667252
45141218,691.9733511236192
47525065,534.3099619213112
24379765,453.0996149102586
91215387,144.1590173930375
39945150,345.7184178760775
25481926,284.57618088830463
72167432,327.74917419084227
15652519,336.06719508639696
58079379,124.77732077334795
81779274,119.71541101648096
11313638,1265.3447735009372
82915596,375.03698571819257
12551058,311.8715440956748
69374139,408.6797570392043
27490970,136.32299368185895
28663701,260.4708429435796
51901697,146.58846728719402
19964529,791.07171807718
14203976,403.94076383824506
86724526,185.78844046852407
46513661,212.45409953738692
42464585,322.5346086664897
14360059,1036.3569552784086
72181637,446.3926704995059
78956787,787.531480990932
30264496,178.97216239990644
77227528,644.7842375887323
50534372,101.55309280563762
12187853,224.04546157243414
97814800,121.85776033165295
49704538,514.9557643109082
31844965,1204.536632339681
89449307,144.84470051384173
72286626,753.5867470749223
90641879,105.02898110920545
39977212,270.29000718493955
56406335,148.94268512848632
46671061,338.5910340381121
21883230,198.46756963917713
57754484,308.87216694076824
96138639,118.91747252714873
48581654,216.92201259381335
15477564,135.23568412082312
18367532,439.02350789588024
57040971,112.04841440136937
24677280,102.86011041574896
38279741,151.12292717490948
39630161,357.456950470927
94354941,151.2725983126057
73739305,667.9332226162137
36839896,109.37332076818245
60950133,2701.475097676776
34560824,124.77460173586468
89848060,503.7158805727384
21727334,488.0245093248048
96402755,249.76422283001983
99203156,479.8493672739155
69252455,1678.6049739006435
86645439,104.31808743921792
83677892,185.34162640572995
22897635,224.7985166637644
45288708,1311.0877004194085
59969436,102.20635433581549
94774349,110.71993013566362
16886474,1310.2095489690137
44198009,349.62351425185284
64700341,905.3997394148585
64505698,643.0693284453622
77323444,461.2678771741576
27706778,3473.3427654755524
59628829,387.0297643113414
55365465,296.8559919590102
69970571,1515.6531313166968
94271260,254.91111345305492
52700573,1848.6700202591983
45014443,178.09135750095203
71021280,111.56141549674877
51886091,291.2475553835535
91170937,108.57119966337527
92081846,108.93887016987837
95719079,124.11341538694262
12428005,180.2251584552619
38292857,1345.090503717287
75786036,1079.533247742433
76868352,220.5429663369736
61787836,424.3417842922533
92993294,191.41040915522757
23885591,363.4842291955393
40800066,143.47137476723182
56146741,111.62750535388297
49447892,105.63726475733998
52965378,125.43159576908789
93685952,105.16774333687246
89649731,159.7838747452038
47102704,212.13637566177576
52908918,118.37567898351551
77943419,1186.184909537694
92500699,570.3198493594673
51420779,1610.666708362593
72830394,110.24913558742837
72781023,172.29743958395645
16161212,265.7378547183462
73724856,965.0733040482853
76991618,854.4456277824179
95797758,260.1200528903271
82786703,214.8644705475136
77183119,170.0764042828452
56026782,227.88531473252064
16589083,142.87145503342774
47749953,303.32694469734554
27187508,725.7309597509353
51723171,125.40354131446824
56627258,136.77479827342233
75635227,635.2397479177442
57547046,116.59651538632187
36631973,184.15080444155873
17463415,102.82166466348168
26674861,167.62075173887808
56995341,105.57831795681881
26126144,142.1841055265366
58450363,113.1702247873985
89312269,121.59931396100059
16817991,155.58764704424186
84965319,616.33988199503
43319013,1033.646225705084
44400321,242.63122425588037
80024230,528.8446216586751
74521218,1335.711575306299
44832141,106.63607322445564
70162625,105.24595360535697
43589357,178.07652459551105
14100726,117.56316436463003
36520084,201.4845592229201
98999098,108.82320302708766
14148442,125.79063769855995
90033275,177.01793753602917
19819492,221.15297171956007
94929441,1407.7852045007885
64769677,303.47154946839606
80605119,265.09817165662446
61896581,108.07583106357782
25053770,145.4331232180565
74893395,192.53894639473458
53560531,1358.9888351648167
89710260,139.64647307139126
93875018,457.5259170872933
64766158,1116.2878108046427
54305179,203.14083964621415
30403292,202.9294985337169
60767564,131.0160840600654
35303188,479.0492512534461
21177257,269.4518395915033
15350431,117.26202058836043
19112314,191.61760243083293
10078818,110.91722665066378
23150338,351.8405858855694
47635759,418.46324619594293
30605686,245.16617809374696
29709781,301.63323032068433
13735642,365.8344105636235
99020214,105.11639534366078
28873624,625.0854685247011
70890497,1467.8960601431984
99675492,186.7698696950092
62216584,157.95571841880593
84668724,910.4441787663914
88738488,382.27222009708044
35683009,1380.933578405421
72816721,193.72380568625846
19163259,194.58623751585526
51202613,668.7822154619889
56056704,121.8254476905442
49879334,108.67397440812135
16786843,209.87705096543687
47533115,104.36142515841469
22109413,1235.8764604732971
85518746,124.5529169524338
93362991,105.27805139430313
16124077,112.57481579018219
76182432,106.91155268479096
26790843,297.79821626335894
89672220,102.51355666862185
12756298,1428.9855272892237
16926806,220.19853835077066
14000956,193.68437465013565
36806959,103.6516537062239
87017954,103.56998075709362
43944283,505.7746263834582
44101724,112.23021255324461
67316534,819.4674779431843
88490548,320.38397188158586
88665651,354.8380418757361
83830852,247.03031095126144
35512699,160.1368750927937
49228670,132.6280992341976
47172196,462.6391794541069
86195285,241.88257949058467
61100752,106.48222357109829
23609539,454.75058029633294
95881788,415.7819513005968
44925764,406.5019552311711
83971268,105.13885927883645
17370699,390.4997412496902
76384877,310.0432190165919
93972349,110.40044776125089
64752973,116.90679840041865
22747583,1028.246476038394
38304968,125.04565848398553
10235307,143.60777357473125
25779125,102.64377574545641
12843653,1237.5869247319624
78094768,111.06616177330103
10635284,126.26898120218257
13687234,114.15030428527481
53936042,149.95810816133192
82732686,243.03765838542648
96543781,103.13100478616823
82228529,177.53491641347017
12775154,131.43589848283932
55255907,154.11580394640868
32916130,255.80887833776484
18504284,1042.0004998179031
65825890,119.25276111989879
33391713,505.20409830643547
93331533,988.7839016358843
89345152,545.8716541994206
46576484,448.4430569399934
33320733,116.1816370044197
10724817,1040.334334272969
41244276,117.21942952144214
39841607,292.72797036109887
59463885,556.5980282722702
61317492,1474.1108743988516
33725830,356.92816594285136
15316450,254.27940684147762
53318939,127.96585468512524
82300735,147.91660619940228
44927585,297.06527366898905
80951510,458.64472708354594
51421456,555.2883380521042
67936055,876.7585445342744
48065777,117.2811572094245
56103730,265.4511574105953
40566531,603.3792359318705
61129612,279.5326906102433
72015593,282.8404900774433
73826407,127.2461385355449
88021730,110.65722079027645
85653819,125.3817404091
45194339,116.11998647387131
91086895,156.48467857087468
51919540,196.86635371186674
23157322,1662.2528258264763
51628095,326.47024027913847
96537190,102.10329314498942
53402735,571.4181262239127
36360155,127.83091885789385
37694507,108.28329605851701
83593533,306.33062373991606
24284452,477.5525929363965
21000889,130.21410574646748
18518898,138.96914126610488
11533995,117.90997495928644
91728492,404.7280605328496
32889326,198.0759436863351
16392740,1383.590054953791
93954664,733.2881180779067
40527969,386.47140725741906
13359501,152.53884715769072
54613106,1345.0029524633983
89494294,101.82856479341768
43243456,103.5539378393426
49320975,1821.7490470972903
66824387,141.60329588495622
13395531,544.1280672376818
84702746,174.6297709514489
46376987,227.36119401674904
16949551,728.8039624675553
76113598,600.0668411447028
88051686,309.9241068161149
21575972,1688.6841255165727
25797068,879.2358268114338
46519671,352.169547253319
62958708,105.26495009893816
41163598,1211.6276007666822
90108134,390.48524295054284
40305514,143.84558064933807
28323820,195.76799604024015
36148206,128.73618006659993
41903222,203.2085734483572
34111269,129.5341321444899
22460898,1086.454296315136
87095926,305.0458885903633
99063606,845.3434557778614
41090287,555.0192467595538
76553835,470.11336544206256
40520930,1135.947723128059
72499276,108.7674862512944
40722377,120.62642064885216
23596828,109.17380181669414
94118199,903.6314177415193
54177823,222.2996838912034
32744353,1870.8765983571475
83540534,893.5981788551155
60135160,868.3960623599725
32215997,789.6331370053526
60591783,156.5532751861836
75534413,222.2894359625794
74381587,245.09993369591461
83928867,244.09708905250446
31779925,120.07943199045422
71389415,383.0129198674216
36657020,112.02774632372802
52833217,211.43893510369136
43206206,325.2994639755513
21701449,374.8522120411936
38073031,343.214645136252
34369333,181.90908953608508
92620587,130.4607673689551
11512547,3038.786187637142
81501365,252.65914430185086
91014044,260.34248345037423
90225400,369.8342885342319
77353219,668.0584918855665
55291546,518.1497896850735
22923482,121.8988918617282
14288303,692.1656150605058
55909136,821.6335980462671
41957261,143.16954259280828
17675131,125.20198125109334
13490253,106.93468323608423
79023756,211.4502606809127
98393510,1001.2089679787101
36169986,129.93275010599703
98879925,191.67789184291777
64713126,413.68400460428376
54807445,314.31285090104257
76751871,196.00951809467807
98441518,508.04898221935196
54149693,409.43154316501364
42794612,114.5885376810028
76036112,379.1811269657358
14657728,415.6652491115632
73292737,1820.9891368434019
37897222,640.0318881455362
24707301,584.7421005231263
54570938,1625.2541059542848
47969890,131.6169272584785
86391847,135.59812755016875
43251995,317.6620538888685
61789630,151.28072927527006
12601759,285.4304972761432
86045386,121.29256906878443
67870680,441.3296021501981
92603070,148.0722194792879
45118743,364.05097808225787
40352166,398.3946330920649
96817260,1028.8229654858892
70031890,1239.4284913851614
18280163,1092.1398377299424
84418154,1358.3583455278888
50657043,118.92855893717311
24196657,197.83519295740115
30339428,114.44613750549843
97021401,420.61009305579637
35926246,248.77796912383593
78296017,119.01216977537524
91378970,214.91809646916164
80348783,381.97282746911986
90424864,225.1176986131829
65449342,143.61555189884797
50552285,357.77924521200026
96371635,370.4660491292302
72833770,356.04013883485175
94834332,1009.2934795424396
34291304,1367.3289249544594
61020465,131.1590619564546
58556746,392.6469445946183
39138083,389.2313367009683
25334186,112.38258436403886
34764813,118.36167177068548
37404139,240.60267807321551
44171473,383.7050169980874
32137098,118.53402122507003
72644851,1027.4503970076432
57301182,114.97280499385846
68777856,166.72130992833874
46687209,101.81206781240552
69167315,485.51281577679265
82057134,460.43182535760576
28611499,170.5341302030114
73817431,291.5058691795409
66885663,1222.5533806159347
81244724,1125.302401128223
17815149,219.67171498688353
76792976,201.01003283269335
32232188,868.8424583155415
32884692,191.44291956986123
51904668,105.51566546792367
54177086,1901.8885844810077
79785130,110.35104416131868
24791309,108.24829408735528
79748184,108.75680821913701
71076766,588.7815433342373
91713473,121.96356853863116
21889636,125.98432151120811
88684450,147.26904828851693
13868166,457.11384344611196
72609306,112.9107004598624
40230821,708.1936971015268
65326864,108.18281274155953
47873334,121.281796990867
38502225,129.41122491355728
78086792,396.1944687262926
19000370,540.7917125312513
18794356,811.963154995239
15695931,294.23402213819594
69820899,284.94642232812595
42730808,178.53734506194488
55693372,265.1212234325742
39793167,518.1965256923179
42174587,385.2328727380383
17562701,128.09469441019468
75887228,2418.7144536551623
86381737,296.39519042340993
50478816,182.75748260781768
59640073,109.59415875708066
76678970,541.7827396882251
23159711,107.01060444699489
74146213,159.85898353051678
73679527,1358.100712495695
83678670,214.6363547692432
82153168,873.0210148595048
81585077,102.05108009736985
51172809,465.7442466845385
93348209,144.29245722744795
40526730,180.22611350907715
35477741,133.10487051467805
26904107,228.95392395396615
98083773,110.41195265600807
62394914,351.4626996736175
38403298,176.84115794378135
19395977,115.68484606063669
28561023,1815.288249010107
45885910,186.7816065285634
95086890,218.2404499894941
19776574,112.33361182222167
60586201,111.94290855066986
89147481,1039.8210913090543
47209892,285.55448808263895
47476854,292.8898838271806
60953282,235.29490405522753
72001460,334.4649081934122
22546493,123.53245550649297
48912589,475.27130008724356
37241017,113.75174103352218
40152795,236.59222220945713
45771924,339.50762930965885
70307319,288.10894845425105
42825484,107.22506001294464
32535623,426.7285702590565
54789245,126.32703705050324
72682970,286.86086426463504
51218700,434.65619180256175
16039328,151.9533848699341
44678506,557.3141524301392
59530373,243.96366421336197
81467001,131.7686951682335
50258434,1046.9563841221968
27681355,157.60385119250049
69431073,578.4644144435574
93968709,499.7714556624813
56478207,114.89352793102238
19466001,704.1454538130383
45204787,257.5731531000822
44120969,307.7496362736672
11347094,106.19630045207695
33817003,491.54002280868394
84812841,169.40799965201492
82947487,131.52080228685622
22317982,165.02718969016817
95086863,103.50011284576667
73084974,426.6522142834459
96665202,752.2599531727855
52954565,392.585852175783
22781049,153.07710070978794
39742164,102.4183984071496
20712973,128.5093063500389
76124953,140.8135298082577
53726970,104.7261670167323
30895251,288.4108637500471
87940348,310.35662394729496
95321478,335.29036879124965
41613207,137.2174851788979
64780104,993.7302976799313
72574405,640.2543496593465
87909513,102.59379885312941
80918662,144.5890179998712
50842195,127.80143634873521
37167999,362.88037383057696
56430683,187.40650383010927
62519911,752.7055679060785
29251792,154.72935993174792
85925973,110.41390135068748
34644536,437.39507940407276
39276706,169.4503430569977
81892516,103.91813194400498
30222761,913.2037647543724
10422044,520.2204221544238
28074362,892.3869977725383
64967123,110.8233652817046
38282963,135.09932539940172
76769818,138.52413577824072
81835353,401.5620748987317
34737343,1731.2874639287322
51032996,111.93716803565205
32565254,446.32569279037483
51764743,204.31447000865552
92831396,122.81992653531788
84077215,115.28934258838996
77480283,738.9580688212387
52724196,129.26869655860378
78039908,324.3427538795535
46605850,1629.4572409143304
61041851,104.03019005890381
10551671,292.97853324237605
84956232,284.3486929510434
93609795,730.5236835007018
63261476,236.72246420449812
78773692,462.2807890764014
41527728,1849.829291998632
86838609,120.68677476260224
46835475,121.90343458603643
23285553,469.0156982418774
83082562,260.17095419914085
33889237,156.57879781783916
46836989,192.24974584914307
42683388,1706.0238042079818
15212938,123.57847766073525
63857629,111.95119962974448
71736760,386.0430704375246
41166882,253.93298714008418
88287708,286.8644825688983
68218612,1088.0649712853858
34505104,306.3573001816403
50756606,269.05980910622236
40004505,118.36908403514155
89798576,269.60887348568946
43860123,451.4320339273621
93655218,353.73193825784574
71051446,539.0694299636539
93380848,568.095284448827
27980449,211.41573483990254
57084880,275.44031367943876
46438239,138.0768141270097
30942515,156.41976871710744
19590564,203.59054795095653
83623165,110.71054728848749
76716085,160.893023910263
60666996,116.62175748912516
78361983,238.64602350215594
72701952,336.56935596220137
74922910,102.08806981808813
63759907,164.36004800507362
68856134,190.71935947025403
79795778,144.05389252486253
97178936,798.7074458166069
56185778,159.91311441662717
48290079,532.0592141809462
29392023,863.8753068060093
54780943,170.27888095684398
97751068,103.92292056770623
69746506,210.4610895229627
55371174,308.93150690188486
67781652,152.86337489091858
78245291,167.85693454895087
64158812,195.31564342745506
60974365,217.99095607068364
12800790,244.05981817946645
96154030,993.8594627981756
98482327,242.37886362673098
17464700,360.1073281322766
56270967,657.4324800124825
46584495,125.48985998175296
72785702,177.41101333485193
41281460,205.22332515322788
80424496,1706.5007218753774
18835766,194.23328346870107
87502261,106.20660780658443
96135205,109.51876956191634
26258289,114.4262521669143
75302604,695.8093013083999
98645752,137.57304099279983
58643859,799.9564737942269
90141148,335.2049382325058
52181895,147.74880784793808
16710404,116.35419707304357
26056734,1286.021255516744
39602380,497.06017158530426
66983144,756.3395926047749
52507579,570.569062918711
97432890,182.6625494401061
85547503,180.94637185177768
63906202,393.4968351442327
84599750,110.24943339729231
84325254,190.36600709677134
39975048,294.20377619713855
81574706,389.3841746816726
30468791,476.04651061366764
97533812,105.89322979271597
18711694,105.9028441930718
51787778,1554.5602070296216
61409887,110.95357811385503
22014620,153.4101396620875
38836545,115.41480621074633
87391833,223.91222834947865
69117778,142.71778824347123
68122788,287.835235376586
51241051,199.28178838883144
87186215,171.84094479336662
84468326,465.63541713353703
86410473,1933.7353532902814
56236242,169.19558296428954
59626902,590.954006265501
66112801,112.0743076000301
84626603,103.38341449536125
68630773,659.6339486805954
33563434,1435.5653301587017
52975992,500.36441086667236
26817104,244.0850178351084
19501484,702.0085380946773
62595745,549.5748095936746
41563117,157.13237820334993
52796320,148.53492715243158
21489695,301.1757980231452
56658010,270.58327615799504
91048109,422.24411949154904
68814610,121.71553537732929
47089966,1287.7253755234735
79261064,120.55153946280217
43267298,134.0045802435335
35491922,145.07356661096435
91103900,147.34870654353014
81885878,266.57597059542843
10004659,139.44751715877544
49810234,117.0225349735773
65062190,108.51650894959174
57566037,905.8355255080695
55754004,742.8317343082127
99179360,309.5074164564695
67491962,115.63393853583715
55660033,253.20138176535312
96584547,118.62710633888302
36088377,105.37340306161691
97242422,102.40457488600144
12109366,127.05109169766604
57248099,749.7156799700059
46843789,638.9078335237671
15574311,192.62745845476536
39119987,676.4636339632526
95964371,170.03653151317118
93965777,464.9098895917824
32720737,219.2315422015369
38011636,120.52026515235262
28738450,126.60267173514504
82845868,218.3934870768713
92357814,950.8474854707479
94273774,194.89022501592046
86770972,320.9294453115643
95965665,540.7427405122482
80658412,176.60400944715403
11188732,104.03416318006157
78466957,105.95690969141556
77853776,106.08801429172203
81589793,629.9044134175452
49765777,121.88508365939279
88579415,451.65813526671775
65011154,119.60205021197616
32352609,317.5362891181737
25644810,268.17047192209634
36867135,138.4475650081631
88848522,269.89274535289644
54293859,331.27528300524085
33019527,233.88245949602748
46924492,222.74920488944684
19488750,151.62022179738003
94594464,115.63846827309355
73247876,105.3643234097435
71373451,625.0348604012453
27655514,136.7874713752061
94112335,105.57765847432371
79135715,300.66192396195294
69231521,184.33112278865218
11994136,210.76301444160262
27288623,539.0831404582711
88123955,186.4134431879445
10000265,325.8668216406693
79772833,144.12315597226942
93882232,1007.7905531097615
32109681,111.52031283810352
65404136,135.0745914106407
33831079,734.4232975961163
71847266,413.6506785349297
81003839,666.6531272089062
19285579,110.31947662481102
51911514,167.92272399392277
55539434,2408.6131441536118
44536751,190.7148154050663
70028057,106.67397672446378
86860126,607.3242435538625
64254454,172.79410565432588
98284782,125.05307579695028
34610652,167.7072119447497
75568847,561.6636526392772
65674652,108.79726908395189
55019276,535.2834220246384
55592552,524.4669862535749
94267636,108.83217853973024
69222634,140.2524209698922
85591369,626.3450719037063
43835656,133.6907076995484
87803052,676.2617558463546
26232040,204.04604937026673
91061668,158.02388440077613
30001734,280.3360497607235
64074995,922.8160568347407
98892450,195.8144281395456
30473837,125.48483257194644
95158643,139.7549096097546
42377220,219.40044693157765
64814717,276.5640832923127
30148862,1046.0001339044154
62010302,188.78023694323147
99477712,271.1417575592686
70875105,844.1727807604422
20465640,495.8984452132079
27850961,281.45266266599947
44835254,784.0865503278751
37634561,149.85740174368095
46702648,266.7369161133665
86839823,331.95411838277795
67985741,1336.4673904793776
27791703,103.43160067938373
27289673,1173.7753708123266
47043760,119.08120025063883
54808934,102.6810152344378
98155995,327.5678388586309
69341643,179.44541006010758
19401682,268.44614929971544
97496254,147.98351298479668
26009392,165.9261799582016
76357312,660.4749718500325
60644292,178.61234370924853
92095667,141.9143550731442
16021125,287.019524106989
52662306,151.20700074881216
22527415,407.5201153059908
11178457,277.5543359275931
19452873,769.7571866089509
89463603,110.69130444496719
55778959,114.28853610044766
45079947,118.24898457312085
71913651,388.2742376521222
26030335,225.41445668031014
18887144,368.26118018698884
67192573,334.14395374313574
93955593,775.539126770846
51025425,109.08766344202706
59882564,178.77168196151578
39586553,496.7774307786239
10235871,128.02734072289715
44636319,144.4471266396905
37290007,686.5726782347853
14108687,317.9742113964081
34932666,126.79731901982262
80941617,640.1264553071389
54682782,182.33231545911036
89652985,162.39825401011367
13137515,120.05010432837148
69623259,127.47053102851888
58672181,149.54397764403723
19145583,131.63315734090168
15756823,106.62363250963479
48404289,233.83355016282474
81082424,967.186835863639
73224913,216.31692312869708
75845341,108.5036918380534
98474913,142.98803036355324
41962691,157.41682295182858
48961741,193.2916143174196
87593653,129.86928622719563
84917993,105.56605965795791
24081947,456.87637798676036
54462462,251.1517092873661
51963469,1022.9915742156977
94467679,163.8150920893607
31642363,701.4803090225051
66097711,129.60351303067995
12884742,115.45664834830099
94999391,106.2718948863566
44605879,626.1901506065384
35787017,273.4498307200522
45450960,507.5623575632519
95291199,209.59057627283914
96016558,1653.3675538597902
84566828,164.5366795620095
47412693,152.81440439082985
49029700,113.92561224408303
60010012,128.3812332805366
75883768,174.54895203992564
26202342,475.2563566930078
42317663,159.0117596023779
81534336,476.00241321371504
89007837,157.21678845563048
55830410,350.2034404406579
42889086,306.338490135094
81610198,346.3884046308789
17452253,103.35060349397922
71203731,166.48590089869373
80449971,1153.564872920109
69429731,239.9345526427312
54605956,233.52671538827548
34299688,497.721901096248
87819668,1212.081840135221
35995429,181.54391051339232
79395935,153.1747842661182
77309412,303.33557885689584
43863935,277.9118738879195
25184246,199.39520802600487
36615071,310.3616223963412
38474717,299.3387741779601
93825316,200.84983217214526
33683398,103.36976744730832
69346242,427.01294107585323
59095929,187.36911462523693
87118088,704.8683652091272
45924958,320.60158129498853
78591323,172.15958286683505
37759814,1430.2134213026782
79378632,105.20048741477557
74799649,126.0086675420832
53222755,201.85129106772234
36749663,194.96282575199538
48476133,138.60197747685825
49028666,856.9342168272991
74177764,135.713501314529
14771208,142.854756742831
53613430,355.94736939408574
58749152,152.14643470601777
32751897,110.92586635109369
26470651,106.97488543621299
35002941,240.02073748824975
18541890,281.8154223299831
57596711,1108.8095946369656
24072464,128.19312413881755
31435093,1960.071956848743
30602585,143.71822757642227
75360000,228.0886601827324
46273615,165.9238692490645
95181699,108.01883390014602
91310621,366.78320318846204
82017783,104.70875458677739
70908643,2729.373281306312
15861638,120.01955952187832
50835625,111.16027595134054
28964861,892.8276060328939
29864397,1195.7159708913368
12057084,373.0954019380517
28334945,163.01294277650712
60084019,295.22698283244756
63996133,114.13277935349042
24215888,418.3472774933335
73974645,510.28370529414576
75072747,127.9421827660892
45633768,384.3799541093894
35646913,559.3141692619408
53661067,224.51136332026272
78907585,211.29691844184708
76922109,227.71126576813654
62248680,184.39113822384908
73320273,157.45304803494884
22179940,114.47011332613101
26991418,173.08102491868107
21855522,217.46561802782412
55265808,350.91876150577014
58224140,277.3700203983146
19913819,188.28593289321287
90275479,150.99887758099618
97988475,141.9827418183422
83636674,424.439180955246
19875524,1140.5322478603712
90421480,123.01943826297594
81793670,281.87709394587955
85521270,1891.6330019763252
97359529,107.39292071543773
91814930,379.644248587037
39016297,161.28308458590232
94156929,206.75846590774086
45023538,105.99611772556047
58269517,103.46256110854574
35694304,1123.0175863911825
64951262,331.2091039180925
95920942,135.10825818014405
41847450,1036.6391995337226
15255858,111.22576907893932
95924527,102.18566558210725
12518283,469.0156982418774
99811369,118.51979321085179
59569343,388.84580474422654
47206769,129.49539372788115
51079651,114.19610795112753
23194465,415.3254075604988
83356805,340.1939380586541
26586384,105.0378876549264
55548495,113.8426125156884
86324071,108.5558231196087
75101749,114.972893141435
16463144,111.45536661875673
19396787,137.9583122121225
33279246,347.4645298462154
49233593,181.95959036247504
48210075,166.46189861010956
55054820,312.417009811616
96257897,426.23243657792386
51430742,893.0161588483296
83437485,133.86523927879696
50578351,309.0387991995233
97275251,285.48143198059296
16222585,206.73875146656744
39525336,296.7229165849489
78481250,280.03162168574994
90967247,204.88304961629325
84855982,138.25377730028393
57782649,109.39437921623065
77997002,1288.4056094427488
36215630,275.22656584294964
95580912,184.09194147482293
59034107,195.24931690873862
74775777,117.06449564554816
39971311,1456.383917354632
89020638,267.62705944005376
51169286,150.7593676351926
99644215,145.83698768325166
90744203,107.24904941305014
96320211,957.2518111293195
36465697,322.7671559790556
86214609,368.5272398901283
81033519,421.2096029872384
61860616,122.67181562935757
11758072,880.9265770660597
72796099,211.9163633125445
12154166,502.6326406817415
48588483,196.38460060011394
75800458,176.40176933276564
27360889,103.11337527894975
84455620,542.9388046297428
94594944,732.2308380365871
73063439,620.3256490657873
81513909,541.0788413214817
76078349,142.58717948307844
18738053,127.06357698113482
29574045,359.1952552901091
80540560,107.84698670426677
25751173,107.9653405317712
26008933,1946.9784616089237
99638568,502.39390224800843
16106243,489.87014775989786
46712863,187.16939438188555
62434322,106.66820551111317
41483187,746.0725374099
56776930,223.05768266947769
79612305,133.97897828170233
64780825,130.0246570465241
45536007,102.37130866441008
46661025,2270.510184176999
77061678,263.36188529818446
60393588,784.8596072508018
63346660,247.41804412283906
27845955,216.33248295358996
55504400,493.3039463638172
29005367,150.48363528360827
22069246,150.58201031609312
84008491,487.73777272186265
17133631,386.1797633167973
84832150,107.0949172988021
45723864,832.0786672614609
43493787,802.6135507490517
66097518,703.8602932601693
70168465,239.9229132999422
94063743,129.3406733167243
14576418,544.6473049253879
67277120,167.34855614987208
94345958,114.48671328555001
30685847,144.46549830100528
85948230,181.1914786344506
89817663,106.59206374311294
32957921,1237.0768346042903
46701128,175.64237981402192
70035645,158.1331702785936
60395047,807.2613528476452
88839252,1066.4950519684958
84131490,174.8265721328231
75586325,114.66593841632388
80103534,234.07471515227203
43032685,244.3730505595073
15972126,105.83978701293408
41404247,319.9829510408906
38893753,353.55559526543817
73633779,1189.048580338747
35904393,209.0031505398326
24714022,467.9687247773811
19048345,1719.0809559087852
47004008,107.40008812361026
94742593,568.5818570054245
75269823,724.7558607591229
25552669,146.03245859939076
51828771,164.70752858959727
70179002,2410.5182817365176
38115411,109.28288905379974
40317565,200.8878270107551
21110207,418.2718533626943
84762082,245.2736347694776
48690899,1338.2353228131883
76594160,152.76915366981493
54192522,275.925387360243
72813893,122.60684746061665
21004583,215.91271228269645
64817154,189.7124841302309
42706195,158.1840638998838
48103074,358.01401921552986
21878260,1382.954093894699
36272220,108.89818137383403
13817497,961.3655282566724
41737305,1075.2533806930023
45517239,328.3402820210259
89500514,844.5079731877654
35952974,290.82490170959676
79180368,365.504271410889
49972479,393.7545353535292
16468436,102.18749410203806
66415757,108.08475897363333
60737619,525.7944872537571
61065232,141.49704432816793
40172654,111.88309300373032
89609665,115.22050413100227
23952725,102.89054847667859
72896307,134.61598907038044
43835334,160.252417374612
15170417,260.1305429102677
67479665,288.47318461475834
33361674,108.08569519737529
44130617,356.36827859434686
51579953,176.25673415916256
75908580,245.51721709585684
55554604,124.86943964040938
78855633,116.58110190369045
16657542,714.4981337751174
54732615,524.001371729088
61746292,377.91950079868025
57869356,239.0201680718331
29926611,276.2120630849033
75275045,173.6478686988641
47886535,188.60526854041143
44918482,274.8997313454082
78968246,432.8273600090452
54136456,475.94480157712593
90807736,284.86674669763636
60276696,288.2451120544065
82048962,125.38996523405832
92669446,143.81622768224238
48680297,105.70890883607849
20902349,146.39314760180855
56991657,149.8995950492481
47839152,124.70843504986622
78844128,174.95672950793423
13384224,617.9525354952483
46213331,123.98160990388143
34116626,213.45052240393863
13884884,113.88738894417818
86060261,438.06138004066474
33698474,123.23059260348171
65729973,102.12681856954099
10671871,704.8683652091272
35704807,133.45934255363878
55231783,109.624599955955
62208192,1262.0923384884318
67563103,310.5156368201573
72548470,309.67951642898043
35725437,743.7252862428974
91119982,297.40603926987694
58303560,390.88058247816645
48430844,120.93137810260616
17825416,437.19102513096317
97821966,108.96667683239133
76538437,951.6109060776957
46855429,238.3060019801541
70135617,299.00628506741623
68330883,456.4005821882323
82205109,1392.4382003773892
47743752,116.78381884864716
55059767,616.569461530248
88243398,883.4060233894795
44699350,465.2743345331847
35330178,473.30259364684264
25203468,128.58468956996697
40479165,103.23696599607179
10947997,127.5622573058894
76351104,495.86564741449627
11445786,294.9602204277913
49470754,148.26709398246746
25466549,105.03984966355858
68081302,154.54271083859896
66965573,106.44200728067041
91230160,189.74808625422327
44322697,200.5059815982438
17542284,211.47813303977102
43035885,110.78987862779323
73926094,323.65235980799434
64948505,433.0013415067299
78950808,356.7991125411821
38422125,426.1209706034213
70854487,224.08173551812376
96303461,698.9480836564918
46698218,104.73792601759628
42918073,131.94790835393258
60976113,225.1654788961449
80414616,119.70150963119895
11919826,502.6980725665866
78548658,674.5516718239666
21857739,104.04656128948132
29877271,1129.1779307744591
12698388,455.3079406906709
11871707,725.3553328074069
80819542,146.33167950343727
95941128,152.0197652595558
15401105,153.26115207858984
32754426,237.2495897413696
69235267,146.54324204111373
71590075,503.5358742066042
93562904,379.9537684536393
48418506,200.56974362997053
91190923,653.5862700614902
33120061,1647.2093692506085
79992717,247.35606727414861
57263719,269.0605351907011
97902872,951.991478941479
11659952,107.55573276637479
19463140,129.50110718645828
32523829,2110.0900127256564
91862885,572.5845839796514
72799092,491.03188383842206
53477503,220.79172832309644
66993460,134.81494495400014
13665562,368.8558800418508
80709687,675.782061307259
40330962,224.81656672170723
42684844,221.0778806825994
27675885,108.21935743848317
38250322,386.56209972400245
63478776,104.3280254909357
62285686,152.38662740635414
97553472,598.7754650244392
64732641,129.81990666498845
10341748,512.7886650974705
34930451,312.573123303628
53726168,696.760129890584
69426758,113.95403953897001
90029637,297.2637722629008
94611401,1205.7119635078006
31394855,108.02349264485655
36645175,122.4089061486461
56281801,673.6220323495135
12148162,211.64605955529424
18771087,141.37536678431536
15509457,393.0019199262838
58811830,157.22260787843013
73003066,106.34350237314447
34190353,240.10427407936152
70731913,374.06333687417464
55320872,941.5568498295856
41886703,189.60459809888457
16884593,117.73766680945806
90415325,1399.548913482392
28408198,104.52409064970205
65914001,354.39565551236626
75122895,239.77424277935125
80177938,1666.654653770813
37984269,261.4556772554395
81491790,221.2418822934352
37294085,131.84001745604107
23335477,125.24656730296596
74996570,199.77216837585414
11602841,1077.6732292732218
70152712,2732.0098380781833
37504288,104.77369334042163
76619689,124.51230194438486
95075447,499.91173714792205
62779399,816.000177224461
66278648,330.4317086585932
18002070,104.8880255785113
94135062,428.8076632724233
74396322,345.33825063964775
97169764,2704.2899187447865
84630384,255.2307058139104
46052909,1274.844708104245
60213474,252.88067565248875
33797784,106.90512326604761
59759309,395.24309304259145
47001738,164.91132013518182
76899861,108.2515323545887
54444766,1814.792085083161
26850612,710.7684793977071
22468145,226.92381703995744
39243645,232.639740639911
35759583,108.56382150354692
92468992,121.41238373183424
68717112,413.55324509870366
47344834,329.41751195365765
52115284,253.92533270413517
21042322,101.5868517953532
79258805,1375.6656006792546
51304748,410.6134653164956
23253686,132.24745428268477
43275074,201.50299917506382
81602713,213.612544528909
60924053,698.9435234694796
50363853,111.45429184258872
28412591,121.28419505067247
65145713,124.8251367790007
47077663,1020.1630828606919
58136966,126.35489591340318
67034290,142.88760697666072
72057747,246.84873023911445
78034116,122.49766911191247
99365155,499.854941132234
56151729,273.996362084443
68997667,226.6127697816085
46532370,247.30656880341226
43276809,277.0536696795197
70460118,245.77217161724872
66150334,465.4188713228593
92614050,368.28422238949395
69313526,155.36826853060015
70949373,943.4482960091846
98595102,132.1635968281769
57731071,122.65662421919627
58855043,127.07045554181985
45456441,104.31617166680908
39733268,151.69686865673785
71064725,109.42605334713639
29668017,260.562666311386
94555207,495.53543526159825
60811404,1093.08021470703
53154973,142.48789800665065
79534885,143.4024050855353
82049293,730.1546853609095
19578533,103.0445814821052
66374977,146.9591136174589
16850211,104.64750954264991
98217866,107.823071414869
33773989,1281.6196489741073
14998381,446.5387137727191
92421507,146.4981220044305
66591282,156.81448422371759
27243576,108.63949011486343
58962954,124.7670885406885
62891715,138.77601842022307
40256776,140.48665619972888
92014626,2100.669166800362
68868046,132.1199612287268
47811896,717.8485045088664
86438296,290.91890311235176
10421272,305.1107205941063
56519274,106.24271064914672
84854339,126.15809962832022
95049673,166.0655577364731
65578696,215.60846600700685
85747970,141.73403058217795
69874974,859.3767708465377
34594425,130.71653384154257
14874183,420.36074493146754
91643227,110.11736417019186
94998930,795.1849455491599
25184219,148.4786406919203
78637662,1189.1799050214402
40102355,703.2666940915366
33004293,170.60303530802244
85498300,1379.5893998435047
37721019,152.29534715693106
78482421,342.9307110610503
81912650,138.5247970359438
86410146,186.47901645446345
69095320,233.73493998378336
56569332,101.8458818300749
97340317,129.7418868674435
37533494,161.22487815844934
55430447,127.45197604547084
45610406,134.78230849607607
64085140,893.3221294532439
81416250,2450.7947891554686
70034683,283.9165249060495
40315264,128.6290778173568
73160601,510.58965746177745
54677638,206.99598915606504
90571590,398.3516922407391
84772888,105.41813878482118
90285847,324.9828843812436
80203339,122.0156755666859
73536003,140.85514841814768
56021479,252.14857049360515
10526589,718.9543890591042
23648848,142.1870191795254
27805990,125.93138743065737
46740683,104.80939185411172
66243364,255.0047804632558
88626421,115.17196465379232
81009655,107.73495986452386
47576712,178.5552993892959
73803450,607.4762861404707
47427075,161.97084132272187
72540520,144.35805582514166
55407503,107.78128172656912
49275948,1067.716851384513
74312584,103.7546849628672
84174297,244.54817147241474
96261162,157.77052291737934
22879870,892.2858355770919
13933179,206.46983447801318
20116066,125.71739423043533
38689361,138.17201585877945
63156536,266.6213741850004
95340838,394.63007757223545
75352375,226.6706838671223
48265534,544.9119707160178
74912030,161.72302230632533
70071430,1677.2700138906068
87025516,184.922540272861
52784904,371.3991469463834
96281041,210.79655193125822
60302206,1357.6563746288305
88862209,208.07298523374527
66359731,1404.8029725178753
56582999,145.89102950477564
78391067,129.89056776238868
84566381,298.81969821896377
15548328,240.31329606247488
49432086,196.50509544768937
49054075,103.87574079339254
71689174,111.746704740624
64196832,212.906894200376
85965917,336.7997276784231
30935690,874.3451623818208
55460540,119.1132160302535
89457485,106.69426556961481
10188743,132.05851581833585
58823191,340.90482138143074
20643935,163.16396872712716
40325735,140.29470458841254
91136520,131.24126557234763
32259671,119.88672878202603
26400774,631.5472424755615
28057887,2369.5510109731254
82844555,107.81031506621224
51111773,256.9593629199197
42987529,202.36215021823003
62978911,145.07548647930645
11881525,505.58426864869944
86857890,252.36176077577497
79797628,121.9654984411041
80357222,285.83836779704893
35431033,167.8595098891002
99201502,155.99004934312126
90452446,516.062508461763
18670977,356.83446474706545
66979442,126.62493012282272
93738605,185.35334063002875
29213200,212.7756407420767
31107212,104.05596259999922
91594833,127.25645038479668
82943336,105.46047757952324
68443662,113.44674522078677
93641230,380.12712415906526
50244475,660.2342070965999
87626955,1565.1396781943547
51387553,442.32801415770547
71504785,322.18169310208424
58768482,159.3133148385753
47301702,111.35417687397809
46285200,290.4743721094863
27113638,194.61701619223592
63361835,132.96689851567066
42709073,127.42620516144636
87920715,1129.2259180420538
59996173,121.25307324812775
97865712,106.39844006110643
76462362,1519.024453864357
38643308,158.78791507591643
62694540,106.2471080604507
62141335,112.61584435164255
34503041,236.47613679596418
11311229,383.7522865921305
51623206,247.86662718133294
28560163,149.0512915586307
94388349,1233.3710006312745
86256710,120.46601013401956
61215694,114.80970644055631
80946911,130.8338373155248
35537651,510.85554921564216
66755381,356.1291984536509
73455092,274.0820097072104
34041393,257.8964392187479
30484078,1884.2676249340657
62329986,224.42265079408844
62897188,690.2914597314543
51881772,798.7268812777611
94211751,124.8146285932112
61613645,129.40873038868142
71479652,243.1720384988902
85310501,384.57487151119386
23110318,102.79480293818928
82884759,250.83102692499574
51095836,110.19245315335424
52772048,288.9123577974663
17245854,106.21324765399866
96708865,289.11313534941
67276218,495.35756091340284
89528454,114.48427989952687
73044839,352.4792291954378
92820854,117.87767202408207
81415527,173.9822099265243
54704500,106.56777056833113
62696690,253.0239620929079
43848311,264.45733359367307
30447397,133.7426115068004
96343937,141.25822861089728
19151468,890.7452380162036
75047192,143.9150177830342
29891460,121.36161303497236
47625277,294.76510858575904
57930980,160.31603595849535
48354539,108.66363103120446
27628114,217.29639752125473
32690361,105.42476346965833
93744019,106.37059068240704
99861438,162.50909040232932
30181088,267.55388581150754
31181640,235.70270115820117
44766788,125.97658896068482
65594080,397.6176410881645
22508377,124.06798713336386
97181173,336.27398807879183
17420303,177.22234425311683
67800143,509.79155703771744
33454469,298.9102428098744
30418520,336.1801415268507
89752463,200.79512926858592
55142148,143.6309154320679
20848293,105.06765078901883
12617495,403.28907257334015
20378275,265.82798891420373
37172337,313.52693862140137
21839038,1032.0268858793095
66993155,106.1018528469859
41249770,194.93857429844374
80181790,735.7852097652395
36248478,619.0747645879238
99097401,148.46021341497953
16998435,226.97614756352192
28345246,685.8519531401381
97230601,325.1455736721281
67442292,116.57119881169005
54477624,140.57266401098047
22866548,194.58344841663387
86504569,127.30219903432129
81257074,636.7341827197624
53101206,164.1136380262325
77626907,139.19562315597844
15402267,115.30459448256315
66190974,131.52936372718332
85276459,198.590619323387
61882567,101.3235982433348
67503548,386.0043600052317
80801220,151.72844162316014
45827465,107.13244374404545
13145303,417.28565141983506
92842662,359.5225362601418
73150077,299.3014214622087
10904048,158.26021799706416
89655386,1830.273719503247
91827598,164.43898042849796
36736446,278.888729094918
73791907,326.08404154616824
93237533,1014.8146191470117
29020722,561.2626142848111
31344857,126.65139585985145
67961594,120.43919069347533
82896045,1452.1963455160512
79782925,102.25348075967696
65627534,106.18742423813202
51055429,686.4609951489069
24073352,256.95937467015045
63468697,474.4875267103393
69815836,107.8089038425066
94658489,229.92844073817017
89803063,2426.5857408113384
41826065,139.99549498374034
95957321,2320.0965597794184
72164672,106.60557328713449
88171071,527.4325193795662
47273090,105.89730124157846
19574799,117.97595180597872
74042503,1375.234692484164
73199665,113.07945651701084
32553552,116.77636816460054
99007181,809.8910414565551
86459252,213.69187339434808
33160158,2943.4629129258874
89403244,150.55596250065653
83607429,1563.6627352445
54979491,110.59385560926772
34711897,128.18347370531959
76049090,182.80176821154092
38209438,441.68327828060217
43607471,143.7767050473201
37603490,1035.545001040969
28133465,1130.2966907052912
66543688,121.47287655061331
13310180,1375.3499814829004
70639698,184.51668919413302
31227382,191.60706282323238
27953042,102.58868807633793
62042217,151.5713122277297
91860613,257.22649643036874
55497701,378.99989064478984
20529003,514.5563381243358
95270433,503.13622833600954
99713042,277.24834253472994
78850782,388.68503401480865
57339822,448.87714230520754
89910926,212.44543136080338
22738331,1014.4212380039168
29399410,107.85790838469579
48960030,113.81522663517597
23209349,408.4906700000406
40869262,3523.243506567813
13469481,970.7246996237099
37901584,141.9676180559348
15827667,291.21365091273117
36279211,3167.7594697952486
60254169,199.5285929288301
15666676,388.39728173614515
83527323,155.95797450419602
38323312,365.1722114396773
16145827,109.78951997522363
25816799,199.7055213291793
31540608,453.0700863360229
78332853,123.82410557912239
50241601,284.1126784142226
59793938,416.7783972799612
99765396,338.8928917916235
22142241,178.30180608584567
28238312,103.95683595184829
56677251,222.52192776302957
79286536,1055.2220851801521
20049898,815.0938013086374
79883465,1075.1487182140893
64419086,157.82281017542226
35428504,323.5855774535719
83636473,143.3645116261167
91911110,268.20470429902366
94747885,696.601382384847
77052407,279.7973841109829
89274668,120.93581066978324
65429257,158.01297027496065
18949424,107.64078264424688
78354959,183.92084192207187
38613499,119.08033262802279
99410878,659.4842573241392
17066881,144.17937207083753
84559340,117.3716756964609
45796615,977.3131709642125
18650747,194.1430917197597
87098836,510.86639079889824
18956602,158.0119422711956
49896714,2197.5943542822542
51066559,192.6159934708051
72393934,218.31862248944913
63389143,463.5858837904158
35204339,271.6769042903454
51345357,143.82053147454093
46322354,138.3107187404279
33951394,547.2130422620066
41031096,160.05320766947045
42228451,140.5207216179577
41161057,120.704288870539
98892524,109.3880032269471
19811103,123.15955996551476
65448488,143.62862216375134
32428376,450.1552994080205
85323274,480.8841722342038
92258087,104.88406599684802
79217297,226.00982504614083
11989719,104.92717645019033
28471365,134.63993402095232
34542074,123.87752914317524
29164293,254.42517812666807
84304086,773.7936561177726
31817572,119.03047076583658
77771839,2570.059327208999
14239440,417.1688820372517
46882099,108.41183570844504
38983396,297.69685623394685
31683463,560.7227315402342
78092716,286.80544379808657
42013895,232.31378554786778
65197071,108.20080764727801
64495960,351.0726317838257
68745703,156.62931876730477
51390927,135.07670529395102
94850983,103.0938741129596
24328415,183.13495886030498
85572847,1372.0889883328707
42303463,619.6530800874788
48215084,764.6340439146684
35427122,476.05640413272477
62307341,145.58175805237124
63212299,110.95636094164146
97856687,1173.9409303426273
35540248,110.08377994885448
41303810,198.65941631767106
72749855,222.45530380866694
21620577,142.74133738080548
33846878,245.03626235578616
72596574,133.51631679641005
85230815,267.7391233903556
72103187,135.0607329304747
39368813,165.81836860235194
77055150,179.55636377535066
61280124,114.94469221673667
88442406,609.0057942886664
34283144,323.7202307738968
20283328,252.10185224861746
15081148,107.88342839882296
30803223,240.86964259273256
95977285,241.80432805284116
73578397,145.91192666801126
23548274,225.41611010794443
70020229,214.867310545449
13657037,399.9055442184738
62209540,174.4915980628593
69122837,181.8232152246121
56882140,1288.3206239443884
31090970,304.23035331107366
18895583,198.56132569005632
56220075,517.6188833333952
81883128,326.93958949106593
85178304,501.85012225151746
44572294,363.90740425603394
69139777,249.34687501465595
77682175,254.4249158614853
98697835,116.54091168992525
82862062,1592.4954055887295
63154444,345.8480172730197
36052607,186.2459215477631
80221636,103.08846264298494
14612606,703.5249453114328
22793087,1061.1922907916532
27221763,187.5452683450541
85356281,1393.4045320634466
72870330,102.21476797947882
21631750,199.04897220208318
65662420,161.94558207873138
94704718,105.25385347580998
68031612,143.74280268039362
23780065,1132.418987606151
76854946,101.36928566969942
65320814,296.12877048137017
98544588,538.1080079367513
66236365,107.7177344293624
33614608,283.0997338047335
41538321,189.4553512331157
52604597,143.8173223673487
51929168,198.23527631386895
34989178,105.6203311588912
17968995,222.07947373798743
17104507,498.64330946771025
31799006,215.89710122806767
80534303,107.89206384708822
39486975,119.53232735894186
70473933,1732.2338216996777
39315812,119.99697964192048
32664756,244.8040086423191
40582877,257.3235595262345
14853484,426.43431640913093
72018275,127.268287543122
85501233,308.11903823988507
62857702,103.05583481673159
37589957,864.3800763038797
75861106,396.1592092141359
82048801,268.4149287899115
41226392,214.0807628922778
43191623,2171.835379854085
98896014,114.99332660523754
39009427,132.95404990072157
67635937,267.3721051496683
93989030,2807.850868834446
58213050,142.85111959238367
39089500,112.65155652408197
48099206,170.69357336997132
65115683,224.48445542784003
19072238,126.24241401374607
50691779,132.59765415761478
74240054,401.1922512701143
57606331,404.453501615073
50124096,147.42128889723898
50596395,209.54118583514833
96230340,119.40879965775247
73626141,119.3266261788009
12420303,211.9045709829234
64008469,1275.7094826501364
44066450,134.69353700645982
27734466,883.5211094320464
30219489,188.65578563037397
43296487,450.31928270963726
22060633,1230.5871891207498
23197881,199.7875542644285
65499520,132.0269958215697
42012431,444.76807229713927
42076492,124.61508980583837
92931745,345.95478139175015
47924563,104.89292689138504
17036042,496.2202424888884
79903869,149.63052047458484
27876581,176.51652038335823
10911722,267.0739386948507
21207465,167.50731442611067
90406241,171.3900125574386
92048586,116.74252283141678
72112785,200.95596375011814
10881048,252.22162184483153
71511312,412.1689700024956
42854203,299.97055642197336
23271785,802.5323171734804
92261360,549.7824050980921
14679655,139.0267605307787
90532154,118.40853417163825
32402071,256.2805412693131
90864060,528.7206788742468
27274358,104.5062276252965
26334631,187.9267262283795
39224642,116.92381291755122
19272671,306.53127103561695
77841869,537.9572882484359
27204546,1293.4177645661805
12405459,244.5759628436304
23265034,488.6473089841818
97633242,1162.4526067870695
15746059,321.3461912268913
91462754,238.00493978726684
71359730,172.29746188908214
61463575,1335.2674756019908
66429439,152.7076570157374
63351764,195.4650205006617
96265907,136.6062473736282
87085441,536.4071095820428
53920662,312.73029499384046
67679919,225.94089353818578
96779897,108.14762093242807
27837717,114.94954159290927
37035368,352.92379777015617
26123523,287.4311690006999
79652243,211.94219578277279
91451403,407.17078537185415
29758902,163.51886973877265
47019965,270.06449267791544
14375753,901.2062515671751
85119076,1103.894382724741
58032446,246.4162202425404
58129049,554.0405378170334
89574518,297.77951065778876
61206117,102.54250640812486
30554474,284.9866406594814
65452020,185.5200494055813
97089415,474.8237768754024
75395475,142.13477255083635
58881030,1085.9424078119619
49402947,105.52667919913569
68947111,154.7171159352529
48259609,1485.0600768884938
46561397,103.21785816944755
99687364,177.65397710077556
91051315,243.54049490086138
88446486,179.55443077535597
57583992,126.7784103833073
50054814,226.85455813822762
42048168,2218.953747474164
49480319,254.0900550762751
72653841,140.21715831498005
93923592,141.4894288444073
60863343,546.9774398100799
64544903,1134.3045181252014
13683649,249.26022050099047
35441685,216.7900518794266
52702103,239.89948593021307
33316809,819.0815112709486
99319395,1462.95944186309
42958811,329.60966120700124
79034999,166.1591914320325
76692806,383.8798128326655
12247918,106.1306083653659
82872484,142.28709320876726
74712172,319.3160653195736
40198101,130.70008005483496
21709825,449.3925523764056
56134477,1212.1888644162138
64741940,354.2291949036391
20094279,133.92134022640693
86415472,132.10524510498735
71923505,149.48799482234443
86463105,137.20567495431635
27182144,108.46892873232181
78605487,248.3716273582459
61339703,125.30849138223871
19457777,105.01390601868724
14282521,182.8914867839829
53055745,120.22035068064486
64045100,204.80642266196185
67336212,189.79104373071823
30110453,117.16145727617779
84766140,133.9140680767443
37132913,224.5839164978141
37337576,1912.1694512589017
81785280,845.1578595735533
33749639,159.0059485872642
65293655,243.3000102293693
99472212,782.3035870387286
78611736,114.94469221673667
34109955,479.24102796288867
85732620,341.5631836761871
22271257,139.03915558111626
17111467,103.32510120554754
87529909,125.09810684477785
80109140,825.8917565299496
74139761,117.26865118955675
46468468,1247.590649003778
11871024,460.37558111828776
38948416,2155.9313824028854
79710564,738.7118061432677
76775271,114.60026400308544
39022631,450.25024632986197
90991831,555.6752574115143
89162323,219.82788893211114
23588134,510.11778947941013
97925196,1041.0660632716658
73394555,731.0650287532404
81939394,134.3629205568091
34503849,676.9712453891314
97624284,2439.862046131693
83688015,224.9903820464099
26753007,105.0128916759688
87953339,219.34111106458437
63187534,723.9702638734342
67816850,474.19627772329784
58193423,495.67515295842503
63256520,103.54167217613171
14482256,200.57652692578503
70047018,159.10734128771344
25694473,217.62351242387737
18876734,118.10967469463787
24815106,745.0117753070501
32093953,127.54210221572772
21672606,376.1922640512303
51265019,106.87034058632815
46633682,555.0895282952289
99505720,197.67191451315867
72684116,326.51415918928035
73603518,174.44203980429825
42812113,1047.8404462909507
91497924,184.26214776354718
94645725,112.14881669504076
83011406,721.7068454577166
40459671,286.71279297465253
28128683,487.3783662754438
89799485,179.5018646295835
78077056,490.44947818289637
60018274,228.09064221215962
63035070,284.99825422876444
50452662,120.66452767313066
90748238,173.90004621386407
19626211,127.16880507584858
76831160,110.34706825217036
64430456,134.65639167460338
21788725,114.7866059710626
62692428,483.1720879221245
44601450,103.38592771211103
84918858,2347.1153913797934
60654538,146.46081270100726
33549671,105.57996913394253
96482407,160.99841601758249
38139452,302.496709236786
25148521,133.13273710046823
39090111,808.9369117585123
37364225,103.43323583780555
79808740,115.52350054749442
54570288,109.34804475165605
81519320,180.7927820713814
61290981,107.98062265235166
82595740,652.3967386947108
99018938,176.77238518806084
84429722,263.98918502165486
70463415,204.66772661634175
13251670,159.56729933702707
63915791,116.24915174633708
37156544,197.35137363751687
19087720,138.98692758424122
15777066,311.90703137736006
88419707,164.48337388831067
48515636,158.00113963768408
88810042,115.35335615922153
55078871,122.27223250780752
82278966,174.92307094383747
33265741,695.512030781301
64678931,972.2592043372376
26504939,110.75200602378041
64056925,469.13260316285044
46046461,139.0990990987059
47352478,516.9921193923813
91442238,118.175615235743
89293921,142.55806917592227
12378808,295.98854766443094
10153799,107.22192729615259
21954731,671.3398069597799
76938502,149.52544422152496
51632874,144.10168669506947
56510091,1972.6648102975078
54773302,218.66127324306524
29181400,245.0006372312715
36937513,1231.8769278115446
75732466,174.22932240725598
53117846,302.53696146749
38538746,190.249565998842
27988038,105.36461686774284
48886162,107.49780198453483
24085686,141.21285274049865
57820012,1299.8827402281013
46878225,1787.2039222452631
20632751,115.21500406291905
47775231,137.51423041283084
46789610,1450.806534691712
72806360,391.3974507348659
21856002,1059.1334366093142
42319053,390.2130966509578
99630613,116.27634035692476
61255494,139.2930596043705
76945971,189.886855441052
40393163,182.57154164481858
81941837,343.2664562534712
45930551,1019.8087437368082
24573538,177.88814435776655
52994547,119.37890415860089
28445231,770.272329983513
45643109,468.0717083900638
75887247,216.071056745184
46367713,146.35385068363678
12575157,121.31296680841193
85076068,392.53625628393957
84603623,1860.911687823052
45514815,141.54733406925345
52278951,1605.1244159543958
50360032,625.0694869773135
52896193,138.75175525152855
91847198,387.9080203494717
25179521,241.4491589413465
92545328,105.76616302671184
75231573,126.82337719151839
37926120,574.1753800322017
51096687,223.65231653754995
62646217,139.2748878444172
62619222,1001.5031086794282
39457866,104.72729417406948
47130686,245.53130903379443
78763249,1050.722154108475
69618147,184.71510683383775
64127746,302.42518793702595
56593004,260.36983200163814
97403924,299.0343952309526
73948550,604.231488605994
11236514,389.23723205221773
54389520,139.463495226291
76068841,436.0670658785194
59631248,544.1892657364308
34575405,111.71135733359647
91359645,122.55783744238444
14542871,107.47674462920348
37836409,184.10521846742458
99958710,145.4560643712491
50329848,771.0437378062859
55825298,196.32873995409125
43158591,576.4949590036329
95022900,492.091084308348
11903900,270.8138841862481
59905554,105.49514631867541
33394781,199.04169869222724
85262305,194.07379430057773
18156267,380.9145052191674
77719072,232.1886013036365
72353806,1351.005251298561
61973490,233.6490696363458
80257850,660.6852856276439
27763246,160.7218722176732
28152447,198.77015771135208
40447839,276.2709180343275
88401173,199.12955149914512
77151749,106.700454653773
76938434,252.95902136343895
14595997,122.27903090777518
22245783,132.60919070114878
45164346,275.93356313521394
44320199,122.1712135340475
35470526,129.6698749582928
83276172,121.99641102329626
65081928,166.18820990503679
34774976,1441.9964435432591
10096416,672.9328286775748
76574726,2541.7297871771707
88509347,146.8036552655571
11304650,603.8813600617916
26418453,108.97020369560194
69643263,109.166698910808
30241547,153.15987130890434
89725513,572.3915961285372
32289745,379.4994258581033
33888699,219.1463812827079
67508421,117.06334388955398
86446610,705.0918389493418
71641515,3685.440889204273
46243423,112.0516498484676
86921194,537.2834392473789
15222892,132.44909233506024
29435694,151.13499513234572
35795322,625.224923483177
39026338,105.27767321782407
27051431,395.9192874758985
91107111,111.03554762038044
76674186,144.69249805898528
17932616,672.7133226129127
86326117,1661.2542028070957
64151997,839.8623556126305
