customer_id,monthly_spend
20451981,962.0350266541451
23251656,950.8310140649747
64082260,209.81314312554187
82505923,225.18431633000233
89981994,339.28321647368085
64973937,407.8249873880249
27610278,231.5520354990036
35883083,128.08759082994845
20490020,123.58922764616955
54517670,209.81314312554187
94359232,129.60729906345904
17326886,418.0642426412662
86594167,976.0768652326585
94873255,219.11222169205124
62944765,877.1107837473824
95482882,231.5520354990036
76963069,955.962932016194
25112257,858.5705819850899
69916855,843.1994087806295
71088357,380.0140003766121
50168897,192.39498305024458
67403679,292.09770085873066
55474643,843.1994087806295
54852556,227.05367231522467
63667529,237.62413013695473
48025998,915.2321481132628
93351324,407.8249873880249
18887996,955.962932016194
49568688,893.4062431967833
92911099,219.11222169205124
11717924,186.32288841229348
62085471,401.45726821902366
78336143,386.08609501456317
13087851,190.8212515960724
33506258,396.3253502678045
61356554,152.05716968886162
11967368,186.32288841229348
98374877,227.05367231522467
76845536,984.7140957143387
59313599,40.1563996555285
41041059,970.0047705947075
22292838,202.99373418936358
99892065,123.58922764616955
78345355,972.3025752247754
85986903,362.5958403013148
27715035,220.05239837878315
66099730,407.8249873880249
75346786,407.8249873880249
22860710,243.39331552380602
65958654,305.88025095248037
82607442,219.11222169205124
43471475,233.15406027056474
36465070,939.4849486276286
21931749,46.72336903458415
66815930,299.8621795351909
44485157,237.29292756846596
78728059,962.0350266541451
89264710,153.86009957782488
81874643,386.08609501456317
48603927,225.18431633000233
20257622,225.18431633000233
88360790,225.18431633000233
79411556,380.0140003766121
24819092,203.74104848759075
74678656,123.58922764616955
22548045,339.28321647368085
95827783,383.4055533762861
60019526,231.5520354990036
82548254,209.81314312554187
90453319,213.98030374083203
15312091,378.9071901925072
34786964,106.37699177387572
46684232,403.326624204246
84597099,237.62413013695473
98134524,373.16629812304484
18531043,762.1308115163152
14953383,395.38517358107254
80944054,213.98030374083203
34873753,237.62413013695473
95577033,34.08430501757738
50215436,190.55392038241118
95347203,220.05239837878315
58614046,413.89708202597603
40368791,243.39331552380602
23316775,925.4714033665041
23331513,46.72336903458415
40038060,287.8285361097428
22096579,192.39498305024458
24978810,209.81314312554187
65890694,219.11222169205124
47906818,974.5031337784864
38478694,239.22615490851587
54797755,241.7912907522449
44533278,418.0642426412662
58182080,403.326624204246
67491014,395.38517358107254
45798475,215.91353108088194
41586132,390.25325562985336
22956540,877.1107837473824
25367334,334.4022162158341
70503250,150.18781370363928
58307796,100.27660381853559
59859757,379.2666860783849
47787665,311.0895923882001
69610612,407.8249873880249
66658967,974.4748404610974
37962749,984.7423890317277
87675902,418.0642426412662
61682179,403.326624204246
78073125,940.5917588117335
73229345,227.05367231522467
43171437,430.2367252345574
69766997,88.95883169857836
14939250,974.5031337784864
12328281,111.32638578593043
76560997,396.3253502678045
57569914,332.8284847616619
20883894,923.1735987364361
22766188,933.7440565581662
62905121,114.23612585899855
36295477,367.0942034850937
55610529,418.0642426412662
40366302,117.6276788586726
18624954,324.39215939738386
72668820,968.4027458231463
23817472,121.74816497833615
99830054,233.1257669531758
63410560,396.3253502678045
11811963,231.5520354990036
68778133,233.1257669531758
61211015,933.7440565581662
85223112,243.36502220641708
17785980,235.42357158324361
51523712,413.5658794574873
88242319,100.27660381853559
66674532,386.08609501456317
76442132,276.5495557075569
84193848,241.7912907522449
80878809,418.0642426412662
92088473,247.86338539019602
18574912,188.6206930423613
82956926,239.22615490851587
57265640,233.1257669531758
27961225,395.38517358107254
65404075,128.08759082994845
98698597,175.18274717795072
63221757,955.962932016194
45396691,407.8249873880249
95724535,373.16629812304484
98157590,231.5520354990036
60909030,140.26007342323965
20932142,227.05367231522467
85604729,93.42890156496833
25410553,247.86338539019602
76477501,292.09770085873066
29459273,209.81314312554187
71879657,373.1945914404338
67115179,142.0471128704114
82348794,95.03092633652949
32880748,395.38517358107254
36203607,160.42706895688056
20891850,871.6673508233215
94570583,966.2021872694353
47560755,198.49537100558464
39752876,418.0642426412662
68980243,299.8621795351909
71143374,231.5520354990036
89917748,291.9207289120174
30461949,962.0350266541451
67458886,190.8212515960724
44166816,880.9664293898309
48218923,229.35147694529252
83104523,120.30822049694967
23739634,128.08759082994845
45544123,950.8310140649747
72316980,282.62165034550804
24805396,407.8249873880249
85045576,881.9066060765629
21314164,976.0768652326585
52842656,282.62165034550804
12382139,291.9207289120174
88152347,190.8212515960724
49270171,313.82170157565383
20221404,978.6420010763876
25851974,380.0140003766121
95701680,401.45726821902366
83739665,933.7440565581662
61996348,380.0140003766121
12797236,946.6638534496846
25554853,974.4748404610974
72618187,121.7198716609472
77583489,219.11222169205124
79450582,192.42327636763355
84595636,231.5520354990036
89981949,871.0103957920423
69424476,231.5520354990036
55064308,169.08235922261065
82956266,424.13633727921734
60185159,407.8249873880249
80612747,203.74104848759075
41303090,142.0471128704114
13517787,148.11920750836254
34078093,123.58922764616955
69030112,178.38143778912
61791328,969.9764772773185
51789245,169.08235922261065
88068699,123.58922764616955
33399367,100.27660381853559
79597553,274.5259691005591
70695101,304.3605427189698
98169962,370.9657395693337
89251190,233.1257669531758
53044281,424.1646305966063
73528670,380.0140003766121
14751149,297.99282354996853
61490053,819.7091540673811
51385275,939.8444445135062
41764194,860.4399379703123
96598282,128.08759082994845
96823449,169.08235922261065
30931247,134.15968546789958
60872668,424.13633727921734
97835669,968.4027458231463
36785828,88.01376195829647
25812131,409.3987188421971
38410800,978.6420010763876
33023072,219.11222169205124
48250594,44.65476283930741
94891015,403.326624204246
65307671,158.35846276160382
99621779,134.8166404991788
83959755,231.5520354990036
64535310,231.5520354990036
30594968,969.9764772773185
10263960,962.0350266541451
60876075,196.8933462340235
12217583,413.89708202597603
29989580,373.16629812304484
31184452,403.326624204246
16182148,955.962932016194
74700470,227.05367231522467
53084609,178.38143778912
36052930,968.4027458231463
86583512,304.3605427189698
10930793,229.35147694529252
74179918,-0.5743842474027474
89853445,413.89708202597603
75258370,113.12931567489363
93197004,328.33012157788295
16551408,380.0140003766121
36115326,225.18431633000233
47243451,968.4027458231463
90773939,243.7245180922948
30735291,227.05367231522467
66891211,188.6206930423613
77142249,104.32511184948885
24530798,208.73462625882593
78204046,178.38143778912
60230110,247.86338539019602
13017302,209.81314312554187
21044447,288.7220383008481
28976655,413.89708202597603
52214813,40.65127439663303
61575366,144.11571906568815
23125986,339.28321647368085
11614855,134.18797878528852
68090330,239.22615490851587
31241329,409.3987188421971
21561157,231.5520354990036
61917300,373.16629812304484
82147824,203.74104848759075
91513421,31.352195830123662
30753790,946.6921467670735
33700064,65.61791455355552
86773406,980.2440258479488
41719197,407.8249873880249
67399596,44.65476283930741
37696535,102.89006042165238
15791208,933.4128539896774
24348676,360.72648431609247
24480974,407.8249873880249
49440078,227.05367231522467
48242779,937.9112171734563
13405947,980.2157325305598
34531671,233.1257669531758
63652222,368.66793493926593
97745210,231.5520354990036
48557187,974.1436378926087
79801016,349.1398346528543
93409518,413.89708202597603
48891463,275.3887223027904
41134793,100.27660381853559
76776302,396.3253502678045
89505130,190.8212515960724
46129267,837.1273141426784
57862630,207.16089480465374
32227094,915.2321481132628
72887559,310.4326373569209
97826236,192.39498305024458
40250768,135.76171023946074
56765848,203.74104848759075
11244823,962.063319971534
40189321,196.92163955141245
68120430,269.70185345398966
64917610,194.6927876803124
79290200,915.2321481132628
13110537,968.4027458231463
56816135,969.9764772773185
27525357,418.0642426412662
71914367,937.9112171734563
23989491,929.2456933743873
86436168,386.08609501456317
63499286,219.11222169205124
18619374,310.4326373569209
52222614,142.0471128704114
75467866,270.3588084852689
28926111,202.6625316208748
98661834,203.74104848759075
73087852,968.1354146094851
48887326,411.69652347226497
87383314,233.1257669531758
88682579,305.934274173142
12617324,207.13260148726476
49224165,974.4748404610974
69951588,407.8249873880249
11713703,304.3605427189698
59435002,974.4748404610974
61153563,233.15406027056474
57206499,963.9043826393674
89140242,123.58922764616955
95100771,237.65242345434368
32638417,178.38143778912
61625712,390.25325562985336
61250133,345.355311111632
17952873,237.62413013695473
14513813,239.22615490851587
57500282,169.08235922261065
51340284,297.99282354996853
35897956,235.42357158324361
21856280,231.5520354990036
36786275,866.5120326082633
99178725,956.9031087029258
48955886,231.5520354990036
51811678,413.925375343365
81930210,162.29642494210293
49161318,396.3253502678045
24723720,974.5031337784864
14950936,227.05367231522467
54638593,94.0858565962476
98115682,395.38517358107254
10533857,247.86338539019602
87478097,316.1195062057217
60429975,229.35147694529252
38969729,237.62413013695473
64656132,320.3886709547095
86963086,225.18431633000233
17268859,390.25325562985336
72142121,390.25325562985336
91574809,231.2847042853424
54272037,231.5520354990036
16058661,974.1436378926087
74133244,984.7140957143387
14281752,225.18431633000233
46666867,163.01026458465952
75686584,937.9112171734563
25546684,334.4022162158341
80619174,227.05367231522467
61749604,219.11222169205124
38248391,190.8212515960724
16877088,243.7245180922948
99140321,193.11672771691588
15975231,320.3886709547095
40531945,209.81314312554187
71708672,186.32288841229348
85030779,219.11222169205124
61117487,186.32288841229348
42638536,749.2110146247969
82326061,46.72336903458415
17028661,950.8310140649747
26048783,407.8249873880249
34262255,129.66132228412067
14326462,128.74454586122772
93816989,243.36502220641708
23690395,401.45726821902366
94999262,905.9613628641423
81971277,864.9383011540912
90562416,231.5520354990036
95799765,46.72336903458415
89244724,134.18797878528852
83879641,156.55553287264055
96424387,231.5520354990036
51051501,336.7000208459019
29249441,910.1002301620435
62893412,48.592725019806494
61417835,129.66132228412067
62755928,386.08609501456317
66501572,415.4991067975372
76084740,407.8249873880249
27624326,241.7912907522449
86757966,963.0034966582659
92455037,299.8621795351909
67852942,395.38517358107254
30696098,927.671961920215
44792329,213.98030374083203
10390388,178.38143778912
17826936,888.9078800130044
71880941,413.89708202597603
98184673,219.11222169205124
60002125,59.5458199156044
34664804,192.39498305024458
37594595,213.98030374083203
42980815,304.3605427189698
25819880,390.25325562985336
16484408,147.78800493987376
91766904,305.934274173142
82866803,134.15968546789958
82424284,952.7642414050246
72903422,219.11222169205124
11480750,209.81314312554187
96983867,231.5520354990036
41426492,373.1945914404338
24002286,962.0350266541451
18056145,203.74104848759075
72362977,296.581172385971
15977163,229.35147694529252
51036186,144.11571906568815
34918337,955.962932016194
20599813,233.1257669531758
19900890,963.9043826393674
27971378,409.3987188421971
50965403,198.49537100558464
49026734,864.9383011540912
14192253,984.7140957143387
76817070,893.4062431967833
41164681,409.3987188421971
94312885,203.74104848759075
38527851,364.8936449313826
88279496,968.4027458231463
15498361,419.63797409543844
17691622,220.05239837878315
43719564,946.6638534496846
27861137,120.30822049694967
20308452,237.62413013695473
97996598,128.08759082994845
93656677,196.8933462340235
20464937,237.62413013695473
25195757,976.0768652326585
95231592,169.1106525399996
96604510,138.98380111446897
12888073,972.2742819073864
99408984,202.99373418936358
65238591,239.22615490851587
24114707,968.4027458231463
70796256,368.66793493926593
64703869,145.0558957524201
35203752,156.55553287264055
47453323,163.01026458465952
12385313,184.4535324270711
54441418,93.42890156496833
83549825,418.0642426412662
20370209,968.1354146094851
68357218,345.355311111632
62743829,120.30822049694967
20331898,419.9974699813161
43934228,237.29292756846596
47620709,409.3987188421971
75355275,237.65242345434368
63446649,178.38143778912
89051919,923.1735987364361
92954904,338.900579399613
64731800,413.89708202597603
27945685,227.05367231522467
98412215,237.62413013695473
19535502,933.7440565581662
66516822,219.11222169205124
45373292,16.843775827894547
34711249,203.74104848759075
48370651,962.063319971534
71354510,247.86338539019602
56728847,114.23612585899855
40004525,214.8556200903776
94648945,137.5487496866325
62756732,413.925375343365
80428237,974.4748404610974
64878556,878.8978231945541
30597278,106.34869845648672
40357660,386.08609501456317
98010210,291.9207289120174
43275959,25.280101192172538
67938712,233.1257669531758
50506973,402.42573822314455
27421159,380.0140003766121
51123211,123.58922764616955
51887530,117.39848042388155
68372581,54.66481965775762
31184062,802.4686248776982
55543655,968.4027458231463
71805162,150.18781370363928
98612541,310.4326373569209
67235486,225.18431633000233
35490134,203.74104848759075
74647441,424.13633727921734
73962817,311.9523455904315
95192638,403.326624204246
96803902,872.5301040255529
97635826,425.7383620507785
34428942,940.5917588117335
86699979,156.55553287264055
79766437,237.62413013695473
55732878,128.08759082994845
20035702,843.1994087806295
54997853,291.9207289120174
91776457,220.05239837878315
13967606,860.4399379703123
88365927,237.29292756846596
92907413,203.74104848759075
89771364,871.0386891094313
75648081,837.1273141426784
97365061,59.5458199156044
29587137,121.7198716609472
22019813,231.5520354990036
29469529,419.63797409543844
66670735,338.900579399613
84380411,968.4027458231463
17040729,962.063319971534
25307807,291.9207289120174
33962361,915.2321481132628
67969299,227.05367231522467
38562471,386.08609501456317
33114742,860.4399379703123
54307298,866.5120326082633
20058700,225.18431633000233
33779532,380.0140003766121
88110162,233.1257669531758
36112292,905.9330695467534
38475061,927.671961920215
92644264,276.5495557075569
92355731,955.962932016194
75478249,129.68961560150962
23875741,401.45726821902366
88793850,44.65476283930741
14142195,237.62413013695473
67422773,968.4027458231463
36705498,235.43613473055785
62072834,409.3987188421971
33337577,962.0350266541451
14298054,407.8249873880249
96998725,241.89086644257685
70579244,220.92771472832874
26844678,328.33012157788295
97441250,235.42357158324361
49239286,380.0140003766121
19469855,239.22615490851587
82552850,179.32161447585193
60170958,227.05367231522467
28237826,203.74104848759075
84208342,796.0138931656793
28295140,227.05367231522467
38477827,142.0471128704114
54941872,940.5917588117335
15450767,134.15968546789958
93656934,866.5120326082633
54273142,121.7198716609472
63648675,233.15406027056474
31875954,409.3987188421971
60881802,253.96377334553608
17233443,974.5031337784864
28953932,219.11222169205124
64958348,940.5917588117335
27038940,916.1723247999946
25667330,395.38517358107254
89200812,38.582668201356284
63109620,227.05367231522467
34692595,88.93053838118942
45554823,239.22615490851587
50487516,190.8212515960724
37970303,396.3253502678045
20944145,770.9350153417201
54232510,129.60729906345904
58289637,976.0768652326585
70295882,318.32006475943274
11855847,407.8249873880249
26640485,48.592725019806494
92806514,345.355311111632
43703605,405.62442883431385
75507937,858.5988753024789
21361381,101.31632896748022
73615273,316.533025312261
92437179,237.62413013695473
57813173,237.62413013695473
99373127,235.42357158324361
95805212,386.08609501456317
61946147,203.74104848759075
24903202,215.91353108088194
88268253,974.4748404610974
45270713,403.326624204246
67013519,401.45726821902366
64480094,209.8414364429308
18481385,962.0350266541451
69314375,219.11222169205124
58464172,168.36851958005403
57844179,241.7912907522449
65371057,194.6927876803124
22749627,137.5487496866325
64747851,984.7140957143387
35545690,940.5917588117335
91575937,237.65242345434368
11663787,386.08609501456317
59570536,401.45726821902366
53724418,407.8249873880249
78572661,405.62442883431385
38544041,128.08759082994845
27091356,843.1994087806295
20013110,263.6297588160386
11862841,203.74104848759075
54926458,413.89708202597603
72702715,933.4128539896774
65477001,196.8933462340235
99407693,207.13260148726476
15192014,407.55765617436373
87232785,235.4518649006326
76412402,193.11672771691588
49393943,962.0350266541451
53853124,339.28321647368085
17486636,817.8397980821587
64895733,980.2157325305598
64938150,968.4027458231463
62321885,25.280101192172538
14616504,321.3288476414414
53996148,927.4046307065539
17209399,172.86688276383296
25102335,969.9764772773185
54515012,305.934274173142
80596244,184.48182574446008
54217244,383.4055533762861
29133774,231.5520354990036
60727794,121.7198716609472
55160698,109.45702980070803
18231141,247.86338539019602
91091163,984.7423890317277
52747750,40.1563996555285
97932301,134.15968546789958
77391969,962.0350266541451
64274314,237.62413013695473
82861922,817.8397980821587
95155142,127.82025961628727
57522876,186.32288841229348
46054634,88.87651516052779
32006732,231.5520354990036
62808198,186.32288841229348
60875435,209.81314312554187
15688688,304.3605427189698
13559129,128.08759082994845
25489744,326.4607655926606
55669591,401.4855615364126
10763911,237.62413013695473
15579269,79.57743659401848
18433265,395.38517358107254
72131946,269.70185345398966
50106249,247.86338539019602
21363716,209.81314312554187
80090384,276.5495557075569
37971475,963.9043826393674
31314120,148.11920750836254
73683678,128.08759082994845
29703095,980.2157325305598
87144591,106.34869845648672
44689207,413.89708202597603
42450190,304.0932115053086
92653218,413.5658794574873
67727493,233.1257669531758
55742747,837.1273141426784
96941026,937.6438859597953
89824134,940.5917588117335
19822449,403.326624204246
18676315,430.2367252345574
17316044,184.4535324270711
81559769,396.3253502678045
98912158,324.39215939738386
67772871,44.65476283930741
65921862,884.9699178325052
12636566,201.06050684931367
88608909,166.8943638162138
43902318,292.09770085873066
59512038,963.9043826393674
77976362,950.8310140649747
57092914,79.57743659401848
47412567,407.8249873880249
17145991,864.9383011540912
56270450,866.5120326082633
47467383,962.0350266541451
10449714,978.3746698627265
43156511,123.58922764616955
71377851,237.62413013695473
54093810,237.62413013695473
78096026,87.35680692701726
57320154,339.28321647368085
45383520,209.8414364429308
38351707,974.4748404610974
70796190,409.3987188421971
29977177,227.05367231522467
97584339,407.8249873880249
47886559,940.5917588117335
45622137,872.5301040255529
21500277,93.45719488235733
47647928,326.4607655926606
54496344,237.65242345434368
44268785,184.4535324270711
75946241,12.360304300654207
30459191,933.7440565581662
15840319,300.7483330012612
72588739,128.74454586122772
73017157,173.2495198379008
25420365,396.3253502678045
55377863,334.4022162158341
51370964,82.85844374323835
48905468,235.4518649006326
83191846,332.8284847616619
59334183,231.5520354990036
94009638,974.1436378926087
41721760,227.05367231522467
35401283,413.89708202597603
69685525,241.7912907522449
84271975,229.36404009260673
95753616,418.0642426412662
32526219,87.35680692701726
64532934,825.7812487053321
76031822,237.62413013695473
52468855,186.32288841229348
21028902,237.65242345434368
34108713,178.38143778912
84943048,887.038524027782
84439701,372.83509555455606
16539498,129.66132228412067
24537949,169.08235922261065
19537971,403.326624204246
72069403,921.3325360686028
84333546,380.0140003766121
11868598,871.0103957920423
72165230,277.58928085650155
86606477,209.81314312554187
85432562,121.7198716609472
53853013,80.98908775801596
87319378,282.62165034550804
32466967,990.8144836696788
80519195,201.06050684931367
12289146,373.16629812304484
17893529,413.89708202597603
76217556,403.326624204246
27323024,233.1257669531758
86557861,386.08609501456317
37601873,135.67939370141016
43146250,864.9383011540912
51498335,877.1107837473824
46939189,203.74104848759075
36620181,227.05367231522467
59890806,121.7198716609472
19160668,203.74104848759075
94555827,229.35147694529252
73451577,852.4984873471387
83828090,88.01376195829647
92021594,194.6927876803124
15822386,48.592725019806494
57405310,243.7245180922948
22671359,864.9383011540912
68101436,196.8933462340235
66910009,213.98030374083203
55778706,241.7912907522449
75120697,134.15968546789958
12885545,237.62413013695473
28604372,143.62084432458363
97297156,852.4984873471387
18964928,978.3746698627265
61244754,968.4027458231463
45178470,253.96377334553608
65250669,94.0858565962476
75566313,227.05367231522467
25053248,233.1257669531758
71082761,219.11222169205124
25210276,304.3605427189698
39718089,905.9330695467534
51364178,100.27660381853559
31211994,88.95883169857836
71509945,390.25325562985336
98330029,373.16629812304484
22456435,386.08609501456317
56912862,380.0140003766121
41548833,802.4686248776982
34760776,241.7912907522449
54015943,864.9383011540912
75943554,956.9031087029258
61847706,231.5520354990036
79766441,184.4535324270711
29099073,194.6927876803124
92971983,227.05367231522467
77042656,955.962932016194
41355522,304.3605427189698
37905258,130.54747575019098
62845536,207.13260148726476
70252689,139.84655431670035
69012389,179.32161447585193
55230723,186.32288841229348
36148733,395.38517358107254
11166306,231.5520354990036
86661349,219.11222169205124
39933083,291.9207289120174
91301497,937.9112171734563
84697954,405.62442883431385
16890490,107.38842360543129
46638869,305.934274173142
44149767,123.58922764616955
18897403,227.05367231522467
77411533,186.32288841229348
62885631,386.08609501456317
34219564,972.2742819073864
69042251,219.11222169205124
24137005,190.8212515960724
66305720,121.89684360766046
17619455,292.09770085873066
63065642,128.08759082994845
43970026,304.0932115053086
78870428,305.01749775024905
72114631,152.05716968886162
84664219,237.62413013695473
25739422,386.08609501456317
54038039,209.81314312554187
55081531,237.62413013695473
45672847,235.42357158324361
29734641,311.9523455904315
63805244,235.42357158324361
82782411,395.38517358107254
64705797,247.86338539019602
59326862,380.0140003766121
48549098,969.9764772773185
39570097,207.13260148726476
98000370,231.5520354990036
63674921,968.4027458231463
16674336,209.81314312554187
77063987,156.55553287264055
67143015,231.5520354990036
10570033,368.66793493926593
47185088,229.35147694529252
63757190,209.81314312554187
43453041,940.5917588117335
17890447,282.62165034550804
34735493,148.11920750836254
40580820,380.0140003766121
84776860,968.1354146094851
34883247,231.5520354990036
75437035,213.98030374083203
63198281,326.4607655926606
33289878,880.9664293898309
42222441,148.11920750836254
53518898,134.15968546789958
77756377,124.47538111223986
66266331,974.4748404610974
75207542,120.30822049694967
65741993,401.4855615364126
30452290,213.98030374083203
30341625,407.8249873880249
10196118,974.4748404610974
39997400,339.28321647368085
42764498,219.11222169205124
93568775,225.2126096473913
60138513,401.45726821902366
95863174,241.7912907522449
92194956,115.64777702299608
34979379,966.2021872694353
71517927,40.65127439663303
80092401,148.11920750836254
29853468,407.8249873880249
95595164,169.08235922261065
47277321,413.89708202597603
95111852,196.8933462340235
49309773,343.06774001490317
52060622,233.15406027056474
18920892,106.34869845648672
95549548,247.86338539019602
28343921,407.55765617436373
24575136,297.99282354996853
51405326,224.86567690882782
88024456,871.0386891094313
61475538,950.8310140649747
86032798,142.0471128704114
99829874,233.15406027056474
96251785,405.62442883431385
11235918,235.81877180462573
41084979,106.34869845648672
31949326,220.0806916961721
88425482,190.8212515960724
41724063,946.6638534496846
24244868,417.79691142760504
96443454,409.42701215958607
83159015,231.5520354990036
24632345,950.8310140649747
44153806,409.3987188421971
93580629,233.15406027056474
53277959,386.11438833195217
99759183,858.5705819850899
55252816,134.15968546789958
41285175,190.8212515960724
73261084,419.9974699813161
99347555,984.7140957143387
70567494,190.8212515960724
76764787,974.4748404610974
14328685,310.46093067430985
66866287,121.89684360766046
49679159,134.15968546789958
58671247,48.592725019806494
20236719,950.8310140649747
34585357,974.4748404610974
45051453,73.50534195606735
51786574,220.05239837878315
79731887,373.1945914404338
54354970,955.962932016194
77833826,946.6638534496846
80242735,413.5658794574873
79336488,367.0942034850937
51121070,407.8249873880249
15930057,345.355311111632
84864986,269.70185345398966
97820091,968.4027458231463
76206876,313.82170157565383
34508398,925.4714033665041
15581330,409.3987188421971
24272114,413.89708202597603
45684128,215.91353108088194
53910689,93.42890156496833
89611963,209.81314312554187
19439294,190.55392038241118
44476677,969.9764772773185
72816714,419.6662674128274
74817899,231.5520354990036
24462605,225.18431633000233
62629343,424.13633727921734
60387272,247.89167870758496
60976677,18.432398938605274
25938630,419.63797409543844
89171283,419.63797409543844
23407854,974.1436378926087
84390020,405.62442883431385
10131944,956.9031087029258
61185673,980.2157325305598
76507951,955.962932016194
92456997,121.89684360766046
27091498,227.05367231522467
22015405,237.29292756846596
64048811,418.0642426412662
59963315,231.5520354990036
99392827,974.4748404610974
52435285,377.333458738335
68018936,156.55553287264055
92985874,269.70185345398966
19827012,163.01026458465952
32076309,213.98030374083203
74459345,121.7198716609472
59329650,299.8621795351909
70105673,184.4535324270711
47359337,905.9330695467534
27991858,413.89708202597603
36755663,297.99282354996853
94560591,386.08609501456317
47944050,156.55553287264055
49561372,407.8249873880249
96160989,247.86338539019602
67474261,203.74104848759075
71965824,401.45726821902366
13777105,134.15968546789958
64739771,963.9043826393674
57691432,100.27660381853559
21801740,247.86338539019602
74352185,392.18648296990324
91521650,360.72648431609247
64797772,974.4748404610974
48820263,188.6206930423613
14791909,963.9043826393674
82868024,316.533025312261
97971853,134.15968546789958
75654232,296.581172385971
30725718,392.18648296990324
83442812,304.3605427189698
62376431,233.1257669531758
45295601,888.9078800130044
44038407,59.163182841536525
74138589,332.8284847616619
78812422,88.87651516052779
57253455,974.4748404610974
10109432,385.00757814784725
70492234,407.8249873880249
16499768,974.1436378926087
29721809,962.0350266541451
99970795,123.58922764616955
38494075,413.5658794574873
13300921,367.0942034850937
18255583,933.7440565581662
76957329,401.45726821902366
83103502,368.66793493926593
24570014,367.0942034850937
19318542,413.89708202597603
70614169,852.4984873471387
68374888,332.8284847616619
10546051,386.08609501456317
82817153,966.2021872694353
26190736,227.05367231522467
26227414,946.6638534496846
55825692,231.5520354990036
65550483,100.27660381853559
14872097,401.45726821902366
32405281,407.8249873880249
37055817,259.1313956322597
42617798,237.62413013695473
30684771,82.85844374323835
21842298,213.98030374083203
44215525,395.38517358107254
54734331,424.13633727921734
77244965,229.35147694529252
31618537,233.1257669531758
10912371,158.35846276160382
25284273,128.74454586122772
63793006,962.0350266541451
40346903,292.09770085873066
14281423,927.671961920215
10329833,403.326624204246
58147868,318.32006475943274
62215262,968.4027458231463
11535494,362.5958403013148
55289261,162.62762751059165
93054393,237.62413013695473
15613905,962.0350266541451
52346993,201.55305308119387
31426410,304.3605427189698
11924915,233.1257669531758
83461539,956.9031087029258
68351051,392.18648296990324
23144760,824.20751725116
97049626,963.9043826393674
94895031,196.8933462340235
14702382,152.05716968886162
22232789,360.72648431609247
14653500,905.9330695467534
45931554,129.60729906345904
39099976,219.11222169205124
65803003,277.58928085650155
56391701,843.2277020980184
92222330,952.7642414050246
93455198,955.962932016194
52410336,963.9043826393674
82423675,783.5740793587269
25925356,390.25325562985336
88622240,201.06050684931367
37830382,186.32288841229348
97198420,233.1257669531758
21477504,403.326624204246
84142976,970.0047705947075
96401209,192.39498305024458
18047299,128.08759082994845
25908320,968.4027458231463
69709013,142.0471128704114
63707451,207.625147719145
68674616,231.5520354990036
41246291,190.8212515960724
93099265,225.18431633000233
44969882,231.5520354990036
94840571,106.34869845648672
24428966,338.900579399613
73406276,137.5487496866325
74093567,201.06050684931367
55445678,168.36851958005403
56770356,129.66132228412067
20116401,265.2317835875997
23989432,227.05367231522467
77573883,940.5917588117335
30955534,209.81314312554187
46007298,203.74104848759075
60038151,227.05367231522467
16169663,401.45726821902366
40454664,106.37699177387572
62049127,407.8249873880249
19821119,142.0471128704114
56611586,852.4984873471387
55267084,291.9207289120174
55813034,969.9764772773185
23867957,192.39498305024458
90096160,305.934274173142
32751852,837.1273141426784
21394047,373.16629812304484
80032862,413.89708202597603
22418983,163.01026458465952
52802197,233.1257669531758
48673505,247.86338539019602
14195685,203.74104848759075
22205138,134.15968546789958
96628154,401.45726821902366
44734813,243.36502220641708
55802873,974.4748404610974
41368275,235.42357158324361
67686446,373.16629812304484
97989934,87.35680692701726
65686117,163.01026458465952
45591525,192.39498305024458
14884094,237.62413013695473
60291749,94.94860979847891
46418453,220.05239837878315
30133967,946.6638534496846
30307611,203.74104848759075
76539721,305.934274173142
93325285,107.05722103694256
69825909,413.89708202597603
10220197,169.08235922261065
34178403,143.62084432458363
67327944,956.9031087029258
58361366,74.91699312006483
35080838,418.0642426412662
24415695,915.2321481132628
30354080,419.9974699813161
24117628,243.36502220641708
62628994,411.69652347226497
51012198,413.89708202597603
68125143,974.4748404610974
94485707,53.0910882035854
40172711,413.5658794574873
17647583,321.3288476414414
94790367,229.35147694529252
18254706,305.934274173142
65733568,31.352195830123662
58357649,10.771681189943422
42289495,150.18781370363928
15020288,123.58922764616955
31419590,796.3965302397471
37233713,864.9383011540912
26330225,220.0806916961721
73976501,407.8249873880249
90642644,849.2997967359695
63791881,407.8249873880249
40102213,921.3042427512139
60203926,413.89708202597603
36257216,220.05239837878315
24119768,968.4027458231463
30403208,409.42701215958607
39737862,808.5690128330383
41150683,396.3253502678045
99351268,107.05722103694256
62692262,225.18431633000233
72711178,175.18274717795072
10083097,203.74104848759075
65370298,852.4984873471387
84388395,144.11571906568815
52114454,102.89006042165238
74646950,231.5520354990036
72720701,138.98380111446897
45732529,186.32288841229348
10509116,231.5520354990036
36154567,235.42357158324361
46124383,974.1436378926087
27866730,241.7912907522449
62320931,237.62413013695473
78979954,291.9207289120174
52531638,768.2029061542664
70662494,168.36851958005403
88174413,229.36404009260673
21513664,220.05239837878315
26546743,319.89379621360496
89094189,231.2847042853424
34006202,837.1273141426784
44458405,111.55558422072147
46102741,796.0138931656793
80947937,418.0642426412662
73456376,235.42357158324361
27640503,276.5495557075569
66469621,237.65242345434368
35504694,227.05367231522467
24815317,899.8609749088023
58171289,128.08759082994845
18612790,332.8284847616619
63428669,338.900579399613
57949817,864.9383011540912
72876573,178.38143778912
96193736,401.45726821902366
57932688,247.86338539019602
61617398,933.7440565581662
57513357,409.3987188421971
46336493,409.3987188421971
56173102,162.62762751059165
22210971,411.69652347226497
27397907,207.13260148726476
94750459,345.355311111632
23197778,179.32161447585193
62692781,93.42890156496833
94164438,373.16629812304484
19395402,969.9764772773185
94219712,972.2742819073864
33491568,190.55392038241118
67632603,318.32006475943274
19852962,285.72998168972936
73405784,844.239133929574
88192699,225.18431633000233
29867417,207.13260148726476
84909546,946.6638534496846
52598919,963.9043826393674
86077350,255.8503884830398
43929538,241.7912907522449
89992133,380.0140003766121
33643157,370.9657395693337
40190924,233.1257669531758
97098808,338.900579399613
87635513,402.42573822314455
16478169,962.063319971534
79498204,857.1589308210923
62568791,968.4027458231463
36457296,144.11571906568815
29599077,233.15406027056474
22644116,231.5520354990036
69419691,843.1994087806295
21970018,207.13260148726476
31666748,373.16629812304484
84691804,963.9043826393674
19277545,871.0386891094313
78443496,328.33012157788295
92759112,219.11222169205124
49629913,386.08609501456317
14874574,201.06050684931367
61108399,233.1257669531758
53618559,909.7175930879757
46977752,402.42573822314455
87695599,237.62413013695473
68430793,344.6414714690753
11606038,142.0471128704114
52469720,380.0140003766121
91726930,129.60729906345904
14558288,46.72336903458415
98640275,94.0858565962476
82918511,312.03466212848207
32992592,345.355311111632
36930879,345.355311111632
73360172,334.6314146506252
22281491,233.1257669531758
33813436,233.1257669531758
49300946,395.38517358107254
56371129,179.32161447585193
83899433,413.925375343365
25827679,866.5403259256523
16631062,196.8933462340235
86793673,203.74104848759075
99689707,162.29642494210293
69776211,74.91699312006483
55892015,114.23612585899855
19716865,843.1994087806295
46860460,247.86338539019602
66143638,933.7440565581662
46241046,135.76171023946074
47497471,413.89708202597603
38256243,213.98030374083203
90078699,186.32288841229348
66607961,34.08430501757738
15632043,380.0140003766121
81498334,424.13633727921734
82443801,143.62084432458363
88411591,403.326624204246
18221799,247.89167870758496
30242976,424.13633727921734
66494245,231.5520354990036
49287510,140.26007342323965
83370642,430.2367252345574
92348451,203.74104848759075
55790147,304.3605427189698
49423398,80.98908775801596
39715763,209.81314312554187
46440335,424.13633727921734
78128236,233.1257669531758
63409672,972.2742819073864
98873842,824.20751725116
34782044,150.18781370363928
70391546,235.42357158324361
76956234,231.5520354990036
41544516,247.86338539019602
42550648,190.8212515960724
98465226,196.8933462340235
30886863,405.62442883431385
84535276,34.08430501757738
54301788,409.3987188421971
78637034,237.62413013695473
61387156,48.592725019806494
71715096,18.432398938605274
47859897,231.5520354990036
59800013,972.3025752247754
95293248,963.9043826393674
11553772,403.326624204246
91107127,269.70185345398966
66825939,274.5259691005591
33598864,44.65476283930741
18818037,956.9314020203149
86800656,413.89708202597603
45209421,241.7912907522449
99712718,233.1257669531758
80320840,338.900579399613
24591401,345.355311111632
90294177,179.32161447585193
14404076,190.8212515960724
60829113,237.62413013695473
22529505,48.592725019806494
59566170,968.4027458231463
40149323,946.6638534496846
40382936,413.5658794574873
99300537,233.1257669531758
44631793,88.93053838118942
49450050,184.4535324270711
62395628,231.5520354990036
30879014,368.66793493926593
85524688,237.29292756846596
87381496,360.72648431609247
66258576,241.7912907522449
71415255,304.3605427189698
45179604,974.1436378926087
82676573,401.45726821902366
14654038,163.01026458465952
57261303,825.7272254846706
69037727,367.0942034850937
78583522,169.08235922261065
49703078,419.9974699813161
78525136,213.98030374083203
86407509,233.1257669531758
33024193,974.4748404610974
38535158,196.92163955141245
84179400,138.98380111446897
24680896,893.4062431967833
42024082,328.55932001267405
31137878,929.2456933743873
92689780,243.39331552380602
93487228,762.1308115163152
27421195,386.11438833195217
27611928,162.62762751059165
25261420,972.2742819073864
46864780,138.98380111446897
51909487,230.93777154677895
37913958,137.5487496866325
74334619,963.9043826393674
24422548,360.72648431609247
58508595,237.62413013695473
25087154,237.62413013695473
76806766,419.9974699813161
27262464,273.09091767272264
73422693,203.74104848759075
58175270,225.18431633000233
76648743,418.0642426412662
36026120,202.63423830348586
87485989,237.62413013695473
88798255,976.0768652326585
85293030,395.38517358107254
87029422,407.8249873880249
72679949,239.22615490851587
25871017,395.38517358107254
61396744,233.1257669531758
63197784,768.2029061542664
49632353,120.30822049694967
65625596,134.15968546789958
86795596,59.5458199156044
81433856,324.39215939738386
87476873,970.0047705947075
98147948,215.91353108088194
99212421,128.08759082994845
78236394,968.4027458231463
60511137,121.56564103917168
37030090,946.6638534496846
47227545,386.11438833195217
38980163,162.62762751059165
33290320,318.32006475943274
57735630,179.32161447585193
37888473,386.08609501456317
54251453,974.4748404610974
85556127,213.23298944260483
26903779,235.81877180462573
91692809,148.11920750836254
32446203,864.9383011540912
34350235,230.93777154677895
28532174,966.2021872694353
59869496,142.0471128704114
37887202,120.30822049694967
54799254,202.63423830348586
44298051,963.9043826393674
89901990,192.39498305024458
73292166,390.25325562985336
21775362,304.3605427189698
36884233,233.1257669531758
66353025,305.934274173142
19481125,231.5520354990036
95336492,927.671961920215
32400462,407.55765617436373
28975228,115.64777702299608
11320585,968.4027458231463
32162156,220.92771472832874
88724326,980.5752284164374
67650053,226.15278633412322
21038175,239.22615490851587
64836379,310.46093067430985
60827779,237.62413013695473
88997264,840.2356454868998
44622902,409.42701215958607
85670106,169.08235922261065
38945693,203.74104848759075
69337730,395.38517358107254
22890345,220.05239837878315
93106331,203.74104848759075
56257607,130.54747575019098
42845025,295.96923694297067
10678470,395.38517358107254
35975743,974.4748404610974
44298756,824.20751725116
66670226,209.81314312554187
37883517,980.2157325305598
62831558,158.12926432681274
25294874,219.11222169205124
34601413,956.9031087029258
61300626,237.29292756846596
63694211,233.1257669531758
70308634,386.08609501456317
92846964,128.74454586122772
32093061,407.8249873880249
68496425,411.69652347226497
36724576,135.67939370141016
18988842,409.3987188421971
44304522,102.89006042165238
91192236,219.11222169205124
27105876,233.1257669531758
89869414,-23.887008075036647
45877010,10.771681189943422
24146001,380.0140003766121
23395701,304.0932115053086
38974456,403.326624204246
57842607,231.5520354990036
51687346,852.4984873471387
99288080,247.86338539019602
58963406,282.62165034550804
29443260,233.1257669531758
62626422,974.4748404610974
57515098,106.34869845648672
61739694,968.4027458231463
27459512,7.8619411168753
84889146,239.22615490851587
58681841,18.432398938605274
63593417,955.962932016194
33073018,203.74104848759075
18775917,106.37699177387572
38962045,837.1273141426784
67933426,203.74104848759075
54603681,190.55392038241118
83399485,291.9207289120174
64199110,156.55553287264055
82415208,407.8249873880249
87961803,299.8621795351909
44853010,203.74104848759075
59952980,106.34869845648672
88562279,173.2495198379008
55858413,858.5705819850899
61198975,231.5520354990036
37448315,972.2742819073864
19525923,158.12926432681274
35026025,403.326624204246
37029910,401.4855615364126
65651564,339.28321647368085
76546746,188.6206930423613
78805012,368.66793493926593
73332787,243.36502220641708
45937289,209.81314312554187
99048249,405.62442883431385
29475704,145.0558957524201
93694996,396.3253502678045
18159173,100.27660381853559
50435273,227.05367231522467
56812269,233.1257669531758
10385151,209.81314312554187
74541267,962.0350266541451
16719195,253.96377334553608
48754743,203.74104848759075
18188655,233.1257669531758
32063627,247.86338539019602
95749552,172.86688276383296
95191424,946.6638534496846
79363744,407.8249873880249
47169927,233.15406027056474
77108983,99.52928952030845
44823862,276.5495557075569
81122519,156.55553287264055
18168723,373.16629812304484
59737458,184.48182574446008
12477444,82.85844374323835
89609832,871.0103957920423
50913652,367.0942034850937
42856249,196.56214366553473
62711409,231.5520354990036
67374114,225.18431633000233
26708384,403.326624204246
57463109,219.11222169205124
64273952,241.7912907522449
56304545,121.7198716609472
82795140,401.45726821902366
14007213,128.08759082994845
54415843,25.280101192172538
54590957,962.0350266541451
67350145,407.8249873880249
74993313,373.1945914404338
62432527,407.55765617436373
33713363,225.2126096473913
80390114,32.21494903235498
12723951,38.582668201356284
71416124,219.11222169205124
72440899,120.30822049694967
60115717,233.1257669531758
26317947,142.0471128704114
35504199,403.326624204246
30187539,227.05367231522467
55346293,203.74104848759075
90516502,299.8621795351909
72045347,134.15968546789958
79850408,128.08759082994845
20443404,403.326624204246
84501791,241.7912907522449
73999320,247.86338539019602
98913461,235.42357158324361
37225199,196.8933462340235
16193655,386.08609501456317
72620298,955.962932016194
64188152,409.3987188421971
67784083,386.08609501456317
90552658,424.13633727921734
80748000,899.8609749088023
38083778,415.4991067975372
65525497,115.64777702299608
19381953,231.5520354990036
65723090,413.5658794574873
76151738,313.82170157565383
48225827,219.11222169205124
27357384,231.5520354990036
72090603,401.45726821902366
13739096,120.30822049694967
42442381,338.900579399613
57561155,968.1354146094851
35942827,233.1257669531758
89196128,974.4748404610974
90585757,129.66132228412067
28123361,100.27660381853559
54892166,226.15278633412322
34399967,128.08759082994845
36429013,380.0140003766121
87308981,899.8609749088023
99529719,219.11222169205124
22093311,825.7812487053321
81263538,120.30822049694967
71338939,257.2620396470373
26758105,413.89708202597603
97028969,403.326624204246
64463656,102.89006042165238
56099433,413.89708202597603
85325718,320.3886709547095
44166454,403.326624204246
36489810,186.32288841229348
33207901,190.8212515960724
27978007,237.62413013695473
81479630,219.11222169205124
51537650,158.12926432681274
45619520,156.55553287264055
38111175,424.13633727921734
52128949,407.8249873880249
25404819,126.06400422295064
76230938,225.18431633000233
35633669,196.92163955141245
17486296,380.0140003766121
26823352,213.98030374083203
24234066,955.962932016194
69609466,121.7198716609472
44500625,395.38517358107254
25810885,407.8249873880249
47095933,396.3253502678045
29996746,233.1257669531758
26824387,379.2666860783849
22560248,93.42890156496833
67043419,184.4535324270711
56128877,969.9764772773185
78532613,115.64777702299608
63334626,128.08759082994845
41942475,899.4783378347344
71572581,937.9112171734563
31224917,207.13260148726476
52061385,968.1354146094851
85648776,237.65242345434368
89601046,190.8212515960724
16315474,227.05367231522467
90885644,968.4027458231463
69988016,396.3253502678045
55363982,145.0558957524201
15084841,955.962932016194
85269120,319.89379621360496
31531393,213.98030374083203
65511292,59.163182841536525
76207920,905.9613628641423
25765261,871.0103957920423
99628783,231.5520354990036
29123949,969.9764772773185
84071477,237.62413013695473
55408575,194.6927876803124
18563235,952.7642414050246
32862824,968.4027458231463
87247913,401.4855615364126
70811397,403.326624204246
79135010,364.8936449313826
95532555,115.64777702299608
91619153,231.5520354990036
85185899,395.38517358107254
45503458,209.81314312554187
40572975,407.8249873880249
89004010,227.05367231522467
34562042,409.3987188421971
63463440,403.326624204246
64460362,87.35680692701726
67250925,121.7198716609472
14939721,419.63797409543844
35310686,866.5120326082633
71187848,237.29292756846596
61524357,937.9112171734563
36782194,407.8249873880249
89842273,923.1735987364361
20614858,366.82687227143253
68048266,219.11222169205124
62462117,247.86338539019602
72115510,401.45726821902366
14057421,227.05367231522467
99878320,54.66481965775762
68934495,380.0140003766121
63897425,418.0642426412662
30823846,134.18797878528852
45856506,225.18431633000233
36318458,203.74104848759075
54709816,225.18431633000233
58956301,407.8249873880249
61193977,895.2091730857466
94916864,156.55553287264055
95563649,407.8249873880249
11808364,933.4128539896774
53108582,237.62413013695473
37502181,424.1646305966063
37996385,291.9207289120174
53563779,196.8933462340235
62612706,413.89708202597603
33233317,163.01026458465952
39285196,135.67939370141016
12469660,866.5120326082633
10086272,237.62413013695473
61556619,192.39498305024458
44239580,962.0350266541451
37303458,419.63797409543844
69742763,231.5520354990036
79252407,424.13633727921734
55035288,219.11222169205124
22573833,123.58922764616955
73616028,297.99282354996853
72379751,25.280101192172538
63515051,79.57743659401848
43605274,202.63423830348586
94526159,225.18431633000233
87017405,969.9764772773185
27785122,152.05716968886162
88986010,87.35680692701726
83705830,288.7220383008481
19294754,237.62413013695473
10016581,968.4027458231463
98337631,152.28636812365272
96284977,927.671961920215
85120493,972.2742819073864
76912038,124.47538111223986
38273802,950.8310140649747
31373003,282.62165034550804
16311364,380.0140003766121
81773825,395.38517358107254
85451822,114.23612585899855
83837897,172.86688276383296
79840167,227.05367231522467
10053165,225.18431633000233
66085962,276.5495557075569
74446354,968.4027458231463
71248291,411.69652347226497
13527988,950.8310140649747
59655162,969.9764772773185
81270080,241.7912907522449
25459024,413.925375343365
57124820,203.74104848759075
38744724,386.08609501456317
14672828,243.7245180922948
86208199,231.5520354990036
60804234,237.62413013695473
26637959,380.0140003766121
84505191,231.5520354990036
34949195,128.08759082994845
18236230,884.9699178325052
83633670,984.7140957143387
38795738,328.33012157788295
57060441,396.3253502678045
63193750,864.9383011540912
16584196,209.81314312554187
97470867,259.1313956322597
57117308,173.2495198379008
28539736,129.66132228412067
42854708,237.62413013695473
74612987,910.1002301620435
18574187,354.65438967814134
82554201,247.86338539019602
63502035,395.38517358107254
91862663,424.13633727921734
92211122,843.1994087806295
31056808,401.45726821902366
16943964,202.63423830348586
32863651,373.1945914404338
68176876,413.89708202597603
49131404,163.01026458465952
70277995,100.27660381853559
35494136,233.1257669531758
81234980,407.8249873880249
38613978,112.44908641182678
58078556,946.6638534496846
44540392,162.62762751059165
54581831,175.18274717795072
27711464,80.98908775801596
34639609,209.81314312554187
61465981,424.13633727921734
97434739,413.89708202597603
11115465,220.05239837878315
73204702,276.5495557075569
43122014,403.326624204246
82465915,202.99373418936358
70336402,134.15968546789958
66860305,974.4748404610974
41500458,115.64777702299608
92919391,386.08609501456317
99618084,969.9764772773185
86909460,409.3987188421971
17337355,225.18431633000233
42353664,80.98908775801596
21765685,403.326624204246
89088918,65.61791455355552
35899962,-9.378588072807531
68684318,386.08609501456317
18484780,115.82474896970933
87388388,386.08609501456317
90094211,152.05716968886162
16804039,227.05367231522467
91010086,237.62413013695473
99469868,225.18431633000233
37545302,332.8284847616619
71878464,243.7245180922948
21183040,866.4580093876018
35304073,332.8284847616619
50348670,419.9974699813161
34230931,101.31632896748022
48867425,968.1354146094851
35018884,134.8166404991788
82792644,225.18431633000233
55638604,231.5520354990036
45618589,362.5958403013148
94996859,419.6662674128274
59711138,413.89708202597603
20008628,144.11571906568815
74210201,946.6638534496846
71592370,974.4748404610974
91112168,413.5658794574873
86979588,235.42357158324361
77491019,123.58922764616955
82906889,121.7198716609472
47215201,969.9764772773185
74482354,179.32161447585193
85248466,186.32288841229348
48081067,148.11920750836254
15387364,836.3799998444512
49479914,921.3042427512139
67144063,969.9764772773185
21546784,220.05239837878315
33690767,962.063319971534
33115846,190.8212515960724
61562965,237.62413013695473
39809818,134.8166404991788
68123009,963.9043826393674
51851996,923.1735987364361
14592737,283.6613754944526
53703850,962.0350266541451
32305458,316.1195062057217
15802272,969.9764772773185
36113397,203.74104848759075
10490484,966.2021872694353
60733954,247.86338539019602
99162691,373.16629812304484
93098807,65.61791455355552
40838545,282.62165034550804
11051825,192.39498305024458
82908690,980.5752284164374
71787511,974.4748404610974
72823966,858.5705819850899
12980060,130.54747575019098
96086415,396.3253502678045
23697274,893.4062431967833
51614059,963.9043826393674
78779574,984.7140957143387
95241308,150.18781370363928
17643222,338.900579399613
93263316,237.62413013695473
37302631,227.05367231522467
87271886,156.55553287264055
55736876,940.5917588117335
51594702,411.7248167896539
83945766,241.7912907522449
79078313,134.8166404991788
31277810,332.8284847616619
74965419,115.64777702299608
12557472,40.65127439663303
61610958,120.30822049694967
87565891,405.62442883431385
69835471,297.99282354996853
50409416,196.8933462340235
77449547,225.18431633000233
97554546,367.0942034850937
15981479,152.05716968886162
19522006,946.6638534496846
27996044,135.76171023946074
41161764,379.2666860783849
20740770,392.18648296990324
70042803,225.18431633000233
52210690,227.05367231522467
81657059,209.81314312554187
67733763,409.3987188421971
19453777,970.0047705947075
76648543,380.0140003766121
38569009,368.66793493926593
24713941,271.22156168750024
89660454,219.11222169205124
85740410,893.4062431967833
86257801,413.89708202597603
86873805,419.9974699813161
33399735,418.0642426412662
37535534,974.1436378926087
27667456,852.4984873471387
61581329,310.46093067430985
51263630,207.13260148726476
52033053,247.86338539019602
90888218,219.11222169205124
12546179,373.16629812304484
83093814,360.7547776334814
46297699,38.582668201356284
97044400,396.3253502678045
31763919,148.11920750836254
16008849,173.2495198379008
51084945,219.11222169205124
59957604,409.3987188421971
18780994,203.74104848759075
87997537,65.61791455355552
45685391,129.60729906345904
44441149,128.08759082994845
14178311,407.8249873880249
43522500,40.65127439663303
91025767,142.0471128704114
92328854,128.74454586122772
53582398,100.27660381853559
79088536,984.7140957143387
46193764,225.18431633000233
84800487,225.18431633000233
58906346,137.5487496866325
16384425,115.64777702299608
31314423,227.05367231522467
78713693,203.74104848759075
59579059,123.58922764616955
51309878,405.62442883431385
18367921,409.42701215958607
17963218,921.3042427512139
63773516,963.9043826393674
43820904,247.86338539019602
61844633,336.7000208459019
97433520,403.326624204246
67890378,117.39848042388155
84770654,318.32006475943274
56388014,190.8212515960724
48498606,413.925375343365
96139568,190.8212515960724
23184000,299.8621795351909
82435682,956.9314020203149
84725417,100.27660381853559
80398008,241.7912907522449
21408816,304.3605427189698
40561414,241.89086644257685
47526789,974.4748404610974
34202671,225.18431633000233
47410501,192.39498305024458
18437030,106.34869845648672
89947527,909.7175930879757
48179652,921.3042427512139
43574355,367.0942034850937
93441626,10.771681189943422
49833156,946.6638534496846
27436801,413.89708202597603
43212239,154.35497431892946
57781002,219.11222169205124
80452756,241.7912907522449
69547198,190.8212515960724
92282402,225.18431633000233
60080700,413.89708202597603
77220496,312.03466212848207
54095090,18.432398938605274
28159066,150.18781370363928
76298460,202.99373418936358
57334293,955.962932016194
51349452,227.05367231522467
57825954,247.86338539019602
75566691,102.89006042165238
21994482,362.5958403013148
15472109,372.83509555455606
74524636,860.4399379703123
50954892,963.9043826393674
72834699,190.8212515960724
62999750,243.36502220641708
33123268,976.0768652326585
66540114,209.81314312554187
54002928,40.1563996555285
55085304,26.142854394403912
22151066,134.8166404991788
65334729,887.038524027782
30865724,106.34869845648672
90388666,231.2847042853424
55605064,419.63797409543844
69408128,968.1354146094851
99473168,974.4748404610974
75818797,163.01026458465952
62565025,974.5031337784864
75143116,120.30822049694967
47696923,241.52395953858368
19416750,955.962932016194
22855194,974.4748404610974
67192782,202.99373418936358
87517475,140.26007342323965
56350089,190.8212515960724
34134972,46.72336903458415
60576347,40.1563996555285
26319072,93.42890156496833
88893111,231.5520354990036
68033382,111.32638578593043
94035885,237.29292756846596
81187160,984.7140957143387
28315736,296.581172385971
22692256,273.09091767272264
37267592,150.18781370363928
91150814,93.42890156496833
26431305,417.79691142760504
87910232,134.15968546789958
41955248,962.0350266541451
69743430,390.25325562985336
46703259,276.5495557075569
31441294,162.62762751059165
52540774,395.38517358107254
86506186,192.39498305024458
59584539,305.96256749053094
97314977,194.70535082762663
96666615,227.05367231522467
79683457,227.05367231522467
82209443,219.11222169205124
28258830,324.39215939738386
42067661,178.38143778912
66297804,194.6927876803124
16941404,207.13260148726476
75005309,237.62413013695473
24570745,150.18781370363928
86113362,297.99282354996853
17047985,413.925375343365
65773050,192.39498305024458
58445540,927.671961920215
48523637,227.05367231522467
95993557,225.18431633000233
88761628,418.0642426412662
35281082,115.64777702299608
63427827,380.0140003766121
38736916,243.36502220641708
86580197,386.08609501456317
23112535,310.4326373569209
70370352,135.76171023946074
27855625,202.63423830348586
60833031,129.66132228412067
23047956,940.5917588117335
87351286,121.7198716609472
75886001,201.06050684931367
66301086,237.29292756846596
60935733,237.62413013695473
98414359,215.91353108088194
93169508,415.4991067975372
77985316,190.8212515960724
22647726,324.39215939738386
39865459,332.8284847616619
81994206,377.333458738335
62822262,225.2126096473913
85331429,209.81314312554187
75110630,339.28321647368085
51138756,227.05367231522467
83491442,237.62413013695473
67891583,386.08609501456317
65475315,121.7198716609472
37180335,940.5917588117335
53617145,219.11222169205124
66644091,237.62413013695473
85685863,227.05367231522467
67756317,233.1257669531758
47286828,380.0140003766121
30798257,169.08235922261065
55429056,858.7475539318032
48423935,243.39331552380602
70215654,955.962932016194
84995114,225.18431633000233
34191374,931.5434980044552
94424055,192.39498305024458
35266032,241.7912907522449
10282778,225.18431633000233
74509894,225.18431633000233
62379565,219.11222169205124
69295266,952.7642414050246
19487319,186.32288841229348
80523155,380.0140003766121
76258438,946.6921467670735
15381648,940.5917588117335
76313330,203.74104848759075
67909709,956.9031087029258
94172578,305.01749775024905
73730320,864.9383011540912
93164433,386.08609501456317
47160388,219.11222169205124
39990609,231.5520354990036
64566990,899.4783378347344
91126842,413.89708202597603
52824809,142.0471128704114
57254599,413.89708202597603
38718331,126.06400422295064
86095545,152.28636812365272
47117496,214.8556200903776
38398092,227.05367231522467
35904079,413.925375343365
90919237,169.08235922261065
56102015,974.5031337784864
71540566,243.36502220641708
10011577,413.89708202597603
84723499,386.08609501456317
12437858,243.36502220641708
55600884,134.15968546789958
14903844,227.05367231522467
79656066,209.81314312554187
22833793,986.3161204858999
52725368,289.89714230501954
69338616,209.81314312554187
69512258,373.16629812304484
96249786,277.58928085650155
93289839,413.89708202597603
89525161,956.9031087029258
25602400,413.89708202597603
82687645,40.65127439663303
86466057,403.326624204246
31039064,115.64777702299608
38126410,968.4027458231463
98941268,231.2847042853424
98887377,312.03466212848207
19069593,237.62413013695473
48991500,884.9699178325052
81340729,106.34869845648672
17755803,209.81314312554187
28332754,235.81877180462573
48710415,237.29292756846596
13552122,107.38842360543129
67175252,430.2367252345574
81401006,974.4748404610974
87569420,974.4748404610974
68775804,220.92771472832874
51303767,129.66132228412067
36907350,237.29292756846596
11852044,215.91353108088194
57122012,940.5917588117335
42764646,894.9799746509555
23299341,249.77829384508868
99527596,247.86338539019602
97393585,148.11920750836254
43578412,196.8933462340235
98294611,114.23612585899855
30924809,115.64777702299608
88121507,413.5658794574873
81094653,338.56937683112426
83948197,235.42357158324361
53707208,128.74454586122772
72598207,243.36502220641708
96325015,163.01026458465952
32527392,121.89684360766046
13367283,123.58922764616955
70926441,866.5403259256523
14507496,203.74104848759075
84516945,413.89708202597603
17478153,101.31632896748022
83347951,203.74104848759075
42507501,409.3987188421971
54322410,115.82474896970933
51129418,233.1257669531758
92284337,837.1273141426784
56191305,338.56937683112426
69717201,166.79478812588184
77803958,956.9031087029258
30868541,190.8212515960724
21948362,115.64777702299608
64597726,386.08609501456317
24753315,407.8249873880249
83137150,374.76832289460594
87115344,233.1257669531758
99984175,285.72998168972936
78503238,968.1354146094851
56241324,978.6420010763876
44979606,186.32288841229348
73782771,5.992585131652902
83259646,59.163182841536525
83615385,174.12483618744642
84238097,237.29292756846596
90104229,233.1257669531758
47165230,237.62413013695473
90052115,87.35680692701726
29318397,933.772349875555
66821977,403.326624204246
74914365,390.25325562985336
21821045,48.592725019806494
78077361,383.4055533762861
11290483,178.38143778912
18150280,219.11222169205124
97190006,403.326624204246
23716973,53.0910882035854
22402268,128.74454586122772
22495547,380.0140003766121
62732805,227.05367231522467
35149813,927.671961920215
45074208,219.11222169205124
16930048,169.08235922261065
37034316,407.8249873880249
41257506,933.7440565581662
37119194,147.78800493987376
67834562,263.6297588160386
34524417,237.62413013695473
65917034,966.2021872694353
89187031,950.8310140649747
38918236,328.33012157788295
15343670,974.4748404610974
14075655,372.83509555455606
38174910,864.67096994043
58723158,196.8933462340235
60249533,963.9043826393674
97281245,320.3886709547095
72949298,241.7912907522449
15101045,403.326624204246
28123842,186.32288841229348
79777819,253.96377334553608
49207880,241.7912907522449
80546483,968.1354146094851
64032695,87.35680692701726
13192282,310.4326373569209
77309020,328.55932001267405
61977302,386.11438833195217
97344057,83.74459720930861
30586194,969.9764772773185
56677229,956.9314020203149
22130117,825.7812487053321
40261245,94.94860979847891
30166032,209.81314312554187
77089984,79.57743659401848
26878900,962.0350266541451
61371436,390.25325562985336
42742062,231.5520354990036
95339974,305.934274173142
56107946,233.1257669531758
75011328,871.0103957920423
72662754,310.4326373569209
72203106,98.25301721153778
70496852,243.7245180922948
13201993,40.65127439663303
78164844,407.8249873880249
59342403,225.18431633000233
94540895,962.0350266541451
46539631,871.0103957920423
72239923,298.1697954966818
87927143,117.6276788586726
58112642,102.89006042165238
46348606,396.3253502678045
41028863,396.3253502678045
24368370,143.62084432458363
29933781,956.9314020203149
82791847,150.18781370363928
96015529,219.11222169205124
54561874,178.38143778912
53184693,88.93053838118942
76671373,401.45726821902366
63611357,148.11920750836254
80706420,383.4055533762861
55017743,305.88025095248037
80689892,186.32288841229348
84469446,233.1257669531758
23226721,984.7140957143387
85084580,88.93053838118942
80669002,409.3987188421971
65745002,396.3253502678045
89007400,386.08609501456317
29824422,144.11571906568815
35775431,974.4748404610974
14074630,415.4991067975372
72325201,956.9031087029258
23874500,736.2763260767399
37300173,150.18781370363928
33493494,403.326624204246
30229764,225.18431633000233
43966954,220.0806916961721
27845488,196.56214366553473
37461765,963.9043826393674
54994083,950.8310140649747
73747516,345.3836044290209
41276058,390.25325562985336
55912598,225.18431633000233
60686267,134.8166404991788
32726148,235.42357158324361
99279088,940.5917588117335
28728541,282.62165034550804
13858737,990.8144836696788
21895570,184.4535324270711
76323759,265.20349027021075
79038940,231.5520354990036
29272847,237.62413013695473
98713132,227.05367231522467
92394953,946.6638534496846
96580365,383.4055533762861
44481344,963.9043826393674
16420037,227.05367231522467
93921984,203.74104848759075
26481610,219.11222169205124
36292815,963.9043826393674
77806189,386.08609501456317
75958945,96.81796578370131
65456150,789.9417985277281
80743824,390.25325562985336
49966934,383.4055533762861
86026791,871.0103957920423
85816309,354.65438967814134
15568874,946.6638534496846
99556884,974.4748404610974
27514144,237.62413013695473
33950340,243.7245180922948
90674412,253.96377334553608
31688776,225.18431633000233
58380703,974.5031337784864
59666638,225.18431633000233
28858647,237.62413013695473
96281488,962.0350266541451
81757957,231.5520354990036
15387606,225.18431633000233
95978588,927.671961920215
38876766,373.16629812304484
97177476,237.29292756846596
56304916,978.6420010763876
94447504,233.15406027056474
12858830,231.5520354990036
29325031,169.08235922261065
45137864,123.58922764616955
40574206,980.2157325305598
14671172,368.66793493926593
79393183,396.3253502678045
73490914,946.6638534496846
74160460,368.66793493926593
44164617,207.13260148726476
82646950,227.05367231522467
13359174,203.74104848759075
75134927,260.01754909832994
36042465,156.55553287264055
83839627,203.74104848759075
23668396,166.79478812588184
75299261,150.18781370363928
41480775,145.0558957524201
33690039,162.62762751059165
22503085,956.9031087029258
37466667,976.0768652326585
14321282,237.62413013695473
71351933,962.0350266541451
87081502,137.5487496866325
65472553,974.4748404610974
99213360,227.05367231522467
10832464,237.62413013695473
51819797,419.9974699813161
75955259,209.81314312554187
88647663,871.6673508233215
48629803,243.7245180922948
83286245,227.05367231522467
88766577,875.8345114386118
92941012,233.1257669531758
77129657,134.18797878528852
98212477,88.93053838118942
47578988,209.81314312554187
50209960,237.62413013695473
34219777,305.934274173142
79439231,106.34869845648672
73635146,413.89708202597603
64910994,237.62413013695473
53834693,190.8212515960724
11363592,241.7912907522449
10873772,978.6420010763876
87767702,888.9078800130044
23454749,962.0350266541451
58196808,115.64777702299608
68491285,313.82170157565383
92242279,54.66481965775762
33507598,276.5495557075569
31155680,134.8166404991788
69782815,409.3987188421971
99510246,213.98030374083203
76945883,80.98908775801596
17094345,203.74104848759075
46337525,939.4849486276286
28488983,927.671961920215
16761031,166.79478812588184
79032271,-6.646478885353872
62295468,411.69652347226497
34239247,150.18781370363928
13382072,304.3605427189698
22594211,227.05367231522467
57247913,163.01026458465952
91685716,233.1257669531758
17466502,386.08609501456317
33964749,871.6673508233215
51427608,946.6638534496846
24310192,142.0471128704114
31116680,276.5495557075569
11417356,306.8204276392123
62762079,233.15406027056474
42671255,980.2157325305598
96926020,237.62413013695473
50275050,974.1436378926087
39760605,241.7912907522449
74898826,864.9383011540912
72916922,129.60729906345904
15943032,235.42357158324361
74582816,219.11222169205124
59875250,413.89708202597603
80790659,843.1994087806295
19888418,190.8212515960724
31588130,243.36502220641708
66158465,127.82025961628727
18800645,233.15406027056474
64505218,227.05367231522467
56056799,386.08609501456317
10374837,237.62413013695473
41300143,158.35846276160382
78621253,247.86338539019602
11141195,380.0140003766121
33865847,219.11222169205124
90610974,373.16629812304484
98930552,808.5690128330383
12727530,209.81314312554187
52930535,392.18648296990324
93753865,370.9657395693337
70595210,241.7912907522449
86025280,219.11222169205124
78663509,208.48790092137634
21322626,401.45726821902366
38172344,219.11222169205124
12467923,413.89708202597603
59832255,946.6638534496846
60019461,413.89708202597603
36274445,380.0140003766121
35417851,984.7140957143387
24997453,409.3987188421971
83094532,233.1257669531758
90174488,974.4748404610974
71319002,291.9207289120174
29621396,407.8249873880249
10011880,289.40226756391496
17190126,968.4027458231463
70424510,74.91699312006483
11417531,192.39498305024458
27554957,282.62165034550804
13689480,937.9112171734563
69613512,413.89708202597603
74318773,407.8249873880249
45221034,419.9974699813161
12200305,237.62413013695473
29052499,209.81314312554187
91168920,225.2126096473913
99587330,196.8933462340235
85493546,864.9383011540912
36510260,198.49537100558464
40370308,858.5705819850899
89123563,974.4748404610974
68894033,413.89708202597603
73938236,940.5917588117335
25242707,390.25325562985336
87339346,968.4027458231463
34182148,413.5658794574873
55488547,310.4326373569209
58799207,383.4055533762861
99415472,974.4748404610974
50374353,237.62413013695473
44632960,409.3987188421971
46918499,871.0103957920423
61219752,283.6613754944526
57928854,134.15968546789958
22536598,927.671961920215
69936903,143.62084432458363
69696012,121.7198716609472
75807455,962.0350266541451
31557332,313.82170157565383
98503124,201.06050684931367
45347570,291.9207289120174
91321804,956.9031087029258
56392111,407.8249873880249
86308272,304.0932115053086
64596791,974.4748404610974
80652734,395.38517358107254
15067372,219.11222169205124
19485124,100.27660381853559
14453004,111.32638578593043
26285533,237.62413013695473
92838656,162.62762751059165
37408293,163.01026458465952
44619550,297.99282354996853
12229798,5.992585131652902
19471907,237.29292756846596
79387412,974.4748404610974
62896852,215.91353108088194
45934349,946.6638534496846
16860511,207.16089480465374
43506983,209.81314312554187
70740306,225.18431633000233
92814410,401.45726821902366
42104710,219.11222169205124
23656647,955.962932016194
16622582,407.8249873880249
91730318,53.0910882035854
71502047,403.326624204246
62198081,418.0642426412662
35586426,247.86338539019602
73159054,152.28636812365272
72932579,203.74104848759075
15860553,852.4984873471387
76499202,305.934274173142
49147306,939.5132419450175
66173222,940.5917588117335
36048465,219.11222169205124
58226162,753.6944861520373
75348253,231.5520354990036
29406516,237.29292756846596
30120831,247.86338539019602
88886135,401.45726821902366
90716300,175.18274717795072
12118186,150.18781370363928
39388114,114.23612585899855
43348151,407.8249873880249
70648988,396.3253502678045
89828759,969.9764772773185
25774436,134.15968546789958
56166234,231.5520354990036
46207048,962.063319971534
24260337,843.1994087806295
43372122,227.05367231522467
99211792,866.5120326082633
72425048,179.32161447585193
58848576,968.4027458231463
69451066,209.81314312554187
46571746,858.7475539318032
35037281,145.0558957524201
85573733,403.326624204246
85004009,128.08759082994845
98713147,209.81314312554187
99574842,190.8212515960724
56403873,403.326624204246
79242881,203.74104848759075
58458582,100.27660381853559
68482067,150.18781370363928
16690135,129.66132228412067
15173091,984.7140957143387
61448444,888.9078800130044
69237042,219.11222169205124
85145895,178.38143778912
22701271,130.54747575019098
39148372,40.65127439663303
94500108,409.42701215958607
68415143,858.7475539318032
40595467,401.45726821902366
53076141,383.4055533762861
73641861,237.65242345434368
48605668,360.72648431609247
69923530,93.42890156496833
49319680,401.45726821902366
45928049,403.326624204246
73814109,153.86009957782488
61386764,963.0034966582659
67209776,940.5917588117335
10596331,237.62413013695473
14387887,418.0642426412662
66568548,405.62442883431385
59240082,413.89708202597603
35040177,380.0140003766121
99480365,419.63797409543844
68333386,233.1257669531758
95572882,59.163182841536525
38132096,963.9043826393674
76955826,976.0768652326585
17729676,243.36502220641708
42211142,380.0140003766121
20158681,237.62413013695473
79393152,219.11222169205124
39911125,241.7912907522449
88836366,963.0034966582659
20409154,305.934274173142
15026679,152.05716968886162
42131515,956.9031087029258
54650905,106.34869845648672
26838390,413.89708202597603
65068346,190.8212515960724
92979933,407.8249873880249
95452518,231.5520354990036
38822689,219.11222169205124
46355252,395.38517358107254
12444224,233.1257669531758
42979270,324.39215939738386
77573762,395.38517358107254
14826829,237.62413013695473
28709839,145.0558957524201
18829646,215.91353108088194
96568537,169.08235922261065
56829547,231.5520354990036
93979772,120.30822049694967
17626588,946.6638534496846
34011504,413.89708202597603
52636134,229.35147694529252
91687348,395.38517358107254
36508418,227.05367231522467
82621948,237.62413013695473
89318730,109.45702980070803
98717167,290.5090777480199
26278873,219.11222169205124
56823412,386.11438833195217
75609163,237.65242345434368
90104725,310.4326373569209
75874553,367.0942034850937
48469293,310.4326373569209
70313722,963.9043826393674
48269879,974.4748404610974
30338233,282.62165034550804
32779513,263.6297588160386
75548478,413.5658794574873
38561257,247.86338539019602
10945373,424.13633727921734
15756944,940.5917588117335
46940446,395.38517358107254
24659465,207.13260148726476
88948806,373.16629812304484
34164402,235.42357158324361
79477391,154.35497431892946
15537006,396.3253502678045
88911942,203.74104848759075
96378293,111.32638578593043
76422231,88.93053838118942
12309843,227.05367231522467
96239148,339.28321647368085
86466781,148.11920750836254
49050128,162.62762751059165
14724818,968.4027458231463
56683970,781.5054731634501
98393974,163.01026458465952
84824034,978.6420010763876
92573067,175.18274717795072
73226546,313.82170157565383
61358064,237.65242345434368
59398688,974.4748404610974
14969480,349.52247172692216
80588045,106.34869845648672
95597071,186.32288841229348
54836005,196.8933462340235
23220441,969.9764772773185
59018993,403.326624204246
68425900,225.2126096473913
96400633,203.74104848759075
32664783,413.89708202597603
37951383,82.85844374323835
42701020,142.0471128704114
23132709,243.7245180922948
36039638,923.1735987364361
14728562,368.66793493926593
62765095,243.36502220641708
90518206,134.15968546789958
99330676,939.4849486276286
54002963,203.74104848759075
80024301,94.94860979847891
83450392,409.42701215958607
80827964,127.82025961628727
22623823,409.42701215958607
85154401,237.62413013695473
92409200,362.5958403013148
37461274,871.0103957920423
39412052,152.05716968886162
99188219,173.2495198379008
10533163,362.5958403013148
16576946,237.62413013695473
10571061,969.9764772773185
11502784,88.01376195829647
10627022,373.16629812304484
66112731,203.74104848759075
12271580,969.9764772773185
19300863,142.0471128704114
42301466,237.65242345434368
93227392,413.89708202597603
13989390,424.13633727921734
83189444,233.1257669531758
88982820,409.3987188421971
86309809,968.4027458231463
93812427,241.7912907522449
79351177,968.4027458231463
73882065,134.15968546789958
85331771,220.0806916961721
33746879,940.5917588117335
90357052,128.08759082994845
42998447,239.22615490851587
42297649,219.11222169205124
74232297,129.66132228412067
68234963,53.0910882035854
79955240,237.29292756846596
33685499,100.27660381853559
74031111,227.05367231522467
81527691,413.89708202597603
25578339,192.39498305024458
36826714,203.74104848759075
66720469,227.05367231522467
58271754,916.1723247999946
79175453,186.32288841229348
91006186,946.6638534496846
75399510,150.18781370363928
65438642,160.42706895688056
72193555,962.0350266541451
52661224,401.45726821902366
40274658,243.36502220641708
63582038,129.60729906345904
95316180,163.01026458465952
31722576,38.582668201356284
51439680,115.64777702299608
92864642,237.62413013695473
24588628,225.18431633000233
62383426,178.38143778912
91245064,247.86338539019602
61715372,237.62413013695473
65148106,409.42701215958607
91441992,203.74104848759075
49274969,219.11222169205124
33917232,158.12926432681274
83235081,328.33012157788295
40753215,192.42327636763355
70796627,265.20349027021075
73931614,227.05367231522467
56857736,871.0103957920423
54064504,411.69652347226497
20389019,882.7693592787942
57574601,843.1994087806295
16478279,207.16089480465374
68356151,233.1257669531758
99711808,38.582668201356284
98284968,202.41580628342524
30598390,235.4518649006326
55132880,871.0103957920423
34163532,282.62165034550804
40857770,235.42357158324361
79839486,88.93053838118942
78134573,413.89708202597603
96251286,872.6124205636035
46606815,209.81314312554187
53204628,143.62084432458363
39264189,409.3987188421971
66917873,386.08609501456317
75228206,231.5520354990036
57466748,315.2567530034903
75500440,235.43613473055785
88152254,968.4027458231463
88711927,186.32288841229348
71935730,231.5520354990036
11714210,940.5917588117335
99304127,411.69652347226497
79629484,237.62413013695473
64599027,825.7812487053321
71633685,403.326624204246
14342958,241.7912907522449
27958253,219.11222169205124
61174518,214.8556200903776
74916891,156.55553287264055
72753968,362.5958403013148
36262662,194.6927876803124
60917615,209.81314312554187
99306721,334.4022162158341
53075886,955.962932016194
73928511,129.66132228412067
19965325,120.30822049694967
54826574,922.2727127553347
64209168,386.08609501456317
34147586,403.326624204246
98269123,162.62762751059165
97467622,231.5520354990036
85814087,169.08235922261065
72333580,969.9764772773185
30873738,407.8249873880249
10331403,304.3605427189698
35344119,209.81314312554187
35769080,225.18431633000233
21575135,233.1257669531758
75304823,304.3605427189698
23401574,237.62413013695473
83090193,150.18781370363928
86996430,186.32288841229348
99751646,952.7642414050246
23591049,134.15968546789958
81709576,322.19160084367275
82444468,163.01026458465952
38288153,974.4748404610974
87446209,373.1945914404338
12079734,386.08609501456317
25058080,88.95883169857836
89691662,123.58922764616955
13150938,184.4535324270711
36020495,418.0642426412662
54923182,338.900579399613
28841079,265.20349027021075
41392965,830.279611889111
17119564,233.1257669531758
57430704,984.7140957143387
36272284,974.5031337784864
91925114,233.15406027056474
74412922,969.9764772773185
65743046,386.11438833195217
48653211,354.65438967814134
36332370,276.5495557075569
85424579,233.1257669531758
95090269,235.81877180462573
95971802,117.6276788586726
86256336,409.42701215958607
31156844,939.4849486276286
37688219,858.5705819850899
82437324,107.38842360543129
21950676,419.6662674128274
54094553,866.5403259256523
74374536,413.89708202597603
61738687,225.18431633000233
19277250,227.05367231522467
84311990,142.0471128704114
94274494,129.66132228412067
89122239,860.4399379703123
97119289,978.6420010763876
29959537,156.55553287264055
22777840,866.5120326082633
39391011,82.85844374323835
15127918,419.63797409543844
47251761,931.5434980044552
20023773,5.992585131652902
96682736,173.2495198379008
12309412,154.35497431892946
11517944,215.91353108088194
59425514,963.9043826393674
28854961,946.6638534496846
63750719,955.962932016194
69531684,940.5917588117335
73516640,233.1257669531758
92500346,403.326624204246
66124065,296.581172385971
28886163,269.73014677137866
19680706,413.89708202597603
83673598,939.4849486276286
85519237,219.11222169205124
37110854,403.326624204246
96010780,933.7440565581662
51391268,297.99282354996853
17655078,968.4027458231463
26863121,368.66793493926593
30839269,100.27660381853559
22418770,372.83509555455606
88029081,974.4748404610974
27689636,82.85844374323835
58431423,411.69652347226497
43802347,313.82170157565383
83961382,120.30822049694967
27938336,344.6414714690753
35978100,207.13260148726476
89319775,976.0768652326585
30362974,209.81314312554187
93105032,980.2157325305598
20314268,148.11920750836254
34550012,407.8249873880249
28077484,403.326624204246
64656384,156.55553287264055
48022436,186.32288841229348
40507726,969.9764772773185
10314144,864.9383011540912
81012787,44.65476283930741
45672873,396.3253502678045
25759428,225.18431633000233
13512722,413.89708202597603
96070498,231.5520354990036
21352279,220.05239837878315
54205490,407.8249873880249
44645119,53.0910882035854
37332321,192.39498305024458
54601842,871.0103957920423
60801709,227.05367231522467
28903523,134.8166404991788
79159760,332.8284847616619
20416757,231.5520354990036
38432201,311.0895923882001
60739859,163.01026458465952
89931987,194.6927876803124
60999736,196.56214366553473
43182602,231.5520354990036
89739478,184.4535324270711
50450523,209.81314312554187
73950928,415.4991067975372
12330781,184.4535324270711
50236542,237.62413013695473
34912503,225.18431633000233
25536468,277.58928085650155
63776599,362.5958403013148
56389530,237.62413013695473
60881312,235.42357158324361
94656046,974.1436378926087
84143693,411.69652347226497
60768240,368.66793493926593
60458308,271.3038782255508
53948557,339.28321647368085
11612817,121.89684360766046
71889062,178.38143778912
77172079,940.5917588117335
34222625,950.8310140649747
69965828,95.03092633652949
94714430,299.8621795351909
71961534,237.62413013695473
32936108,237.62413013695473
18431618,241.7912907522449
13548537,403.326624204246
86674079,980.2157325305598
21748194,858.5705819850899
40124541,968.4027458231463
33347811,209.81314312554187
92929218,40.1563996555285
72190892,219.11222169205124
66963455,401.45726821902366
96157867,163.01026458465952
15254705,927.4046307065539
89064766,203.74104848759075
85305349,933.7440565581662
58781934,88.95883169857836
42553797,407.8249873880249
18721533,148.11920750836254
58244383,419.63797409543844
13696896,946.6638534496846
65894339,237.65242345434368
61098619,899.4783378347344
26018756,253.96377334553608
59479424,413.89708202597603
81738781,123.58922764616955
91106215,293.9006307476939
71223563,320.3886709547095
95945745,106.34869845648672
91424061,380.0140003766121
67135880,148.11920750836254
15528553,974.4748404610974
33657705,144.11571906568815
62553289,237.29292756846596
60993054,156.55553287264055
42800613,276.5495557075569
17769800,403.326624204246
21401202,403.326624204246
52155473,241.7912907522449
93304650,233.1257669531758
51407728,316.533025312261
89543732,225.18431633000233
43419947,407.8249873880249
41488699,253.96377334553608
60974422,150.18781370363928
65352047,152.28636812365272
37012905,407.8249873880249
14787203,233.1257669531758
29417973,227.05367231522467
19835446,419.9974699813161
43255500,915.2321481132628
28812691,817.8397980821587
18722953,153.86009957782488
93227004,413.89708202597603
35371569,950.8310140649747
12076594,101.31632896748022
17330331,53.0910882035854
70946197,237.62413013695473
44132847,169.08235922261065
77445263,219.11222169205124
56880921,968.4027458231463
11480304,143.62084432458363
44407005,837.1273141426784
57603851,194.6927876803124
36951093,194.6927876803124
18651476,956.9031087029258
28758403,963.9043826393674
29842235,233.1257669531758
80915194,219.11222169205124
87361082,233.1257669531758
67711479,413.89708202597603
96493355,134.15968546789958
60783295,968.1354146094851
56178874,188.6206930423613
36921713,972.2742819073864
48581624,106.34869845648672
75576141,362.5958403013148
20755403,227.05367231522467
52097748,209.8414364429308
30927924,231.5520354990036
52924618,235.42357158324361
23083091,225.18431633000233
10593933,192.39498305024458
14984647,48.592725019806494
50764768,929.2739866917761
42909851,163.01026458465952
47962891,225.18431633000233
24155862,392.18648296990324
96222874,955.962932016194
76243625,413.5658794574873
83785580,409.3987188421971
68046684,851.0868361831413
35026518,121.89684360766046
21144795,152.28636812365272
42304823,419.63797409543844
32449171,53.0910882035854
67804951,209.8414364429308
80988109,395.38517358107254
31562948,962.0350266541451
80571715,201.06050684931367
91879270,169.08235922261065
80331872,129.66132228412067
39788137,220.92771472832874
78186126,407.8249873880249
34300076,31.352195830123662
70710711,237.62413013695473
19520201,115.64777702299608
75968232,215.91353108088194
62441830,220.05239837878315
87704160,231.5520354990036
38039509,152.05716968886162
87299257,233.1257669531758
34604480,396.3253502678045
93559487,966.2021872694353
35225951,227.05367231522467
80500038,235.42357158324361
88587318,974.1436378926087
72460444,209.81314312554187
28502361,128.08759082994845
91781888,425.7383620507785
83528344,968.4027458231463
15266445,219.11222169205124
83532377,405.62442883431385
74780110,215.91353108088194
88664511,196.8933462340235
81767501,407.8249873880249
41015579,123.58922764616955
19338404,115.64777702299608
14667759,386.08609501456317
66260119,956.9031087029258
20542479,970.0047705947075
54097170,237.62413013695473
35669653,213.98030374083203
94127563,26.142854394403912
81488029,220.05239837878315
93329952,962.0350266541451
57217043,194.6927876803124
65522547,395.38517358107254
73695068,378.9071901925072
13539769,231.5520354990036
44056017,912.0334575020934
46617581,88.93053838118942
68464888,126.06400422295064
45303083,380.0140003766121
86984156,134.15968546789958
56630529,219.11222169205124
78254395,113.62419041599821
30913049,415.4991067975372
82688614,864.9383011540912
88893045,233.15406027056474
94639808,123.58922764616955
52742143,330.1330514668462
64260968,980.2157325305598
76546956,87.35680692701726
83523035,962.0350266541451
11013053,946.6638534496846
44130994,114.23612585899855
53796074,940.5917588117335
35498168,407.8249873880249
63562445,143.62084432458363
42365113,231.5520354990036
54613679,386.08609501456317
69835682,201.06050684931367
40747675,173.2495198379008
37071709,413.89708202597603
11644754,864.9383011540912
29456046,411.69652347226497
63575365,95.03092633652949
62030210,31.352195830123662
84640048,10.771681189943422
61377846,296.581172385971
72441550,946.6638534496846
11270022,418.0642426412662
70261792,128.08759082994845
52404988,903.6454984500247
84003906,974.4748404610974
31204633,282.64994366289704
75242666,403.326624204246
49434528,207.13260148726476
42863318,80.98908775801596
47571305,345.355311111632
66490879,229.36404009260673
82396141,386.11438833195217
96803616,207.13260148726476
10584088,955.962932016194
41994657,233.1257669531758
87186973,237.29292756846596
71213873,208.48790092137634
49764305,299.8621795351909
43725149,190.8212515960724
83812129,843.1994087806295
63290164,213.98030374083203
79318573,386.08609501456317
10844028,121.74816497833615
19798231,871.0103957920423
97056407,100.27660381853559
32215003,419.63797409543844
94765090,310.46093067430985
47235057,203.74104848759075
94429036,231.5520354990036
19267342,142.0471128704114
79884507,354.65438967814134
68548734,299.8621795351909
64679483,59.5458199156044
99761027,884.9699178325052
77538039,937.9112171734563
28035639,334.4022162158341
66579510,201.06050684931367
50333547,231.5520354990036
30957545,25.280101192172538
87343589,946.6921467670735
45470859,203.74104848759075
57383256,893.4062431967833
62753404,179.32161447585193
65906932,933.4128539896774
54060112,946.6638534496846
88317327,354.65438967814134
46875481,974.4748404610974
86614127,830.279611889111
91675434,407.8249873880249
83895227,962.0350266541451
86365373,251.1899450090862
19948626,386.08609501456317
79630167,237.62413013695473
89106944,241.52395953858368
46083057,166.8943638162138
96150610,121.7198716609472
35015883,128.08759082994845
69747407,231.5520354990036
55538576,401.45726821902366
97411049,231.5520354990036
11519556,355.6228596822622
81677533,148.11920750836254
60065328,121.7198716609472
91824420,354.65438967814134
72549395,231.2847042853424
75208950,419.9974699813161
54258616,231.5520354990036
28371507,373.16629812304484
33800661,887.038524027782
94718676,158.12926432681274
98426094,137.5487496866325
41019343,297.99282354996853
55953203,395.38517358107254
97258831,53.0910882035854
12406914,190.8212515960724
54260975,130.54747575019098
17839314,407.8249873880249
59228162,188.6206930423613
53104947,403.326624204246
13405871,963.9043826393674
30540873,121.7198716609472
10681459,877.1107837473824
88488173,34.08430501757738
11138134,860.4399379703123
55965946,418.0642426412662
21024415,142.0471128704114
98633407,241.89086644257685
17665044,403.326624204246
52365929,175.18274717795072
45919010,237.62413013695473
29159751,115.64777702299608
25938815,129.66132228412067
31864619,418.0642426412662
84907440,395.38517358107254
55408023,82.85844374323835
97513676,424.13633727921734
71808636,974.5031337784864
37329985,409.3987188421971
66719590,203.74104848759075
19832352,368.66793493926593
63673893,413.89708202597603
54185196,235.42357158324361
66171184,956.9031087029258
15702584,241.7912907522449
26362681,946.6638534496846
15300602,192.42327636763355
54091216,407.8249873880249
41649165,311.9523455904315
17221791,215.91353108088194
60925601,401.45726821902366
98579259,871.0103957920423
84327985,291.9207289120174
42373455,126.06400422295064
51759034,227.05367231522467
57369993,927.671961920215
86174456,413.5658794574873
40095064,413.89708202597603
36904267,403.326624204246
95653857,368.66793493926593
91047161,162.62762751059165
24858933,192.39498305024458
43668504,409.3987188421971
64688863,332.8284847616619
19394328,990.8144836696788
90928544,413.89708202597603
54501975,106.34869845648672
55816692,168.36851958005403
54235055,225.18431633000233
54802075,407.8249873880249
44582261,231.5520354990036
30580440,974.4748404610974
53586985,367.0942034850937
45293131,163.01026458465952
61623792,10.771681189943422
12664255,241.7912907522449
99282552,32.21494903235498
57422029,318.32006475943274
95049365,128.74454586122772
44630924,407.8249873880249
59932513,409.3987188421971
79864196,220.05239837878315
38025450,184.4535324270711
43187524,134.15968546789958
85710350,237.62413013695473
39439329,241.7912907522449
11767243,424.13633727921734
40729807,409.3987188421971
95837440,163.01026458465952
62785546,225.18431633000233
18032525,978.6420010763876
78515248,955.962932016194
64000264,186.32288841229348
70932637,946.6638534496846
56631286,968.4027458231463
82611641,343.06774001490317
14610215,185.422002431192
65282606,227.05367231522467
31080502,79.57743659401848
66137109,955.962932016194
55286917,134.15968546789958
19462876,129.60729906345904
37235871,974.1436378926087
53584009,100.27660381853559
99377565,411.69652347226497
82994298,247.89167870758496
64250472,144.11571906568815
61269314,974.1436378926087
26299312,419.63797409543844
97300018,380.0140003766121
74523665,395.38517358107254
19970243,946.6638534496846
14406104,380.0140003766121
87865772,343.06774001490317
12224440,144.11571906568815
62628011,184.4535324270711
30735313,229.35147694529252
12214322,219.11222169205124
80943078,345.355311111632
89421265,974.5031337784864
72762674,123.58922764616955
55920835,241.89086644257685
95456446,304.3605427189698
96630600,243.36502220641708
20077759,231.5520354990036
77066065,112.44908641182678
47856776,968.1354146094851
31685937,162.62762751059165
41522098,386.08609501456317
30032101,235.42357158324361
91606427,231.5520354990036
22900349,190.55392038241118
43552678,237.62413013695473
38881909,235.42357158324361
77508029,852.4984873471387
95128506,158.12926432681274
64627729,318.32006475943274
56744301,93.42890156496833
59338251,225.2126096473913
19662574,231.2847042853424
92971829,219.11222169205124
18409584,956.9031087029258
71760159,209.81314312554187
43660858,386.08609501456317
77997629,121.74816497833615
33928732,796.3965302397471
68629875,185.422002431192
48480450,305.01749775024905
54283664,396.3253502678045
65942293,265.20349027021075
95573502,946.6638534496846
45086632,237.29292756846596
23012000,276.5495557075569
45395839,241.7912907522449
15432712,419.63797409543844
72298046,424.13633727921734
84408769,117.6276788586726
25246226,247.86338539019602
20056705,209.81314312554187
67856036,915.2321481132628
56138985,158.35846276160382
89984541,407.8249873880249
34860961,962.0350266541451
55067089,227.05367231522467
63717753,980.2157325305598
89165138,163.01026458465952
22336894,243.36502220641708
23089519,162.62762751059165
74572156,241.89086644257685
96120368,963.9043826393674
70734227,974.4748404610974
43842124,203.74104848759075
98567604,411.69652347226497
54538757,100.27660381853559
40105171,237.62413013695473
12135438,407.8249873880249
73738446,413.89708202597603
62385208,270.3588084852689
56062641,386.08609501456317
60234485,292.09770085873066
37490148,377.333458738335
73644773,940.5917588117335
25147876,413.89708202597603
98738159,227.05367231522467
36202424,128.08759082994845
90053455,963.9043826393674
34861961,237.62413013695473
40235987,210.3572569065987
25289802,114.23612585899855
72831408,974.4748404610974
62725172,237.29292756846596
20547868,225.2126096473913
43821417,332.8284847616619
39911650,226.15278633412322
76282034,134.15968546789958
93532589,142.0471128704114
71389546,762.1308115163152
26491098,225.18431633000233
63364173,852.4984873471387
74256814,203.74104848759075
35509595,59.163182841536525
18139863,401.4855615364126
68577776,852.4984873471387
29522715,413.89708202597603
77706518,380.0140003766121
14006179,247.86338539019602
92579248,299.8621795351909
59229974,148.11920750836254
62295609,956.9031087029258
84259414,969.9764772773185
47815936,362.5958403013148
81563963,939.4849486276286
13005852,231.5520354990036
62738558,150.18781370363928
57070759,305.934274173142
99600292,121.7198716609472
94306787,401.45726821902366
95225104,209.81314312554187
55330216,203.74104848759075
36532262,59.163182841536525
46565446,860.4399379703123
49087723,367.0942034850937
59534453,282.64994366289704
48055811,229.35147694529252
88400730,237.62413013695473
99040799,968.1354146094851
54783545,247.86338539019602
51521420,209.81314312554187
62125112,354.65438967814134
41533842,129.66132228412067
37548888,209.81314312554187
15800993,893.4062431967833
72777210,946.6921467670735
27213732,355.5945663648733
86541928,403.326624204246
24899277,121.7198716609472
87153365,235.42357158324361
29377093,247.86338539019602
17126249,304.3605427189698
83735200,192.39498305024458
75294081,946.6638534496846
50305812,310.4326373569209
80598326,169.08235922261065
73085224,241.7912907522449
36011967,243.36502220641708
27344122,378.9071901925072
65167661,877.1107837473824
22697886,968.4027458231463
79772982,148.11920750836254
75656583,196.8933462340235
28706133,209.81314312554187
94307664,956.9314020203149
79181014,202.99373418936358
64940514,864.9383011540912
42076518,336.7000208459019
38290514,409.3987188421971
12647465,974.1436378926087
51615379,386.08609501456317
58583551,196.8933462340235
89324282,978.6420010763876
53391853,168.36851958005403
22488467,962.0350266541451
77912827,401.45726821902366
92699296,864.9383011540912
98391080,209.81314312554187
25085429,373.1945914404338
58232338,963.9043826393674
40856740,946.6638534496846
86463099,974.1436378926087
30661871,137.5487496866325
43294411,770.9350153417201
95379944,135.76171023946074
10473693,243.7245180922948
60542399,411.69652347226497
52521598,231.5520354990036
78214020,233.15406027056474
42119756,243.7245180922948
74645008,418.0642426412662
68736704,927.671961920215
13851365,247.86338539019602
10956933,860.4399379703123
76588396,403.326624204246
48664414,785.4434353439492
75409758,241.7912907522449
60867152,128.08759082994845
49408128,984.7140957143387
32398201,156.55553287264055
33820657,129.60729906345904
99096183,937.9112171734563
71729207,297.99282354996853
13424233,202.63423830348586
69313487,413.89708202597603
51427900,128.08759082994845
20461232,940.5917588117335
63893951,291.9207289120174
93871936,163.01026458465952
63699477,233.1257669531758
96362629,370.9657395693337
53928117,396.3536435851934
41164553,215.91353108088194
36908648,403.326624204246
29666927,44.65476283930741
11938394,966.2021872694353
52496134,100.27660381853559
32481667,143.62084432458363
61487441,974.4748404610974
78992007,838.1670392916229
52895411,107.38842360543129
58726779,243.7245180922948
20458217,419.9974699813161
60265538,209.81314312554187
48479448,184.4535324270711
72404425,225.18431633000233
91400370,339.28321647368085
56260955,192.39498305024458
65491665,282.62165034550804
11663385,202.99373418936358
18615500,963.9043826393674
87935522,65.61791455355552
58889457,54.66481965775762
19169471,219.11222169205124
66133962,893.4062431967833
66731452,419.6662674128274
39410896,220.0806916961721
54940054,390.25325562985336
10662394,963.9043826393674
80972130,184.4535324270711
45235634,955.962932016194
32971413,407.8249873880249
79283360,121.7198716609472
67055260,231.5520354990036
56118755,324.39215939738386
29230461,962.0350266541451
37178907,407.55765617436373
80400106,225.18431633000233
67091284,407.8249873880249
54160936,921.3042427512139
26849200,253.96377334553608
49585462,332.8284847616619
29429374,53.0910882035854
95616903,984.7140957143387
40605040,213.98030374083203
77364221,231.5520354990036
63366619,858.5705819850899
82932107,190.8212515960724
11504000,107.38842360543129
66338948,407.8249873880249
17704772,413.89708202597603
70406271,178.38143778912
78457345,968.1354146094851
47160363,137.5487496866325
76792443,275.8022414093298
76133904,88.01376195829647
30534387,163.01026458465952
27949452,117.39848042388155
98920505,160.42706895688056
79101538,974.4748404610974
41201623,237.62413013695473
16952322,82.85844374323835
97020909,237.29292756846596
76043497,114.23612585899855
34495964,88.95883169857836
68971691,114.23612585899855
68553106,304.3605427189698
90311747,219.11222169205124
89361909,112.44908641182678
20406930,322.19160084367275
38933836,243.7245180922948
38377549,409.3987188421971
23346090,229.35147694529252
12625694,955.962932016194
57311677,345.355311111632
53924641,311.0895923882001
36865701,871.0103957920423
22626294,231.5520354990036
94697405,203.74104848759075
89675917,257.2620396470373
28055737,121.89684360766046
17371555,186.32288841229348
31452123,219.11222169205124
39910354,304.0932115053086
16661684,209.81314312554187
11696365,974.1436378926087
13890760,216.92422628565436
23308655,134.15968546789958
58265470,237.62413013695473
23915393,324.39215939738386
47202387,980.2157325305598
63170132,276.5495557075569
85663208,225.18431633000233
11731667,237.62413013695473
96387342,390.25325562985336
56912577,969.9764772773185
96546739,233.15406027056474
56118135,134.8166404991788
65848480,190.8212515960724
29524312,134.15968546789958
61207733,950.8310140649747
95068416,129.66132228412067
93730714,38.582668201356284
58209441,203.74104848759075
77468100,166.79478812588184
94556768,163.01026458465952
66214153,403.326624204246
63178801,927.671961920215
47025809,413.5658794574873
17223815,403.326624204246
26808769,209.81314312554187
25114626,401.45726821902366
33184251,409.3987188421971
38562723,128.08759082994845
19383477,237.65242345434368
81390291,233.15406027056474
20998216,899.4783378347344
95233875,401.45726821902366
36756234,311.0895923882001
80596646,276.5495557075569
92304937,401.45726821902366
37613954,237.62413013695473
58590718,231.5520354990036
53992915,237.65242345434368
54005253,163.01026458465952
68781482,297.99282354996853
70720914,225.18431633000233
29283338,403.326624204246
71373910,158.12926432681274
82737999,137.5487496866325
38789318,203.74104848759075
50526394,360.72648431609247
24047944,227.05367231522467
56710540,145.0558957524201
18038779,858.5705819850899
87817642,888.9078800130044
54364617,319.89379621360496
49277751,231.5520354990036
50647092,409.3987188421971
74938295,380.0140003766121
94151619,770.9350153417201
14146499,186.32288841229348
44114070,203.74104848759075
71013634,231.5520354990036
92727921,163.01026458465952
23408005,203.74104848759075
55353418,231.5520354990036
42627732,796.0138931656793
52380113,955.962932016194
76380932,963.9043826393674
85051446,274.5259691005591
13441812,963.9043826393674
75634466,310.4326373569209
77418032,134.15968546789958
26069913,946.6638534496846
56951161,894.9799746509555
65568116,150.18781370363928
61527594,380.0140003766121
17428821,237.65242345434368
23710142,279.6578870517783
95218141,237.65242345434368
64929695,121.89684360766046
16991389,403.326624204246
28240625,946.6638534496846
27547150,415.4991067975372
66381811,203.74104848759075
33749942,168.36851958005403
35190059,955.962932016194
63026525,409.3987188421971
52393671,194.6927876803124
32813270,396.3253502678045
49072955,219.11222169205124
39300176,264.2867138473178
46915044,324.39215939738386
59260240,386.08609501456317
12697027,106.34869845648672
52828733,203.74104848759075
73335938,974.4748404610974
55961268,933.7440565581662
13325471,237.62413013695473
29398613,237.62413013695473
27052291,128.08759082994845
15955952,877.1107837473824
23271818,978.6420010763876
99724134,843.1994087806295
24071058,179.32161447585193
31560904,162.62762751059165
65419988,237.62413013695473
15085530,825.7812487053321
19942722,866.5120326082633
13275930,413.89708202597603
22982323,373.16629812304484
36522599,203.74104848759075
82021909,966.2021872694353
68645790,386.08609501456317
54788650,203.74104848759075
42678082,968.4027458231463
60925510,220.05239837878315
88286089,184.4535324270711
58263484,276.5495557075569
65619117,178.38143778912
38104250,237.65242345434368
13756583,946.6638534496846
60053914,956.9031087029258
64871810,162.62762751059165
58457956,282.62165034550804
46159970,88.01376195829647
68250229,113.12931567489363
47390028,407.8249873880249
32969075,285.72998168972936
53581810,372.83509555455606
79530731,939.4849486276286
24487509,243.7245180922948
69933962,231.2847042853424
65663302,418.0642426412662
12423653,243.36502220641708
58871872,225.18431633000233
58171151,231.5520354990036
30617224,933.7440565581662
69106909,129.66132228412067
13212070,866.5403259256523
68351771,190.8212515960724
87624917,243.36502220641708
11970895,233.1257669531758
44431758,980.2440258479488
16633955,864.9383011540912
42590404,419.9974699813161
86953915,962.0350266541451
15250738,219.11222169205124
44832140,227.05367231522467
73698594,219.11222169205124
42128660,310.4326373569209
79549553,196.8933462340235
71619272,115.64777702299608
42016649,837.1273141426784
61877206,362.5958403013148
56572912,148.11920750836254
71598751,237.62413013695473
34544077,946.6921467670735
28672236,413.925375343365
68689312,253.96377334553608
20267244,134.18797878528852
68781454,968.4027458231463
27270801,148.11920750836254
37219515,830.279611889111
12011866,134.15968546789958
98392715,243.7245180922948
87201351,955.962932016194
14908777,980.5752284164374
34723195,237.62413013695473
27339925,386.08609501456317
65420496,13.934035754826368
40933008,109.45702980070803
47440503,190.8212515960724
94970875,179.32161447585193
91029594,345.355311111632
65336637,150.18781370363928
82023374,860.4399379703123
11380763,377.333458738335
99699540,135.76171023946074
52649545,48.592725019806494
46299510,296.581172385971
71452565,857.1589308210923
67641699,144.11571906568815
12714684,413.89708202597603
60016742,237.62413013695473
53641525,373.16629812304484
43542290,231.5520354990036
32126954,974.4748404610974
38213318,237.62413013695473
19971849,413.89708202597603
69256669,215.91353108088194
23756854,239.22615490851587
62908704,196.8933462340235
32399173,106.34869845648672
39238887,990.8144836696788
94428578,866.5120326082633
52458139,231.5520354990036
80574227,305.01749775024905
90487261,345.355311111632
31852005,874.3994600107752
24086418,407.8249873880249
82209864,74.91699312006483
29014855,100.27660381853559
56782601,241.7912907522449
24702075,94.94860979847891
74660449,172.86688276383296
40117654,209.81314312554187
60385260,940.5917588117335
35958980,237.62413013695473
69458629,227.05367231522467
92886159,413.89708202597603
97734269,93.42890156496833
19053695,235.42357158324361
22371112,955.962932016194
49183639,955.962932016194
53526975,184.4535324270711
26290335,247.86338539019602
13359830,968.4027458231463
39340686,59.163182841536525
85521089,121.7198716609472
26704193,946.6638534496846
86626423,866.5120326082633
80675333,263.6297588160386
38369741,178.38143778912
10428306,239.22615490851587
18197840,194.6927876803124
78586780,148.11920750836254
40311310,332.8284847616619
51507375,220.05239837878315
10857110,231.5520354990036
88736789,336.7000208459019
10823128,203.74104848759075
75933085,978.6420010763876
87766438,237.62413013695473
64406530,237.29292756846596
33833037,860.4399379703123
51715740,413.89708202597603
59611801,106.34869845648672
74340374,984.7140957143387
55507333,923.1735987364361
10416536,386.08609501456317
43556040,129.66132228412067
63137873,955.962932016194
70387789,413.89708202597603
29408506,152.28636812365272
38244388,411.69652347226497
26541311,179.34990779324087
21032019,332.8284847616619
95710332,386.08609501456317
80660421,837.1273141426784
81086775,184.4535324270711
14692465,230.93777154677895
35590067,247.89167870758496
37534494,207.16089480465374
46669694,264.2867138473178
68379291,38.582668201356284
28943151,243.36502220641708
85214973,407.8249873880249
49160221,380.0140003766121
57027484,418.0642426412662
79515834,203.74104848759075
48903593,409.3987188421971
49944843,976.0768652326585
15919205,367.0942034850937
89043859,407.8249873880249
22557888,419.63797409543844
45588391,946.6638534496846
67323319,282.62165034550804
67813677,121.7198716609472
94570366,209.81314312554187
99333664,153.86009957782488
62452475,424.13633727921734
27164888,203.74104848759075
13777597,955.962932016194
58863729,192.39498305024458
75372835,407.8249873880249
46531922,978.6420010763876
22638297,203.74104848759075
43377425,231.5520354990036
45061752,134.15968546789958
87232001,207.13260148726476
99721166,418.0642426412662
63930988,233.1257669531758
67323116,227.05367231522467
90199043,178.38143778912
16025812,128.08759082994845
90192151,386.08609501456317
85194090,184.48182574446008
82716623,59.163182841536525
70041588,144.11571906568815
10909503,142.0471128704114
38910820,219.11222169205124
67605038,409.3987188421971
22421268,367.0942034850937
12483701,119.69628505394934
99756084,305.96256749053094
72806047,190.8212515960724
82569264,184.4535324270711
85085562,134.18797878528852
51688242,403.326624204246
67031304,128.08759082994845
67620733,990.8144836696788
15399183,209.8414364429308
83228475,860.4399379703123
59551778,40.65127439663303
58024179,946.6638534496846
67130514,237.62413013695473
36292117,311.9523455904315
40708056,312.03466212848207
16154757,768.2029061542664
56077131,424.13633727921734
24589481,984.7140957143387
73507348,933.7440565581662
98283340,413.89708202597603
78682956,237.62413013695473
48031966,940.5917588117335
54069937,173.2495198379008
12509398,338.900579399613
55254106,380.0140003766121
99797445,231.5520354990036
46298966,866.4580093876018
97439691,976.0768652326585
77392495,201.06050684931367
20307174,974.4748404610974
99295729,389.50594133162616
13479279,209.81314312554187
57906842,407.8249873880249
11957267,95.03092633652949
46011088,270.3588084852689
40051988,858.5705819850899
76565808,259.1313956322597
38007540,226.15278633412322
79111798,184.4535324270711
44170417,194.6927876803124
81747003,860.4399379703123
10689207,192.39498305024458
68762949,843.1994087806295
41533253,158.12926432681274
72624609,910.1002301620435
95729378,409.3987188421971
63404247,403.326624204246
66851416,128.08759082994845
52878792,837.1273141426784
69816189,74.91699312006483
93215948,235.42357158324361
82196067,239.22615490851587
65951347,225.18431633000233
28150709,962.0350266541451
26445964,887.038524027782
59886188,126.06400422295064
47858132,378.9071901925072
10617528,968.4027458231463
26555436,31.352195830123662
75176293,933.7440565581662
15592659,310.46093067430985
17002563,121.7198716609472
65418918,980.5752284164374
50328250,100.27660381853559
29587649,349.1398346528543
58771361,140.26007342323965
11138502,962.0350266541451
87806628,148.11920750836254
92541302,38.582668201356284
20045193,169.08235922261065
53943287,219.11222169205124
72973012,310.46093067430985
98243897,905.9330695467534
50425980,237.62413013695473
53891279,349.52247172692216
12653293,147.78800493987376
79516817,209.81314312554187
57736550,134.15968546789958
68504332,196.8933462340235
51418176,968.4027458231463
52844688,380.0140003766121
14924228,142.0471128704114
17385055,88.93053838118942
48584675,129.66132228412067
84113591,310.4326373569209
24176804,974.4748404610974
42578288,192.39498305024458
22976178,940.5917588117335
59427067,213.98030374083203
62214101,115.64777702299608
31095835,894.9799746509555
61084952,407.8249873880249
24538640,117.39848042388155
17397516,860.4399379703123
53588939,373.16629812304484
64801503,134.15968546789958
22306102,962.063319971534
73464976,411.69652347226497
25265317,830.279611889111
67321055,214.8556200903776
52652991,968.4027458231463
77364707,194.6927876803124
28941979,963.9043826393674
74248679,972.2742819073864
67415672,101.31632896748022
80048641,196.56214366553473
42348096,134.8166404991788
76460518,121.7198716609472
34956566,411.69652347226497
77002192,407.55765617436373
88577445,231.5520354990036
38297974,413.89708202597603
97975641,974.4748404610974
15692698,968.4027458231463
83507949,816.4281469181612
91740530,963.9043826393674
37895673,128.08759082994845
19139820,383.4055533762861
89742287,215.91353108088194
63175133,413.89708202597603
52867973,956.9031087029258
16690451,209.81314312554187
37055011,121.7198716609472
17248647,237.29292756846596
17328412,395.38517358107254
63923102,962.0350266541451
34421040,796.0138931656793
99940233,213.98030374083203
45814646,413.89708202597603
58613984,367.0942034850937
31285738,163.01026458465952
35071743,413.89708202597603
52223959,419.63797409543844
61904367,233.1257669531758
31525138,229.35147694529252
73171290,203.74104848759075
44582195,424.13633727921734
90109527,225.18431633000233
26952082,44.65476283930741
53620380,196.8933462340235
94287883,825.7812487053321
77186365,345.355311111632
33864808,115.64777702299608
70959138,231.5520354990036
52099246,407.8249873880249
22249291,203.74104848759075
48803280,386.11438833195217
89982531,407.8249873880249
64289923,968.4027458231463
22000557,209.8414364429308
26219747,201.06050684931367
31130738,401.45726821902366
32445244,269.70185345398966
75236281,219.11222169205124
13587715,368.66793493926593
52514750,158.35846276160382
90786271,418.0642426412662
15005065,80.98908775801596
20097518,100.27660381853559
50625868,239.22615490851587
84412981,291.9207289120174
92773944,231.5520354990036
25312123,87.35680692701726
70396417,209.81314312554187
54865863,362.5958403013148
35803808,169.1106525399996
59597265,830.279611889111
93311848,220.05239837878315
32340446,332.8284847616619
96794801,209.81314312554187
40380864,169.08235922261065
82007689,88.93053838118942
84851707,237.29292756846596
83174692,237.62413013695473
59083400,409.3987188421971
17580169,415.4991067975372
18219500,233.1257669531758
87811781,259.1313956322597
14088369,190.55392038241118
67659430,239.22615490851587
42456496,424.13633727921734
87353322,978.6420010763876
13917344,233.15406027056474
19886405,247.86338539019602
77800166,969.9764772773185
77068569,220.05239837878315
88362858,220.0806916961721
71241476,927.671961920215
24814654,213.98030374083203
46691706,233.1257669531758
79162545,237.62413013695473
42908985,-9.378588072807531
74936566,188.6206930423613
19620916,115.64777702299608
54347722,860.4399379703123
90271799,937.9112171734563
25414359,974.1436378926087
35809369,407.8249873880249
57731323,430.2367252345574
37887687,796.3965302397471
76623206,169.08235922261065
69954876,413.89708202597603
78180146,943.9833118114075
90681578,128.08759082994845
41794614,203.74104848759075
83295852,147.78800493987376
31156145,310.4326373569209
62711916,362.5958403013148
74676618,123.58922764616955
43248708,304.3605427189698
69180825,392.18648296990324
75624999,190.8212515960724
37667208,257.2620396470373
77810578,299.8621795351909
47115768,237.29292756846596
81589304,974.1436378926087
74472711,175.69856764161858
82711188,207.13260148726476
55272778,209.81314312554187
98229885,368.6962282566549
70058028,209.8414364429308
90729377,364.8936449313826
13401279,380.0140003766121
85519612,963.9043826393674
17006769,311.9523455904315
99888523,198.49537100558464
22354297,380.0140003766121
43508583,819.7091540673811
96795828,115.64777702299608
96608998,10.771681189943422
67452091,251.1899450090862
40571985,946.6638534496846
15232782,950.8310140649747
86789043,184.4535324270711
14046478,128.74454586122772
45515801,178.38143778912
26318506,968.4027458231463
34584473,44.65476283930741
15369631,114.23612585899855
26479383,304.3605427189698
81346470,899.8609749088023
83197984,227.05367231522467
70331904,372.83509555455606
78907246,817.8397980821587
42709019,940.5917588117335
97184353,111.32638578593043
35589537,974.4748404610974
83942112,360.72648431609247
58293013,367.0942034850937
78567689,905.9613628641423
88610012,129.60729906345904
68628621,65.61791455355552
51584806,196.8933462340235
29419986,233.1257669531758
21476578,297.99282354996853
77370060,109.45702980070803
33607448,969.9764772773185
47890072,407.8249873880249
11234362,219.11222169205124
70681971,302.336956111972
45196219,304.3605427189698
58136807,53.0910882035854
21383428,277.58928085650155
38088367,231.5520354990036
57071133,386.08609501456317
83834449,304.3605427189698
72194210,974.1436378926087
14582584,407.8249873880249
16017322,196.8933462340235
18598541,343.06774001490317
82812670,403.326624204246
53563234,380.0140003766121
63779141,413.89708202597603
70854456,858.5705819850899
83535660,202.63423830348586
51099419,102.89006042165238
30503407,940.5917588117335
90802363,413.89708202597603
84057874,178.38143778912
93637941,121.7198716609472
33888588,-14.587929508527338
78183407,219.11222169205124
88497510,974.1436378926087
88829918,413.89708202597603
72639649,407.8249873880249
15627595,324.39215939738386
68832460,299.8621795351909
31734310,194.72108099770136
69212161,134.15968546789958
62980146,101.31632896748022
69972227,227.05367231522467
53162285,247.89167870758496
10963473,781.5054731634501
65276908,213.98030374083203
72611634,405.62442883431385
81292347,413.89708202597603
34705944,419.63797409543844
54322977,129.66132228412067
27155431,265.20349027021075
61373056,386.08609501456317
64530093,395.38517358107254
44187538,225.2126096473913
29110806,219.11222169205124
34026881,955.962932016194
67734035,276.5495557075569
90355788,237.29292756846596
76930932,380.0140003766121
31194080,192.39498305024458
26948420,972.2742819073864
60117998,407.8249873880249
23540580,235.4518649006326
29255361,237.62413013695473
47322059,963.9043826393674
50570727,59.5458199156044
71874386,282.62165034550804
27325447,237.62413013695473
92986477,320.3886709547095
27856293,172.86688276383296
55159001,396.3253502678045
88660196,354.65438967814134
82148252,65.61791455355552
15421314,380.0140003766121
27620141,227.05367231522467
12348320,237.62413013695473
84344897,237.65242345434368
10950855,190.8212515960724
44290434,219.11222169205124
84843689,304.3605427189698
85814690,129.68961560150962
60406086,247.89167870758496
35395832,158.12926432681274
54621645,276.5495557075569
29154162,65.61791455355552
40230589,419.63797409543844
46902130,237.65242345434368
70579622,139.84655431670035
86272378,148.11920750836254
12294631,225.18431633000233
29412564,871.6673508233215
88089176,395.38517358107254
91193188,305.934274173142
36523137,405.62442883431385
54050884,413.89708202597603
19187985,345.355311111632
91884750,899.8609749088023
77985469,186.32288841229348
19362736,407.8249873880249
37641826,304.3605427189698
17997673,128.74454586122772
12296621,227.05367231522467
94210085,213.98030374083203
84475360,419.63797409543844
44450631,209.81314312554187
96917819,310.4326373569209
76581579,276.5495557075569
16376842,124.47538111223986
20378565,871.0103957920423
67149501,419.9974699813161
74149592,184.4535324270711
55437574,407.8249873880249
86258875,196.8933462340235
25154125,921.3042427512139
64289878,128.08759082994845
59484061,186.32288841229348
39600891,304.0932115053086
40907835,192.39498305024458
47183606,424.13633727921734
71132260,386.08609501456317
19424487,968.4027458231463
35720925,93.45719488235733
74210516,231.5520354990036
53089641,163.01026458465952
27778699,209.8414364429308
73489375,969.9764772773185
46042524,367.0942034850937
59554727,413.89708202597603
31273971,231.5520354990036
31543147,100.27660381853559
74490349,158.12926432681274
65190591,940.5917588117335
21122660,940.5917588117335
54597323,830.3079052065
77569150,318.32006475943274
68093533,396.3253502678045
87099884,367.0942034850937
64825958,411.69652347226497
27545112,362.5958403013148
87791632,247.86338539019602
93384265,419.63797409543844
64047299,257.2620396470373
23357980,113.12931567489363
88585802,946.6638534496846
26754357,201.55305308119387
99964380,129.60729906345904
63611208,424.13633727921734
10618556,354.65438967814134
12155276,134.18797878528852
56528554,791.5155299819003
72203638,227.05367231522467
48174886,380.0140003766121
25749233,296.581172385971
11912269,269.70185345398966
14181748,974.4748404610974
77013810,316.533025312261
59885886,334.4022162158341
92982194,94.0858565962476
88065861,296.581172385971
14857189,237.29292756846596
60358916,413.89708202597603
72265262,974.4748404610974
20471623,968.4027458231463
88951362,106.34869845648672
22364003,403.326624204246
85137999,401.45726821902366
84176549,156.55553287264055
25849299,209.81314312554187
21233903,241.7912907522449
95963515,247.86338539019602
47630408,380.0140003766121
38763223,74.91699312006483
34812513,128.74454586122772
77372953,843.1994087806295
74724495,946.6638534496846
34162435,251.1899450090862
60046268,962.0350266541451
19475755,237.62413013695473
89620481,974.4748404610974
26981207,231.2847042853424
13918048,201.06050684931367
36590125,380.0140003766121
78119113,207.13260148726476
43245514,231.5520354990036
88082339,93.45719488235733
62738760,233.1257669531758
55254407,134.8166404991788
85112378,140.26007342323965
40490983,237.29292756846596
44048989,209.81314312554187
15551565,40.65127439663303
27681538,338.900579399613
98232104,196.92163955141245
14018289,172.86688276383296
82522150,233.1257669531758
65483357,162.62762751059165
94158408,220.05239837878315
50266167,367.0942034850937
28805175,401.45726821902366
93929668,916.1723247999946
15540290,413.89708202597603
98661090,222.99632092360548
50074109,233.1257669531758
85017115,237.29292756846596
99914220,866.5120326082633
76334714,878.8978231945541
38140938,209.81314312554187
93933852,237.29292756846596
13190892,946.6638534496846
67747085,241.7912907522449
96389355,413.89708202597603
42380180,339.28321647368085
55522772,139.84655431670035
18839853,93.42890156496833
93030803,305.01749775024905
19574384,201.06050684931367
17501488,219.11222169205124
92757638,373.16629812304484
47546392,231.5520354990036
56569095,233.1257669531758
34392418,802.4686248776982
49367171,231.5520354990036
37669142,305.934274173142
33580264,209.81314312554187
52617381,395.38517358107254
13011861,984.7140957143387
97498208,144.11571906568815
53388262,184.4535324270711
63018369,209.81314312554187
59266953,128.74454586122772
33256210,143.62084432458363
26585585,128.08759082994845
43342989,413.5658794574873
81962175,413.89708202597603
54752385,115.64777702299608
12906623,940.5917588117335
12144505,343.06774001490317
47329191,271.3038782255508
35302686,339.28321647368085
29541158,106.34869845648672
80447228,186.32288841229348
56399590,231.5520354990036
44327442,219.11222169205124
65756284,380.0140003766121
13967851,413.89708202597603
33766889,231.5520354990036
70886578,219.11222169205124
85448456,969.9764772773185
24208719,409.3987188421971
72059158,413.89708202597603
30666083,413.89708202597603
45090209,343.06774001490317
79520644,980.2440258479488
41015799,219.11222169205124
22610356,929.2456933743873
46940244,137.5487496866325
21443863,178.38143778912
63769088,403.326624204246
32298027,401.45726821902366
26046152,413.89708202597603
60326272,899.8609749088023
24693880,198.49537100558464
18317166,411.69652347226497
64265688,144.11571906568815
27910854,237.65242345434368
56810750,351.45569906697204
97007881,418.0642426412662
90317702,310.46093067430985
81231529,247.86338539019602
85899649,386.08609501456317
92087175,401.4855615364126
24070483,186.32288841229348
87629146,343.06774001490317
11101794,316.533025312261
67889079,946.6921467670735
25576186,53.0910882035854
67657245,142.0471128704114
74992266,127.82025961628727
83091668,927.671961920215
41547362,233.15406027056474
75141878,310.4326373569209
11562295,937.9112171734563
23748006,370.9657395693337
89825179,209.81314312554187
46505766,970.0047705947075
36098274,299.8621795351909
61326956,866.5403259256523
69020339,128.08759082994845
35844282,190.8212515960724
86014291,209.81314312554187
72500654,407.8249873880249
11567986,345.355311111632
95910506,196.92163955141245
73565600,220.05239837878315
83729347,899.8609749088023
39689433,984.7140957143387
26513864,905.9330695467534
20449852,946.6638534496846
10382065,273.09091767272264
61096786,419.6662674128274
40823824,139.84655431670035
95687753,933.772349875555
88043962,405.62442883431385
43192291,237.62413013695473
18631499,407.8249873880249
27194752,115.64777702299608
48023684,386.08609501456317
76180232,237.62413013695473
99345059,933.7440565581662
46554999,373.16629812304484
57537267,121.7198716609472
72087202,196.92163955141245
60008708,345.355311111632
13534295,367.0942034850937
90971189,156.55553287264055
55662480,219.11222169205124
81189360,407.8249873880249
49401774,407.8249873880249
12131946,407.8249873880249
78732926,411.69652347226497
38392538,946.6638534496846
64273801,259.1313956322597
62858255,291.9207289120174
13288053,241.7912907522449
80940080,179.32161447585193
73197703,237.29292756846596
88918806,320.3886709547095
45088467,407.8249873880249
42105313,322.19160084367275
51515302,145.0558957524201
85071892,963.9043826393674
23401512,209.81314312554187
70514922,203.74104848759075
53367560,407.8249873880249
30799466,403.326624204246
87442307,338.900579399613
84081332,128.08759082994845
87505658,722.2627808156154
10151086,963.9043826393674
19254776,909.7175930879757
38019521,974.1436378926087
40151098,109.45702980070803
75965212,310.4326373569209
38667600,148.11920750836254
55646285,196.8933462340235
35548301,142.0471128704114
18737005,405.62442883431385
76771390,227.05367231522467
23778594,150.18781370363928
63739797,209.81314312554187
40559434,241.7912907522449
15970404,106.34869845648672
41963393,220.0806916961721
36850376,940.5917588117335
30703622,120.30822049694967
53681130,59.163182841536525
52524172,203.74104848759075
78986568,407.8249873880249
60868659,373.16629812304484
55970571,178.38143778912
69603000,233.1257669531758
24475423,113.62419041599821
30105284,390.25325562985336
42638975,367.0942034850937
54205765,395.38517358107254
77026950,865.5952561853704
55738198,968.4027458231463
49309757,247.86338539019602
52256145,974.5031337784864
14972722,390.25325562985336
47613103,367.0942034850937
31244414,188.6206930423613
67669646,955.962932016194
85221335,219.11222169205124
29598209,190.8212515960724
64960038,237.62413013695473
36072721,99.52928952030845
48855526,162.62762751059165
40290168,243.36502220641708
84094689,233.1257669531758
64780070,219.11222169205124
62238032,179.34990779324087
44102009,290.5090777480199
13443938,219.11222169205124
27288438,88.93053838118942
26505769,874.3994600107752
62425735,237.62413013695473
41742405,243.36502220641708
35508108,203.74104848759075
67267851,403.326624204246
65786198,407.8249873880249
69652252,65.61791455355552
78338794,955.962932016194
98205508,310.4326373569209
90079134,215.91353108088194
89240929,237.62413013695473
59365630,969.9764772773185
16423455,395.38517358107254
30410578,265.20349027021075
41943183,299.8621795351909
17181615,380.0140003766121
31537031,198.49537100558464
55634963,172.86688276383296
14790401,233.1257669531758
49470022,362.5958403013148
68137744,373.16629812304484
10800640,196.56214366553473
82878129,235.42357158324361
98099360,120.30822049694967
36414556,188.6206930423613
74858657,121.7198716609472
41406039,135.67939370141016
67297495,379.2666860783849
98019387,152.05716968886162
17133275,962.063319971534
44434588,860.4399379703123
23385843,386.08609501456317
51805988,237.29292756846596
65443150,243.36502220641708
77624321,871.0103957920423
80056192,978.6420010763876
92008819,101.31632896748022
78973038,190.8212515960724
36356168,282.62165034550804
23051465,304.3605427189698
18225590,969.9764772773185
30705007,233.1257669531758
51916309,127.6377356771228
49014177,946.6638534496846
46939883,32.21494903235498
27552020,196.8933462340235
76064439,360.72648431609247
42732794,946.6638534496846
78185687,969.9764772773185
37150067,209.81314312554187
60216204,915.2321481132628
67861895,209.81314312554187
82668831,209.81314312554187
26865256,978.6420010763876
20296005,968.4027458231463
91164112,282.62165034550804
48751412,243.36502220641708
92672083,276.5495557075569
66451503,227.05367231522467
79223008,203.74104848759075
86295795,93.42890156496833
12188395,871.0103957920423
33148873,291.9207289120174
18236078,227.05367231522467
53763750,188.63325618967554
90278346,332.8284847616619
23921552,962.0350266541451
60806947,956.9031087029258
87988487,121.74816497833615
33594333,158.12926432681274
51767697,257.2620396470373
76176593,128.08759082994845
20106678,213.98030374083203
89323122,297.838592928193
15084276,312.03466212848207
46737280,225.18431633000233
27725859,419.63797409543844
47502584,367.0942034850937
89375361,974.1436378926087
54279167,390.25325562985336
62834953,237.65242345434368
51358955,219.11222169205124
43105700,305.01749775024905
71610282,411.7248167896539
79952909,203.74104848759075
86913278,386.08609501456317
72344233,129.60729906345904
41143291,409.3987188421971
47312733,407.8249873880249
73376655,946.6638534496846
44219943,-6.646478885353872
18665144,963.0034966582659
38016360,237.62413013695473
50277432,264.2867138473178
14668690,362.5958403013148
44041678,235.42357158324361
68597599,413.89708202597603
55600173,203.74104848759075
78109218,409.3987188421971
43432402,134.15968546789958
57793276,843.1994087806295
82143513,227.05367231522467
13373907,305.01749775024905
78336625,336.7000208459019
51821030,214.8556200903776
57620512,968.4027458231463
94840760,372.83509555455606
71866671,968.1354146094851
12967437,884.9699178325052
94620585,227.05367231522467
45148967,419.9974699813161
28096166,163.01026458465952
76948857,968.4027458231463
44584760,178.38143778912
36577484,231.5520354990036
63103602,114.23612585899855
15647671,968.4027458231463
86020607,100.27660381853559
80235014,227.05367231522467
40496834,291.9207289120174
98549441,12.360304300654207
71915619,916.1723247999946
27813348,237.62413013695473
48090735,950.8310140649747
91818207,395.38517358107254
12597429,203.74104848759075
99318296,16.843775827894547
38085169,237.65242345434368
38823071,237.29292756846596
61630311,134.15968546789958
78195551,386.08609501456317
88131419,880.9664293898309
18300026,921.3042427512139
99585455,219.11222169205124
51530595,968.4027458231463
94166971,163.01026458465952
13633057,401.4855615364126
68298368,419.63797409543844
69215865,152.28636812365272
30064972,203.74104848759075
96997224,243.36502220641708
45138943,145.0558957524201
21749235,259.1313956322597
62856234,377.0661275246738
23982292,182.26553702067423
17686144,424.13633727921734
57256437,219.11222169205124
85469927,103.38493516275696
14451732,237.62413013695473
85268432,952.7642414050246
64602955,237.62413013695473
74101500,192.39498305024458
80083521,386.08609501456317
11433359,858.5988753024789
99198713,188.63325618967554
12281135,311.9523455904315
60094475,750.7847460789691
18817746,225.18431633000233
80803307,916.1723247999946
50415370,233.1257669531758
65098425,237.62413013695473
52785060,209.81314312554187
76797423,129.66132228412067
57752962,871.0103957920423
30340212,88.01376195829647
17309152,129.68961560150962
29046975,227.05367231522467
58339630,152.05716968886162
38269849,950.8310140649747
65498444,162.62762751059165
56278811,377.0661275246738
65904109,-0.07950950629822273
34436387,401.45726821902366
83162633,237.62413013695473
41922575,968.4027458231463
67606284,220.05239837878315
74148614,950.8310140649747
31898202,956.9031087029258
12816787,395.38517358107254
73390625,407.8249873880249
44602780,969.9764772773185
59497966,403.326624204246
33304284,373.1945914404338
70931726,969.9764772773185
44381487,324.39215939738386
55483533,134.15968546789958
41096987,310.4326373569209
60844342,231.5520354990036
46382270,225.18431633000233
41975761,395.38517358107254
20086347,128.08759082994845
82572177,978.6420010763876
27871083,373.16629812304484
47060550,304.3605427189698
44062914,963.9043826393674
29352791,121.7198716609472
42368060,203.74104848759075
83186065,169.1106525399996
86750602,209.81314312554187
18043718,-9.378588072807531
85319365,380.0140003766121
93521329,152.05716968886162
68774400,990.8144836696788
27686846,401.4855615364126
73144512,152.28636812365272
47707941,237.65242345434368
91947483,229.35147694529252
54467473,305.934274173142
25827075,231.5520354990036
99472188,395.38517358107254
29814538,158.35846276160382
98588385,237.62413013695473
15032563,946.6921467670735
73738020,184.4535324270711
11480212,196.92163955141245
75221745,225.18431633000233
19968090,866.5120326082633
70404205,162.29642494210293
68659791,169.08235922261065
33092757,955.962932016194
78193594,209.81314312554187
98198145,310.4326373569209
99767011,843.1994087806295
56688046,201.06050684931367
66475382,241.7912907522449
75692782,802.4969181950871
26808729,237.62413013695473
32171695,203.74104848759075
88456703,304.0932115053086
20999557,974.4748404610974
28934979,184.4535324270711
37107836,203.74104848759075
50278467,237.62413013695473
61940174,407.8249873880249
17559774,209.81314312554187
21430086,219.11222169205124
10776426,192.39498305024458
98097088,407.8249873880249
43113087,148.11920750836254
12862019,409.3987188421971
44592366,310.4326373569209
96886172,299.8621795351909
96480201,418.0642426412662
85983502,332.8284847616619
23038927,93.42890156496833
53573032,203.74104848759075
34553934,178.38143778912
51249487,229.35147694529252
85349173,233.1257669531758
40895869,231.5520354990036
99256510,203.74104848759075
76469230,383.4055533762861
18165718,332.8284847616619
96264289,137.5487496866325
20452221,144.11571906568815
15739031,175.18274717795072
75157790,415.4991067975372
28901434,172.86688276383296
98941473,154.35497431892946
84489512,368.66793493926593
11168890,144.11571906568815
45041073,392.18648296990324
85582491,209.81314312554187
14863106,237.62413013695473
53607444,237.62413013695473
39640829,207.13260148726476
83896205,386.08609501456317
66887097,237.62413013695473
54562627,225.18431633000233
60923346,972.2742819073864
85626709,163.01026458465952
11687354,143.62084432458363
99055900,73.50534195606735
94176139,138.98380111446897
65142810,866.5120326082633
21025866,332.8284847616619
86231352,386.11438833195217
94223565,169.1106525399996
53094412,291.9207289120174
16579300,137.5487496866325
68788821,231.5520354990036
22347006,175.18274717795072
89447420,407.8249873880249
92132840,962.0350266541451
61120099,145.0558957524201
66390529,390.25325562985336
36752526,287.59933767495176
28673093,237.62413013695473
60187719,203.74104848759075
47937195,378.9071901925072
18528428,403.326624204246
72855294,980.2157325305598
77314174,178.38143778912
74208091,231.5520354990036
25265856,247.86338539019602
43541187,866.5403259256523
22027673,374.76832289460594
39533389,219.11222169205124
28548263,943.9833118114075
78891989,144.11571906568815
68562696,413.89708202597603
45297826,984.7140957143387
14532340,409.42701215958607
42487332,937.9112171734563
79497837,163.01026458465952
48787566,247.89167870758496
43024895,190.8212515960724
54043001,413.89708202597603
18517095,403.326624204246
42190640,409.3987188421971
81702926,373.16629812304484
20584669,225.18431633000233
48104361,112.44908641182678
95781341,396.3253502678045
42595500,864.9383011540912
34081689,115.82474896970933
18465181,156.55553287264055
87028165,121.89684360766046
25157413,186.32288841229348
33500861,128.08759082994845
22501784,203.74104848759075
90954690,237.62413013695473
12079890,940.5917588117335
24560931,296.581172385971
57180097,233.1257669531758
53805689,237.29292756846596
54653374,34.08430501757738
79714919,59.163182841536525
52629831,128.08759082994845
30315883,978.6420010763876
55900800,158.12926432681274
62528560,231.5520354990036
17439043,71.71830250889559
64302335,396.3253502678045
53498595,186.32288841229348
92248005,237.62413013695473
65132848,871.0103957920423
54712644,88.87651516052779
26501578,866.5120326082633
57973578,237.62413013695473
64849387,968.4027458231463
38331875,188.63325618967554
84564845,298.0211168673575
34335614,407.8249873880249
18851658,407.8249873880249
10997678,401.45726821902366
40768250,288.7220383008481
47646719,82.85844374323835
92937467,837.1273141426784
61661397,209.8414364429308
48317061,87.35680692701726
97216589,326.4607655926606
39977323,424.1646305966063
46445975,377.333458738335
94283551,413.89708202597603
49677766,220.05239837878315
85991335,219.11222169205124
23059563,213.98030374083203
98641777,409.3987188421971
62115510,192.39498305024458
63322573,857.1589308210923
88463974,229.35147694529252
29063398,233.1257669531758
94756964,305.934274173142
84286445,968.4027458231463
86644899,864.9383011540912
58366829,127.82025961628727
87935193,147.78800493987376
65710078,231.5520354990036
55211028,923.1735987364361
20090342,395.38517358107254
17885846,411.69652347226497
87917108,201.55305308119387
35243872,974.4748404610974
78681572,407.8249873880249
36496663,413.89708202597603
88567292,424.13633727921734
90883683,955.962932016194
77163639,237.62413013695473
70680981,978.6420010763876
72230973,192.39498305024458
13786940,968.4027458231463
56650323,87.35680692701726
67337097,53.0910882035854
65297160,392.18648296990324
23393351,163.01026458465952
43711949,215.91353108088194
45998905,231.5520354990036
94413146,288.7220383008481
30684529,198.49537100558464
28147355,839.7407707457951
14737001,219.11222169205124
55758535,220.05239837878315
95914131,235.4518649006326
95400320,143.62084432458363
29157079,233.1257669531758
34838551,196.56214366553473
79573538,101.31632896748022
53853858,373.16629812304484
46958037,220.05239837878315
40355076,860.4399379703123
79162800,424.13633727921734
61449541,134.8166404991788
68870249,305.96256749053094
13256146,73.50534195606735
23687793,186.32288841229348
49330994,237.62413013695473
47955268,409.3987188421971
24572229,237.29292756846596
85493065,225.18431633000233
95994562,202.63423830348586
86822089,946.6921467670735
38878729,401.45726821902366
83459912,173.2495198379008
40295244,117.39848042388155
95702507,229.35147694529252
97865744,974.4748404610974
81724417,237.62413013695473
22296895,380.0140003766121
25100739,950.0836997667476
11994578,235.42357158324361
43823713,178.38143778912
57595389,237.62413013695473
37162594,946.6638534496846
51432674,405.62442883431385
96977947,225.18431633000233
69353041,383.4055533762861
97471377,390.25325562985336
78888703,305.934274173142
58472902,980.5752284164374
77647159,225.18431633000233
63649430,978.6420010763876
11295973,933.7440565581662
11886952,974.1436378926087
31115337,227.05367231522467
53945582,811.7677034442077
73391100,48.592725019806494
16170017,373.16629812304484
96391937,411.69652347226497
49663888,297.99282354996853
37966282,288.7220383008481
91789209,407.8249873880249
47228126,395.38517358107254
26588476,419.63797409543844
87591569,233.15406027056474
15315145,123.58922764616955
70198893,379.2666860783849
61666968,93.42890156496833
22175686,225.18431633000233
63396595,933.7440565581662
18727617,843.1994087806295
19777468,129.66132228412067
30527873,305.88025095248037
95114158,80.98908775801596
41739701,974.4748404610974
11369670,264.2867138473178
74973026,229.35147694529252
73622781,402.42573822314455
52281834,328.55932001267405
16897176,115.64777702299608
63339672,980.2157325305598
94319057,225.18431633000233
89357552,233.1257669531758
24886317,413.925375343365
59666869,415.4991067975372
72430983,929.2456933743873
85345596,888.9078800130044
24218852,220.05239837878315
82044920,106.34869845648672
28204462,866.5120326082633
25544623,209.81314312554187
98645538,123.58922764616955
35786181,263.6297588160386
56759514,225.18431633000233
94979414,128.74454586122772
52508190,219.11222169205124
49317061,231.5520354990036
76293520,209.81314312554187
67067662,209.81314312554187
11847526,237.29292756846596
14139283,360.7547776334814
35602964,297.99282354996853
61092334,129.60729906345904
69270579,102.89006042165238
47517321,407.8249873880249
10542988,297.99282354996853
66912082,145.91864895465142
42445139,858.5705819850899
73053729,939.4849486276286
96699423,237.62413013695473
18843679,169.08235922261065
86433075,233.1257669531758
26883104,921.3042427512139
19601132,129.68961560150962
37017650,134.15968546789958
83138933,227.05367231522467
73247661,235.4518649006326
59307450,318.32006475943274
31131827,295.96923694297067
69966233,871.0103957920423
40243877,968.4027458231463
41951589,305.01749775024905
36031262,227.05367231522467
42623413,972.2742819073864
67891203,946.6638534496846
51970188,324.39215939738386
24213498,872.5301040255529
96242069,25.280101192172538
41943430,978.6420010763876
89189267,966.2021872694353
19898345,196.56214366553473
60572858,866.5120326082633
34988552,225.18431633000233
91110384,956.9031087029258
75957507,310.4326373569209
64422949,123.58922764616955
93823627,231.5520354990036
93745711,225.18431633000233
17782008,192.39498305024458
40016743,915.2321481132628
78676337,129.60729906345904
96591242,44.65476283930741
83545822,139.84655431670035
89501773,910.1002301620435
19293886,34.08430501757738
58534753,407.8249873880249
56198063,968.4027458231463
60777659,227.05367231522467
65431978,225.2126096473913
94604898,119.69628505394934
76197738,386.08609501456317
81980523,237.62413013695473
41676275,18.432398938605274
36497965,969.9764772773185
23177824,129.68961560150962
85192608,99.52928952030845
30289672,207.13260148726476
98138275,972.2742819073864
57817320,229.35147694529252
42234307,955.962932016194
35893634,87.35680692701726
18195993,38.582668201356284
98403244,419.9974699813161
63004294,154.35497431892946
54567579,203.74104848759075
91568379,231.5520354990036
82476880,219.11222169205124
55652262,386.08609501456317
20373341,34.08430501757738
58632297,237.62413013695473
24786934,390.25325562985336
43722745,237.62413013695473
87508719,225.18431633000233
80752603,203.74104848759075
16698668,950.8310140649747
78798734,380.0140003766121
18461999,762.9935647185466
81299277,34.08430501757738
91417891,231.5520354990036
25190830,407.8249873880249
73164327,233.1257669531758
92759943,203.74104848759075
18785269,169.08235922261065
67717385,227.05367231522467
68136920,145.91864895465142
77810360,409.3987188421971
62012820,106.34869845648672
55983128,227.05367231522467
28119370,905.9330695467534
34978717,247.86338539019602
52374215,380.0140003766121
66651771,905.9330695467534
49306420,407.8249873880249
57524470,193.11672771691588
50884173,120.30822049694967
41477733,227.05367231522467
14875840,762.9935647185466
11186021,192.39498305024458
36355598,860.4399379703123
54557949,237.62413013695473
69426516,227.05367231522467
92092667,142.0471128704114
52668902,196.8933462340235
63561915,184.4535324270711
11154750,152.05716968886162
48765039,219.11222169205124
91136342,811.7677034442077
41265217,980.2157325305598
25331950,184.4535324270711
59339185,243.36502220641708
59925803,163.01026458465952
15169957,785.4434353439492
14437249,407.8249873880249
98971521,80.98908775801596
26418410,237.65242345434368
85892267,247.86338539019602
29358885,196.92163955141245
90069301,202.99373418936358
11408026,202.99373418936358
77952900,297.99282354996853
83752708,968.4027458231463
15243872,173.2495198379008
20649757,264.2867138473178
94157069,338.56937683112426
80138291,203.74104848759075
79658232,186.32288841229348
20876663,194.70535082762663
66248879,231.5520354990036
98196787,304.3605427189698
11070217,407.8249873880249
54123194,866.5120326082633
86862821,407.8249873880249
40252559,190.8212515960724
60519623,190.8212515960724
11098932,310.4326373569209
77544004,231.5520354990036
43855714,386.08609501456317
57112829,241.7912907522449
69104738,93.42890156496833
51426009,193.11672771691588
96759585,395.38517358107254
61695552,972.2742819073864
29335973,139.84655431670035
86711404,152.05716968886162
96132003,950.8310140649747
71930157,978.6420010763876
24207989,368.66793493926593
81239737,-14.587929508527338
19246532,186.32288841229348
12541440,166.79478812588184
10876544,219.11222169205124
11012723,969.9764772773185
38854043,213.98030374083203
78679072,121.7198716609472
39567200,123.58922764616955
59107952,401.45726821902366
79981461,241.7912907522449
16385065,380.0140003766121
42418677,962.063319971534
26750207,144.11571906568815
92430939,963.9043826393674
22967094,311.0895923882001
40195159,243.36502220641708
72466218,196.8933462340235
34482136,38.582668201356284
13940540,94.0858565962476
22725269,207.13260148726476
78995555,137.5487496866325
73638726,237.29292756846596
64722395,872.6124205636035
89563722,310.46093067430985
32568591,316.533025312261
45801232,225.18431633000233
20301291,950.8310140649747
40244043,128.08759082994845
64129406,915.2321481132628
72297320,82.85844374323835
13456518,225.18431633000233
27325248,10.771681189943422
33468754,194.6927876803124
60910395,243.36502220641708
32681832,396.3253502678045
21428869,213.98030374083203
86653666,196.8933462340235
32786522,418.0642426412662
64027869,403.326624204246
34126567,190.8212515960724
42278394,152.05716968886162
95376056,247.86338539019602
99562015,921.3042427512139
15133980,940.5917588117335
54026308,154.35497431892946
76441994,237.65242345434368
94110128,115.64777702299608
20201258,386.08609501456317
84604326,162.29642494210293
27309117,373.16629812304484
85307886,123.58922764616955
68918906,871.0103957920423
16328223,962.0350266541451
18599779,235.4518649006326
54032168,154.35497431892946
56206271,115.64777702299608
20991939,190.55392038241118
78007881,207.13260148726476
43136632,969.9764772773185
26961880,933.7440565581662
59246484,380.0140003766121
97485255,163.01026458465952
21548886,231.5520354990036
41405520,311.9523455904315
17265204,373.1945914404338
57594370,196.8933462340235
86204456,158.12926432681274
47896500,190.8212515960724
49072175,269.70185345398966
57819104,946.6638534496846
38029807,396.3253502678045
72219430,297.99282354996853
51835434,231.5520354990036
40820294,413.925375343365
39676991,237.62413013695473
47329975,373.16629812304484
40515929,225.18431633000233
49496398,304.3605427189698
79829278,239.22615490851587
25676253,168.36851958005403
83511561,305.01749775024905
97282391,360.72648431609247
48159381,866.5120326082633
26133617,367.0942034850937
14830790,124.47538111223986
38458641,282.62165034550804
92902816,354.65438967814134
67366474,956.9031087029258
12931119,963.9043826393674
29119450,230.93777154677895
69182586,123.58922764616955
95601790,819.7091540673811
37235321,338.900579399613
18453791,978.6420010763876
73959998,237.62413013695473
85145437,16.843775827894547
20490331,121.7198716609472
40505076,235.42357158324361
39895736,974.1436378926087
36927127,237.62413013695473
68104733,310.4326373569209
65498526,237.62413013695473
29077796,229.35147694529252
12700500,974.4748404610974
23234787,148.11920750836254
32248328,74.91699312006483
47710917,968.4027458231463
53904169,129.68961560150962
41795394,968.4027458231463
81931808,225.18431633000233
89546300,237.62413013695473
81512800,940.5917588117335
74490322,87.35680692701726
77716971,419.63797409543844
76509280,59.163182841536525
86774198,169.08235922261065
63795592,144.11571906568815
15728342,978.6420010763876
97525554,712.9637022491061
81201227,409.3987188421971
98995752,247.86338539019602
88336972,265.20349027021075
56577963,231.5520354990036
73375002,233.1257669531758
92846400,229.35147694529252
63160455,401.45726821902366
31277941,313.82170157565383
44244750,173.2495198379008
46198195,933.7440565581662
92939641,933.7440565581662
97399227,99.52928952030845
32829265,163.01026458465952
73813213,326.4607655926606
71142772,203.74104848759075
26186456,940.5917588117335
86118507,396.3253502678045
91253288,142.0471128704114
16739260,106.34869845648672
97712970,40.1563996555285
33709101,969.9764772773185
97473173,178.38143778912
84445365,215.91353108088194
33683407,362.5958403013148
55156833,138.98380111446897
39198647,233.1257669531758
84859914,247.86338539019602
42321053,231.5520354990036
26496602,31.352195830123662
87373088,169.08235922261065
18576200,980.5752284164374
30304669,263.6297588160386
97043852,310.4326373569209
65885111,65.61791455355552
67235670,974.4748404610974
70791484,231.5520354990036
80687580,135.67939370141016
15865255,409.42701215958607
50517128,148.11920750836254
72791395,386.08609501456317
43267986,134.15968546789958
93567577,362.5958403013148
15107743,144.11571906568815
50225644,916.1723247999946
50174181,207.625147719145
41401409,933.7440565581662
80395755,413.89708202597603
58616743,332.8284847616619
62863764,403.326624204246
54033467,430.2367252345574
36905471,100.27660381853559
68728934,231.5520354990036
11399296,386.08609501456317
42319589,107.38842360543129
71193471,231.5520354990036
67728154,978.6420010763876
99252537,386.08609501456317
69554397,169.08235922261065
57406844,955.962932016194
17460622,925.4714033665041
29136908,237.62413013695473
88836387,95.03092633652949
56749521,946.6638534496846
42038296,968.4027458231463
27575312,980.5752284164374
27787635,229.35147694529252
22639453,978.6420010763876
95074248,962.0350266541451
62398547,203.74104848759075
48210895,291.9207289120174
87163679,100.27660381853559
84638479,123.58922764616955
74277222,403.326624204246
47124707,114.23612585899855
29597912,403.326624204246
73217471,777.0071099796712
54203733,862.9147145470934
86493934,129.60729906345904
50925419,298.1697954966818
36161210,889.1370784477954
18638157,100.27660381853559
95763224,403.326624204246
92017449,318.32006475943274
30955049,227.05367231522467
88464978,403.326624204246
81709003,202.99373418936358
94640782,196.8933462340235
28684873,326.4607655926606
82032258,386.08609501456317
81929396,219.11222169205124
69137949,969.9764772773185
58556748,201.06050684931367
83494716,304.3605427189698
51219421,380.0140003766121
20118968,419.63797409543844
56424305,415.4991067975372
91040440,858.5705819850899
82249910,386.08609501456317
65005094,407.55765617436373
14333847,796.3965302397471
79940622,424.13633727921734
36407377,324.39215939738386
16485177,190.8212515960724
19967320,229.35147694529252
86757224,220.05239837878315
47859734,179.32161447585193
15329881,227.05367231522467
38097629,251.1899450090862
63914375,972.2742819073864
68107359,367.0942034850937
30898448,172.86688276383296
62098958,269.70185345398966
82555231,956.9314020203149
74537472,974.4748404610974
53883476,269.73014677137866
87349008,237.62413013695473
60387770,291.9207289120174
76029782,243.7245180922948
17330605,129.66132228412067
73592240,220.05239837878315
46762043,231.5520354990036
35726404,969.9764772773185
19188826,413.89708202597603
69934099,927.671961920215
98236292,139.84655431670035
66601351,940.5917588117335
24082367,401.45726821902366
86399833,974.4748404610974
29406161,407.8249873880249
77568118,409.3987188421971
68454220,241.7912907522449
20326815,894.9799746509555
96392075,318.32006475943274
43846930,974.4748404610974
64059970,209.81314312554187
59660323,156.55553287264055
30664289,310.4326373569209
80504110,100.27660381853559
69214158,332.8284847616619
37153701,413.89708202597603
94463524,407.8249873880249
27069908,140.26007342323965
19881454,349.1398346528543
62073736,237.62413013695473
81301863,106.34869845648672
84692821,362.5958403013148
18061173,974.4748404610974
20396165,402.42573822314455
90290263,166.79478812588184
53205197,178.38143778912
71639333,968.4027458231463
26581527,858.5705819850899
88753189,984.7140957143387
12152481,923.1735987364361
66369748,969.9764772773185
31086360,231.5520354990036
68141078,196.8933462340235
87072389,88.01376195829647
97229380,134.15968546789958
14239930,209.81314312554187
47067735,963.9043826393674
23013670,816.4281469181612
91166617,121.7198716609472
46464430,44.65476283930741
48307993,297.99282354996853
65322743,297.99282354996853
50086685,968.4027458231463
65335801,152.28636812365272
83887090,243.7245180922948
79333390,409.3987188421971
84490520,305.01749775024905
90753494,888.9078800130044
17091898,418.0642426412662
94064213,263.6297588160386
76172003,196.8933462340235
36639874,241.7912907522449
93190659,220.05239837878315
77671761,162.29642494210293
64459243,128.08759082994845
92415904,184.4535324270711
22451687,339.28321647368085
99098676,231.5520354990036
96250656,198.49537100558464
43637666,864.9383011540912
87755511,288.7220383008481
39642098,291.9207289120174
29533984,196.8933462340235
57860445,48.592725019806494
33335103,134.15968546789958
40928352,386.11438833195217
66938624,396.3253502678045
97908221,94.94860979847891
32317269,872.5301040255529
56374872,923.1735987364361
56164704,871.0103957920423
16557670,100.27660381853559
57350487,123.58922764616955
73640189,74.91699312006483
28886856,411.69652347226497
66838952,219.11222169205124
73125445,373.16629812304484
89817544,339.28321647368085
69175507,123.58922764616955
93099722,163.01026458465952
42498618,163.01026458465952
58133975,972.2742819073864
50823382,233.1257669531758
82720881,219.11222169205124
47566077,128.08759082994845
77236358,413.925375343365
24977235,162.62762751059165
82212369,103.38493516275696
61416619,227.05367231522467
14011629,202.99373418936358
47820649,315.2567530034903
87027470,933.7440565581662
84406467,186.32288841229348
18483336,203.74104848759075
11745857,158.12926432681274
72009137,235.42357158324361
21373342,229.35147694529252
50764118,128.74454586122772
17876513,186.32288841229348
21573530,940.5917588117335
62535056,386.08609501456317
52924658,209.81314312554187
59116751,950.8310140649747
96464552,135.76171023946074
41877592,168.36851958005403
27556664,145.0558957524201
82049392,424.13633727921734
21890177,129.60729906345904
84019657,169.08235922261065
70836939,734.7025946225679
73269246,163.01026458465952
65430516,297.99282354996853
15552867,864.9383011540912
16632045,145.0558957524201
58510236,871.0103957920423
94607287,237.29292756846596
16582909,968.4027458231463
91254889,93.42890156496833
52951693,418.0642426412662
42015762,235.42357158324361
39537878,231.5520354990036
75334066,413.89708202597603
15509168,207.625147719145
21848464,174.12483618744642
15512926,220.05239837878315
19852776,100.27660381853559
98991290,419.9974699813161
67867067,974.4748404610974
75069265,332.8284847616619
33163007,-0.07950950629822273
72461037,209.81314312554187
79368575,209.81314312554187
19283832,196.92163955141245
74686369,203.74104848759075
42431987,241.7912907522449
49107046,219.11222169205124
21631633,819.7091540673811
57757752,824.20751725116
64260092,409.3987188421971
23733208,220.05239837878315
81359267,401.45726821902366
78964700,419.63797409543844
33821569,305.934274173142
52189182,389.50594133162616
67362415,229.35147694529252
32252347,968.4027458231463
42461075,225.2126096473913
42564953,962.0350266541451
53441096,44.65476283930741
28942045,401.45726821902366
92173510,984.7140957143387
37939234,308.40905074992304
83072941,963.9043826393674
72001493,974.4748404610974
88722560,386.11438833195217
24458695,144.11571906568815
34236973,925.4714033665041
63527431,424.13633727921734
35020078,297.99282354996853
96240931,962.0350266541451
96449025,912.0334575020934
73324268,114.23612585899855
20943504,984.7140957143387
65163807,163.01026458465952
65735235,291.9207289120174
34006121,401.45726821902366
11206259,768.2029061542664
21142225,837.1273141426784
43933688,413.89708202597603
20195114,318.32006475943274
18089453,407.8249873880249
87927482,866.5403259256523
72119177,933.4128539896774
68722653,409.3987188421971
99012228,247.86338539019602
95191404,324.39215939738386
68494900,152.05716968886162
11789848,968.4027458231463
51367435,203.74104848759075
83199690,143.62084432458363
44222449,203.74104848759075
97059152,213.23298944260483
21321783,121.89684360766046
89238156,386.08609501456317
75658495,186.32288841229348
80514422,65.61791455355552
80098101,163.01026458465952
57507250,386.08609501456317
82869937,154.35497431892946
64737683,310.4326373569209
64663030,413.89708202597603
22362250,201.06050684931367
51054867,115.64777702299608
60302181,203.74104848759075
89897892,403.326624204246
99745406,407.8249873880249
52137793,231.5520354990036
94617943,310.4326373569209
92402481,864.9383011540912
29177060,213.98030374083203
96789879,237.62413013695473
16733828,129.66132228412067
69997197,940.5917588117335
80009529,237.62413013695473
70971147,383.4055533762861
89268742,282.62165034550804
81559172,243.36502220641708
19799436,955.962932016194
96316683,974.1436378926087
16202604,413.5658794574873
99234264,219.11222169205124
89790861,940.5917588117335
80624261,100.27660381853559
98327008,160.42706895688056
43114030,134.15968546789958
38992659,811.7677034442077
26185292,233.1257669531758
84958392,233.1257669531758
63532044,225.18431633000233
72780852,129.60729906345904
63755363,172.86688276383296
63435369,229.35147694529252
49085103,237.62413013695473
39826465,310.4326373569209
89335030,915.2321481132628
92393797,231.5520354990036
36385689,362.5958403013148
14218024,237.29292756846596
43067447,237.62413013695473
11821155,963.9043826393674
96671043,403.326624204246
64977532,237.29292756846596
51923648,968.4027458231463
52082499,100.27660381853559
58693008,360.7547776334814
77432555,233.1257669531758
11692478,163.01026458465952
88536020,231.5520354990036
13996971,235.42357158324361
92291100,974.1436378926087
77799089,128.08759082994845
46970679,424.1646305966063
96819382,405.62442883431385
25751312,231.2847042853424
89990705,249.77829384508868
52038068,966.2021872694353
32344173,946.6638534496846
33993191,334.4022162158341
52279123,128.08759082994845
18496274,186.32288841229348
89490563,168.36851958005403
17329696,192.39498305024458
16967446,864.9383011540912
80888202,825.7812487053321
14661504,225.18431633000233
19604443,219.11222169205124
37821572,285.72998168972936
88831769,46.72336903458415
32405077,386.08609501456317
52763362,955.962932016194
75573252,976.0768652326585
54781465,413.89708202597603
22599480,80.98908775801596
93311234,172.86688276383296
69925053,202.99373418936358
12598333,956.9031087029258
94909106,241.7912907522449
86019408,403.326624204246
96477826,338.56937683112426
47575439,380.0140003766121
44219472,237.29292756846596
14808414,196.56214366553473
51535602,225.18431633000233
85960705,231.5520354990036
52391461,237.62413013695473
81172596,231.5520354990036
11351493,946.6638534496846
72733290,103.38493516275696
74877854,866.5120326082633
27680792,933.7440565581662
44946524,950.8310140649747
23475779,419.63797409543844
48465422,401.45726821902366
52076835,411.69652347226497
44646564,249.46541016175715
87277346,415.4991067975372
47973044,305.01749775024905
75500097,413.89708202597603
36145678,213.98030374083203
85625020,148.11920750836254
97404967,401.4855615364126
11411712,135.76171023946074
80164594,380.0140003766121
30555374,202.99373418936358
93243676,134.8166404991788
12801610,966.2021872694353
58651288,237.62413013695473
52409464,871.0103957920423
26481577,956.9031087029258
99557550,895.2091730857466
92346786,946.6638534496846
33277389,974.4748404610974
78792921,243.7245180922948
89378277,129.66132228412067
82856305,243.36502220641708
30767488,762.1308115163152
36397903,927.671961920215
64870928,192.42327636763355
11575457,880.4715546487264
39041845,962.0350266541451
92898654,419.63797409543844
16929732,225.18431633000233
33334714,169.1106525399996
12221534,419.63797409543844
73945645,290.5090777480199
68971550,163.01026458465952
75565371,225.18431633000233
59677619,247.86338539019602
93539814,129.66132228412067
24106217,38.582668201356284
55020351,407.8249873880249
15672017,825.8095420227212
10841847,209.81314312554187
86946687,203.74104848759075
99799054,229.35147694529252
81128474,163.01026458465952
80366080,233.1257669531758
10218336,383.4338466936751
72351128,395.38517358107254
56132260,227.05367231522467
99301338,407.8249873880249
84453738,386.08609501456317
58188871,215.91353108088194
81971342,380.0140003766121
94124547,380.0140003766121
32266038,407.8249873880249
71760843,96.81796578370131
77203995,227.05367231522467
84611651,74.91699312006483
76627771,380.0140003766121
12653847,219.11222169205124
43336328,419.9974699813161
91500607,235.42357158324361
68213549,962.063319971534
35549327,929.2456933743873
80808916,196.8933462340235
17110481,984.7140957143387
99587119,367.0942034850937
92334856,395.38517358107254
53359226,134.15968546789958
80618402,237.62413013695473
41703808,974.5031337784864
19195409,87.35680692701726
76941149,263.6297588160386
97584818,837.1273141426784
56683377,213.98030374083203
67011320,411.69652347226497
15480221,196.92163955141245
68081328,225.18431633000233
55487684,231.5520354990036
74199206,123.58922764616955
90165063,215.91353108088194
36193583,203.74104848759075
10917950,88.01376195829647
92870312,903.6454984500247
72030717,968.4027458231463
17113758,974.4748404610974
89153386,203.74104848759075
45809568,129.60729906345904
30803532,968.4027458231463
41936053,156.55553287264055
14429173,144.11571906568815
86629786,984.7140957143387
60024688,304.0932115053086
75100924,123.58922764616955
19587468,316.533025312261
88088850,219.11222169205124
14339658,940.5917588117335
93643220,88.93053838118942
61257147,156.55553287264055
47372664,148.11920750836254
72551157,380.0140003766121
70006271,190.8212515960724
66160499,209.8414364429308
14115358,403.326624204246
24138292,963.9043826393674
81649352,332.8284847616619
86450554,247.86338539019602
43772724,134.15968546789958
76147600,241.7912907522449
37814705,233.1257669531758
79438450,837.1273141426784
30374304,955.962932016194
54234194,974.4748404610974
94516994,128.08759082994845
15639119,835.1037275356805
98234744,227.05367231522467
84292967,134.15968546789958
14583946,128.08759082994845
74680521,316.533025312261
10214287,419.63797409543844
43877051,220.05239837878315
28904050,978.6420010763876
62063260,231.5520354990036
50651267,276.5495557075569
76093719,950.8310140649747
42788012,291.9207289120174
64271564,184.4535324270711
36033563,123.58922764616955
32364760,227.05367231522467
82718318,106.34869845648672
42781597,235.81877180462573
63047151,969.9764772773185
54331908,213.98030374083203
88556646,968.4027458231463
80038856,225.18431633000233
62561061,837.1273141426784
65834717,235.42357158324361
80358828,187.04463307896475
35099840,373.16629812304484
50872993,243.7245180922948
80223193,203.74104848759075
28448374,114.23612585899855
92231676,334.4022162158341
65717894,220.92771472832874
86298764,226.15278633412322
76299579,411.69652347226497
15449921,128.08759082994845
44677435,351.45569906697204
75188492,111.32638578593043
99785392,392.18648296990324
27084775,276.5495557075569
34483861,150.18781370363928
44135541,53.0910882035854
85537076,419.63797409543844
32577802,305.934274173142
58632323,233.1257669531758
65794441,843.1994087806295
91626972,974.4748404610974
80568466,101.31632896748022
19317452,241.7912907522449
19462773,407.8249873880249
16861573,148.11920750836254
61543398,247.86338539019602
67189144,209.81314312554187
46184090,13.934035754826368
14969625,403.326624204246
12339000,354.65438967814134
87651999,407.8249873880249
48444572,152.05716968886162
43026767,106.34869845648672
25666315,243.36502220641708
85141494,135.76171023946074
10196732,186.32288841229348
89772932,73.50534195606735
76197106,871.0103957920423
35668637,401.45726821902366
47789451,-29.95910271298777
11772481,852.4984873471387
92352486,115.64777702299608
74959731,237.29292756846596
24006644,413.5658794574873
70184471,952.7642414050246
63616459,946.6638534496846
65420176,413.5658794574873
52778454,290.5090777480199
20334394,231.5520354990036
29566160,970.0047705947075
41218910,969.9764772773185
57645530,190.8212515960724
32753016,128.08759082994845
53485349,849.2997967359695
99359057,968.4027458231463
50033107,179.32161447585193
21562381,864.9383011540912
77828671,34.08430501757738
59082786,107.05722103694256
99756703,923.1735987364361
62477883,311.9523455904315
62194095,966.2021872694353
77240295,419.63797409543844
78173906,117.39848042388155
51850860,129.66132228412067
36247163,237.62413013695473
80372868,128.08759082994845
55810884,225.18431633000233
39425335,389.50594133162616
64769998,123.58922764616955
74184119,237.29292756846596
30910517,373.16629812304484
82036794,395.38517358107254
27288556,299.8621795351909
73750248,407.8249873880249
93836103,969.9764772773185
21006367,950.8310140649747
93898545,235.42357158324361
94582565,129.66132228412067
13137522,203.74104848759075
31604761,851.0868361831413
60718232,336.7000208459019
22356430,134.8166404991788
39386475,328.55932001267405
16350350,401.45726821902366
70755780,158.12926432681274
55920671,282.62165034550804
30409198,313.82170157565383
12366994,984.7140957143387
99624161,203.74104848759075
27085439,864.67096994043
26222780,237.29292756846596
13513100,276.5495557075569
83619693,103.38493516275696
65230131,185.422002431192
74197231,409.3987188421971
16535315,413.5658794574873
49313519,409.3987188421971
54192335,413.925375343365
80736897,123.58922764616955
99406225,209.8414364429308
67818530,962.0350266541451
84284655,940.5917588117335
30897932,123.58922764616955
32254189,134.15968546789958
31849680,395.38517358107254
41359333,312.03466212848207
66456629,106.34869845648672
68729486,231.5520354990036
40630348,233.1257669531758
93988333,877.1107837473824
47811524,231.5520354990036
98617237,796.0138931656793
20362387,147.78800493987376
84645660,201.06050684931367
16861971,237.29292756846596
34588999,943.9833118114075
53427517,939.8444445135062
42513475,290.5090777480199
57705547,88.87651516052779
49742880,100.27660381853559
66920323,409.3987188421971
12354776,927.671961920215
25840613,963.9043826393674
45114259,134.8166404991788
49079923,955.962932016194
63116367,241.7912907522449
63802912,403.326624204246
48974796,123.58922764616955
30061599,379.2666860783849
68578654,237.62413013695473
54173227,192.39498305024458
96680380,409.3987188421971
23868064,882.7693592787942
51824090,390.25325562985336
34839733,82.85844374323835
80054187,231.5520354990036
12685572,969.9764772773185
41567061,237.62413013695473
94877842,271.3038782255508
58492968,194.6927876803124
71326484,202.63423830348586
70920278,128.08759082994845
54663137,386.08609501456317
32126460,128.74454586122772
54874790,169.08235922261065
13538436,980.5752284164374
30100038,163.01026458465952
80017866,169.08235922261065
64347455,231.5520354990036
13683069,871.0103957920423
48039428,106.34869845648672
99567150,247.86338539019602
85509215,190.55392038241118
60668698,419.63797409543844
12191456,196.8933462340235
77765786,121.7198716609472
12528361,209.8414364429308
58442957,969.9764772773185
54303594,188.6206930423613
27681147,956.9031087029258
69098569,978.6420010763876
95221316,264.2867138473178
40109548,46.72336903458415
55576313,194.6927876803124
53153958,963.9043826393674
21200840,405.62442883431385
50894265,115.64777702299608
23626838,229.36404009260673
12418418,933.7440565581662
22706358,192.39498305024458
45395670,196.8933462340235
87327017,345.355311111632
13017114,219.11222169205124
32271547,407.8249873880249
74538679,304.3605427189698
39506103,100.27660381853559
46816166,233.15406027056474
66503105,190.8212515960724
65579176,282.64994366289704
40074247,229.35147694529252
91310031,271.3038782255508
77444410,884.9699178325052
69955281,962.0350266541451
67331105,235.42357158324361
45643632,219.11222169205124
73282363,326.4607655926606
13642505,373.16629812304484
68901430,233.1257669531758
89906679,380.0140003766121
52711886,134.15968546789958
79575331,984.7140957143387
92616283,413.5658794574873
30763055,962.0350266541451
16611953,270.3588084852689
33070179,984.7423890317277
80347205,984.7140957143387
83995335,237.62413013695473
14535805,106.34869845648672
84879838,225.18431633000233
11864901,963.9043826393674
14658965,396.3253502678045
24293507,409.3987188421971
70453525,46.72336903458415
87798104,233.15406027056474
19197193,407.8249873880249
28284548,145.0558957524201
86044842,134.15968546789958
23057275,305.934274173142
27985337,940.5917588117335
22587547,955.962932016194
12855508,231.2847042853424
64337495,407.8249873880249
86712331,233.1257669531758
61189156,899.4783378347344
91594873,128.08759082994845
54835971,305.96256749053094
44370830,293.9006307476939
23684803,237.62413013695473
92481929,984.7140957143387
35638424,209.8414364429308
25657749,190.8212515960724
39381975,297.99282354996853
72999107,120.30822049694967
25818586,145.0558957524201
58036789,413.89708202597603
94320377,152.05716968886162
47110506,237.62413013695473
66399362,121.7198716609472
68909982,229.35147694529252
16073310,156.55553287264055
43288405,978.6420010763876
71579560,946.6921467670735
16507355,978.6420010763876
48802207,946.6921467670735
89915294,106.34869845648672
97679852,209.81314312554187
29217698,219.11222169205124
27435911,225.18431633000233
78879242,962.0350266541451
27175130,231.2847042853424
29020135,163.01026458465952
78626569,413.89708202597603
71067812,905.9330695467534
96690513,956.9031087029258
95531962,54.66481965775762
98356800,100.27660381853559
86104439,380.0140003766121
55595900,237.29292756846596
75208610,380.0140003766121
15300209,401.45726821902366
61949363,249.46541016175715
65881085,135.76171023946074
66803690,184.4535324270711
71508510,395.38517358107254
77429269,144.11571906568815
70868754,231.5520354990036
93223292,966.2021872694353
70378280,156.55553287264055
72142932,413.89708202597603
88911193,418.0642426412662
89761834,152.05716968886162
36836619,940.5917588117335
53134062,145.0558957524201
98828461,196.8933462340235
55370391,419.9974699813161
69978664,395.38517358107254
48824111,233.1257669531758
11383415,895.2091730857466
89041808,403.326624204246
31864759,860.4399379703123
85436725,186.32288841229348
12287678,334.4022162158341
54577919,243.7245180922948
69095778,219.11222169205124
86755087,395.38517358107254
87570494,219.11222169205124
42971075,225.18431633000233
19251821,968.4027458231463
40154766,298.1697954966818
86599495,247.86338539019602
88331508,74.91699312006483
70254717,418.0642426412662
32105523,233.1257669531758
42241465,339.28321647368085
66334048,413.89708202597603
56657286,425.7383620507785
99489082,968.4027458231463
89634976,390.25325562985336
22529712,237.62413013695473
93452559,407.8249873880249
75276107,386.08609501456317
57620607,163.01026458465952
11822194,345.355311111632
85101585,237.62413013695473
73640715,227.05367231522467
18114714,194.6927876803124
62352450,152.28636812365272
88096618,53.0910882035854
76855836,25.280101192172538
76968795,297.99282354996853
19089688,219.11222169205124
93669020,395.38517358107254
32221954,196.8933462340235
80149491,974.4748404610974
90863370,955.962932016194
18955449,162.62762751059165
46106075,235.81877180462573
64362412,974.1436378926087
13228942,209.81314312554187
18238798,202.63423830348586
17197174,229.35147694529252
56883307,386.08609501456317
43838074,946.6638534496846
94366977,339.28321647368085
51114116,135.67939370141016
91929625,946.6638534496846
72617691,53.0910882035854
18081983,94.94860979847891
41430371,227.05367231522467
18768333,237.65242345434368
97670981,196.8933462340235
33138884,424.13633727921734
54769750,239.22615490851587
89191521,220.05239837878315
68771611,219.11222169205124
69658524,209.81314312554187
72361657,789.9417985277281
56548670,237.29292756846596
78323750,409.3987188421971
30772189,184.4535324270711
48525110,121.7198716609472
86995869,257.2620396470373
17626486,963.9043826393674
25200634,38.582668201356284
42675735,178.38143778912
65493081,231.5520354990036
93613666,969.9764772773185
70416961,128.08759082994845
29938065,946.6638534496846
49578380,328.33012157788295
98870679,235.42357158324361
69931311,297.99282354996853
53406287,968.4027458231463
84279248,196.8933462340235
95721664,974.1436378926087
86560148,939.8444445135062
54643141,899.4783378347344
87296829,144.11571906568815
44687814,233.1257669531758
17812890,123.58922764616955
55517272,305.934274173142
83984617,802.4969181950871
50681051,209.81314312554187
74119296,219.11222169205124
67223450,974.4748404610974
77287132,367.0942034850937
36264517,334.6314146506252
42898261,401.45726821902366
62830950,225.18431633000233
34861949,235.42357158324361
73511243,345.355311111632
21486168,121.7198716609472
99309538,974.4748404610974
42037617,40.1563996555285
54746843,418.0642426412662
47539615,313.82170157565383
84768747,231.5520354990036
72954519,407.55765617436373
86653160,247.86338539019602
24350012,276.5495557075569
44330162,235.81877180462573
40410889,184.4535324270711
14017526,379.2666860783849
18494070,969.9764772773185
47916307,407.8249873880249
39725498,411.69652347226497
54156054,134.8166404991788
49589662,968.4027458231463
87793535,220.0806916961721
25123851,315.2567530034903
55319133,871.0103957920423
35955058,225.18431633000233
15784980,115.64777702299608
63967490,380.0140003766121
84366303,318.32006475943274
32211409,939.8444445135062
27475512,824.20751725116
98385904,243.36502220641708
74274926,237.62413013695473
26137274,858.5705819850899
35706395,413.925375343365
25432073,169.08235922261065
56493804,233.1257669531758
21783642,156.55553287264055
24274717,373.16629812304484
93363592,407.8249873880249
50359798,843.1994087806295
76057356,227.05367231522467
34577569,237.62413013695473
13432670,419.63797409543844
36150614,880.4715546487264
95883486,305.934274173142
17035345,310.4326373569209
48987823,241.7912907522449
18853302,390.25325562985336
70059479,227.05367231522467
35830006,413.89708202597603
83058209,324.39215939738386
52239160,227.05367231522467
24939237,88.87651516052779
48271879,215.91353108088194
58898302,241.7912907522449
97505252,158.12926432681274
52580265,169.08235922261065
59859756,233.1257669531758
59531100,952.7642414050246
82820692,115.64777702299608
73015543,915.2321481132628
50663543,373.16629812304484
61349439,144.11571906568815
82745505,225.18431633000233
91058293,419.63797409543844
17937997,968.4027458231463
48025378,955.962932016194
21558049,332.8284847616619
51468147,864.67096994043
87943582,192.39498305024458
72989675,207.13260148726476
10828659,123.58922764616955
78868242,233.15406027056474
63610417,976.0768652326585
13037947,219.11222169205124
63051485,129.66132228412067
42637767,927.671961920215
66029975,135.67939370141016
41368516,196.8933462340235
75570412,349.52247172692216
58832659,968.4027458231463
20746324,5.992585131652902
41047714,969.9764772773185
41430458,871.6673508233215
69198371,190.8212515960724
46430156,974.5031337784864
42120705,921.3042427512139
67695943,417.79691142760504
10655846,148.11920750836254
56387239,128.08759082994845
73136827,411.69652347226497
66107772,203.74104848759075
41597595,386.08609501456317
27035754,227.05367231522467
94233303,282.62165034550804
72371862,121.7198716609472
47858586,158.12926432681274
50074731,203.74104848759075
15840349,213.98030374083203
27527024,968.4027458231463
51445447,65.61791455355552
83042677,225.18431633000233
17433657,241.7912907522449
83477453,969.9764772773185
58980418,864.9383011540912
49038207,395.38517358107254
35105997,219.11222169205124
88328473,150.18781370363928
49929992,409.42701215958607
12057690,203.74104848759075
22485986,65.61791455355552
18944255,968.4027458231463
94296460,88.93053838118942
15325948,860.4399379703123
80036637,413.925375343365
63707416,166.79478812588184
33357067,946.6638534496846
76260292,227.05367231522467
88542794,860.4399379703123
36624049,201.06050684931367
85370002,968.1354146094851
70947321,409.3987188421971
86215831,978.6420010763876
71799918,940.5917588117335
70779429,825.7812487053321
28177790,154.35497431892946
33416701,969.9764772773185
32210074,241.7912907522449
91177225,142.0471128704114
62230096,220.05239837878315
27830922,386.11438833195217
20292159,209.81314312554187
72135125,227.05367231522467
41060839,403.326624204246
14610723,220.05239837878315
40291165,282.62165034550804
76063806,106.34869845648672
21250419,59.5458199156044
67512417,312.03466212848207
33443292,425.7383620507785
33660955,364.8936449313826
33504001,403.326624204246
59014872,237.62413013695473
48423806,233.1257669531758
81227220,227.05367231522467
97904600,209.81314312554187
80141558,231.5520354990036
13290868,313.82170157565383
12913192,843.1994087806295
94144440,940.5917588117335
53033174,401.45726821902366
93735706,968.4027458231463
59909555,409.3987188421971
99555121,237.62413013695473
13256013,974.4748404610974
93540353,372.83509555455606
97837539,184.4535324270711
35669129,178.38143778912
50012137,276.5495557075569
68173579,946.6638534496846
59440623,241.7912907522449
48714672,963.9043826393674
86973367,946.6638534496846
28395212,940.5917588117335
50017530,386.08609501456317
48045601,145.0558957524201
60427063,121.7198716609472
49061177,237.65242345434368
42896715,933.772349875555
97451418,129.60729906345904
53456411,962.0350266541451
99184358,207.625147719145
91879007,407.8249873880249
76424273,418.0642426412662
19529774,203.74104848759075
60604201,179.32161447585193
96265561,121.7198716609472
84388943,990.8144836696788
22143961,229.35147694529252
14880373,962.0350266541451
98124884,213.98030374083203
23434755,884.6387152640166
36626131,418.0642426412662
86172967,225.18431633000233
89507826,940.5917588117335
51984404,192.42327636763355
21328430,344.6414714690753
46133239,237.62413013695473
87118588,233.1257669531758
72466804,123.58922764616955
90243251,386.08609501456317
31491219,413.89708202597603
83702289,963.9043826393674
78369132,974.4748404610974
12074272,207.13260148726476
77297832,243.7245180922948
91732264,304.3605427189698
51116865,93.42890156496833
81826443,142.0471128704114
26192585,871.6673508233215
72261842,26.142854394403912
40619619,405.62442883431385
89999631,156.55553287264055
10490133,241.7912907522449
90054183,419.63797409543844
62212383,158.35846276160382
19863611,233.15406027056474
51025893,871.6673508233215
83280839,968.4027458231463
53701664,144.11571906568815
70474564,411.69652347226497
52730115,178.38143778912
28945671,216.92422628565436
76905104,237.62413013695473
60340609,285.72998168972936
14262244,305.88025095248037
86114877,946.6638534496846
24582504,969.9764772773185
77544375,166.79478812588184
18212637,380.0140003766121
31107635,231.5520354990036
73185236,950.8310140649747
73413665,79.57743659401848
31204532,310.4326373569209
16646519,978.6420010763876
59819313,413.89708202597603
58041963,409.42701215958607
73177607,233.1257669531758
65489959,276.5495557075569
53892134,969.9764772773185
14638825,150.18781370363928
61652212,407.8249873880249
69208062,38.582668201356284
98205776,148.11920750836254
91953270,186.32288841229348
95708788,835.1037275356805
71079776,237.62413013695473
10948901,955.962932016194
79084173,373.16629812304484
41410746,142.0471128704114
50927968,237.62413013695473
99511873,231.5520354990036
87562260,373.16629812304484
48098997,403.326624204246
77592143,227.05367231522467
50298301,243.36502220641708
95160336,915.2321481132628
13581567,386.11438833195217
76106706,419.9974699813161
53880590,324.39215939738386
50270200,225.18431633000233
13098948,121.89684360766046
81835258,304.3605427189698
14238786,162.62762751059165
65288499,304.3605427189698
29149871,215.91353108088194
39551396,933.4128539896774
77375335,963.9043826393674
14384374,233.1257669531758
63368293,871.0103957920423
25141477,409.42701215958607
37822276,247.86338539019602
62473299,192.39498305024458
90467887,380.0140003766121
62270028,233.1257669531758
62101686,233.15406027056474
51642126,209.81314312554187
50281814,974.5031337784864
34969698,355.5945663648733
46962155,156.55553287264055
17638609,310.4326373569209
59977095,202.63423830348586
75196820,247.86338539019602
65141041,241.7912907522449
65986306,209.81314312554187
99818911,405.62442883431385
38328534,163.01026458465952
31204739,413.89708202597603
53082885,225.18431633000233
76244528,100.27660381853559
46394887,203.74104848759075
65939511,231.5520354990036
96048217,80.98908775801596
60425489,198.49537100558464
69419323,403.326624204246
15008203,192.39498305024458
70058997,903.6454984500247
44067940,225.18431633000233
47031542,203.74104848759075
28929546,963.9043826393674
34548603,956.9031087029258
36515676,380.0140003766121
42765717,100.27660381853559
60296558,237.65242345434368
84332226,121.89684360766046
76539663,299.8621795351909
73504572,10.771681189943422
64646486,231.5520354990036
28262602,163.01026458465952
74447096,231.5520354990036
23247586,120.30822049694967
99044390,923.1735987364361
66743385,962.0350266541451
62841747,243.36502220641708
98271312,194.72108099770136
54969068,871.6673508233215
49548078,299.8621795351909
47147429,129.60729906345904
46113098,134.15968546789958
52623517,106.34869845648672
43618531,237.62413013695473
54174309,405.62442883431385
21908078,304.3605427189698
56753065,409.3987188421971
22723502,894.9799746509555
88620530,916.1723247999946
38560702,933.7440565581662
66126723,929.2456933743873
24731893,219.11222169205124
19472558,386.08609501456317
44766250,147.78800493987376
75919229,923.1735987364361
27459467,413.925375343365
85529275,196.8933462340235
88503537,852.4984873471387
66147417,219.11222169205124
53916103,152.28636812365272
65299077,34.08430501757738
82070950,237.62413013695473
69058105,121.89684360766046
89985793,233.1257669531758
38430174,955.962932016194
24884771,345.355311111632
37414962,231.5520354990036
35739187,247.86338539019602
52492779,233.1257669531758
70409358,203.74104848759075
38452011,130.54747575019098
43879270,186.32288841229348
70351120,401.45726821902366
47671157,163.01026458465952
60667365,963.9043826393674
85223481,220.05239837878315
83739939,852.4984873471387
36389934,411.69652347226497
84194560,121.89684360766046
66937745,871.0103957920423
82520946,956.9031087029258
52339932,184.48182574446008
19641281,415.4991067975372
69795343,291.9207289120174
99135350,243.7245180922948
27549583,123.58922764616955
94476832,269.70185345398966
58221865,247.86338539019602
25319395,419.63797409543844
74970303,368.6962282566549
10305170,249.77829384508868
82291258,933.7440565581662
81383048,158.12926432681274
79987158,403.326624204246
13533229,162.62762751059165
40426833,974.4748404610974
79077516,192.39498305024458
49738320,231.5520354990036
51126693,395.38517358107254
52635836,864.9383011540912
46715477,243.36502220641708
82258908,231.5520354990036
56878285,403.326624204246
19130210,123.58922764616955
92849186,976.0768652326585
24338810,418.0642426412662
24758650,409.3987188421971
70913184,40.65127439663303
37987399,950.8310140649747
74913796,963.0034966582659
17667485,220.05239837878315
64222955,243.7245180922948
96958008,117.6276788586726
10416049,237.62413013695473
60398901,220.05239837878315
24738469,203.74104848759075
50592747,275.8022414093298
96289055,978.6420010763876
38420705,134.15968546789958
93968498,858.5705819850899
79579077,88.93053838118942
66828068,905.9330695467534
96166759,235.43613473055785
32805078,243.36502220641708
96021280,304.3605427189698
73914137,884.9699178325052
38819078,209.81314312554187
26837951,978.6420010763876
86644106,227.05367231522467
55183461,921.3042427512139
52422099,984.7140957143387
83190904,291.9207289120174
80939883,315.2567530034903
12388368,233.1257669531758
15537990,209.81314312554187
52619092,401.45726821902366
14251589,100.27660381853559
78390765,413.89708202597603
43497859,430.2367252345574
18381852,956.9314020203149
53390528,933.7440565581662
32023086,209.81314312554187
55881129,297.99282354996853
56955427,225.18431633000233
78797526,93.42890156496833
81441605,401.4855615364126
49418138,276.5495557075569
16343356,231.5520354990036
50953620,269.73014677137866
80530984,237.62413013695473
92363214,135.67939370141016
11505021,905.9330695467534
10464949,129.66132228412067
40174242,380.0140003766121
46922794,310.4326373569209
31165878,978.6420010763876
92160351,401.45726821902366
97225599,158.12926432681274
57289385,184.4535324270711
10490505,403.326624204246
40593414,279.1630123106737
69535718,984.7140957143387
29927353,851.0868361831413
65834728,203.74104848759075
77297694,237.62413013695473
20453767,121.7198716609472
38742201,409.3987188421971
44178016,974.4748404610974
26155961,380.0140003766121
85037563,390.25325562985336
13481675,123.58922764616955
32710978,186.32288841229348
42008191,115.64777702299608
13117186,100.27660381853559
32427009,413.89708202597603
77926757,401.45726821902366
11233435,192.42327636763355
16522541,386.08609501456317
63770815,143.62084432458363
77164558,222.99632092360548
74405387,955.962932016194
74698287,401.45726821902366
90725998,390.25325562985336
24204802,927.671961920215
89034765,893.4062431967833
34875172,143.62084432458363
74411316,247.86338539019602
81157871,899.8609749088023
44232316,326.4607655926606
48083558,184.4535324270711
75280463,413.89708202597603
11329117,952.7642414050246
67082756,415.4991067975372
11237434,819.7091540673811
69921139,93.42890156496833
68448780,296.581172385971
77761059,134.8166404991788
29006434,969.9764772773185
30190038,247.86338539019602
28376932,243.36502220641708
39355382,419.6662674128274
42494595,370.9657395693337
16756651,978.6420010763876
78115658,968.4027458231463
27261411,407.8249873880249
71919180,802.4686248776982
99090920,418.0642426412662
64351618,172.86688276383296
88658759,980.2440258479488
14195927,843.1994087806295
63820196,227.05367231522467
23866225,974.4748404610974
50484100,409.3987188421971
98406048,233.15406027056474
64139858,915.2321481132628
93302980,162.62762751059165
62155483,407.8249873880249
69791340,956.9031087029258
19631546,229.36404009260673
26192431,395.38517358107254
68268852,134.15968546789958
14862183,192.39498305024458
50141937,282.62165034550804
85256282,94.0858565962476
11027564,837.1273141426784
51577553,225.18431633000233
77132573,128.08759082994845
55254268,946.6921467670735
25529214,247.89167870758496
89287048,974.4748404610974
23253967,940.5917588117335
22644692,241.7912907522449
32245140,129.66132228412067
82072504,129.66132228412067
34678460,974.4748404610974
55373081,946.6638534496846
12138481,203.74104848759075
23632970,129.66132228412067
44285474,231.5520354990036
88075177,225.18431633000233
13117787,984.7140957143387
14797111,843.1994087806295
28697695,203.74104848759075
34748486,974.1436378926087
30506810,120.30822049694967
57410372,184.4535324270711
28776122,923.1735987364361
18346451,963.9043826393674
29932007,866.5120326082633
82654800,237.62413013695473
67038086,950.8310140649747
95282943,100.27660381853559
90723621,866.5120326082633
37760202,203.74104848759075
97077656,830.279611889111
67823833,419.9974699813161
25222231,172.86688276383296
63451552,899.4783378347344
66552053,137.5487496866325
83488554,290.5090777480199
24886655,946.6638534496846
83798512,213.98030374083203
46152763,395.38517358107254
96015866,178.38143778912
51731151,196.8933462340235
34899750,968.4027458231463
55529926,220.05239837878315
95405536,955.962932016194
29288544,241.89086644257685
50076589,233.1257669531758
37886285,152.28636812365272
69818934,362.5958403013148
13957412,225.2126096473913
27493225,328.33012157788295
81186892,114.23612585899855
72734336,407.8249873880249
20148129,931.5434980044552
23391747,16.843775827894547
45833590,270.3588084852689
85777842,219.11222169205124
92975129,419.9974699813161
33382289,380.0140003766121
95953281,339.28321647368085
60074802,407.8249873880249
23912733,48.592725019806494
31346779,142.0471128704114
25605125,-29.95910271298777
96288207,201.06050684931367
44535745,345.355311111632
16008313,968.4027458231463
91365542,972.3025752247754
67385764,355.5945663648733
31465116,162.62762751059165
99474816,291.9207289120174
26141909,409.3987188421971
72548314,401.4855615364126
39043955,871.6673508233215
55963655,40.1563996555285
54632315,310.4326373569209
48726285,231.5520354990036
76251227,134.15968546789958
83562410,413.925375343365
93775374,186.32288841229348
21446329,407.55765617436373
37345001,106.34869845648672
49628614,411.69652347226497
35767914,946.6638534496846
10876536,277.58928085650155
47339936,413.5658794574873
89347542,978.6420010763876
22457603,962.0350266541451
77199929,328.55932001267405
46378399,349.52247172692216
70602262,190.8212515960724
54666534,866.5120326082633
56421405,373.16629812304484
97652177,148.11920750836254
15442637,231.2847042853424
92360497,94.0858565962476
16847908,405.62442883431385
14220385,94.94860979847891
25905603,231.5520354990036
58331647,227.05367231522467
22292196,403.326624204246
37237832,824.20751725116
33009500,955.962932016194
12533428,968.1354146094851
46939545,424.13633727921734
41868505,276.5495557075569
75616535,360.72648431609247
73878512,825.7812487053321
67270933,129.60729906345904
98281662,213.98030374083203
66553316,184.4535324270711
34303551,950.8310140649747
82645628,383.4055533762861
57257821,219.11222169205124
21288888,299.8621795351909
85963653,128.74454586122772
47876249,933.4128539896774
21439489,237.62413013695473
52566254,237.65242345434368
57084214,243.7245180922948
16925768,202.63423830348586
32782035,106.34869845648672
31791186,178.38143778912
62797819,972.3025752247754
35384978,220.05239837878315
21945105,972.3025752247754
81557774,253.96377334553608
85407739,145.0558957524201
86085126,128.08759082994845
95296354,316.533025312261
90881439,209.81314312554187
30757344,282.62165034550804
48457713,249.46541016175715
89571542,401.45726821902366
94067050,209.81314312554187
48271561,871.0103957920423
69357732,231.5520354990036
86325273,231.5520354990036
18152649,233.1257669531758
33899410,203.74104848759075
22781669,128.08759082994845
17283281,237.65242345434368
51785872,955.962932016194
33104833,940.5917588117335
91682435,409.3987188421971
70713314,247.86338539019602
13110268,390.25325562985336
34642793,969.9764772773185
41694899,380.0140003766121
86278349,249.77829384508868
11717089,237.29292756846596
59185456,380.0140003766121
59344396,237.29292756846596
89922228,963.9043826393674
62027210,339.28321647368085
98523447,156.55553287264055
77330146,974.4748404610974
78386939,955.962932016194
66831282,163.01026458465952
17596778,871.0103957920423
72290481,192.39498305024458
31606355,968.4027458231463
72940683,150.18781370363928
24736121,259.1313956322597
47814214,219.11222169205124
39410982,946.6638534496846
44151940,899.4783378347344
65594908,419.63797409543844
79125454,227.05367231522467
50322107,386.08609501456317
76200003,158.12926432681274
85059302,74.91699312006483
95450721,169.08235922261065
93253826,866.5120326082633
19723778,405.62442883431385
35980406,367.0942034850937
67285479,825.7812487053321
68864075,233.1257669531758
37422791,128.08759082994845
73798025,974.4748404610974
97232135,227.05367231522467
50064513,963.9043826393674
75638682,172.86688276383296
41937405,871.0103957920423
18443662,194.6927876803124
68899727,409.3987188421971
18388313,231.5520354990036
69521945,88.01376195829647
31596715,396.3253502678045
78472605,227.05367231522467
12713963,124.47538111223986
46768823,231.5520354990036
27538097,852.6754592938521
89955366,380.0140003766121
94081889,227.05367231522467
65214899,203.74104848759075
95205973,963.9043826393674
83140994,241.7912907522449
69014391,247.86338539019602
66919280,963.9043826393674
86299194,334.4022162158341
14394397,418.0642426412662
88465251,129.60729906345904
82447513,231.5520354990036
90676745,156.55553287264055
61229086,946.6638534496846
30557316,355.5945663648733
48578361,-0.07950950629822273
29085329,127.82025961628727
99539415,940.5917588117335
33750162,243.36502220641708
51880900,203.74104848759075
81942693,311.0895923882001
44828087,227.05367231522467
80752087,894.9799746509555
99218652,860.4399379703123
37433425,933.4128539896774
39115683,401.45726821902366
26601986,127.82025961628727
50469308,243.39331552380602
69872975,302.336956111972
18483245,858.5705819850899
12588982,229.35147694529252
79454705,368.66793493926593
76523232,413.5658794574873
96131595,939.4849486276286
99680250,120.30822049694967
82622915,367.0942034850937
11290284,291.9207289120174
80057162,324.39215939738386
72165316,259.1313956322597
79751433,403.326624204246
33215554,269.70185345398966
42852506,113.12931567489363
56093872,418.0642426412662
64167041,407.8249873880249
83380458,933.772349875555
32651438,192.39498305024458
38364846,237.62413013695473
74621857,73.50534195606735
62748794,231.5520354990036
71435421,10.771681189943422
76163868,409.3987188421971
14677956,163.01026458465952
48283664,209.81314312554187
93787027,409.3987188421971
75353617,403.326624204246
44130726,395.38517358107254
75634285,969.9764772773185
27969925,143.62084432458363
34662422,233.1257669531758
46428766,345.355311111632
40279741,128.08759082994845
58991338,969.9764772773185
52295288,243.39331552380602
25429358,927.671961920215
91223525,162.62762751059165
80429592,219.11222169205124
36010937,969.9764772773185
61652867,974.4748404610974
34655678,328.33012157788295
32281319,825.7812487053321
74717544,417.79691142760504
81780208,172.86688276383296
74117270,969.9764772773185
94663011,226.15278633412322
18715534,233.15406027056474
89926226,196.8933462340235
31441075,100.27660381853559
85656066,276.5495557075569
63154501,87.35680692701726
56954947,980.2440258479488
35193891,235.42357158324361
68045567,237.62413013695473
75523548,407.8249873880249
80044768,115.64777702299608
80565568,114.23612585899855
58680458,915.2321481132628
93434632,129.68961560150962
38164915,237.62413013695473
39561694,190.8212515960724
23940974,401.45726821902366
66689621,192.39498305024458
91586014,190.8212515960724
68610549,148.11920750836254
44648566,107.38842360543129
68443861,237.62413013695473
95300751,386.08609501456317
74650313,106.34869845648672
78190939,972.3025752247754
79583687,220.05239837878315
78744133,372.83509555455606
19424377,207.13260148726476
74426958,179.32161447585193
30714675,413.925375343365
20297631,320.3886709547095
62326689,974.4748404610974
72851226,237.62413013695473
94924877,135.76171023946074
39912297,969.9764772773185
50554145,169.08235922261065
51964385,203.74104848759075
91524053,974.1436378926087
67059408,142.0471128704114
13707505,128.08759082994845
96336923,290.5090777480199
18937921,173.2495198379008
23247466,419.63797409543844
20718626,311.0895923882001
62001591,407.8249873880249
32183930,968.1354146094851
29520078,209.8414364429308
20246948,386.11438833195217
12865925,302.336956111972
75414040,864.9383011540912
29805887,962.0350266541451
91828173,403.326624204246
92911827,963.9043826393674
21259879,946.6921467670735
27730704,198.49537100558464
10805384,974.4748404610974
28772124,413.89708202597603
67895243,247.86338539019602
70282510,974.4748404610974
76926492,955.962932016194
56029416,129.66132228412067
42166025,974.4748404610974
88855559,401.45726821902366
71679738,367.0942034850937
95011645,940.5917588117335
23391388,184.48182574446008
97276431,980.5752284164374
78499453,974.4748404610974
50845143,310.4326373569209
63593365,409.3987188421971
44645094,227.05367231522467
92805008,-29.95910271298777
95966284,374.76832289460594
86968525,25.280101192172538
35459557,213.98030374083203
16959595,79.57743659401848
66852864,956.9314020203149
64976874,192.39498305024458
90803282,152.28636812365272
32597480,413.89708202597603
22525205,411.7248167896539
18357388,409.3987188421971
55224009,257.2620396470373
12066751,148.11920750836254
51600054,418.0642426412662
33097870,407.8249873880249
44165189,237.62413013695473
92174554,209.81314312554187
75685484,418.0642426412662
79648156,156.55553287264055
34473914,884.9699178325052
42069298,231.5520354990036
24749467,40.65127439663303
37024144,968.4027458231463
53463208,974.1436378926087
61035399,931.5717913218441
92975059,373.16629812304484
16258293,123.58922764616955
80353068,237.62413013695473
69637564,134.15968546789958
60889557,332.8284847616619
45682120,963.9043826393674
62566155,407.8249873880249
86829598,190.8212515960724
77516810,955.962932016194
32602883,978.6420010763876
99658649,411.7248167896539
98115366,969.9764772773185
40551984,227.05367231522467
89171680,219.11222169205124
78104461,935.3460813297273
80805720,231.5520354990036
44701781,93.42890156496833
32357693,403.326624204246
16257080,380.0140003766121
63758432,407.55765617436373
86560064,190.8212515960724
76704426,231.5520354990036
29021087,233.1257669531758
30903210,338.900579399613
59650055,866.4580093876018
16537007,403.326624204246
44043751,380.0140003766121
93550246,407.8249873880249
74795536,227.05367231522467
36252893,390.25325562985336
60712266,106.34869845648672
54795015,881.9066060765629
59038432,80.98908775801596
53101267,409.3987188421971
96137757,407.8249873880249
61894184,968.4027458231463
56980533,93.42890156496833
40911725,73.50534195606735
78253728,969.9764772773185
46517280,871.0103957920423
98578100,235.42357158324361
92998542,111.55558422072147
85778453,419.63797409543844
67897199,237.62413013695473
37385434,311.9523455904315
29978687,984.7423890317277
63462293,225.18431633000233
82610119,413.89708202597603
11195863,974.4748404610974
22813157,219.11222169205124
16061850,160.42706895688056
25000757,112.44908641182678
23839386,227.05367231522467
62901003,219.11222169205124
85332734,241.7912907522449
41185457,152.28636812365272
32349244,201.06050684931367
75213525,980.2157325305598
24267861,192.39498305024458
80759464,190.8212515960724
38052934,962.063319971534
36983078,330.6279262079508
48438532,163.01026458465952
98811621,237.62413013695473
41602835,962.0350266541451
79191702,950.8310140649747
91526426,837.1273141426784
12436955,403.326624204246
35460655,349.52247172692216
24893618,225.2126096473913
12318894,209.81314312554187
75385870,178.38143778912
24016887,858.5705819850899
93798376,233.1257669531758
10041197,424.13633727921734
44196192,386.11438833195217
34259961,940.5917588117335
79360399,968.4027458231463
90648365,227.05367231522467
32784142,134.18797878528852
88014206,984.7140957143387
47541115,120.30822049694967
81087277,980.5752284164374
99414879,282.62165034550804
96312378,390.25325562985336
45292998,933.4128539896774
62464969,401.45726821902366
89056154,162.62762751059165
43815757,241.7912907522449
36326737,269.70185345398966
66733240,129.60729906345904
82154113,950.8310140649747
75774127,25.280101192172538
99633023,225.2126096473913
54243966,138.98380111446897
21507777,940.5917588117335
89526022,386.08609501456317
35342783,864.9383011540912
75576574,386.08609501456317
86207238,362.5958403013148
11999604,169.08235922261065
64241630,910.1002301620435
49681885,237.62413013695473
20476163,418.0642426412662
82534020,227.05367231522467
80449403,413.89708202597603
91978419,940.5917588117335
13134274,106.34869845648672
30921031,243.36502220641708
35948510,186.32288841229348
37862013,351.45569906697204
74364264,117.39848042388155
73089121,233.1257669531758
71120219,231.5520354990036
81357330,222.99632092360548
86696339,946.6638534496846
32694372,927.671961920215
86397240,163.01026458465952
75410743,324.0609568288951
54107967,241.7912907522449
53182244,-2.148115701574909
84949062,134.15968546789958
17578514,25.280101192172538
66553240,169.08235922261065
78244783,304.3605427189698
85750494,413.89708202597603
26835204,233.1257669531758
25568634,227.05367231522467
62833472,247.89167870758496
89441409,128.08759082994845
30957350,169.08235922261065
83492659,386.11438833195217
14123667,392.18648296990324
81332426,858.5705819850899
75963486,969.9764772773185
97473965,407.8249873880249
52550411,142.0471128704114
38852859,173.2495198379008
86945814,106.34869845648672
99213841,380.0140003766121
93296884,269.70185345398966
74681265,178.38143778912
67628381,407.55765617436373
53194004,233.1257669531758
79129949,955.962932016194
21417992,233.1257669531758
65584374,241.7912907522449
83994457,203.74104848759075
79552394,968.1354146094851
14169455,237.62413013695473
11006346,219.11222169205124
55920445,178.38143778912
42183979,310.4326373569209
27236753,106.34869845648672
38623845,231.5520354990036
56539617,974.4748404610974
89514584,237.29292756846596
55800655,955.962932016194
95341263,150.18781370363928
90170967,424.13633727921734
25603899,413.89708202597603
80752063,334.4022162158341
74272993,304.3605427189698
83204984,380.0140003766121
56041749,225.2126096473913
99929710,231.5520354990036
24093076,978.6420010763876
76171771,209.81314312554187
87313105,121.7198716609472
13150529,962.0350266541451
85314779,190.8212515960724
23218937,156.55553287264055
15797769,214.8556200903776
18451890,861.3260914363825
23712138,386.08609501456317
40201741,946.6638534496846
74044702,203.74104848759075
91758728,963.9043826393674
41605529,203.74104848759075
30345669,310.4326373569209
72490311,233.15406027056474
11341429,106.34869845648672
86562367,82.85844374323835
65741146,123.58922764616955
28059650,227.05367231522467
36854120,209.8414364429308
70514815,190.8212515960724
28991223,276.5495557075569
34210782,940.5917588117335
97420540,976.0768652326585
53582966,120.30822049694967
25471995,137.5487496866325
40521306,231.2847042853424
18442744,190.8212515960724
86475933,969.9764772773185
35156621,418.0642426412662
92398280,383.4338466936751
64419847,386.08609501456317
27879667,235.42357158324361
33454324,59.163182841536525
78234554,152.28636812365272
37295459,88.87651516052779
76464828,291.9207289120174
89898019,946.6638534496846
94459827,59.5458199156044
30672049,-8.515834870576214
93226295,243.7245180922948
66733496,345.355311111632
24799537,418.0642426412662
30909458,172.86688276383296
20815913,955.962932016194
77231006,190.8212515960724
63770561,225.18431633000233
61281100,184.4535324270711
25443496,927.4046307065539
90941407,102.89006042165238
85217471,962.0350266541451
11330523,202.99373418936358
60135515,101.31632896748022
96537329,969.9764772773185
89713236,304.3605427189698
87856838,392.18648296990324
68427758,237.62413013695473
35697471,203.74104848759075
30758105,225.18431633000233
66828597,380.0140003766121
64179941,115.82474896970933
57531913,137.5487496866325
82276369,235.42357158324361
33117908,380.0140003766121
23807930,138.98380111446897
58313771,59.163182841536525
86361973,305.88025095248037
54136725,194.70535082762663
80609057,100.27660381853559
23386046,169.08235922261065
88923790,115.64777702299608
50739054,844.239133929574
85701835,220.05239837878315
11164690,203.74104848759075
60686704,233.15406027056474
56500955,137.5487496866325
92377094,229.35147694529252
27377686,956.9031087029258
14820376,120.30822049694967
24454653,121.7198716609472
49068691,100.27660381853559
68870887,163.01026458465952
40404763,310.46093067430985
53993271,843.1994087806295
76624283,231.5520354990036
84681113,386.08609501456317
39182711,974.4748404610974
99418549,209.81314312554187
54009403,921.3042427512139
15732665,225.18431633000233
21105712,128.08759082994845
76841454,210.3572569065987
77456803,401.45726821902366
94681649,231.5520354990036
42127705,113.12931567489363
86327920,152.05716968886162
49706768,227.05367231522467
47210863,219.11222169205124
98862874,225.2126096473913
80625113,237.62413013695473
13147967,128.08759082994845
79644262,243.36502220641708
40821766,185.422002431192
38964351,386.08609501456317
80037468,401.45726821902366
10709528,196.8933462340235
14006566,209.81314312554187
84355937,184.4535324270711
68139676,201.55305308119387
51613745,25.280101192172538
77042505,99.1157704137691
35307179,231.5520354990036
43137990,871.0103957920423
60366178,144.11571906568815
28449137,413.5658794574873
54714633,969.9764772773185
86469326,231.5520354990036
81392986,10.771681189943422
94816275,237.62413013695473
20992851,247.86338539019602
33220037,121.7198716609472
52922027,338.900579399613
70522751,963.9043826393674
35179027,956.9314020203149
11006610,87.08947571335602
97027045,123.58922764616955
60842426,413.89708202597603
37962781,227.05367231522467
57446778,128.08759082994845
46803142,925.4714033665041
96412152,401.45726821902366
41948607,209.81314312554187
30401183,233.1257669531758
82446721,864.9383011540912
98640166,142.0471128704114
16426411,231.5520354990036
40919986,291.9207289120174
34959842,770.9350153417201
76545890,969.9764772773185
38671669,407.8249873880249
74577885,243.36502220641708
77894868,219.11222169205124
44132106,424.13633727921734
13303745,963.9043826393674
82202428,227.05367231522467
69359286,144.11571906568815
49249118,241.7912907522449
65186472,233.15406027056474
86728284,852.4984873471387
89113200,332.8284847616619
64085288,367.0942034850937
83095293,135.67939370141016
55834975,338.900579399613
12408851,102.89006042165238
45102161,265.1494670495491
21425066,237.62413013695473
49253416,65.61791455355552
91720337,966.2021872694353
38125202,158.12926432681274
76716879,193.11672771691588
75093314,933.7440565581662
94720863,152.28636812365272
69306868,237.62413013695473
78783123,114.23612585899855
31503266,239.22615490851587
51221256,213.98030374083203
36978860,163.01026458465952
77102844,178.38143778912
85218856,874.3994600107752
64674000,227.05367231522467
71928536,390.25325562985336
71632516,905.9330695467534
44645677,413.5658794574873
27089889,231.5520354990036
85001254,380.0140003766121
80789294,380.0140003766121
94921905,419.9974699813161
87557595,225.18431633000233
27812172,830.279611889111
70326518,952.7642414050246
76820242,229.35147694529252
37798149,409.3987188421971
95689974,962.063319971534
86698149,227.05367231522467
82332389,858.5988753024789
38769988,186.32288841229348
62104171,413.925375343365
20008764,190.8212515960724
88250848,310.46093067430985
99989436,148.11920750836254
20654244,150.18781370363928
63645129,940.5917588117335
66237213,220.05239837878315
89366030,974.4748404610974
43885604,237.62413013695473
20777495,276.5495557075569
17630232,134.15968546789958
41034819,927.4046307065539
30863558,940.5917588117335
30990096,305.96256749053094
14528263,413.5658794574873
38046616,115.64777702299608
21720690,209.8414364429308
41971276,163.01026458465952
81966182,231.5520354990036
81876034,290.5090777480199
23233042,219.11222169205124
59959368,227.05367231522467
25429816,413.5658794574873
40884180,114.23612585899855
88955672,413.89708202597603
43077536,227.05367231522467
22541133,944.0116051287964
98515757,233.15406027056474
96170890,219.11222169205124
33994765,241.7912907522449
91089578,413.89708202597603
38840418,73.50534195606735
92439017,188.6206930423613
30192634,396.3253502678045
30769461,128.74454586122772
80205723,395.38517358107254
55131937,753.6944861520373
29185681,976.0768652326585
80773149,955.962932016194
84757256,305.934274173142
81505232,277.58928085650155
57555020,207.16089480465374
70106520,121.7198716609472
43240131,946.6638534496846
57158414,134.15968546789958
63966023,247.86338539019602
46075950,401.45726821902366
47516649,140.26007342323965
57203804,53.0910882035854
99285503,225.18431633000233
23511969,147.78800493987376
78376646,230.93777154677895
48884000,311.9523455904315
98727752,360.7547776334814
82907215,380.0140003766121
72719170,320.3886709547095
39149918,373.16629812304484
85435767,351.45569906697204
54111802,407.8249873880249
92599919,219.11222169205124
24226064,225.18431633000233
96829833,969.9764772773185
27301621,134.15968546789958
15887246,87.35680692701726
51726302,377.333458738335
51260265,972.2742819073864
45934883,196.8933462340235
97289930,231.5520354990036
42847093,233.15406027056474
13695159,231.5520354990036
21664737,231.5520354990036
72162540,380.0140003766121
45972276,955.962932016194
71222059,405.62442883431385
18901787,188.6206930423613
64794868,785.4434353439492
96040179,338.900579399613
43891507,343.06774001490317
94649367,225.18431633000233
85490151,121.89684360766046
51948440,186.32288841229348
44237958,121.89684360766046
97658202,82.85844374323835
77699657,824.20751725116
23252427,407.8249873880249
10697423,419.63797409543844
99095154,360.72648431609247
86344123,237.62413013695473
32740825,338.56937683112426
39699187,424.13633727921734
79334316,864.9383011540912
13862142,411.69652347226497
95022546,237.29292756846596
85671131,142.0471128704114
13946093,135.67939370141016
71911642,893.4062431967833
74557358,940.5917588117335
76424216,233.1257669531758
60569056,407.8249873880249
21429356,209.81314312554187
37147011,364.8936449313826
22363795,137.5487496866325
22711721,201.06050684931367
32781826,134.15968546789958
79919377,209.81314312554187
95950869,411.69652347226497
67975454,946.6638534496846
61846310,401.45726821902366
47190136,386.08609501456317
72140487,974.4748404610974
33356353,225.18431633000233
57558815,413.89708202597603
85765913,203.74104848759075
67405346,128.08759082994845
47178751,169.08235922261065
92743619,196.8933462340235
67809997,419.63797409543844
95649734,59.163182841536525
35761786,123.58922764616955
20333506,209.81314312554187
39856656,407.55765617436373
80659941,231.5520354990036
72539676,373.1945914404338
34808508,129.66132228412067
18684795,830.279611889111
60926773,163.01026458465952
25343604,135.67939370141016
85280076,231.5520354990036
51516725,927.671961920215
54359603,980.2157325305598
65763192,405.62442883431385
53926540,169.08235922261065
77237054,31.352195830123662
75498756,231.5520354990036
99166662,927.671961920215
72410551,413.89708202597603
82923327,349.1398346528543
46066488,852.6754592938521
33059137,220.0806916961721
51480279,134.15968546789958
19373977,974.1436378926087
90715980,237.62413013695473
56492794,235.81877180462573
46037369,386.08609501456317
22743995,192.39498305024458
42553042,386.08609501456317
36975311,980.5752284164374
75351486,121.74816497833615
30981897,962.0350266541451
35580501,978.6420010763876
40483549,368.66793493926593
64819235,219.11222169205124
26688957,233.1257669531758
94904538,231.5520354990036
46754012,237.65242345434368
36796857,220.05239837878315
28461943,222.99632092360548
14026453,311.9523455904315
69053024,196.8933462340235
32733126,413.925375343365
40931025,134.15968546789958
19427950,231.5520354990036
84597120,974.4748404610974
18811334,134.15968546789958
78324699,956.9314020203149
77953974,243.39331552380602
27862041,858.5705819850899
37247191,231.5520354990036
25562317,380.0140003766121
73172608,411.69652347226497
33104896,231.5520354990036
82319650,220.05239837878315
21799452,233.1257669531758
64888946,26.142854394403912
97264595,53.0910882035854
10429454,192.39498305024458
61575325,241.7912907522449
56897257,247.86338539019602
37059519,407.8249873880249
52110520,209.81314312554187
81197632,231.5520354990036
78041929,984.7140957143387
62481600,247.86338539019602
79068390,824.20751725116
35652591,143.62084432458363
39694436,372.83509555455606
95898355,430.2367252345574
80006639,213.23298944260483
53958546,956.9314020203149
58986255,418.0642426412662
35034634,163.01026458465952
21845497,396.3253502678045
40578913,209.81314312554187
52684708,196.92163955141245
89834641,134.15968546789958
65511611,968.4027458231463
65731676,407.8249873880249
83770991,413.89708202597603
56280602,219.11222169205124
44140498,407.8249873880249
52748496,94.0858565962476
76136540,134.15968546789958
35483441,109.45702980070803
25193108,424.13633727921734
27434478,202.99373418936358
84357441,974.4748404610974
70840263,229.36404009260673
45633382,115.64777702299608
68317032,241.7912907522449
73465107,178.38143778912
24929921,940.5917588117335
87300428,980.5752284164374
69871020,334.4022162158341
23755175,237.62413013695473
91971062,271.22156168750024
74483617,142.0471128704114
89642342,148.11920750836254
33276861,395.38517358107254
18861332,209.81314312554187
77211245,247.86338539019602
52041127,213.23298944260483
95864050,166.79478812588184
82528777,153.86009957782488
62702832,940.5917588117335
24146181,413.925375343365
90263367,32.21494903235498
47033948,196.8933462340235
97856612,213.98030374083203
73014333,866.5403259256523
46731094,163.01026458465952
15781171,241.7912907522449
51156245,235.42357158324361
85958922,227.05367231522467
52550761,163.01026458465952
15567593,305.934274173142
50279318,980.2157325305598
88796422,196.8933462340235
66724358,150.18781370363928
51443999,233.1257669531758
32661637,349.1398346528543
12999579,152.05716968886162
32460111,194.70535082762663
70354263,203.74104848759075
99768418,203.74104848759075
93597400,247.86338539019602
42968448,106.37699177387572
11447851,305.934274173142
76146411,407.8249873880249
86917958,956.9031087029258
57526187,227.05367231522467
71062405,227.05367231522467
72847399,413.89708202597603
54891075,203.74104848759075
89841901,226.15278633412322
90056417,401.45726821902366
77892346,247.89167870758496
31627402,74.91699312006483
78864638,184.4535324270711
16022883,282.62165034550804
21980955,231.5520354990036
98291218,233.1257669531758
37406677,407.8249873880249
73253470,190.8212515960724
80239984,864.9383011540912
60323265,215.91353108088194
93655248,184.4535324270711
58796215,59.5458199156044
94203496,243.7245180922948
89472702,237.62413013695473
29142290,237.62413013695473
71021568,419.63797409543844
69197364,237.62413013695473
67499939,220.05239837878315
51780875,409.3987188421971
46941857,143.62084432458363
57911836,955.962932016194
38559875,231.5520354990036
81398050,237.62413013695473
75334315,128.08759082994845
59308610,923.1735987364361
16247087,243.39331552380602
43247285,407.8249873880249
45215633,946.6638534496846
40481058,237.62413013695473
40365284,310.46093067430985
92836079,395.38517358107254
70303716,135.76171023946074
81749724,299.8621795351909
41853820,864.9383011540912
81440480,237.65242345434368
84996580,305.01749775024905
35919442,984.7140957143387
19046260,100.27660381853559
90423631,319.89379621360496
92961031,190.8212515960724
89855372,310.4326373569209
77816576,137.5487496866325
12194715,225.18431633000233
20115124,963.9043826393674
73703358,962.0350266541451
89792966,87.35680692701726
43706254,213.98030374083203
70266281,87.35680692701726
78529732,403.326624204246
31638825,231.5520354990036
58167471,237.29292756846596
93767960,233.1257669531758
55879589,241.7912907522449
67388602,338.900579399613
86008328,396.3253502678045
53844650,120.30822049694967
86660948,830.279611889111
39941650,137.5487496866325
44395757,360.72648431609247
81989533,162.62762751059165
46504700,192.39498305024458
39402032,233.1257669531758
85919943,235.42357158324361
80733130,299.8621795351909
25189661,156.55553287264055
14623666,310.4326373569209
70848155,192.39498305024458
68571484,943.9833118114075
51228995,912.0334575020934
49683485,974.5031337784864
56036763,837.1273141426784
32459332,40.1563996555285
10860915,274.5259691005591
43696664,370.9657395693337
87941364,299.8621795351909
76183083,203.74104848759075
20966309,237.62413013695473
37699108,154.35497431892946
55952526,80.98908775801596
15616438,282.62165034550804
86514240,310.4326373569209
92945955,349.1398346528543
63145934,980.2157325305598
58853662,380.0140003766121
79304271,379.2666860783849
24276255,243.36502220641708
43245413,963.9043826393674
59024690,962.063319971534
13551336,237.62413013695473
44848614,44.65476283930741
61087377,54.66481965775762
11885900,290.5090777480199
92535927,225.18431633000233
21708152,233.1257669531758
45352808,219.11222169205124
75624156,386.08609501456317
32001265,202.63423830348586
20413825,407.8249873880249
40305802,332.8284847616619
61861688,962.063319971534
33441351,203.74104848759075
30365812,174.12483618744642
43625038,227.05367231522467
40659534,237.65242345434368
72885406,237.62413013695473
55817366,103.38493516275696
78604997,48.592725019806494
14364198,225.18431633000233
70814486,241.7912907522449
71030650,259.1313956322597
93257457,230.93777154677895
65515227,186.32288841229348
23048185,386.08609501456317
64021401,209.81314312554187
81601136,247.86338539019602
60464050,405.62442883431385
62126832,247.86338539019602
76122802,233.1257669531758
68619547,103.38493516275696
69931017,219.11222169205124
52039321,413.89708202597603
96748453,974.5031337784864
40650345,837.1273141426784
94190496,345.355311111632
40034795,203.74104848759075
16725203,355.5945663648733
37869032,373.16629812304484
87784983,921.3042427512139
67445694,94.0858565962476
44138052,148.11920750836254
56359862,220.05239837878315
27113776,152.05716968886162
73853459,372.83509555455606
76284169,241.7912907522449
42581373,923.1735987364361
74617250,865.5952561853704
29606632,233.1257669531758
22328059,349.52247172692216
94596005,962.0350266541451
73640300,123.58922764616955
52511016,940.5917588117335
63643579,163.01026458465952
73979691,338.56937683112426
76806109,219.11222169205124
67084872,296.581172385971
94616960,127.6377356771228
44018639,148.11920750836254
10369424,297.99282354996853
19417264,235.42357158324361
77137301,150.18781370363928
33598935,233.15406027056474
81379316,413.89708202597603
67627945,424.13633727921734
74067952,966.2021872694353
54161507,207.13260148726476
55930611,231.5520354990036
64919315,386.08609501456317
92109871,241.52395953858368
88653847,291.9207289120174
50331596,395.38517358107254
68139580,968.4027458231463
80241693,209.8414364429308
74034028,282.64994366289704
22712040,386.08609501456317
18212521,380.0140003766121
60434302,129.66132228412067
45427525,134.8166404991788
95853311,219.11222169205124
70857259,424.13633727921734
81477083,106.34869845648672
27723524,386.08609501456317
25206032,858.5988753024789
12102381,310.4326373569209
72428170,225.18431633000233
27672042,974.4748404610974
77000429,413.89708202597603
95589605,227.05367231522467
44647376,396.3253502678045
21338536,231.5520354990036
13820529,415.4991067975372
24568041,407.8249873880249
90117191,417.79691142760504
45800664,237.62413013695473
13557339,386.08609501456317
19087413,899.4783378347344
11616417,837.1273141426784
22015830,407.8249873880249
42617304,100.27660381853559
72598754,380.0140003766121
34839793,418.0642426412662
77660297,227.05367231522467
13706769,231.5520354990036
71694094,362.5958403013148
26712974,163.01026458465952
11161484,188.6206930423613
92404281,201.06050684931367
29267516,74.91699312006483
44574998,237.62413013695473
66291057,905.2192299041967
13701175,44.65476283930741
24177160,168.36851958005403
81405301,878.8978231945541
11589439,251.1899450090862
17537269,407.8249873880249
98168887,413.5658794574873
57508409,233.1257669531758
83408387,413.89708202597603
43301435,843.1994087806295
49258344,315.2567530034903
98631322,169.08235922261065
69659096,253.96377334553608
99106028,231.5520354990036
37856658,106.34869845648672
42881579,111.55558422072147
77859891,158.35846276160382
81041727,129.66132228412067
47217829,409.3987188421971
53083229,395.38517358107254
79619006,237.62413013695473
87897995,209.8414364429308
17964917,345.3836044290209
80568888,152.05716968886162
43042929,396.3253502678045
62796073,386.08609501456317
61083401,120.30822049694967
14141477,129.66132228412067
68306110,233.15406027056474
43708354,334.4022162158341
73883907,225.18431633000233
75966104,304.3605427189698
55672599,237.65242345434368
14917596,424.13633727921734
65294870,239.22615490851587
14049454,403.326624204246
93295381,413.925375343365
27730907,950.8310140649747
52543486,134.15968546789958
79427440,59.163182841536525
46627987,233.1257669531758
63096372,390.25325562985336
21047227,112.44908641182678
94588817,231.5520354990036
82925355,235.42357158324361
20239710,148.11920750836254
66560522,148.11920750836254
34394729,156.55553287264055
74199492,128.08759082994845
59577067,123.58922764616955
69919638,864.9383011540912
46718033,963.9043826393674
84917912,413.925375343365
31599665,305.01749775024905
39056365,134.15968546789958
48895978,241.7912907522449
47094246,866.5120326082633
19549587,354.65438967814134
18563899,225.18431633000233
81642903,117.6276788586726
12095543,413.925375343365
67140026,128.74454586122772
11054636,974.4748404610974
21698635,401.45726821902366
23623849,409.42701215958607
71392936,115.64777702299608
83425325,237.62413013695473
14553390,25.280101192172538
70274030,368.66793493926593
19402442,73.50534195606735
11041677,209.81314312554187
77513563,237.62413013695473
87335721,291.9207289120174
17466406,175.18274717795072
11267365,233.1257669531758
89144675,231.5520354990036
89338457,129.66132228412067
87803439,328.33012157788295
20104582,409.3987188421971
95781089,53.0910882035854
66358482,209.8414364429308
62863016,305.934274173142
92557337,872.5301040255529
10876766,935.3460813297273
70473205,162.62762751059165
87569671,984.7140957143387
61139578,225.18431633000233
53121878,227.05367231522467
15430462,395.38517358107254
67332796,367.0942034850937
75641163,231.5520354990036
23552924,407.8249873880249
56332291,946.6638534496846
83472051,233.1257669531758
73213649,430.2367252345574
47802315,937.9112171734563
42459098,282.64994366289704
59654537,395.38517358107254
49312825,386.08609501456317
80983900,173.2495198379008
58178507,972.2742819073864
50382416,162.62762751059165
66073034,231.5520354990036
43848284,386.08609501456317
85092410,117.39848042388155
22321014,946.6638534496846
31162245,304.3605427189698
26802981,163.01026458465952
89737386,106.34869845648672
22704344,237.62413013695473
56000373,134.8166404991788
96310766,144.11571906568815
70324095,243.7245180922948
86441629,160.42706895688056
12514793,396.3253502678045
89583392,225.18431633000233
36498032,940.5917588117335
22072881,247.86338539019602
23992589,231.5520354990036
25380807,290.5090777480199
30026993,326.4607655926606
65742850,213.98030374083203
33236806,364.8936449313826
64518820,213.98030374083203
42371713,237.62413013695473
47924596,328.55932001267405
55469978,962.0350266541451
29356220,290.5090777480199
98913649,186.32288841229348
22201860,305.01749775024905
17005574,407.8249873880249
61767605,976.0768652326585
63003964,933.7440565581662
52904792,304.3605427189698
87014699,407.8249873880249
60476269,968.1354146094851
23374773,169.1106525399996
12887652,220.05239837878315
11366466,255.8503884830398
62053080,209.81314312554187
21354279,338.900579399613
58635346,225.18431633000233
57475663,196.92163955141245
44627129,184.4535324270711
29419543,974.4748404610974
47538164,220.05239837878315
19854086,310.4326373569209
63381374,128.08759082994845
55348437,203.74104848759075
80254443,852.4984873471387
23105559,231.5520354990036
25129271,235.43613473055785
40257293,978.3746698627265
63509506,380.0140003766121
45432136,946.6638534496846
19785631,407.8249873880249
22859019,332.8284847616619
36147504,233.15406027056474
54449509,169.08235922261065
81205631,150.18781370363928
98103632,203.74104848759075
32691265,126.06400422295064
72768344,974.4748404610974
51890279,271.22156168750024
48043615,349.52247172692216
25374441,243.36502220641708
59962384,944.0116051287964
28910995,403.326624204246
13141234,100.27660381853559
50747063,368.6962282566549
55252279,128.08759082994845
52007426,386.11438833195217
30847276,213.98030374083203
62106368,134.8166404991788
60214573,328.55932001267405
40002314,858.5705819850899
32428356,409.3987188421971
53658343,424.13633727921734
29161839,225.18431633000233
46396012,213.98030374083203
62360708,243.36502220641708
43297939,134.18797878528852
12562149,843.1994087806295
36028116,219.11222169205124
87330286,933.4128539896774
88119407,237.62413013695473
26750897,386.08609501456317
49969361,220.05239837878315
97204974,184.4535324270711
99702598,407.55765617436373
52763802,297.99282354996853
68901809,121.7198716609472
39208673,196.8933462340235
54033485,243.7245180922948
54497531,386.08609501456317
53990991,360.72648431609247
84489537,121.74816497833615
35670801,380.0140003766121
78791350,424.13633727921734
20845184,956.9031087029258
13555027,386.08609501456317
37646059,247.89167870758496
76127874,231.5520354990036
92134461,411.69652347226497
35770374,140.26007342323965
71020209,411.69652347226497
34171582,409.3987188421971
50654248,282.62165034550804
42458567,162.62762751059165
19190057,968.4027458231463
54080489,186.32288841229348
68542535,282.62165034550804
45210646,158.12926432681274
59714270,231.5520354990036
88185676,396.3253502678045
71490260,25.280101192172538
30639393,192.39498305024458
82576353,291.9207289120174
24335906,231.5520354990036
21049647,927.671961920215
13781432,305.934274173142
86079138,53.0910882035854
40000990,968.4027458231463
73775201,419.63797409543844
35148701,370.9657395693337
81596880,373.16629812304484
94320273,747.6223915140862
36438421,328.33012157788295
53057217,424.13633727921734
25248077,339.28321647368085
73038169,220.0806916961721
73258090,407.8249873880249
87336796,984.7140957143387
78963426,184.4535324270711
12232405,310.4326373569209
86811261,243.36502220641708
43165541,367.0942034850937
83018865,946.6921467670735
37762842,980.2157325305598
65591705,169.08235922261065
67890361,241.7912907522449
94753186,94.0858565962476
93051402,753.6944861520373
18623638,233.1257669531758
35256497,364.8936449313826
79246585,237.65242345434368
23762226,225.18431633000233
67287814,142.0471128704114
78864148,968.4027458231463
30658878,209.81314312554187
97960066,243.36502220641708
19914732,219.11222169205124
23619037,219.11222169205124
27095793,328.33012157788295
83667300,984.7140957143387
76686009,156.55553287264055
79911388,424.13633727921734
36038618,121.89684360766046
91489166,203.74104848759075
64088644,215.91353108088194
10087238,237.62413013695473
68403788,386.08609501456317
95817054,386.08609501456317
57182933,978.6420010763876
83941537,225.2126096473913
86909159,940.5917588117335
45478492,931.5434980044552
84142111,288.7220383008481
45223652,962.063319971534
15651868,980.5752284164374
48952352,927.671961920215
53380245,112.44908641182678
56211427,413.5658794574873
66961588,349.52247172692216
38567012,955.962932016194
74938615,235.4518649006326
81147200,916.2006181173836
74772897,247.86338539019602
80316029,251.1899450090862
76791795,18.432398938605274
95549661,360.7547776334814
91524955,233.1257669531758
93849275,209.81314312554187
61885188,129.66132228412067
17120455,219.11222169205124
71403569,950.8310140649747
57944962,304.3605427189698
72483844,413.5658794574873
45141218,419.9974699813161
47525065,129.66132228412067
24379765,367.0942034850937
91215387,237.62413013695473
39945150,796.0138931656793
25481926,386.08609501456317
72167432,209.81314312554187
15652519,825.8095420227212
58079379,237.62413013695473
81779274,237.62413013695473
11313638,968.4027458231463
82915596,237.62413013695473
12551058,276.5495557075569
69374139,955.962932016194
27490970,968.4027458231463
28663701,386.08609501456317
51901697,974.4748404610974
19964529,407.8249873880249
14203976,409.3987188421971
86724526,227.05367231522467
46513661,411.69652347226497
42464585,407.8249873880249
14360059,963.9043826393674
72181637,943.9833118114075
78956787,796.3965302397471
30264496,781.5054731634501
77227528,974.4748404610974
50534372,225.18431633000233
12187853,235.42357158324361
97814800,203.74104848759075
49704538,831.7993201226217
31844965,986.3161204858999
89449307,265.1494670495491
72286626,963.9043826393674
90641879,237.65242345434368
39977212,219.11222169205124
56406335,231.5520354990036
46671061,409.42701215958607
21883230,203.74104848759075
57754484,111.32638578593043
96138639,120.30822049694967
48581654,186.32288841229348
15477564,203.74104848759075
18367532,974.4748404610974
57040971,-6.646478885353872
24677280,209.81314312554187
38279741,186.32288841229348
39630161,231.5520354990036
94354941,305.01749775024905
73739305,962.0350266541451
36839896,87.35680692701726
60950133,972.2742819073864
34560824,209.81314312554187
89848060,963.9043826393674
21727334,243.7245180922948
96402755,227.05367231522467
99203156,403.326624204246
69252455,946.6638534496846
86645439,106.34869845648672
83677892,209.81314312554187
22897635,227.05367231522467
45288708,401.45726821902366
59969436,231.5520354990036
94774349,231.5520354990036
16886474,974.4748404610974
44198009,158.12926432681274
64700341,940.5917588117335
64505698,864.9383011540912
77323444,424.13633727921734
27706778,946.6921467670735
59628829,909.7175930879757
55365465,282.62165034550804
69970571,974.5031337784864
94271260,287.59933767495176
52700573,990.8144836696788
45014443,162.62762751059165
71021280,207.13260148726476
51886091,229.35147694529252
91170937,213.98030374083203
92081846,123.58922764616955
95719079,10.771681189943422
12428005,320.3886709547095
38292857,753.6944861520373
75786036,843.1994087806295
76868352,158.12926432681274
61787836,405.62442883431385
92993294,192.39498305024458
23885591,150.18781370363928
40800066,237.62413013695473
56146741,401.45726821902366
49447892,386.11438833195217
52965378,74.91699312006483
93685952,142.0471128704114
89649731,186.32288841229348
47102704,249.46541016175715
52908918,196.8933462340235
77943419,905.2192299041967
92500699,401.45726821902366
51420779,931.5434980044552
72830394,38.582668201356284
72781023,897.2777792810234
16161212,94.0858565962476
73724856,968.4027458231463
76991618,884.9699178325052
95797758,354.65438967814134
82786703,270.3588084852689
77183119,123.58922764616955
56026782,418.0642426412662
16589083,243.36502220641708
47749953,219.11222169205124
27187508,956.9031087029258
51723171,237.65242345434368
56627258,121.7198716609472
75635227,970.0047705947075
57547046,48.592725019806494
36631973,172.86688276383296
17463415,178.38143778912
26674861,112.44908641182678
56995341,80.98908775801596
26126144,231.5520354990036
58450363,10.771681189943422
89312269,339.28321647368085
16817991,169.08235922261065
84965319,386.08609501456317
43319013,789.9417985277281
44400321,332.8284847616619
80024230,937.9112171734563
74521218,413.89708202597603
44832141,237.62413013695473
70162625,40.1563996555285
43589357,82.85844374323835
14100726,235.81877180462573
36520084,367.0942034850937
98999098,18.432398938605274
14148442,163.01026458465952
90033275,219.11222169205124
19819492,225.2126096473913
94929441,852.4984873471387
64769677,203.74104848759075
80605119,367.0942034850937
61896581,162.62762751059165
25053770,332.8284847616619
74893395,31.352195830123662
53560531,969.9764772773185
89710260,190.8212515960724
93875018,338.900579399613
64766158,858.5705819850899
54305179,407.8249873880249
30403292,332.8284847616619
60767564,152.28636812365272
35303188,188.6206930423613
21177257,237.62413013695473
15350431,128.08759082994845
19112314,940.5917588117335
10078818,10.771681189943422
23150338,219.11222169205124
47635759,129.60729906345904
30605686,386.08609501456317
29709781,401.45726821902366
13735642,974.1436378926087
99020214,231.5520354990036
28873624,401.45726821902366
70890497,909.7175930879757
99675492,219.11222169205124
62216584,203.74104848759075
84668724,933.7440565581662
88738488,219.11222169205124
35683009,888.9078800130044
72816721,124.47538111223986
19163259,237.62413013695473
51202613,899.4783378347344
56056704,184.48182574446008
49879334,235.42357158324361
16786843,310.46093067430985
47533115,233.15406027056474
22109413,939.4849486276286
85518746,227.05367231522467
93362991,225.18431633000233
16124077,44.65476283930741
76182432,220.0806916961721
26790843,231.5520354990036
89672220,231.5520354990036
12756298,974.4748404610974
16926806,362.5958403013148
14000956,203.74104848759075
36806959,367.0942034850937
87017954,276.5495557075569
43944283,968.4027458231463
44101724,413.89708202597603
67316534,969.9764772773185
88490548,974.1436378926087
88665651,227.05367231522467
83830852,231.5520354990036
35512699,367.0942034850937
49228670,231.5520354990036
47172196,231.5520354990036
86195285,403.326624204246
61100752,93.45719488235733
23609539,213.98030374083203
95881788,980.5752284164374
44925764,227.05367231522467
83971268,229.35147694529252
17370699,403.326624204246
76384877,344.6414714690753
93972349,237.29292756846596
64752973,121.7198716609472
22747583,418.0642426412662
38304968,213.98030374083203
10235307,243.36502220641708
25779125,243.36502220641708
12843653,419.9974699813161
78094768,140.26007342323965
10635284,203.74104848759075
13687234,135.67939370141016
53936042,225.18431633000233
82732686,196.56214366553473
96543781,220.05239837878315
82228529,418.0642426412662
12775154,231.5520354990036
55255907,413.89708202597603
32916130,190.8212515960724
18504284,952.7642414050246
65825890,123.58922764616955
33391713,974.4748404610974
93331533,946.6638534496846
89345152,368.66793493926593
46576484,276.5495557075569
33320733,345.355311111632
10724817,360.7547776334814
41244276,156.55553287264055
39841607,163.01026458465952
59463885,418.0642426412662
61317492,419.63797409543844
33725830,192.39498305024458
15316450,968.1354146094851
53318939,46.72336903458415
82300735,178.38143778912
44927585,231.5520354990036
80951510,802.4686248776982
51421456,858.5705819850899
67936055,899.8609749088023
48065777,386.08609501456317
56103730,401.45726821902366
40566531,955.962932016194
61129612,762.9935647185466
72015593,225.18431633000233
73826407,148.11920750836254
88021730,213.98030374083203
85653819,128.08759082994845
45194339,128.08759082994845
91086895,419.9974699813161
51919540,213.98030374083203
23157322,966.2021872694353
51628095,905.9330695467534
96537190,231.5520354990036
53402735,403.326624204246
36360155,188.6206930423613
37694507,386.08609501456317
83593533,401.45726821902366
24284452,231.5520354990036
21000889,202.99373418936358
18518898,186.32288841229348
11533995,119.69628505394934
91728492,241.7912907522449
32889326,413.5658794574873
16392740,860.4399379703123
93954664,407.8249873880249
40527969,231.5520354990036
13359501,115.64777702299608
54613106,931.5434980044552
89494294,413.89708202597603
43243456,-0.5743842474027474
49320975,968.4027458231463
66824387,288.7220383008481
13395531,905.9330695467534
84702746,411.69652347226497
46376987,154.35497431892946
16949551,952.7642414050246
76113598,968.4027458231463
88051686,114.23612585899855
21575972,974.4748404610974
25797068,935.3460813297273
46519671,209.81314312554187
62958708,134.8166404991788
41163598,386.08609501456317
90108134,963.9043826393674
40305514,124.47538111223986
28323820,401.45726821902366
36148206,121.74816497833615
41903222,411.69652347226497
34111269,117.6276788586726
22460898,962.0350266541451
87095926,409.3987188421971
99063606,296.581172385971
41090287,407.8249873880249
76553835,196.56214366553473
40520930,974.1436378926087
72499276,53.0910882035854
40722377,395.38517358107254
23596828,233.1257669531758
94118199,962.0350266541451
54177823,235.43613473055785
32744353,871.0103957920423
83540534,899.8609749088023
60135160,413.89708202597603
32215997,962.0350266541451
60591783,275.8022414093298
75534413,231.5520354990036
74381587,227.05367231522467
83928867,188.6206930423613
31779925,115.64777702299608
71389415,407.8249873880249
36657020,209.81314312554187
52833217,135.67939370141016
43206206,956.9031087029258
21701449,237.29292756846596
38073031,380.0140003766121
34369333,121.89684360766046
92620587,127.82025961628727
11512547,956.9031087029258
81501365,287.8285361097428
91014044,237.62413013695473
90225400,875.8345114386118
77353219,830.9365669203903
55291546,862.9147145470934
22923482,231.5520354990036
14288303,366.82687227143253
55909136,225.18431633000233
41957261,103.38493516275696
17675131,-0.5743842474027474
13490253,209.81314312554187
79023756,137.5487496866325
98393510,990.8144836696788
36169986,237.62413013695473
98879925,213.98030374083203
64713126,233.1257669531758
54807445,231.5520354990036
76751871,283.6613754944526
98441518,871.0103957920423
54149693,380.0140003766121
42794612,241.7912907522449
76036112,775.4333785254989
14657728,984.7140957143387
73292737,946.6638534496846
37897222,380.0140003766121
24707301,956.9031087029258
54570938,940.5917588117335
47969890,271.22156168750024
86391847,134.15968546789958
43251995,345.355311111632
61789630,413.5658794574873
12601759,209.8414364429308
86045386,156.55553287264055
67870680,401.4855615364126
92603070,306.8204276392123
45118743,972.2742819073864
40352166,311.0895923882001
96817260,950.8310140649747
70031890,923.1735987364361
18280163,974.4748404610974
84418154,893.4062431967833
50657043,192.39498305024458
24196657,322.19160084367275
30339428,237.62413013695473
97021401,727.4721222513351
35926246,134.15968546789958
78296017,166.79478812588184
91378970,184.48182574446008
80348783,386.08609501456317
90424864,310.4326373569209
65449342,247.86338539019602
50552285,910.1002301620435
96371635,940.5917588117335
72833770,233.1257669531758
94834332,927.671961920215
34291304,980.2157325305598
61020465,219.11222169205124
58556746,380.0140003766121
39138083,950.8310140649747
25334186,209.81314312554187
34764813,142.0471128704114
37404139,237.62413013695473
44171473,209.81314312554187
32137098,202.63423830348586
72644851,838.1670392916229
57301182,402.42573822314455
68777856,396.3253502678045
46687209,163.01026458465952
69167315,413.89708202597603
82057134,237.62413013695473
28611499,243.39331552380602
73817431,237.62413013695473
66885663,968.4027458231463
81244724,978.6420010763876
17815149,241.7912907522449
76792976,220.05239837878315
32232188,962.0350266541451
32884692,207.625147719145
51904668,201.06050684931367
54177086,940.5917588117335
79785130,123.58922764616955
24791309,156.55553287264055
79748184,147.78800493987376
71076766,419.9974699813161
91713473,152.28636812365272
21889636,396.3253502678045
88684450,247.86338539019602
13868166,190.55392038241118
72609306,148.11920750836254
40230821,927.671961920215
65326864,119.69628505394934
47873334,132.1360988609017
38502225,106.34869845648672
78086792,233.1257669531758
19000370,413.89708202597603
18794356,409.3987188421971
15695931,237.65242345434368
69820899,237.62413013695473
42730808,395.38517358107254
55693372,186.32288841229348
39793167,890.7108099019677
42174587,402.42573822314455
17562701,119.69628505394934
75887228,968.4027458231463
86381737,390.25325562985336
50478816,247.86338539019602
59640073,413.925375343365
76678970,339.28321647368085
23159711,203.74104848759075
74146213,144.11571906568815
73679527,974.5031337784864
83678670,373.16629812304484
82153168,296.581172385971
81585077,415.4991067975372
51172809,403.326624204246
93348209,186.32288841229348
40526730,243.36502220641708
35477741,231.5520354990036
26904107,241.7912907522449
98083773,128.08759082994845
62394914,367.0942034850937
38403298,237.29292756846596
19395977,237.62413013695473
28561023,962.0350266541451
45885910,227.05367231522467
95086890,247.86338539019602
19776574,89.81669184725979
60586201,134.15968546789958
89147481,837.1273141426784
47209892,351.45569906697204
47476854,380.0140003766121
60953282,409.3987188421971
72001460,418.0642426412662
22546493,231.5520354990036
48912589,413.89708202597603
37241017,93.42890156496833
40152795,305.01749775024905
45771924,148.11920750836254
70307319,209.81314312554187
42825484,413.5658794574873
32535623,225.18431633000233
54789245,253.96377334553608
72682970,237.62413013695473
51218700,968.4027458231463
16039328,100.27660381853559
44678506,243.36502220641708
59530373,237.29292756846596
81467001,386.08609501456317
50258434,978.6420010763876
27681355,213.98030374083203
69431073,409.3987188421971
93968709,955.962932016194
56478207,239.22615490851587
19466001,877.1107837473824
45204787,338.900579399613
44120969,192.39498305024458
11347094,34.08430501757738
33817003,407.8249873880249
84812841,130.54747575019098
82947487,243.36502220641708
22317982,128.08759082994845
95086863,106.34869845648672
73084974,405.62442883431385
96665202,231.5520354990036
52954565,208.73462625882593
22781049,364.8936449313826
39742164,213.98030374083203
20712973,225.2126096473913
76124953,227.05367231522467
53726970,163.01026458465952
30895251,390.25325562985336
87940348,418.0642426412662
95321478,409.42701215958607
41613207,237.62413013695473
64780104,843.1994087806295
72574405,968.4027458231463
87909513,184.4535324270711
80918662,224.86567690882782
50842195,259.1313956322597
37167999,403.326624204246
56430683,106.37699177387572
62519911,984.7423890317277
29251792,362.5958403013148
85925973,114.23612585899855
34644536,830.279611889111
39276706,392.18648296990324
81892516,203.74104848759075
30222761,937.6438859597953
10422044,940.5917588117335
28074362,962.0350266541451
64967123,158.35846276160382
38282963,127.82025961628727
76769818,123.58922764616955
81835353,409.3987188421971
34737343,968.4027458231463
51032996,158.12926432681274
32565254,386.08609501456317
51764743,418.0642426412662
92831396,345.355311111632
84077215,219.11222169205124
77480283,403.326624204246
52724196,82.85844374323835
78039908,117.39848042388155
46605850,952.7642414050246
61041851,169.08235922261065
10551671,370.9657395693337
84956232,872.5301040255529
93609795,878.8978231945541
63261476,974.1436378926087
78773692,946.6638534496846
41527728,968.4027458231463
86838609,144.11571906568815
46835475,231.2847042853424
23285553,418.0642426412662
83082562,395.38517358107254
33889237,380.0140003766121
46836989,128.74454586122772
42683388,956.9031087029258
15212938,202.41580628342524
63857629,-0.5743842474027474
71736760,311.9523455904315
41166882,413.925375343365
88287708,380.0140003766121
68218612,968.4027458231463
34505104,401.45726821902366
50756606,209.8414364429308
40004505,253.96377334553608
89798576,852.6754592938521
43860123,373.16629812304484
93655218,231.5520354990036
71051446,413.89708202597603
93380848,178.38143778912
27980449,233.1257669531758
57084880,990.8144836696788
46438239,203.74104848759075
30942515,415.4991067975372
19590564,874.3994600107752
83623165,237.29292756846596
76716085,231.5520354990036
60666996,-29.95910271298777
78361983,148.11920750836254
72701952,227.05367231522467
74922910,201.06050684931367
63759907,247.89167870758496
68856134,115.64777702299608
79795778,413.925375343365
97178936,980.5752284164374
56185778,311.9523455904315
48290079,424.1646305966063
29392023,940.5917588117335
54780943,304.3605427189698
97751068,106.34869845648672
69746506,237.62413013695473
55371174,413.89708202597603
67781652,247.86338539019602
78245291,249.46541016175715
64158812,304.3605427189698
60974365,186.32288841229348
12800790,407.8249873880249
96154030,380.0140003766121
98482327,243.36502220641708
17464700,209.81314312554187
56270967,963.9043826393674
46584495,225.18431633000233
72785702,796.0138931656793
41281460,396.3253502678045
80424496,974.4748404610974
18835766,237.62413013695473
87502261,113.62419041599821
96135205,16.843775827894547
26258289,233.1257669531758
75302604,852.4984873471387
98645752,194.70535082762663
58643859,318.32006475943274
90141148,386.08609501456317
52181895,395.38517358107254
16710404,106.34869845648672
26056734,927.671961920215
39602380,963.9043826393674
66983144,299.8621795351909
52507579,283.6613754944526
97432890,401.4855615364126
85547503,419.9974699813161
63906202,216.4293515445498
84599750,166.79478812588184
84325254,121.89684360766046
39975048,407.55765617436373
81574706,243.7245180922948
30468791,946.6638534496846
97533812,106.34869845648672
18711694,38.582668201356284
51787778,976.0768652326585
61409887,120.30822049694967
22014620,163.01026458465952
38836545,134.15968546789958
87391833,837.1273141426784
69117778,304.3605427189698
68122788,310.4326373569209
51241051,225.18431633000233
87186215,130.54747575019098
84468326,392.18648296990324
86410473,962.0350266541451
56236242,203.74104848759075
59626902,837.1273141426784
66112801,310.4326373569209
84626603,163.01026458465952
68630773,368.66793493926593
33563434,939.8444445135062
52975992,386.11438833195217
26817104,134.8166404991788
19501484,830.279611889111
62595745,320.3886709547095
41563117,115.64777702299608
52796320,345.355311111632
21489695,231.5520354990036
56658010,413.925375343365
91048109,857.1589308210923
68814610,128.08759082994845
47089966,413.89708202597603
79261064,121.89684360766046
43267298,123.58922764616955
35491922,152.05716968886162
91103900,100.27660381853559
81885878,355.5945663648733
10004659,201.06050684931367
49810234,135.76171023946074
65062190,40.1563996555285
57566037,407.8249873880249
55754004,227.05367231522467
99179360,190.8212515960724
67491962,220.05239837878315
55660033,184.4535324270711
96584547,241.7912907522449
36088377,156.55553287264055
97242422,93.42890156496833
12109366,235.4518649006326
57248099,233.1257669531758
46843789,409.3987188421971
15574311,103.38493516275696
39119987,424.13633727921734
95964371,343.06774001490317
93965777,424.13633727921734
32720737,156.55553287264055
38011636,288.7220383008481
28738450,219.11222169205124
82845868,173.2495198379008
92357814,263.6297588160386
94273774,227.05367231522467
86770972,409.42701215958607
95965665,409.3987188421971
80658412,209.8414364429308
11188732,196.8933462340235
78466957,196.8933462340235
77853776,225.18431633000233
81589793,974.1436378926087
49765777,233.1257669531758
88579415,339.28321647368085
65011154,99.52928952030845
32352609,219.11222169205124
25644810,332.8284847616619
36867135,243.36502220641708
88848522,377.333458738335
54293859,203.74104848759075
33019527,209.81314312554187
46924492,120.30822049694967
19488750,166.79478812588184
94594464,117.39848042388155
73247876,128.74454586122772
71373451,424.13633727921734
27655514,202.41580628342524
94112335,123.58922764616955
79135715,332.8284847616619
69231521,871.6673508233215
11994136,299.8621795351909
27288623,952.7642414050246
88123955,207.13260148726476
10000265,241.7912907522449
79772833,162.62762751059165
93882232,952.7642414050246
32109681,162.62762751059165
65404136,132.1360988609017
33831079,237.29292756846596
71847266,407.8249873880249
81003839,843.1994087806295
19285579,202.6625316208748
51911514,939.8444445135062
55539434,970.0047705947075
44536751,396.3253502678045
70028057,220.05239837878315
86860126,946.6638534496846
64254454,231.5520354990036
98284782,53.0910882035854
34610652,214.8556200903776
75568847,419.63797409543844
65674652,224.86567690882782
55019276,237.65242345434368
55592552,396.3253502678045
94267636,135.76171023946074
69222634,367.0942034850937
85591369,915.2321481132628
43835656,169.1106525399996
87803052,401.45726821902366
26232040,403.326624204246
91061668,296.581172385971
30001734,194.6927876803124
64074995,862.9147145470934
98892450,156.55553287264055
30473837,80.98908775801596
95158643,231.5520354990036
42377220,135.67939370141016
64814717,142.0471128704114
30148862,946.6638534496846
62010302,137.5487496866325
99477712,196.8933462340235
70875105,968.4027458231463
20465640,865.5952561853704
27850961,933.4128539896774
44835254,796.3965302397471
37634561,196.8933462340235
46702648,231.5520354990036
86839823,237.29292756846596
67985741,984.7140957143387
27791703,123.58922764616955
27289673,946.6921467670735
47043760,100.27660381853559
54808934,227.05367231522467
98155995,318.32006475943274
69341643,984.7140957143387
19401682,207.13260148726476
97496254,94.0858565962476
26009392,203.74104848759075
76357312,837.1273141426784
60644292,120.30822049694967
92095667,237.62413013695473
16021125,233.1257669531758
52662306,129.66132228412067
22527415,884.6387152640166
11178457,148.11920750836254
19452873,940.5917588117335
89463603,403.326624204246
55778959,115.82474896970933
45079947,134.15968546789958
71913651,407.8249873880249
26030335,295.96923694297067
18887144,360.72648431609247
67192573,403.326624204246
93955593,407.8249873880249
51025425,202.99373418936358
59882564,184.4535324270711
39586553,291.9207289120174
10235871,386.08609501456317
44636319,367.0942034850937
37290007,837.1273141426784
14108687,215.91353108088194
34932666,190.8212515960724
80941617,984.7140957143387
54682782,282.64994366289704
89652985,950.8310140649747
13137515,276.5495557075569
69623259,152.05716968886162
58672181,231.5520354990036
19145583,73.50534195606735
15756823,129.68961560150962
48404289,231.5520354990036
81082424,405.62442883431385
73224913,339.28321647368085
75845341,233.1257669531758
98474913,237.62413013695473
41962691,403.326624204246
48961741,152.05716968886162
87593653,196.8933462340235
84917993,5.992585131652902
24081947,962.0350266541451
54462462,413.89708202597603
51963469,905.9330695467534
94467679,344.6414714690753
31642363,966.2021872694353
66097711,310.4326373569209
12884742,305.96256749053094
94999391,87.35680692701726
44605879,933.7440565581662
35787017,233.1257669531758
45450960,229.35147694529252
95291199,386.08609501456317
96016558,963.9043826393674
84566828,178.38143778912
47412693,173.2495198379008
49029700,304.3605427189698
60010012,935.3460813297273
75883768,235.42357158324361
26202342,304.3605427189698
42317663,128.08759082994845
81534336,409.3987188421971
89007837,237.62413013695473
55830410,231.5520354990036
42889086,178.38143778912
81610198,219.11222169205124
17452253,134.15968546789958
71203731,241.7912907522449
80449971,403.326624204246
69429731,225.18431633000233
54605956,413.89708202597603
34299688,825.7812487053321
87819668,962.063319971534
35995429,152.05716968886162
79395935,115.82474896970933
77309412,229.35147694529252
43863935,430.2367252345574
25184246,413.89708202597603
36615071,143.62084432458363
38474717,225.18431633000233
93825316,124.47538111223986
33683398,276.5495557075569
69346242,858.5705819850899
59095929,413.925375343365
87118088,413.5658794574873
45924958,390.25325562985336
78591323,209.81314312554187
37759814,796.0138931656793
79378632,106.34869845648672
74799649,418.0642426412662
53222755,163.01026458465952
36749663,968.4027458231463
48476133,129.68961560150962
49028666,852.4984873471387
74177764,169.08235922261065
14771208,310.4326373569209
53613430,128.74454586122772
58749152,192.39498305024458
32751897,123.58922764616955
26470651,18.432398938605274
35002941,237.29292756846596
18541890,310.4326373569209
57596711,963.9043826393674
24072464,233.1257669531758
31435093,955.962932016194
30602585,162.62762751059165
75360000,203.74104848759075
46273615,866.5120326082633
95181699,134.15968546789958
91310621,106.37699177387572
82017783,99.1157704137691
70908643,962.0350266541451
15861638,12.360304300654207
50835625,137.5487496866325
28964861,927.4046307065539
29864397,866.5120326082633
12057084,963.9043826393674
28334945,225.18431633000233
60084019,237.65242345434368
63996133,106.34869845648672
24215888,360.72648431609247
73974645,403.326624204246
75072747,135.67939370141016
45633768,386.08609501456317
35646913,407.8249873880249
53661067,225.18431633000233
78907585,224.86567690882782
76922109,409.3987188421971
62248680,158.12926432681274
73320273,237.29292756846596
22179940,134.15968546789958
26991418,129.66132228412067
21855522,231.5520354990036
55265808,424.13633727921734
58224140,984.7140957143387
19913819,946.6638534496846
90275479,219.11222169205124
97988475,227.05367231522467
83636674,383.4055533762861
19875524,946.6638534496846
90421480,231.5520354990036
81793670,419.63797409543844
85521270,843.1994087806295
97359529,405.62442883431385
91814930,231.5520354990036
39016297,153.86009957782488
94156929,243.7245180922948
45023538,310.4326373569209
58269517,405.62442883431385
35694304,955.962932016194
64951262,292.09770085873066
95920942,237.62413013695473
41847450,980.5752284164374
15255858,190.8212515960724
95924527,241.7912907522449
12518283,403.326624204246
99811369,5.992585131652902
59569343,409.3987188421971
47206769,109.45702980070803
51079651,31.352195830123662
23194465,419.9974699813161
83356805,227.05367231522467
26586384,115.64777702299608
55548495,101.31632896748022
86324071,282.64994366289704
75101749,169.08235922261065
16463144,117.6276788586726
19396787,227.05367231522467
33279246,837.1273141426784
49233593,231.5520354990036
48210075,383.4055533762861
55054820,380.0140003766121
96257897,237.62413013695473
51430742,401.45726821902366
83437485,407.8249873880249
50578351,229.35147694529252
97275251,986.3161204858999
16222585,396.3253502678045
39525336,235.42357158324361
78481250,144.11571906568815
90967247,225.2126096473913
84855982,201.55305308119387
57782649,386.11438833195217
77997002,984.7140957143387
36215630,186.32288841229348
95580912,233.15406027056474
59034107,172.86688276383296
74775777,65.61791455355552
39971311,843.1994087806295
89020638,403.326624204246
51169286,297.99282354996853
99644215,219.11222169205124
90744203,134.8166404991788
96320211,830.279611889111
36465697,225.2126096473913
86214609,974.4748404610974
81033519,940.5917588117335
61860616,415.4991067975372
11758072,963.9043826393674
72796099,366.82687227143253
12154166,169.08235922261065
48588483,978.6420010763876
75800458,243.7245180922948
27360889,120.30822049694967
84455620,950.8310140649747
94594944,310.4326373569209
73063439,968.4027458231463
81513909,974.4748404610974
76078349,247.86338539019602
18738053,263.6297588160386
29574045,407.8249873880249
80540560,229.36404009260673
25751173,403.326624204246
26008933,968.1354146094851
99638568,955.962932016194
16106243,413.925375343365
46712863,127.6377356771228
62434322,227.05367231522467
41483187,377.333458738335
56776930,843.1994087806295
79612305,128.08759082994845
64780825,184.4535324270711
45536007,203.74104848759075
46661025,866.5120326082633
77061678,237.29292756846596
60393588,962.0350266541451
63346660,380.0140003766121
27845955,150.18781370363928
55504400,407.8249873880249
29005367,386.08609501456317
22069246,96.81796578370131
84008491,207.13260148726476
17133631,367.0942034850937
84832150,65.61791455355552
45723864,843.1994087806295
43493787,940.5917588117335
66097518,409.3987188421971
70168465,424.1646305966063
94063743,137.5487496866325
14576418,969.9764772773185
67277120,222.99632092360548
94345958,203.74104848759075
30685847,235.43613473055785
85948230,403.326624204246
89817663,121.74816497833615
32957921,877.1107837473824
46701128,339.28321647368085
70035645,243.7245180922948
60395047,940.5917588117335
88839252,905.9330695467534
84131490,219.11222169205124
75586325,156.55553287264055
80103534,231.5520354990036
43032685,144.11571906568815
15972126,112.44908641182678
41404247,418.0642426412662
38893753,848.1770961100731
73633779,963.9043826393674
35904393,978.6420010763876
24714022,407.8249873880249
19048345,968.4027458231463
47004008,231.5520354990036
94742593,210.3572569065987
75269823,893.4062431967833
25552669,109.45702980070803
51828771,196.8933462340235
70179002,980.2157325305598
38115411,231.5520354990036
40317565,305.01749775024905
21110207,851.0868361831413
84762082,231.5520354990036
48690899,864.9383011540912
76594160,409.3987188421971
54192522,231.5520354990036
72813893,304.3605427189698
21004583,121.89684360766046
64817154,241.7912907522449
42706195,386.08609501456317
48103074,380.0140003766121
21878260,837.1273141426784
36272220,79.57743659401848
13817497,871.0103957920423
41737305,950.8310140649747
45517239,338.900579399613
89500514,940.5917588117335
35952974,233.15406027056474
79180368,311.9523455904315
49972479,219.11222169205124
16468436,184.4535324270711
66415757,196.8933462340235
60737619,888.9078800130044
61065232,213.98030374083203
40172654,231.5520354990036
89609665,129.66132228412067
23952725,175.18274717795072
72896307,168.36851958005403
43835334,121.56564103917168
15170417,196.8933462340235
67479665,345.355311111632
33361674,106.37699177387572
44130617,968.1354146094851
51579953,134.15968546789958
75908580,237.62413013695473
55554604,425.7383620507785
78855633,231.5520354990036
16657542,310.4326373569209
54732615,916.1723247999946
61746292,178.38143778912
57869356,269.70185345398966
29926611,349.1398346528543
75275045,237.62413013695473
47886535,209.81314312554187
44918482,233.1257669531758
78968246,247.86338539019602
54136456,231.5520354990036
90807736,243.7245180922948
60276696,304.3605427189698
82048962,87.35680692701726
92669446,247.86338539019602
48680297,231.2847042853424
20902349,231.5520354990036
56991657,304.3605427189698
47839152,65.61791455355552
78844128,196.8933462340235
13384224,940.5917588117335
46213331,83.74459720930861
34116626,190.8212515960724
13884884,128.74454586122772
86060261,411.69652347226497
33698474,209.81314312554187
65729973,128.08759082994845
10671871,324.39215939738386
35704807,237.62413013695473
55231783,241.7912907522449
62208192,373.16629812304484
67563103,386.08609501456317
72548470,247.86338539019602
35725437,233.1257669531758
91119982,288.7220383008481
58303560,134.8166404991788
48430844,100.27660381853559
17825416,209.81314312554187
97821966,203.74104848759075
76538437,871.0103957920423
46855429,231.5520354990036
70135617,237.29292756846596
68330883,962.0350266541451
82205109,963.9043826393674
47743752,419.63797409543844
55059767,929.2739866917761
88243398,950.8310140649747
44699350,956.9031087029258
35330178,237.65242345434368
25203468,239.22615490851587
40479165,186.32288841229348
10947997,202.63423830348586
76351104,297.99282354996853
11445786,968.1354146094851
49470754,148.11920750836254
25466549,48.592725019806494
68081302,247.86338539019602
66965573,235.42357158324361
91230160,227.05367231522467
44322697,227.05367231522467
17542284,209.8414364429308
43035885,144.11571906568815
73926094,419.9974699813161
64948505,237.62413013695473
78950808,413.89708202597603
38422125,403.326624204246
70854487,291.9207289120174
96303461,319.89379621360496
46698218,231.5520354990036
42918073,79.57743659401848
60976113,186.32288841229348
80414616,137.5487496866325
11919826,235.4518649006326
78548658,921.3042427512139
21857739,355.5945663648733
29877271,864.9383011540912
12698388,94.94860979847891
11871707,401.45726821902366
80819542,88.93053838118942
95941128,106.34869845648672
15401105,225.18431633000233
32754426,282.62165034550804
69235267,225.18431633000233
71590075,946.6921467670735
93562904,962.0350266541451
48418506,419.63797409543844
91190923,306.8204276392123
33120061,984.7423890317277
79992717,148.11920750836254
57263719,231.5520354990036
97902872,940.5917588117335
11659952,48.592725019806494
19463140,196.8933462340235
32523829,946.6638534496846
91862885,884.9699178325052
72799092,407.8249873880249
53477503,395.38517358107254
66993460,219.11222169205124
13665562,403.326624204246
80709687,968.4027458231463
40330962,332.8284847616619
42684844,386.08609501456317
27675885,143.62084432458363
38250322,974.4748404610974
63478776,32.21494903235498
62285686,148.11920750836254
97553472,895.2091730857466
64732641,150.18781370363928
10341748,963.9043826393674
34930451,130.54747575019098
53726168,962.0350266541451
69426758,80.98908775801596
90029637,241.7912907522449
94611401,940.5917588117335
31394855,88.01376195829647
36645175,413.925375343365
56281801,401.4855615364126
12148162,403.326624204246
18771087,203.74104848759075
15509457,192.39498305024458
58811830,396.3253502678045
73003066,225.18431633000233
34190353,237.62413013695473
70731913,152.05716968886162
55320872,940.5917588117335
41886703,144.11571906568815
16884593,-15.450682710758656
90415325,940.5917588117335
28408198,380.0140003766121
65914001,851.0868361831413
75122895,858.5705819850899
80177938,980.5752284164374
37984269,310.4326373569209
81491790,413.89708202597603
37294085,121.7198716609472
23335477,213.98030374083203
74996570,219.11222169205124
11602841,968.4027458231463
70152712,937.9112171734563
37504288,190.8212515960724
76619689,201.06050684931367
95075447,158.12926432681274
62779399,978.6420010763876
66278648,225.18431633000233
18002070,134.15968546789958
94135062,386.08609501456317
74396322,874.3994600107752
97169764,946.6638534496846
84630384,209.81314312554187
46052909,968.4027458231463
60213474,413.89708202597603
33797784,225.18431633000233
59759309,407.8249873880249
47001738,137.5487496866325
76899861,305.934274173142
54444766,955.962932016194
26850612,413.89708202597603
22468145,269.70185345398966
39243645,231.5520354990036
35759583,169.08235922261065
92468992,31.352195830123662
68717112,305.88025095248037
47344834,851.0868361831413
52115284,403.326624204246
21042322,190.8212515960724
79258805,946.6638534496846
51304748,409.3987188421971
23253686,225.2126096473913
43275074,310.4326373569209
81602713,843.1994087806295
60924053,955.962932016194
50363853,962.0350266541451
28412591,194.6927876803124
65145713,237.62413013695473
47077663,974.4748404610974
58136966,179.32161447585193
67034290,196.8933462340235
72057747,237.29292756846596
78034116,103.38493516275696
99365155,871.6673508233215
56151729,407.55765617436373
68997667,311.0895923882001
46532370,178.38143778912
43276809,409.3987188421971
70460118,963.9043826393674
66150334,401.45726821902366
92614050,403.326624204246
69313526,396.3253502678045
70949373,184.4535324270711
98595102,227.05367231522467
57731071,190.8212515960724
58855043,203.74104848759075
45456441,225.2126096473913
39733268,225.18431633000233
71064725,237.62413013695473
29668017,291.9207289120174
94555207,253.96377334553608
60811404,968.4027458231463
53154973,152.28636812365272
79534885,101.31632896748022
82049293,424.13633727921734
19578533,82.85844374323835
66374977,128.08759082994845
16850211,100.27660381853559
98217866,243.36502220641708
33773989,946.6638534496846
14998381,858.5705819850899
92421507,121.56564103917168
66591282,163.01026458465952
27243576,106.34869845648672
58962954,128.08759082994845
62891715,173.2495198379008
40256776,299.8621795351909
92014626,843.2277020980184
68868046,338.900579399613
47811896,310.4326373569209
86438296,145.0558957524201
10421272,233.1257669531758
56519274,25.280101192172538
84854339,186.32288841229348
95049673,413.925375343365
65578696,137.5487496866325
85747970,243.7245180922948
69874974,405.62442883431385
34594425,150.18781370363928
14874183,310.4326373569209
91643227,219.11222169205124
94998930,836.3799998444512
25184219,123.58922764616955
78637662,843.2277020980184
40102355,401.45726821902366
33004293,276.5495557075569
85498300,969.9764772773185
37721019,233.1257669531758
78482421,334.6314146506252
81912650,313.82170157565383
86410146,123.58922764616955
69095320,418.0642426412662
56569332,100.27660381853559
97340317,291.9207289120174
37533494,243.39331552380602
55430447,364.8936449313826
45610406,219.11222169205124
64085140,893.4062431967833
81416250,968.4027458231463
70034683,225.18431633000233
40315264,148.11920750836254
73160601,380.0140003766121
54677638,313.82170157565383
90571590,203.74104848759075
84772888,128.74454586122772
90285847,970.0047705947075
80203339,237.62413013695473
73536003,154.35497431892946
56021479,424.13633727921734
10526589,974.4748404610974
23648848,233.15406027056474
27805990,129.66132228412067
46740683,239.22615490851587
66243364,109.45702980070803
88626421,173.2495198379008
81009655,190.8212515960724
47576712,980.5752284164374
73803450,963.9043826393674
47427075,226.15278633412322
72540520,225.18431633000233
55407503,163.01026458465952
49275948,978.6420010763876
74312584,134.15968546789958
84174297,227.05367231522467
96261162,203.74104848759075
22879870,984.7140957143387
13933179,152.05716968886162
20116066,100.27660381853559
38689361,129.66132228412067
63156536,418.0642426412662
95340838,225.18431633000233
75352375,163.01026458465952
48265534,871.0103957920423
74912030,196.56214366553473
70071430,968.4027458231463
87025516,328.33012157788295
52784904,316.533025312261
96281041,237.62413013695473
60302206,946.6638534496846
88862209,220.0806916961721
66359731,968.4027458231463
56582999,148.11920750836254
78391067,233.1257669531758
84566381,409.3987188421971
15548328,184.4535324270711
49432086,237.62413013695473
49054075,100.27660381853559
71689174,297.99282354996853
64196832,192.39498305024458
85965917,424.13633727921734
30935690,969.9764772773185
55460540,198.49537100558464
89457485,184.4535324270711
10188743,48.592725019806494
58823191,231.5520354990036
20643935,106.34869845648672
40325735,243.36502220641708
91136520,134.8166404991788
32259671,219.11222169205124
26400774,974.5031337784864
28057887,852.4984873471387
82844555,188.6206930423613
51111773,367.0942034850937
42987529,203.74104848759075
62978911,121.7198716609472
11881525,395.38517358107254
86857890,196.56214366553473
79797628,156.55553287264055
80357222,380.0140003766121
35431033,233.1257669531758
99201502,144.11571906568815
90452446,968.4027458231463
18670977,974.4748404610974
66979442,219.11222169205124
93738605,132.1360988609017
29213200,418.0642426412662
31107212,241.7912907522449
91594833,109.45702980070803
82943336,178.38143778912
68443662,121.74816497833615
93641230,229.35147694529252
50244475,962.0350266541451
87626955,929.2456933743873
51387553,386.08609501456317
71504785,946.6638534496846
58768482,38.582668201356284
47301702,243.39331552380602
46285200,968.4027458231463
27113638,237.29292756846596
63361835,202.99373418936358
42709073,207.13260148726476
87920715,231.5520354990036
59996173,135.67939370141016
97865712,192.39498305024458
76462362,969.9764772773185
38643308,184.4535324270711
62694540,186.32288841229348
62141335,231.5520354990036
34503041,310.46093067430985
11311229,99.1157704137691
51623206,134.8166404991788
28560163,106.37699177387572
94388349,891.2056846430722
86256710,282.62165034550804
61215694,203.74104848759075
80946911,231.5520354990036
35537651,401.45726821902366
66755381,282.62165034550804
73455092,377.333458738335
34041393,134.8166404991788
30484078,392.18648296990324
62329986,225.2126096473913
62897188,927.671961920215
51881772,858.5705819850899
94211751,392.18648296990324
61613645,128.08759082994845
71479652,128.08759082994845
85310501,225.2126096473913
23110318,-6.646478885353872
82884759,203.74104848759075
51095836,338.900579399613
52772048,167.75711701844511
17245854,106.34869845648672
96708865,123.58922764616955
67276218,972.2742819073864
89528454,88.93053838118942
73044839,213.98030374083203
92820854,247.86338539019602
81415527,137.5487496866325
54704500,134.15968546789958
62696690,419.9974699813161
43848311,233.1257669531758
30447397,150.18781370363928
96343937,407.8249873880249
19151468,940.5917588117335
75047192,144.11571906568815
29891460,134.15968546789958
47625277,169.08235922261065
57930980,16.843775827894547
48354539,231.5520354990036
27628114,196.8933462340235
32690361,163.01026458465952
93744019,194.70535082762663
99861438,247.89167870758496
30181088,247.86338539019602
31181640,237.62413013695473
44766788,93.42890156496833
65594080,321.3288476414414
22508377,241.7912907522449
97181173,864.9383011540912
17420303,216.92422628565436
67800143,345.355311111632
33454469,241.7912907522449
30418520,962.0350266541451
89752463,233.1257669531758
55142148,282.62165034550804
20848293,148.11920750836254
12617495,373.16629812304484
20378275,237.62413013695473
37172337,407.8249873880249
21839038,969.9764772773185
66993155,128.08759082994845
41249770,166.8943638162138
80181790,956.9314020203149
36248478,950.8310140649747
99097401,213.98030374083203
16998435,243.36502220641708
28345246,968.4027458231463
97230601,407.8249873880249
67442292,129.66132228412067
54477624,299.8621795351909
22866548,143.62084432458363
86504569,208.48790092137634
81257074,241.89086644257685
53101206,178.38143778912
77626907,237.62413013695473
15402267,59.5458199156044
66190974,231.5520354990036
85276459,243.36502220641708
61882567,53.0910882035854
67503548,186.32288841229348
80801220,209.81314312554187
45827465,209.81314312554187
13145303,304.3605427189698
92842662,305.96256749053094
73150077,265.20349027021075
10904048,247.99125439791692
89655386,946.6921467670735
91827598,134.15968546789958
36736446,231.5520354990036
73791907,247.89167870758496
93237533,969.9764772773185
29020722,409.3987188421971
31344857,88.93053838118942
67961594,190.8212515960724
82896045,974.5031337784864
79782925,213.98030374083203
65627534,40.65127439663303
51055429,380.0140003766121
24073352,237.62413013695473
63468697,401.45726821902366
69815836,194.6927876803124
94658489,87.35680692701726
89803063,802.4686248776982
41826065,215.91353108088194
95957321,966.2021872694353
72164672,73.50534195606735
88171071,367.0942034850937
47273090,128.08759082994845
19574799,178.38143778912
74042503,974.4748404610974
73199665,237.62413013695473
32553552,237.62413013695473
99007181,940.5917588117335
86459252,871.0386891094313
33160158,963.9043826393674
89403244,194.6927876803124
83607429,259.1313956322597
54979491,233.1257669531758
34711897,219.11222169205124
76049090,150.18781370363928
38209438,231.5520354990036
43607471,209.81314312554187
37603490,871.0103957920423
28133465,976.0768652326585
66543688,237.62413013695473
13310180,969.9764772773185
70639698,249.46541016175715
31227382,418.0642426412662
27953042,237.62413013695473
62042217,229.35147694529252
91860613,237.62413013695473
55497701,830.9365669203903
20529003,227.05367231522467
95270433,298.1697954966818
99713042,395.38517358107254
78850782,871.0103957920423
57339822,233.1257669531758
89910926,203.74104848759075
22738331,962.063319971534
29399410,129.66132228412067
48960030,150.18781370363928
23209349,296.581172385971
40869262,933.7440565581662
13469481,986.3161204858999
37901584,241.7912907522449
15827667,386.08609501456317
36279211,978.6420010763876
60254169,209.81314312554187
15666676,403.326624204246
83527323,231.5520354990036
38323312,386.08609501456317
16145827,207.625147719145
25816799,310.46093067430985
31540608,362.5958403013148
78332853,225.18431633000233
50241601,184.4535324270711
59793938,411.69652347226497
99765396,339.28321647368085
22142241,209.81314312554187
28238312,207.13260148726476
56677251,219.11222169205124
79286536,990.8144836696788
20049898,966.2021872694353
79883465,768.2029061542664
64419086,178.38143778912
35428504,407.8249873880249
83636473,128.08759082994845
91911110,407.8249873880249
94747885,255.8503884830398
77052407,413.89708202597603
89274668,154.35497431892946
65429257,114.23612585899855
18949424,237.62413013695473
78354959,196.8933462340235
38613499,172.86688276383296
99410878,946.6638534496846
17066881,237.29292756846596
84559340,413.89708202597603
45796615,409.3987188421971
18650747,153.86009957782488
87098836,851.0868361831413
18956602,227.05367231522467
49896714,946.6638534496846
51066559,115.64777702299608
72393934,409.42701215958607
63389143,326.4607655926606
35204339,227.05367231522467
51345357,860.4399379703123
46322354,192.39498305024458
33951394,946.6638534496846
41031096,229.35147694529252
42228451,321.3288476414414
41161057,117.39848042388155
98892524,231.5520354990036
19811103,235.42357158324361
65448488,409.42701215958607
32428376,413.89708202597603
85323274,305.934274173142
92258087,209.81314312554187
79217297,188.6206930423613
11989719,134.18797878528852
28471365,128.74454586122772
34542074,377.333458738335
29164293,209.81314312554187
84304086,419.63797409543844
31817572,109.45702980070803
77771839,974.1436378926087
14239440,328.33012157788295
46882099,128.74454586122772
38983396,418.0642426412662
31683463,291.9207289120174
78092716,227.05367231522467
42013895,401.45726821902366
65197071,82.85844374323835
64495960,972.2742819073864
68745703,188.6206930423613
51390927,417.79691142760504
94850983,237.29292756846596
24328415,413.89708202597603
85572847,974.4748404610974
42303463,106.34869845648672
48215084,202.99373418936358
35427122,148.11920750836254
62307341,156.55553287264055
63212299,231.5520354990036
97856687,849.2997967359695
35540248,31.352195830123662
41303810,237.62413013695473
72749855,875.8345114386118
21620577,219.11222169205124
33846878,305.88025095248037
72596574,237.62413013695473
85230815,263.6297588160386
72103187,207.13260148726476
39368813,88.87651516052779
77055150,114.23612585899855
61280124,243.39331552380602
88442406,201.06050684931367
34283144,178.38143778912
20283328,239.22615490851587
15081148,207.13260148726476
30803223,409.3987188421971
95977285,243.7245180922948
73578397,231.5520354990036
23548274,231.5520354990036
70020229,209.81314312554187
13657037,203.74104848759075
62209540,233.1257669531758
69122837,231.5520354990036
56882140,843.1994087806295
31090970,186.32288841229348
18895583,362.5958403013148
56220075,871.6673508233215
81883128,338.900579399613
85178304,372.83509555455606
44572294,824.8644722824392
69139777,209.81314312554187
77682175,225.18431633000233
98697835,396.3253502678045
82862062,866.5120326082633
63154444,419.63797409543844
36052607,247.86338539019602
80221636,360.72648431609247
14612606,968.4027458231463
22793087,378.9071901925072
27221763,209.81314312554187
85356281,969.9764772773185
72870330,227.05367231522467
21631750,202.99373418936358
65662420,163.01026458465952
94704718,227.05367231522467
68031612,235.42357158324361
23780065,978.6420010763876
76854946,185.422002431192
65320814,143.62084432458363
98544588,380.0140003766121
66236365,196.8933462340235
33614608,225.18431633000233
41538321,386.08609501456317
52604597,111.55558422072147
51929168,332.8284847616619
34989178,229.35147694529252
17968995,209.81314312554187
17104507,968.4027458231463
31799006,374.76832289460594
80534303,94.0858565962476
39486975,237.62413013695473
70473933,968.4027458231463
39315812,227.05367231522467
32664756,380.0140003766121
40582877,903.6454984500247
14853484,209.81314312554187
72018275,296.581172385971
85501233,219.11222169205124
62857702,413.925375343365
37589957,955.962932016194
75861106,190.8212515960724
82048801,407.8249873880249
41226392,386.08609501456317
43191623,972.3025752247754
98896014,173.2495198379008
39009427,229.35147694529252
67635937,328.33012157788295
93989030,927.671961920215
58213050,88.87651516052779
39089500,231.5520354990036
48099206,209.81314312554187
65115683,233.15406027056474
19072238,235.42357158324361
50691779,213.98030374083203
74240054,401.4855615364126
57606331,407.8249873880249
50124096,100.27660381853559
50596395,237.29292756846596
96230340,106.34869845648672
73626141,178.38143778912
12420303,276.5495557075569
64008469,858.5988753024789
44066450,123.58922764616955
27734466,968.4027458231463
30219489,115.64777702299608
43296487,328.33012157788295
22060633,407.8249873880249
23197881,235.43613473055785
65499520,237.62413013695473
42012431,969.9764772773185
42076492,225.18431633000233
92931745,968.4027458231463
47924563,100.27660381853559
17036042,237.62413013695473
79903869,169.08235922261065
27876581,413.89708202597603
10911722,968.1354146094851
21207465,162.62762751059165
90406241,25.280101192172538
92048586,209.81314312554187
72112785,403.326624204246
10881048,950.8310140649747
71511312,237.65242345434368
42854203,276.5495557075569
23271785,963.9043826393674
92261360,409.42701215958607
14679655,282.62165034550804
90532154,288.7220383008481
32402071,192.39498305024458
90864060,298.0211168673575
27274358,196.8933462340235
26334631,963.0034966582659
39224642,209.81314312554187
19272671,169.1106525399996
77841869,407.8249873880249
27204546,962.0350266541451
12405459,227.05367231522467
23265034,243.36502220641708
97633242,946.6921467670735
15746059,184.4535324270711
91462754,385.00757814784725
71359730,345.355311111632
61463575,411.69652347226497
66429439,241.52395953858368
63351764,111.55558422072147
96265907,148.11920750836254
87085441,990.8144836696788
53920662,871.0103957920423
67679919,156.55553287264055
96779897,231.5520354990036
27837717,196.8933462340235
37035368,424.1646305966063
26123523,866.5120326082633
79652243,237.62413013695473
91451403,419.63797409543844
29758902,196.8933462340235
47019965,345.3836044290209
14375753,968.4027458231463
85119076,933.7440565581662
58032446,401.45726821902366
58129049,237.62413013695473
89574518,963.9043826393674
61206117,233.1257669531758
30554474,233.1257669531758
65452020,196.8933462340235
97089415,390.25325562985336
75395475,203.74104848759075
58881030,968.4027458231463
49402947,413.89708202597603
68947111,209.81314312554187
48259609,974.4748404610974
46561397,71.71830250889559
99687364,407.8249873880249
91051315,231.5520354990036
88446486,380.0140003766121
57583992,129.66132228412067
50054814,203.74104848759075
42048168,968.1354146094851
49480319,186.32288841229348
72653841,305.934274173142
93923592,163.01026458465952
60863343,207.13260148726476
64544903,405.62442883431385
13683649,386.08609501456317
35441685,156.55553287264055
52702103,134.8166404991788
33316809,418.0642426412662
99319395,316.533025312261
42958811,386.08609501456317
79034999,196.8933462340235
76692806,368.6962282566549
12247918,82.85844374323835
82872484,80.98908775801596
74712172,418.0642426412662
40198101,121.74816497833615
21709825,227.05367231522467
56134477,858.5988753024789
64741940,899.1471352662456
20094279,88.93053838118942
86415472,178.38143778912
71923505,231.5520354990036
86463105,220.05239837878315
27182144,134.15968546789958
78605487,243.36502220641708
61339703,424.13633727921734
19457777,115.64777702299608
14282521,169.08235922261065
53055745,139.84655431670035
64045100,362.5958403013148
67336212,241.7912907522449
30110453,207.13260148726476
84766140,237.29292756846596
37132913,196.8933462340235
37337576,962.0350266541451
81785280,915.2321481132628
33749639,247.89167870758496
65293655,411.69652347226497
99472212,386.11438833195217
78611736,241.7912907522449
34109955,418.0642426412662
85732620,407.8249873880249
22271257,233.1257669531758
17111467,26.142854394403912
87529909,107.38842360543129
80109140,972.2742819073864
74139761,233.1257669531758
46468468,817.8397980821587
11871024,287.59933767495176
38948416,978.6420010763876
79710564,978.6420010763876
76775271,237.65242345434368
39022631,407.8249873880249
90991831,407.8249873880249
89162323,233.1257669531758
23588134,229.35147694529252
97925196,978.6420010763876
73394555,824.20751725116
81939394,163.01026458465952
34503849,968.1354146094851
97624284,940.5917588117335
83688015,243.36502220641708
26753007,184.48182574446008
87953339,939.8444445135062
63187534,940.5917588117335
67816850,396.3253502678045
58193423,968.4027458231463
63256520,219.11222169205124
14482256,231.5520354990036
70047018,233.1257669531758
25694473,817.8680913995477
18876734,115.64777702299608
24815106,405.62442883431385
32093953,135.67939370141016
21672606,233.1257669531758
51265019,235.42357158324361
46633682,409.3987188421971
99505720,282.62165034550804
72684116,247.86338539019602
73603518,100.27660381853559
42812113,871.6673508233215
91497924,120.30822049694967
94645725,166.79478812588184
83011406,403.326624204246
40459671,396.3253502678045
28128683,241.7912907522449
89799485,273.09091767272264
78077056,405.62442883431385
60018274,134.8166404991788
63035070,418.0642426412662
50452662,140.26007342323965
90748238,374.76832289460594
19626211,94.0858565962476
76831160,343.06774001490317
64430456,152.28636812365272
21788725,984.7140957143387
62692428,413.925375343365
44601450,192.39498305024458
84918858,940.5917588117335
60654538,219.11222169205124
33549671,225.2126096473913
96482407,243.36502220641708
38139452,950.8310140649747
25148521,231.5520354990036
39090111,395.38517358107254
37364225,129.66132228412067
79808740,-29.95910271298777
54570288,310.4326373569209
81519320,282.62165034550804
61290981,190.8212515960724
82595740,378.9071901925072
99018938,237.62413013695473
84429722,128.08759082994845
70463415,201.06050684931367
13251670,129.60729906345904
63915791,233.1257669531758
37156544,156.55553287264055
19087720,343.06774001490317
15777066,395.38517358107254
88419707,796.0138931656793
48515636,128.08759082994845
88810042,247.86338539019602
55078871,194.6927876803124
82278966,237.29292756846596
33265741,923.1735987364361
64678931,962.063319971534
26504939,367.0942034850937
64056925,413.5658794574873
46046461,237.62413013695473
47352478,390.25325562985336
91442238,380.0140003766121
89293921,299.8621795351909
12378808,373.16629812304484
10153799,213.98030374083203
21954731,368.66793493926593
76938502,237.62413013695473
51632874,120.30822049694967
56510091,950.8310140649747
54773302,298.0211168673575
29181400,229.35147694529252
36937513,837.1273141426784
75732466,233.1257669531758
53117846,395.38517358107254
38538746,203.74104848759075
27988038,220.05239837878315
48886162,44.65476283930741
24085686,233.1257669531758
57820012,963.9043826393674
46878225,978.6420010763876
20632751,34.08430501757738
47775231,225.18431633000233
46789610,946.6638534496846
72806360,219.11222169205124
21856002,943.9833118114075
42319053,378.9071901925072
99630613,270.3588084852689
61255494,235.42357158324361
76945971,401.45726821902366
40393163,291.9207289120174
81941837,243.36502220641708
45930551,355.6228596822622
24573538,402.42573822314455
52994547,225.18431633000233
28445231,980.5752284164374
45643109,343.06774001490317
75887247,243.36502220641708
46367713,201.06050684931367
12575157,219.11222169205124
85076068,413.89708202597603
84603623,424.13633727921734
45514815,249.77829384508868
52278951,864.9383011540912
50360032,978.6420010763876
52896193,186.32288841229348
91847198,407.8249873880249
25179521,419.63797409543844
92545328,237.62413013695473
75231573,194.6927876803124
37926120,227.05367231522467
51096687,237.62413013695473
62646217,190.8212515960724
62619222,974.4748404610974
39457866,299.8621795351909
47130686,209.81314312554187
78763249,950.8310140649747
69618147,395.38517358107254
64127746,418.0642426412662
56593004,203.74104848759075
97403924,106.37699177387572
73948550,984.7423890317277
11236514,227.05367231522467
54389520,137.5487496866325
76068841,392.18648296990324
59631248,407.8249873880249
34575405,304.3605427189698
91359645,168.36851958005403
14542871,114.23612585899855
37836409,233.1257669531758
99958710,310.4326373569209
50329848,389.50594133162616
55825298,209.81314312554187
43158591,213.98030374083203
95022900,940.5917588117335
11903900,209.81314312554187
59905554,128.08759082994845
33394781,419.63797409543844
85262305,231.5520354990036
18156267,409.3987188421971
77719072,190.55392038241118
72353806,955.962932016194
61973490,227.05367231522467
80257850,852.4984873471387
27763246,148.11920750836254
28152447,345.3836044290209
40447839,209.81314312554187
88401173,219.11222169205124
77151749,152.05716968886162
76938434,235.42357158324361
14595997,178.38143778912
22245783,227.05367231522467
45164346,852.4984873471387
44320199,215.91353108088194
35470526,231.5520354990036
83276172,203.74104848759075
65081928,235.81877180462573
34774976,968.4027458231463
10096416,305.96256749053094
76574726,974.4748404610974
88509347,82.85844374323835
11304650,298.1697954966818
26418453,209.81314312554187
69643263,54.66481965775762
30241547,152.05716968886162
89725513,893.4062431967833
32289745,980.2157325305598
33888699,241.7912907522449
67508421,299.8621795351909
86446610,225.18431633000233
71641515,969.9764772773185
46243423,128.08759082994845
86921194,395.38517358107254
15222892,135.76171023946074
29435694,231.5520354990036
35795322,940.5917588117335
39026338,225.18431633000233
27051431,239.22615490851587
91107111,40.65127439663303
76674186,233.1257669531758
17932616,968.4027458231463
86326117,933.772349875555
64151997,409.3987188421971
