customer_id,monthly_spend
20451981,1867.419718163429
23251656,1079.2310490211516
64082260,341.155830710371
82505923,233.8996590228826
89981994,176.53069424449507
64973937,291.2334819964301
27610278,214.94919345978786
35883083,39.484816127354634
20490020,561.6929330267991
54517670,217.10762067715405
94359232,130.82712205853773
17326886,269.5689070644902
86594167,1826.4359524237675
94873255,147.27388596841047
62944765,1146.0702842470623
95482882,378.9387845642476
76963069,1887.1494185754227
25112257,3021.5379839354073
69916855,772.5212881556916
71088357,318.3193431644587
50168897,-21.518172908795407
67403679,163.6578732393533
55474643,1264.669689626105
54852556,559.9692312102178
63667529,115.58503742567467
48025998,721.7409363158689
93351324,531.714478657104
18887996,295.62586043534634
49568688,746.0252787663999
92911099,295.5269133682737
11717924,152.02324472400085
62085471,361.8453930988568
78336143,243.11360443907512
13087851,489.2545819888941
33506258,653.5400275190035
61356554,64.39370717016521
11967368,167.4310011800178
98374877,89.55088983211226
76845536,446.4452356262424
59313599,163.79745729389379
41041059,803.5695260370695
22292838,281.09769490053895
99892065,158.06227142951093
78345355,1764.6455858231893
85986903,192.57604931716963
27715035,245.14619655498012
66099730,811.9246767457963
75346786,315.0134774956804
22860710,66.89796051276727
65958654,163.51324645191323
82607442,111.35998785223813
43471475,107.3887641487587
36465070,1490.4337584443228
21931749,168.49997023034882
66815930,-250.30648480337538
44485157,398.0624649504316
78728059,318.20050727488314
89264710,141.01954676134278
81874643,265.46940212435874
48603927,189.85567658699637
20257622,-430.08085675354494
88360790,91.80429568683064
79411556,529.9566927074048
24819092,216.3952643819332
74678656,221.15834481965567
22548045,192.41631818154963
95827783,527.7823515115606
60019526,157.88134360082552
82548254,987.2372317868391
90453319,173.0576385006405
15312091,757.5481424472617
34786964,165.17648575226997
46684232,533.3249872576936
84597099,38.46231846148547
98134524,1176.3380970028988
18531043,400.3899723610933
14953383,1256.5954404045774
80944054,393.30204855088755
34873753,315.943868705095
95577033,188.21398175760078
50215436,122.32783959133747
95347203,269.1604056819474
58614046,340.3007215464452
40368791,354.9234276519551
23316775,840.6606839138016
23331513,206.59810395840674
40038060,236.4303450554463
22096579,242.08738689828118
24978810,202.072855909697
65890694,221.76485624212756
47906818,1235.9098480433117
38478694,140.46792663635932
54797755,237.13956120413337
44533278,92.34149213185901
58182080,254.9475855764942
67491014,675.3725377328602
45798475,-117.22791049663545
41586132,737.1625756916675
22956540,678.426908338716
25367334,1711.7111572567383
70503250,62.568648912613185
58307796,-302.14042607611566
59859757,510.9103166781696
47787665,126.36674943205901
69610612,172.40298010694477
66658967,839.9945109234039
37962749,546.3366661960614
87675902,193.5706299417585
61682179,427.0327364194478
78073125,168.59614819575182
73229345,99.93588905487366
43171437,1278.868355253117
69766997,61.4683211111614
14939250,2270.5781897104944
12328281,196.5347283680632
76560997,394.07042368562986
57569914,329.30036797061723
20883894,419.25021508360953
22766188,280.8388371042671
62905121,71.88852572471589
36295477,732.1566778122784
55610529,148.75508141850577
40366302,192.5679520464472
18624954,204.72290664872526
72668820,1032.515337921147
23817472,283.01726587869206
99830054,182.7087743090852
63410560,356.5841742969827
11811963,-25.320069207246377
68778133,187.83159512681596
61211015,361.3704292070853
85223112,165.1806814294124
17785980,144.01921365201508
51523712,282.25009063133473
88242319,319.51792001041605
66674532,114.85023112052244
76442132,346.2020639727251
84193848,260.40473014551
80878809,322.0341605145469
92088473,669.6975294140024
18574912,183.58001621856715
82956926,370.65432987195516
57265640,7.542823936508512
27961225,316.44826595553076
65404075,157.48896655149667
98698597,332.2667636656636
63221757,126.47102068639475
45396691,595.0516939214868
95724535,471.5391347956423
98157590,-26.26916721838097
60909030,-29.3273572287776
20932142,19.58964631988806
85604729,35.42973376397066
25410553,-299.6033350592613
76477501,488.1747325032901
29459273,72.61217711272252
71879657,-214.16856796942875
67115179,50.00824366379743
82348794,103.34958929652123
32880748,328.2104111422932
36203607,195.39942693522664
20891850,549.2044706546442
94570583,779.1271489966181
47560755,13.057894270382462
39752876,503.3580556080145
68980243,244.3925573688863
71143374,389.23170107959174
89917748,452.8881813483729
30461949,755.1780317814529
67458886,232.20459732651193
44166816,253.50360894816453
48218923,269.6122588483732
83104523,97.40039649748599
23739634,413.7284901430031
45544123,316.9605723352941
72316980,461.2162357572921
24805396,444.36295721455133
85045576,240.4050191330445
21314164,888.0091839861019
52842656,342.36704739612503
12382139,489.4635383934432
88152347,238.90483495552382
49270171,229.25036550325035
20221404,731.5630274676433
25851974,3.321347866760391
95701680,508.5374580436941
83739665,405.45646341604277
61996348,331.6394280644289
12797236,7.3983584621056195
25554853,978.641363057951
72618187,92.74929491975388
77583489,222.8818947176
79450582,138.6557623054312
84595636,44.733651508326716
89981949,714.5715666506591
69424476,265.3278475582622
55064308,240.8071358240428
82956266,465.16061559706066
60185159,412.06518029322217
80612747,156.63300090986382
41303090,206.95285966799224
13517787,115.97949598540583
34078093,314.4692606397749
69030112,194.95504630064892
61791328,548.0140360284529
51789245,284.06547651952457
88068699,-16.970085688919795
33399367,105.32173847307729
79597553,327.3956775849677
70695101,770.9403738801981
98169962,731.1468053870416
89251190,46.771398167313095
53044281,237.3184215415415
73528670,292.59775141665324
14751149,798.6990193295411
61490053,546.8686813505293
51385275,710.0821184221852
41764194,361.09161819081805
96598282,179.17540171072773
96823449,47.94822472743252
30931247,288.3604847771934
60872668,835.0254422132368
97835669,978.1698938648516
36785828,101.96381857670565
25812131,828.2990645498484
38410800,768.3251400863393
33023072,-179.3606564418751
48250594,75.67452312279738
94891015,1114.8954500203072
65307671,145.6878819957775
99621779,263.5960601496389
83959755,293.15280553277245
64535310,250.4650892291428
30594968,1424.9792565737503
10263960,490.634943237234
60876075,-39.030539628798465
12217583,545.5463294878233
29989580,679.8636653743121
31184452,690.0041386290651
16182148,1708.3721973531042
74700470,94.54176388104287
53084609,416.1631782625576
36052930,272.70865054312134
86583512,218.2240079142856
10930793,232.5889036047953
74179918,67.38375252907392
89853445,553.626622208374
75258370,46.79191532006277
93197004,622.7715929151151
16551408,178.01576639263322
36115326,250.70300765501207
47243451,1395.0608757152086
90773939,386.4379487041025
30735291,161.98907148154944
66891211,-84.33553324838954
77142249,147.98861403250646
24530798,307.89662263979596
78204046,-48.81822671171392
60230110,276.0912068554043
13017302,646.8583565689985
21044447,326.8426224854826
28976655,350.9253613201937
52214813,129.67055704399854
61575366,184.49938515364852
23125986,346.2938736737127
11614855,252.1295029784094
68090330,-95.08221601420149
31241329,471.9032783870557
21561157,99.13283379851799
61917300,133.62537791501114
82147824,19.35270322388277
91513421,149.52378032753228
30753790,400.345051245071
33700064,76.95197453707334
86773406,2325.8844826377767
41719197,207.749078516356
67399596,134.15860435999593
37696535,72.9001188988961
15791208,1093.0370918968083
24348676,263.0957254702668
24480974,517.0271731084941
49440078,242.97365796037354
48242779,997.542491295355
13405947,1385.9250837301374
34531671,52.63860179541649
63652222,378.7871623585537
97745210,114.53657315065186
48557187,580.2474398953141
79801016,309.38418416701853
93409518,350.72162721340067
48891463,9.4681037929316
41134793,220.70618497127805
76776302,113.82341199615968
89505130,229.15843147265343
46129267,398.9424934830638
57862630,64.06989744464428
32227094,713.1511573440615
72887559,21.124763466927902
97826236,360.5789665302333
40250768,441.3460808759354
56765848,99.73894248105643
11244823,610.9723665392856
40189321,160.05340438903215
68120430,869.2878438248582
64917610,499.1502447170327
79290200,1062.3918036595164
13110537,369.8404003589761
56816135,470.5280818856994
27525357,654.6887091594957
71914367,482.9715745008266
23989491,456.9648413059141
86436168,628.6047781996411
63499286,341.12923128637635
18619374,69.31935530635758
52222614,264.6672183291754
75467866,240.89721203645047
28926111,75.17399939340214
98661834,216.29413088036824
73087852,1387.8947377751497
48887326,832.6653290405246
87383314,-253.98023376574545
88682579,1461.3755600680502
12617324,34.40720392069716
49224165,1017.7553699774638
69951588,205.90456129677727
11713703,358.25781914108654
59435002,1662.2400545089486
61153563,674.2666907013007
57206499,2295.6913408568494
89140242,15.195672182681363
95100771,-85.17575926280142
32638417,-435.0323433553714
61625712,162.76873208074602
61250133,191.31041439498085
17952873,-1033.6240441127893
14513813,20.961366896600566
57500282,-22.158984316912324
51340284,592.9621359069264
35897956,338.1649662270597
21856280,106.36086729237894
36786275,417.3286400370597
99178725,822.3340450228012
48955886,137.63826500828674
51811678,459.92010732539177
81930210,220.12910719866966
49161318,458.21717391049117
24723720,549.5544586763114
14950936,237.5695492696364
54638593,435.7769740270112
98115682,1016.2317638646019
10533857,581.1229526619471
87478097,220.98784511190468
60429975,215.08906218333277
38969729,77.4458331205094
64656132,48.55625942976462
86963086,179.91689857902895
17268859,537.6499904729334
72142121,1002.2555913576615
91574809,537.032405361339
54272037,-20.39691979048692
16058661,1511.0870221485975
74133244,940.3573418513307
14281752,-19.29912111618961
46666867,70.40951297072024
75686584,1064.449830863719
25546684,286.973604193472
80619174,195.27963650143653
61749604,14.223304296752815
38248391,238.4778481625534
16877088,150.34222686272392
99140321,715.34109085935
15975231,230.5227769394121
40531945,119.64037496489749
71708672,-151.34956118000184
85030779,521.951662335058
61117487,72.59219299394567
42638536,318.56957995746296
82326061,110.68447383877628
17028661,866.9706381206005
26048783,115.57509172310006
34262255,172.5247761841772
14326462,216.47281367191113
93816989,233.19981711538878
23690395,268.7590965381018
94999262,746.7407862262622
81971277,302.23270336554083
90562416,19.627761869237276
95799765,-53.893260515800705
89244724,139.82469321719856
83879641,441.5520925165596
96424387,511.72493185312976
51051501,266.47842997693556
29249441,962.3792894825016
62893412,196.92906758561355
61417835,299.90159340214757
62755928,236.57982023027648
66501572,774.4230859184598
76084740,307.5583844860575
27624326,126.81892421491432
86757966,616.5078294125809
92455037,318.78321060154826
67852942,477.77350442139834
30696098,1069.2812026752017
44792329,154.20255371461076
10390388,413.5361000888639
17826936,471.7716712903094
71880941,540.9777329451231
98184673,181.86344372564486
60002125,77.6206600699818
34664804,50.344428856596096
37594595,301.15328892555635
42980815,195.01609216895463
25819880,111.16885021950498
16484408,284.20699287015316
91766904,166.0053593538724
82866803,-105.79108229224141
82424284,913.2820531079425
72903422,211.97848368797145
11480750,260.32661627960846
96983867,135.2196517587589
41426492,254.6699649590601
24002286,256.4829414058636
18056145,-58.21175437158814
72362977,201.65513920246917
15977163,387.3170409340329
51036186,102.64708562098014
34918337,590.5135798300253
20599813,90.71327973106605
19900890,1125.87591444719
27971378,231.99940230746552
50965403,209.90768546963642
49026734,1754.6654546220348
14192253,299.01659836972806
76817070,166.79872902707143
41164681,282.3324676190176
94312885,57.08825866054582
38527851,307.5227728889512
88279496,1204.2635143198859
15498361,585.3359037234701
17691622,-93.42588478557352
43719564,1730.83003634752
27861137,-12.278034307253733
20308452,96.65937493340749
97996598,218.4314953340924
93656677,378.22173557716394
20464937,284.8734224345913
25195757,234.8071659364473
95231592,-219.20015797731332
96604510,856.8717025416155
12888073,364.62488395226023
99408984,35.830619525506336
65238591,126.51978923493277
24114707,676.1166509998654
70796256,58.95807168123633
64703869,292.90001840919217
35203752,119.43528625738645
47453323,16.009935227068297
12385313,174.85713862534413
54441418,520.4520065444899
83549825,1235.463054441222
20370209,1201.0143838283016
68357218,419.05662824308604
62743829,-113.3180807981638
20331898,371.7020342164084
43934228,290.97526126584523
47620709,263.0398395550752
75355275,24.29738917187092
63446649,124.89890375990262
89051919,1984.9438333271642
92954904,545.9601454869988
64731800,538.3673931100658
27945685,176.35775392333733
98412215,106.85301584036608
19535502,810.844695371547
66516822,113.81573011899184
45373292,216.3293830199343
34711249,275.985827218142
48370651,1224.7572832984538
71354510,242.7211662568676
56728847,175.8377298327755
40004525,406.49426390362305
94648945,230.79066798422673
62756732,259.559123265004
80428237,545.792221159879
64878556,193.7738293515991
30597278,37.57083385851644
40357660,257.32494116209875
98010210,447.6444883910618
43275959,177.09641163332515
67938712,260.1465432243906
50506973,223.09404571311904
27421159,304.4969163650471
51123211,-72.82090789617905
51887530,-160.12989334186085
68372581,208.9706715872262
31184062,141.68622242673837
55543655,932.3113878676457
71805162,278.59632193447874
98612541,586.2690466828054
67235486,349.41077334283773
35490134,-99.4642020075213
74647441,1303.3701365391403
73962817,126.0984107759167
95192638,1016.6493097541669
96803902,1141.6414539283205
97635826,85.96572737943649
34428942,1448.3657980791345
86699979,153.85604641665657
79766437,111.86658741231759
55732878,185.67729786162334
20035702,562.3058655834404
54997853,268.2287060938962
91776457,23.635777017063504
13967606,1125.9117711008557
88365927,-106.74869714108428
92907413,-155.28020061275083
89771364,655.0780026657752
75648081,1332.434545698989
97365061,171.81217189792676
29587137,197.49608148921118
22019813,184.90126251107313
29469529,404.5158323513675
66670735,80.68383980396987
84380411,510.7834204737695
17040729,718.6307982465702
25307807,475.08132444368005
33962361,384.3285016948447
67969299,124.68277366481902
38562471,1583.1597660611556
33114742,566.2712638378706
54307298,723.3286943291429
20058700,259.4693107832718
33779532,222.79787026342473
88110162,52.59528944868026
36112292,1723.8840303759252
38475061,850.5829725243426
92644264,-29.413638589479774
92355731,1234.3599239165328
75478249,89.23092040607287
23875741,704.0091074746196
88793850,131.64505773961685
14142195,418.68303879220787
67422773,725.5631496745506
36705498,198.24347712363522
62072834,445.94900745304597
33337577,983.430130170273
14298054,472.46163564627784
96998725,168.5569118887933
70579244,363.4612735522809
26844678,205.79077216024677
97441250,109.8070692867658
49239286,345.7524406255635
19469855,233.2478397092242
82552850,251.46783964917995
60170958,223.75052535475402
28237826,279.9307541884669
84208342,1200.596512636485
28295140,160.4758022811577
38477827,239.16698503933196
54941872,360.5648191273723
15450767,404.26225036085987
93656934,370.78237492140227
54273142,1.3493030729221118
63648675,219.99897694061247
31875954,93.72524302609497
60881802,150.22933773872626
17233443,1051.3405067306398
28953932,370.6123482998994
64958348,900.2044375883901
27038940,573.4433538727538
25667330,426.256195393143
89200812,126.08387035967633
63109620,319.59770340980583
34692595,226.64821141946902
45554823,-167.91321313039805
50487516,388.9984271763427
37970303,889.9095784753937
20944145,382.0592676194964
54232510,99.18822099763452
58289637,504.40677293681813
70295882,1234.8105417822976
11855847,292.77655202404804
26640485,293.06497004155284
92806514,543.8907642673752
43703605,636.9312267339112
75507937,752.4273559340071
21361381,73.77844639443708
73615273,355.63340197014463
92437179,17.23831820627663
57813173,289.93822955962037
99373127,242.2760951362947
95805212,1180.9169169267989
61946147,434.43357766092674
24903202,59.2505400443377
88268253,704.6411172294019
45270713,558.2747657430166
67013519,512.7097583861943
64480094,223.98494335623604
18481385,861.944686337272
69314375,282.5533031303893
58464172,101.75989557686444
57844179,388.50428423289986
65371057,159.01344061134404
22749627,83.54719214562078
64747851,632.0151940118718
35545690,818.4276742116747
91575937,221.79340301296543
11663787,-916.1559648638219
59570536,45.739845777090125
53724418,1596.695824285904
78572661,-183.28173596950558
38544041,177.92944378288155
27091356,1191.0357830188627
20013110,496.68801651580986
11862841,50.30918530640315
54926458,495.32209584806276
72702715,791.3291823314207
65477001,524.4437764805404
99407693,266.46703230430484
15192014,591.3768013146512
87232785,333.9421283160891
76412402,40.493083662393474
49393943,453.6839448325294
53853124,139.21734446781682
17486636,1842.7214863006548
64895733,896.1733575102761
64938150,202.3678988080054
62321885,-21.31724360777116
14616504,211.20920511275875
53996148,680.7270338462234
17209399,316.3629753682886
25102335,372.3925671589085
54515012,444.82901093193175
80596244,308.2269852506019
54217244,608.9573187294579
29133774,144.56012569734025
60727794,116.46890917770617
55160698,148.36370203723158
18231141,282.4158979564141
91091163,2571.0683415348876
52747750,67.84053261806903
97932301,258.8419879959661
77391969,1588.3955575974069
64274314,169.99576597036327
82861922,544.3651582336723
95155142,280.90983229922085
57522876,201.26479772079313
46054634,151.16986625408276
32006732,-20.669464634806445
62808198,285.5386813835227
60875435,228.76730677875867
15688688,314.54722581160337
13559129,379.8643679631583
25489744,361.33201754909044
55669591,114.30811818512137
10763911,117.71551504144446
15579269,-286.1125877084502
18433265,281.1928749362911
72131946,714.498243392867
50106249,261.74688946337096
21363716,189.19263040369952
80090384,441.8420449334832
37971475,196.25114062265402
31314120,165.49193423176814
73683678,64.4115219504896
29703095,1336.8925061333816
87144591,148.92678806989
44689207,936.9297463859804
42450190,255.476264083601
92653218,512.9599920602116
67727493,-289.9568441747748
55742747,1132.4829860984664
96941026,852.4765131733576
89824134,843.0278289024956
19822449,1364.265652489587
18676315,1038.2138109362572
17316044,147.62544913182586
81559769,887.8923490812698
98912158,416.13592403166115
67772871,145.05573871561603
65921862,372.00566170423815
12636566,-59.061371903809345
88608909,269.3873279763057
43902318,586.2031602599571
59512038,1367.5455793082065
77976362,580.702433213799
57092914,252.46018751664758
47412567,184.8269805454171
17145991,463.2198675131523
56270450,1035.476690299251
47467383,721.0647542895613
10449714,367.75850171651575
43156511,148.55720737698823
71377851,313.59251246015583
54093810,67.17040074907356
78096026,166.6045013115433
57320154,136.3168486992265
45383520,101.37029612345759
38351707,346.7097127619096
70796190,231.44117483697585
29977177,11.368277798278427
97584339,129.61332075933262
47886559,772.530162642806
45622137,343.4607481433146
21500277,118.98205809418272
47647928,407.77935530440016
54496344,310.2069705816591
44268785,121.34553504724073
75946241,81.70148217251881
30459191,554.1971819889765
15840319,255.01428302724122
72588739,30.8847126539153
73017157,240.31198165876617
25420365,456.5819883498908
55377863,524.1452378989355
51370964,24.809891856836316
48905468,244.08745321766662
83191846,184.41433621575266
59334183,370.20376019886555
94009638,480.8823134436483
41721760,164.25895367697922
35401283,622.4965120012718
69685525,102.66971551409199
84271975,471.65081348883314
95753616,646.0292289467725
32526219,-14.089625181825852
64532934,763.6282533670184
76031822,274.4432491354939
52468855,-65.3222378594102
21028902,288.81208172969156
34108713,179.7935754569732
84943048,1063.5805038611757
84439701,-10.08302999283984
16539498,37.37564239137407
24537949,232.7634748833923
19537971,411.5248843005494
72069403,1414.5099789260344
84333546,356.8938351743071
11868598,290.26112697951737
72165230,945.5751762946089
86606477,528.7249889064083
85432562,106.55965523097649
53853013,12.235240160185185
87319378,196.67004903169516
32466967,973.8872420822507
80519195,-17.449271845185308
12289146,311.5985127044002
17893529,1123.472766045174
76217556,1366.6402717202654
27323024,343.78984634315543
86557861,1035.4664387019707
37601873,318.7431399240786
43146250,1010.1270181519268
51498335,1246.819860916621
46939189,11.13784662202147
36620181,200.17640641928654
59890806,173.11437878744232
19160668,7.32353934614747
94555827,172.9849915920281
73451577,905.7368068481647
83828090,-69.93423999437138
92021594,114.53214186579396
15822386,43.27907813910801
57405310,195.01726811921776
22671359,1233.5781664511169
68101436,105.46332720750786
66910009,51.32526197679118
55778706,277.469269029592
75120697,-20.939238335077334
12885545,76.88472400002257
28604372,131.18836439751345
97297156,2217.9310232130892
18964928,1405.0870985918805
61244754,816.5278168519684
45178470,385.72465887243175
65250669,206.829103857855
75566313,316.44223901713724
25053248,113.53507225382793
71082761,175.79524905557093
25210276,491.55903666783456
39718089,1006.6876056338882
51364178,-26.25772553001076
31211994,28.505388707786892
71509945,342.7151065067245
98330029,105.53853078440022
22456435,321.86004274777395
56912862,352.7938570388204
41548833,561.2579877272398
34760776,-147.89356905215766
54015943,1823.9776701841647
75943554,553.0147942252767
61847706,415.95884423103564
79766441,149.91826356999792
29099073,-55.930326486772174
92971983,-50.389550344856616
77042656,2251.8956483964694
41355522,281.52352568405
37905258,95.43688034734822
62845536,100.84721138255384
70252689,103.69535673936167
69012389,-53.186185991729644
55230723,205.3164051816226
36148733,679.19384993164
11166306,307.7689262558215
86661349,289.74992850100693
39933083,454.01107220656525
91301497,649.722130637852
84697954,263.66072830586216
16890490,115.58320531144886
46638869,240.28447313117033
44149767,260.8386243759521
18897403,798.140366243943
77411533,28.032678303827197
62885631,183.5473657479758
34219564,512.3808467695292
69042251,225.6897287418111
24137005,317.3273201992399
66305720,108.5016319292813
17619455,203.72624225550328
63065642,181.6876645993504
43970026,569.475114719479
78870428,397.4546755516234
72114631,77.38571081394883
84664219,323.8117790524873
25739422,377.347183240087
54038039,44.47394237821186
55081531,462.59028259839044
45672847,236.4683542361027
29734641,320.8219069776789
63805244,337.3842008130173
82782411,195.07056780162418
64705797,508.07377159262956
59326862,257.2817568458509
48549098,2589.0598930887973
39570097,31.2716624484039
98000370,295.87271527224857
63674921,432.94737101485225
16674336,248.5650593194872
77063987,100.87802385537634
67143015,165.48324521345097
10570033,1018.7639752337087
47185088,636.1631522070298
63757190,62.82003960961504
43453041,1648.8127315604224
17890447,488.08426122768765
34735493,88.94270110336095
40580820,470.7954073208583
84776860,1196.8132644464322
34883247,248.86231444772903
75437035,-105.21985874931823
63198281,521.6424082130342
33289878,877.0584706958458
42222441,57.34596408586157
53518898,132.83729070432435
77756377,119.93799504244362
66266331,1246.1196226531642
75207542,209.19834711490842
65741993,373.4588300967007
30452290,49.274355020634744
30341625,285.1183794984348
10196118,749.9130984432619
39997400,479.6679896492319
42764498,4.583250236467961
93568775,273.5359074958669
60138513,471.1400215737199
95863174,371.417995588141
92194956,232.00443998421775
34979379,414.3582983239763
71517927,-127.21365164211215
80092401,28.6423481007956
29853468,857.3427493739631
95595164,46.39055835098756
47277321,817.4452163122006
95111852,267.9036369716561
49309773,336.5835092440958
52060622,37.147577223434496
18920892,552.6060134807865
95549548,376.6729155746831
28343921,275.26868247883505
24575136,357.5720522347616
51405326,466.2958679705389
88024456,922.3528163908235
61475538,959.5721672218216
86032798,148.32299982106252
99829874,529.390244392817
96251785,1317.8725105473086
11235918,399.67679729308463
41084979,24.024647792126075
31949326,-20.02523508957995
88425482,-13.203480928794647
41724063,1114.9080537011673
24244868,375.5796031629528
96443454,646.4282260872068
83159015,-254.48597263137754
24632345,301.4253610266262
44153806,316.8940511076887
93580629,608.872720425836
53277959,351.3549924577835
99759183,930.5205706559169
55252816,95.12559593855804
41285175,73.00716083417615
73261084,660.002186501512
99347555,591.5107784753051
70567494,-14.585576181351428
76764787,913.7335389355252
14328685,296.149893486265
66866287,228.15384700846948
49679159,346.62590177160894
58671247,103.9967567126655
20236719,1507.337419070042
34585357,38.295716307286966
45051453,270.7941830820296
51786574,252.08446707547478
79731887,620.0770204363286
54354970,759.109523246404
77833826,778.252203622305
80242735,205.4381482172858
79336488,358.6098536584375
51121070,383.97477071608057
15930057,182.99363399432502
84864986,304.0037037944626
97820091,1342.7388408491306
76206876,172.67702658854142
34508398,881.628964482352
15581330,1003.5634102082
24272114,890.8130680202827
45684128,568.4577849170286
53910689,300.43504361846675
89611963,195.7827083059516
19439294,248.31310289959396
44476677,1127.071449606064
72816714,1293.0232464345258
74817899,102.75610019231135
24462605,138.4858986830513
62629343,558.5149745632092
60387272,96.65173644029625
60976677,329.44606919934665
25938630,238.24721100723434
89171283,348.9761563106457
23407854,651.6136072933042
84390020,195.50756497893497
10131944,341.40915594258297
61185673,849.0974026033056
76507951,856.9654765372451
92456997,221.39831803917463
27091498,104.42385525715054
22015405,54.20307052784142
64048811,524.8992244230739
59963315,125.89727791213392
99392827,897.5643666618768
52435285,622.5873558287741
68018936,129.69326855002555
92985874,214.84776787732892
19827012,-428.5271602283201
32076309,-4.303942616282342
74459345,195.3492860966931
59329650,422.19390408332254
70105673,217.33949727528875
47359337,1591.2925799853656
27991858,332.3632897238639
36755663,798.902857190668
94560591,677.0095753086397
47944050,65.0050987967667
49561372,701.8476532006897
96160989,142.92988424292406
67474261,222.83227271362426
71965824,648.8225558590403
13777105,117.79499997728703
64739771,791.0224602520517
57691432,137.4646200281171
21801740,142.745711536167
74352185,675.9433803180439
91521650,652.5838212776587
64797772,411.22450749512666
48820263,134.273907419228
14791909,86.90333127796941
82868024,301.30842892157455
97971853,290.65618441391297
75654232,132.992456121808
30725718,248.8250199899116
83442812,687.4558567937382
62376431,291.17695260599413
45295601,164.1093198373743
44038407,97.20200597923417
74138589,177.72985747925082
78812422,217.09759900174845
57253455,788.5505390002808
10109432,842.9453999418027
70492234,432.2457580682652
16499768,751.131112677168
29721809,304.66796003852915
99970795,26.97363467335174
38494075,468.3253200079654
13300921,182.81451081448012
18255583,261.7738376730642
76957329,454.23983371528766
83103502,557.3143267084994
24570014,552.725679283292
19318542,375.29307851667284
70614169,464.57560044906415
68374888,766.7938062881046
10546051,166.80462049343117
82817153,531.9484946947103
26190736,29.238321071794587
26227414,515.4256450420768
55825692,76.64333067653752
65550483,183.95251204927064
14872097,674.9731981549468
32405281,163.38336512253522
37055817,540.5042849936933
42617798,55.96904247148913
30684771,-15.740393232615304
21842298,153.09406106963735
44215525,560.5361739905104
54734331,474.14815695650725
77244965,-2.127295085633307
31618537,89.75515465807376
10912371,132.6839029994112
25284273,170.75466299191135
63793006,619.7477792070346
40346903,415.17926589090405
14281423,736.2016399159266
10329833,514.2457539777831
58147868,816.9208613462017
62215262,338.3214851080089
11535494,274.91200854563476
55289261,222.8513926477067
93054393,189.54542232642456
15613905,918.9438369965186
52346993,-57.12404096362633
31426410,217.63271520132855
11924915,-159.99122795994214
83461539,585.3838278008703
68351051,691.8336919004595
23144760,1074.761762700531
97049626,778.2276654043202
94895031,-208.03080817609828
14702382,144.70408838746778
22232789,193.65578937937607
14653500,334.4849875212725
45931554,107.8838130224949
39099976,5.415452150827349
65803003,352.5425321970514
56391701,1121.7622279488514
92222330,376.0531524491752
93455198,1406.076348609803
52410336,1333.647977442131
82423675,617.3047895842174
25925356,329.33651422708976
88622240,189.35362230966314
37830382,69.23738897755644
97198420,164.89687234757145
21477504,213.9310059466511
84142976,953.5669484140604
96401209,75.11021609878395
18047299,204.5320488866929
25908320,271.3944425893301
69709013,124.04345541451539
63707451,19.79049035396784
68674616,217.89626564258265
41246291,53.08837792789279
93099265,24.973493049221815
44969882,64.33629587953101
94840571,17.684731037301333
24428966,281.68343948682235
73406276,233.25691790775056
74093567,3.3072897248330264
55445678,62.30436132050579
56770356,174.99198666950747
20116401,288.30292355625295
23989432,179.63184417366818
77573883,1509.1579206181864
30955534,106.07363234106674
46007298,175.9050539953036
60038151,4.585131223158385
16169663,911.2724296887706
40454664,-39.48251944057722
62049127,321.88812261888836
19821119,146.9889722657869
56611586,127.10396194349806
55267084,359.15375652785985
55813034,1588.0850040377377
23867957,-68.69379476325935
90096160,317.83535134882345
32751852,1287.1167091187817
21394047,1084.5597843250684
80032862,533.2527307670861
22418983,141.11221341255964
52802197,175.23978864746755
48673505,176.10391133596914
14195685,-10.40464489391826
22205138,401.0365905921461
96628154,973.5423917584702
44734813,66.47829656266705
55802873,436.72445198587843
41368275,-2.316636179969521
67686446,555.2381802807844
97989934,62.58546311021831
65686117,150.24199285745533
45591525,-247.55813661521717
14884094,914.7823784406042
60291749,452.82981783906143
46418453,62.1210416857856
30133967,443.6542660659603
30307611,-188.15029077303018
76539721,433.35037249623326
93325285,81.3563878101798
69825909,488.197579210904
10220197,312.8537138491569
34178403,-698.6656547912397
67327944,909.4254556686711
58361366,136.59686735900056
35080838,524.0953173112263
24415695,225.59475922412537
30354080,388.707347874722
24117628,163.9101357636731
62628994,8.951715106241977
51012198,651.7889440200838
68125143,742.0229609577592
94485707,59.41147880194538
40172711,216.6252330250146
17647583,168.7301772724628
94790367,-123.94616281141859
18254706,272.63450758792226
65733568,261.7221905499137
58357649,98.90352780851094
42289495,357.2586461528613
15020288,85.75571207252074
31419590,1073.496537373383
37233713,599.3268496772395
26330225,391.5851159196385
73976501,560.734645864986
90642644,630.4795737743779
63791881,183.09745811058127
40102213,1464.9228978896358
60203926,955.4426125223632
36257216,175.37120352529473
24119768,556.9998833092394
30403208,781.2449542066836
39737862,929.069585196837
41150683,168.43024469711128
99351268,115.99559579696984
62692262,340.35179243967684
72711178,-93.1494289028011
10083097,142.70812631612404
65370298,532.9002029781199
84388395,127.80164746861988
52114454,67.40060152318361
74646950,426.68161062232923
72720701,217.1684163689178
45732529,183.33302534909745
10509116,144.38719134818416
36154567,226.86955393860114
46124383,677.0403552093026
27866730,115.10777640700815
62320931,155.71298357880062
78979954,466.8890990789042
52531638,361.64744197163384
70662494,37.363284415554745
88174413,290.97345213914116
21513664,323.3929017605237
26546743,689.3883070035109
89094189,10.750885681532964
34006202,338.26143141239515
44458405,29.035550785318947
46102741,559.9432575113304
80947937,551.9952039575547
73456376,412.28083859161677
27640503,602.1286673423715
66469621,533.1196778978009
35504694,146.16394746051935
24815317,802.2243222395726
58171289,-113.41138307448273
18612790,254.59102755648343
63428669,691.8270648227507
57949817,1229.9410501634125
72876573,149.44587819256236
96193736,182.44962517659127
57932688,334.3215693431397
61617398,419.55395621956507
57513357,337.49223030230837
46336493,271.75792934575986
56173102,276.33863023378626
22210971,291.42733978562467
27397907,-89.20489984061658
94750459,587.785538547416
23197778,186.13147846116163
62692781,149.981222717871
94164438,181.8843645173484
19395402,1252.907418783765
94219712,158.8025634959729
33491568,119.74796043552067
67632603,239.17711117589027
19852962,569.6830646045343
73405784,1007.5415582462844
88192699,331.941887309045
29867417,94.07172475105722
84909546,751.2509236524933
52598919,999.9920269435014
86077350,357.4318791939553
43929538,489.31419006846363
89992133,371.5100762634994
33643157,894.3047042091656
40190924,82.28644507634186
97098808,373.8011469365856
87635513,905.6090780039327
16478169,1819.5111246080478
79498204,190.88934780552063
62568791,974.3634379715719
36457296,-88.48508621347887
29599077,301.07070191029277
22644116,358.34531342548325
69419691,667.5716704956807
21970018,85.26026148885222
31666748,501.14662747186037
84691804,490.38882356633724
19277545,437.57040423689875
78443496,268.5652089526739
92759112,113.43970391436892
49629913,1261.0581241344917
14874574,174.6847695370115
61108399,-165.93812294349084
53618559,782.7942225742465
46977752,133.61245853382354
87695599,409.9463809245573
68430793,167.26393076191806
11606038,99.80809094205904
52469720,503.88885510334705
91726930,166.76232307934532
14558288,91.14695063396573
98640275,30.211694115620276
82918511,350.50596676505427
32992592,224.32015658891703
36930879,217.08382300020213
73360172,251.47403705848592
22281491,163.46702293530615
33813436,16.508176095597236
49300946,513.5947130162464
56371129,353.13877096794624
83899433,33.14596069766685
25827679,1324.5521458772982
16631062,36.791713280654704
86793673,303.1630181261064
99689707,61.71485147394287
69776211,144.0861995464545
55892015,200.53813151885385
19716865,451.8941891362964
46860460,141.06202765134344
66143638,1317.529057028772
46241046,400.68341055425935
47497471,250.63472392764703
38256243,358.1230271656567
90078699,95.21266006947951
66607961,99.69452921862148
15632043,303.7056119880212
81498334,1065.908982062062
82443801,205.40144058531894
88411591,250.495193904571
18221799,303.23414837321604
30242976,329.72807876367654
66494245,114.03845812200979
49287510,62.864155372286945
83370642,257.5988400866246
92348451,-234.87018599344663
55790147,137.64361358551855
49423398,313.0841275191516
39715763,108.10697403282302
46440335,206.02881401603514
78128236,341.64781584419336
63409672,1065.6419898836489
98873842,219.61095630572038
34782044,122.41524544767151
70391546,179.2905766135877
76956234,327.09600503451696
41544516,202.49914520593035
42550648,337.51602387536593
98465226,63.227754635253774
30886863,960.9540546663314
84535276,129.3107379527071
54301788,528.0190116728044
78637034,364.1861006702908
61387156,31.915112382620038
71715096,360.7019018586569
47859897,124.65454058811622
59800013,277.88687904054325
95293248,930.7101093517509
11553772,297.61233550945974
91107127,1064.8474973143493
66825939,457.8131107851142
33598864,238.38360764243316
18818037,620.600860831728
86800656,395.805698810168
45209421,158.6866175846469
99712718,-36.7970759391178
80320840,414.58824116556593
24591401,324.08063341747527
90294177,263.98002319223
14404076,234.68395275765994
60829113,58.596115276006174
22529505,113.32125011925973
59566170,450.5495289151539
40149323,1025.9401371314534
40382936,390.6182040669354
99300537,101.89446465037452
44631793,90.62520817005145
49450050,-89.23577707997808
62395628,131.01187803940508
30879014,388.8907550625602
85524688,-154.04671408510308
87381496,999.145364880974
66258576,284.2657456766588
71415255,686.2982790084492
45179604,334.6275006765576
82676573,294.45113584466935
14654038,-128.95943043641086
57261303,303.35557129460824
69037727,454.247738175368
78583522,323.4422321874037
49703078,1046.9355691340525
78525136,17.25940778830784
86407509,260.05570930676174
33024193,767.668382968623
38535158,544.7538802107359
84179400,35.83620112332403
24680896,544.9363711882148
42024082,263.53740601721813
31137878,984.6338615990632
92689780,210.1512395754396
93487228,576.6607768617424
27421195,216.5166811467331
27611928,187.3426918995134
25261420,1016.6602103803101
46864780,87.80270492226771
51909487,673.0749176079706
37913958,261.3063076192117
74334619,474.27523232095996
24422548,282.3705015694371
58508595,525.8038768493631
25087154,-34.93009561302412
76806766,582.0390301177887
27262464,137.1132612530177
73422693,318.85444840476714
58175270,113.13535502534666
76648743,427.5206328562216
36026120,501.3706632871715
87485989,244.50975872483576
88798255,407.94954059427334
85293030,1487.6082476255106
87029422,188.96040240209936
72679949,247.1898259002554
25871017,412.2292015662691
61396744,66.34804354105682
63197784,1247.222959830643
49632353,241.62413456630208
65625596,403.55896206479804
86795596,469.229795414915
81433856,184.6901569048175
87476873,851.7857150154583
98147948,415.12195650178217
99212421,341.88591079592777
78236394,611.8197751694171
60511137,38.85520703035354
37030090,1723.361287926954
47227545,447.3188444213705
38980163,223.26691349727702
33290320,311.9174247240935
57735630,356.1104251569376
37888473,677.5828578791408
54251453,351.1712467936037
85556127,83.30185800875097
26903779,385.31918554333777
91692809,291.96683922276804
32446203,528.8372525244903
34350235,309.3854281025697
28532174,1395.6250421102009
59869496,63.33610194021057
37887202,-6.245030934539244
54799254,116.48687559040832
44298051,812.762413283701
89901990,93.64565991299503
73292166,445.48499649777705
21775362,263.9278087503312
36884233,183.0941596435706
66353025,188.71988724533287
19481125,-79.88690248575415
95336492,722.1349444396164
32400462,1214.5322820537726
28975228,266.98973074303626
11320585,570.3533989608965
32162156,292.10178237387083
88724326,466.27570624811403
67650053,255.22112632329004
21038175,71.44834841224281
64836379,357.97937807248275
60827779,202.81746560987523
88997264,590.1182619891817
44622902,554.9010672203477
85670106,224.3444276708894
38945693,-213.13087581665292
69337730,373.10688226762386
22890345,249.74456824516005
93106331,107.64265864102254
56257607,92.73611202932432
42845025,447.57573371694036
10678470,595.6282388731295
35975743,5211.405864241666
44298756,491.18921595666427
66670226,58.76167737926579
37883517,748.9970287569419
62831558,142.64579688749131
25294874,-174.45168480470574
34601413,2411.714618910969
61300626,424.67577801411574
63694211,227.9040801562391
70308634,467.9738817245959
92846964,105.26203268330045
32093061,663.5392208911902
68496425,459.1356521494696
36724576,296.91279370710964
18988842,331.02173998423063
44304522,38.47510824655245
91192236,141.74566255901414
27105876,73.81949689183114
89869414,-78.60713765272331
45877010,148.63751523230758
24146001,369.72039781678507
23395701,603.0768798333896
38974456,460.84039867264187
57842607,260.4005756995603
51687346,372.90283565872005
99288080,485.82355965295517
58963406,708.1721729090978
29443260,877.7027626919972
62626422,906.7419266246269
57515098,114.56272542121968
61739694,1082.3502956160287
27459512,104.06367883273333
84889146,88.92188811320966
58681841,76.98611888894999
63593417,2145.091330790731
33073018,318.4747569416154
18775917,91.88599459244546
38962045,108.22472960494571
67933426,1093.0318065358401
54603681,543.523992590852
83399485,406.0366199617632
64199110,-238.27679893589442
82415208,350.2096446399504
87961803,348.44198559741596
44853010,118.05691838179746
59952980,212.12981384153022
88562279,314.2436441186704
55858413,657.7191601060514
61198975,132.07947605038987
37448315,964.4023299878355
19525923,173.7127907411451
35026025,274.93786876607874
37029910,206.2633499271887
65651564,343.64907890894494
76546746,-197.4506526596969
78805012,500.6334727686773
73332787,436.07552984388224
45937289,388.2730876101988
99048249,731.1680106630864
29475704,231.3865325070534
93694996,517.2649477494114
18159173,236.65296776430847
50435273,-87.74734954974002
56812269,374.1620560916799
10385151,379.09893485468444
74541267,872.6833125630197
16719195,-19.247938514870214
48754743,403.1376652244893
18188655,16.96350599700591
32063627,435.4782336408073
95749552,114.99826866713488
95191424,150.21594890486858
79363744,480.628354492084
47169927,493.92686714451577
77108983,196.1801495014833
44823862,295.14647599119655
81122519,270.97702755462
18168723,265.85918141584034
59737458,322.8588634452299
12477444,104.33892604981804
89609832,1609.5305872277822
50913652,94.70260132829355
42856249,16.399428018949834
62711409,224.93277607224485
67374114,271.3506542381397
26708384,215.1272550297806
57463109,397.11382448687164
64273952,-115.60263473456564
56304545,30.085755449391115
82795140,342.2854237064346
14007213,200.86813701942611
54415843,104.08154934544007
54590957,119.45032404262474
67350145,366.212480835134
74993313,135.22256751510736
62432527,385.35291431319115
33713363,139.6236555143126
80390114,162.16275588307286
12723951,152.5522172806214
71416124,380.25772491974556
72440899,343.2710845858179
60115717,375.8972481436832
26317947,185.10901396872987
35504199,389.7997975387781
30187539,374.29662442460597
55346293,266.0978219229575
90516502,854.2153106177549
72045347,134.4141515828578
79850408,148.6536195556343
20443404,1729.0501885876029
84501791,160.37026702689616
73999320,8.476643144038889
98913461,-278.43635108425997
37225199,15.013287510859186
16193655,405.6371110731287
72620298,1279.0842556018415
64188152,246.0939999447869
67784083,383.44059316675396
90552658,1197.3071209214959
80748000,1182.6348234159423
38083778,915.0815836383027
65525497,403.4566701737325
19381953,183.23285776930504
65723090,878.2489070612763
76151738,631.4872539323065
48225827,429.8939514642567
27357384,200.57261301830874
72090603,569.8840220874059
13739096,171.00425478394402
42442381,316.3116673961393
57561155,785.4351170785171
35942827,172.81405311061087
89196128,359.17878418040357
90585757,57.744775719768995
28123361,36.97121102551216
54892166,235.94822299161274
34399967,169.6578800393072
36429013,261.0038185253323
87308981,415.0038955189234
99529719,267.68210510431334
22093311,413.2400814636185
81263538,76.10956357958003
71338939,540.2719579880467
26758105,779.7959174171451
97028969,1548.9104037837437
64463656,128.6608038426515
56099433,175.29283749870882
85325718,98.9681928617232
44166454,192.07059474657348
36489810,141.85446806031985
33207901,196.5566125152431
27978007,65.25432000475189
81479630,244.36470212250066
51537650,441.3454125216873
45619520,142.17371808229126
38111175,365.6650089430485
52128949,948.1021790567858
25404819,60.530971794478376
76230938,167.08957850873105
35633669,234.6005600127329
17486296,484.84021831471443
26823352,469.2603623630158
24234066,-110.52290832279675
69609466,477.2997002934213
44500625,559.8541480241277
25810885,1018.3463561187788
47095933,414.459558083105
29996746,263.2193329757524
26824387,1099.9743565102199
22560248,-117.74549010660155
67043419,212.33846697905022
56128877,725.2580851630396
78532613,-242.18743722777265
63334626,391.0568697177108
41942475,940.3055745471246
71572581,1026.289124458257
31224917,356.08367899438565
52061385,1081.7217130171853
85648776,460.8485235454075
89601046,308.0159476170641
16315474,497.1248557817945
90885644,413.6798897952168
69988016,536.3872874495705
55363982,150.02328974863127
15084841,776.4248624965657
85269120,308.4727133132901
31531393,-270.5130823476028
65511292,233.95682811745428
76207920,1409.4710482990577
25765261,953.8184778590161
99628783,47.728386701652084
29123949,870.1929701981941
84071477,576.2624676453473
55408575,23.471487889583273
18563235,1374.2201969990783
32862824,1862.4418413872918
87247913,409.68414220889974
70811397,621.7039143398717
79135010,411.71956851728044
95532555,161.28912475534065
91619153,210.3451386387273
85185899,313.4404494403557
45503458,381.2666667529936
40572975,528.1231101814027
89004010,59.250290482102855
34562042,523.6618025151394
63463440,575.5959410510892
64460362,39.41470294603255
67250925,216.0398478657358
14939721,322.0048312697164
35310686,601.2309532390333
71187848,85.88634409735607
61524357,2667.484959418317
36782194,535.7017089872053
89842273,630.1131202302421
20614858,616.6800479425607
68048266,-13.160442132537781
62462117,427.28952963795143
72115510,496.0781372027176
14057421,115.59328592203792
99878320,330.03907614987145
68934495,309.74190748822156
63897425,563.8652927055704
30823846,-42.669396353246185
45856506,162.7730269204659
36318458,471.200037944183
54709816,36.3622253111962
58956301,449.1728000802824
61193977,210.14069622820313
94916864,815.2793133882843
95563649,1111.8266488757658
11808364,217.3504078638104
53108582,116.92594603631511
37502181,1334.6083094536384
37996385,584.4850254177062
53563779,122.40982493970711
62612706,469.02601712752437
33233317,9.996445664496179
39285196,17.755922392560763
12469660,947.2528636759122
10086272,171.80985652646172
61556619,221.97003652413366
44239580,1379.5831341610606
37303458,366.2606665534287
69742763,547.7552097705781
79252407,1411.162125729641
55035288,71.64312281598984
22573833,441.82053876042403
73616028,237.49089226766472
72379751,196.74785535638716
63515051,36.496301059647124
43605274,214.54327327621547
94526159,-7.703780411553225
87017405,994.1078933107766
27785122,330.9887230898363
88986010,115.34176003111406
83705830,173.77209229892003
19294754,458.22652316530525
10016581,424.3994412301139
98337631,73.95088091064918
96284977,1407.5258600576722
85120493,2534.6320804843544
76912038,112.42722376004588
38273802,1934.1688487324836
31373003,1405.1708726810425
16311364,798.2004583419872
81773825,127.3802740575644
85451822,10.275031506726918
83837897,231.46314915679272
79840167,351.3351967610464
10053165,111.02434326330336
66085962,352.6661143431153
74446354,1899.3398060978002
71248291,425.06981604881264
13527988,1549.9103991938955
59655162,799.7795146211034
81270080,298.00926623933435
25459024,11.130495308187108
57124820,116.32311220530374
38744724,329.29468506967703
14672828,226.3515662424105
86208199,327.9543284839135
60804234,91.9785879267323
26637959,430.99737859136496
84505191,322.90046410475844
34949195,338.88274001147977
18236230,410.39689424482754
83633670,704.2314017047607
38795738,32.848146309699246
57060441,944.4327537780017
63193750,286.73479375276463
16584196,-36.55438877389889
97470867,195.8337775035738
57117308,106.51097299891961
28539736,103.24376156957862
42854708,60.544804634642844
74612987,486.43513758073243
18574187,78.07878166871421
82554201,304.2337908465312
63502035,621.2074137221114
91862663,1245.7393513416537
92211122,2038.5508416146586
31056808,525.59467189447
16943964,620.084594931168
32863651,909.7519543028676
68176876,406.65463518865715
49131404,301.4207466683452
70277995,118.03856940797493
35494136,179.0980749829522
81234980,527.5640961737433
38613978,80.00286524428856
58078556,477.8004491651699
44540392,253.27100052046939
54581831,185.53342652736586
27711464,37.40436137946085
34639609,347.53446083760934
61465981,824.6012570274441
97434739,942.6326515553486
11115465,44.600825569926315
73204702,461.1663428581609
43122014,321.0921094243772
82465915,93.02035232838182
70336402,61.46851578327926
66860305,1609.461651193034
41500458,215.4514711184226
92919391,450.94163548337383
99618084,392.2057923261417
86909460,194.97131168780055
17337355,6.318783784035816
42353664,143.9187064769598
21765685,353.20773374610974
89088918,22.18747199953299
35899962,297.88282107168413
68684318,643.4761245054873
18484780,32.21740159949766
87388388,414.52065001415247
90094211,350.26062009336067
16804039,210.32531985899539
91010086,12.357662215012226
99469868,28.680581455201377
37545302,279.86690167088375
71878464,66.94832562822654
21183040,308.28604086601297
35304073,496.77641213973277
50348670,566.54367485524
34230931,89.78851733275724
48867425,531.044740346641
35018884,145.8730295101662
82792644,157.00061085692266
55638604,232.09307911035506
45618589,67.9836680485642
94996859,541.4314603354052
59711138,518.891079991842
20008628,78.83647034131741
74210201,637.7119855667942
71592370,840.719583039842
91112168,614.2956363141012
86979588,188.04127273111328
77491019,148.98910733285135
82906889,162.04173344415352
47215201,448.02302423356684
74482354,197.10468958802136
85248466,36.99111541707981
48081067,346.57702924149896
15387364,629.2901649749045
49479914,446.7093079588068
67144063,2323.7812644828614
21546784,114.46661295759566
33690767,383.7457262182364
33115846,229.11582595056677
61562965,159.129951440684
39809818,-198.08095260812792
68123009,272.6810207332933
51851996,1861.5173179723065
14592737,123.79643527262988
53703850,1144.1119794137921
32305458,89.55254226429463
15802272,415.06475378342634
36113397,128.37522407862053
10490484,416.41796880515324
60733954,194.50872123700378
99162691,514.081615010086
93098807,275.08163881330734
40838545,352.745406303589
11051825,247.2824443519055
82908690,896.4880705011363
71787511,547.0630706236461
72823966,982.6380091651339
12980060,273.31364023205475
96086415,229.60658075218566
23697274,424.2159418651826
51614059,2070.2945703996756
78779574,434.55920872467743
95241308,205.67332603016274
17643222,486.21204954699067
93263316,211.43571675508076
37302631,-35.8476341438581
87271886,74.56557859018562
55736876,785.642762077427
51594702,595.293337857264
83945766,41.68063276854474
79078313,-10.341558044377365
31277810,290.36047752667264
74965419,236.1817107661222
12557472,78.36387475648075
61610958,185.51616554366564
87565891,299.6210331119504
69835471,398.28458427455155
50409416,584.487487999516
77449547,428.7483818341117
97554546,445.1739100050611
15981479,312.15015962318785
19522006,1087.4464596716566
27996044,113.88424712004985
41161764,622.0872589594622
20740770,615.0742731755303
70042803,106.7525392406256
52210690,179.72861127596389
81657059,91.00197389582252
67733763,312.66692911024944
19453777,671.9282159177336
76648543,158.92449301466047
38569009,486.17814933386273
24713941,208.64610950007295
89660454,-3.745829804171933
85740410,371.0456013700857
86257801,715.649373744126
86873805,318.123606534465
33399735,734.379503783806
37535534,441.6343224092619
27667456,3104.55885185008
61581329,318.07928789117176
51263630,445.52545410623395
52033053,20.436076633799814
90888218,210.4952935639712
12546179,230.31539505781768
83093814,209.38168151331905
46297699,244.83462073007274
97044400,452.912318706729
31763919,120.6633655272945
16008849,189.64944603123615
51084945,118.97144647920652
59957604,665.746028501971
18780994,151.58705193089816
87997537,311.0371068224023
45685391,62.62741289783469
44441149,701.995842043821
14178311,403.55583457919295
43522500,126.02088044127197
91025767,185.88678112063405
92328854,9.632793668075465
53582398,246.69908719535033
79088536,732.4628199669232
46193764,84.885000565768
84800487,-15.94331707195397
58906346,124.29564558196728
16384425,117.55570110538787
31314423,99.58054398857917
78713693,470.30765011441895
59579059,78.69037484306432
51309878,364.4256474266855
18367921,517.2838135530159
17963218,1833.9902343304052
63773516,1589.288553382425
43820904,22.773933987842327
61844633,518.2587783080318
97433520,477.4395277607015
67890378,447.54110690716414
84770654,218.50673559978486
56388014,220.70650408459426
48498606,468.1889854682786
96139568,115.69300196706132
23184000,478.60384036065136
82435682,889.2608858835175
84725417,300.93965417281566
80398008,-63.58751574990265
21408816,555.7471017838478
40561414,519.4958486350274
47526789,903.1104466335183
34202671,57.48630539716527
47410501,-6.080911098073273
18437030,22.71653112458415
89947527,754.0486157203719
48179652,2149.187885133402
43574355,738.6294982863345
93441626,129.8398607520354
49833156,347.70348998641145
27436801,393.7305777820259
43212239,180.5549595274798
57781002,170.60140215699528
80452756,100.8940172769889
69547198,152.8374343693502
92282402,-141.21671217907442
60080700,570.5199976130065
77220496,649.0306614925247
54095090,11.387765093085818
28159066,7.999447134876277
76298460,349.4738705083611
57334293,1327.4156878818653
51349452,358.0956510238319
57825954,32.93186163250567
75566691,173.23690121867935
21994482,272.6120345324656
15472109,171.20590542301
74524636,1485.2792597342163
50954892,536.2213086870075
72834699,132.7397613975777
62999750,112.29394801154018
33123268,692.3086835498701
66540114,29.635955504321515
54002928,258.2454616864235
55085304,44.18308267372319
22151066,121.42229516251194
65334729,447.88215496714804
30865724,140.84448278606806
90388666,228.6010286659498
55605064,633.1344791015272
69408128,285.2140433723862
99473168,2169.0643478342026
75818797,53.75453424804314
62565025,1544.439163731131
75143116,94.9211357685565
47696923,45.78774665792491
19416750,717.7710201373648
22855194,374.60799673246345
67192782,382.4499867208393
87517475,207.28131696851307
56350089,495.1739803461995
34134972,32.939258372397575
60576347,245.31698420691424
26319072,36.24084542342777
88893111,204.49788780527524
68033382,254.54770825710062
94035885,377.2987219884999
81187160,683.4327088950873
28315736,447.0735086858755
22692256,400.5337941108713
37267592,64.18453788618416
91150814,-64.03283061184334
26431305,277.71649386533875
87910232,136.32846761134283
41955248,405.415023117352
69743430,126.12328401932365
46703259,405.08845262397915
31441294,140.42417636399
52540774,546.9678789417511
86506186,192.85079961817382
59584539,872.2985201087871
97314977,426.4160319520008
96666615,244.67061491931952
79683457,88.85036993942776
82209443,306.2702796926664
28258830,500.94070996543417
42067661,263.22283359655694
66297804,101.8020724625045
16941404,31.353675996898517
75005309,85.42915534589036
24570745,164.00147657855814
86113362,119.34134425077815
17047985,415.1833346300883
65773050,135.6855948027404
58445540,579.5282974766978
48523637,507.3625571203203
95993557,141.44165712378702
88761628,65.6340423376422
35281082,68.6743691878205
63427827,1034.9702550026618
38736916,94.83545538651651
86580197,330.09007148795797
23112535,462.23159052710423
70370352,-267.4650209962417
27855625,28.756396748551992
60833031,117.40220729898658
23047956,1155.135644149127
87351286,234.56647420829705
75886001,-187.21344712182537
66301086,307.5779315726105
60935733,171.4553457467224
98414359,462.25944496652085
93169508,1381.4171601705161
77985316,335.4482821414248
22647726,183.62492892328703
39865459,201.59293882546797
81994206,711.7027971569684
62822262,92.83998740091073
85331429,95.1117373752976
75110630,-8.958684647191916
51138756,-34.88067797211255
83491442,179.5967864130838
67891583,671.9428285264424
65475315,365.07386495047683
37180335,1179.329897857835
53617145,-101.87786803920505
66644091,75.49086435046229
85685863,452.1027174118875
67756317,121.22864008157853
47286828,581.5178062445494
30798257,103.14327171331036
55429056,1274.8130126677424
48423935,155.59894801252221
70215654,1974.800841553274
84995114,181.68277623003883
34191374,81.23970196016137
94424055,295.71839412786716
35266032,177.45190696246272
10282778,116.54998570712792
74509894,-73.32202650723264
62379565,100.41106725052668
69295266,276.94505412275066
19487319,185.32218621186792
80523155,1226.32458674307
76258438,824.4203965837988
15381648,943.5357711224282
76313330,62.28532589439456
67909709,309.7941005532934
94172578,248.697237500264
73730320,379.82938321828044
93164433,411.26497122376156
47160388,13.202354769440262
39990609,3.028043173614833
64566990,657.7392311932869
91126842,400.90588018430196
52824809,147.80208231259553
57254599,292.9605850153571
38718331,126.21980755951154
86095545,302.350960859151
47117496,128.73637238410436
38398092,-38.586117811146096
35904079,410.4151217380221
90919237,231.18477294447484
56102015,1749.8175785300054
71540566,641.0940566250324
10011577,673.3671642626867
84723499,795.4192620037869
12437858,202.27364047036605
55600884,173.43071399254552
14903844,26.93086300234887
79656066,222.9432552348528
22833793,870.6985502699052
52725368,219.59297433653626
69338616,0.9725401822522599
69512258,701.1573804102577
96249786,376.34059942838246
93289839,461.74819153141345
89525161,531.3686899546113
25602400,161.85052607779977
82687645,236.81436259411066
86466057,431.75594602275225
31039064,94.94158988040971
38126410,324.94543888888563
98941268,107.43680806082682
98887377,988.7048601246489
19069593,218.69381794496866
48991500,1022.8540278852414
81340729,224.6356284616441
17755803,105.12876478451727
28332754,-219.49398294157015
48710415,131.43234365274066
13552122,132.25344227033736
67175252,207.1631448501431
81401006,1825.71118969914
87569420,376.5068249160802
68775804,267.5661812305497
51303767,304.4612978950856
36907350,161.900793963694
11852044,150.08820283183434
57122012,555.1206925752759
42764646,210.92105946822363
23299341,-3.147520640903622
99527596,135.2336606438421
97393585,58.62363970342875
43578412,-80.29580790708167
98294611,620.793513647367
30924809,110.42442242125122
88121507,658.4162643140832
81094653,154.2349173336612
83948197,-21.065917680439043
53707208,86.12313767392311
72598207,-244.6761617894195
96325015,-184.0341591799447
32527392,114.79134313209579
13367283,-35.462303121462526
70926441,999.815157355236
14507496,149.47600300174065
84516945,346.1644738385561
17478153,190.06755615110285
83347951,200.280899907339
42507501,610.1379347266449
54322410,48.50390917839533
51129418,140.61006146163675
92284337,1476.1383817704868
56191305,271.1264999212594
69717201,153.13782891827645
77803958,803.6875323082746
30868541,142.316774808214
21948362,152.46940462441103
64597726,121.31068644130988
24753315,356.4003406499719
83137150,458.10115354741504
87115344,140.60596971564507
99984175,566.8251560222444
78503238,818.099522071637
56241324,449.9082640061423
44979606,11.892383191500244
73782771,80.0118790400154
83259646,157.02642972280273
83615385,696.0724768962057
84238097,419.5502929773462
90104229,297.27150092002023
47165230,82.15582176243436
90052115,121.08999700143852
29318397,1775.5288312048579
66821977,413.903140834227
74914365,93.21881085871559
21821045,6.748479600844121
78077361,117.23586786060957
11290483,151.67269379360914
18150280,-180.73095983459018
97190006,555.9577746431526
23716973,81.63571945212169
22402268,82.84939328147152
22495547,320.87053560760353
62732805,216.10726649529715
35149813,598.8851689426823
45074208,87.82269685335291
16930048,89.58582877960703
37034316,337.43989126682857
41257506,726.5675858168657
37119194,-120.52320190494572
67834562,404.22481322181727
34524417,83.80375390495914
65917034,1571.6442843507944
89187031,868.6797030425492
38918236,516.3348716516637
15343670,1135.7348823772513
14075655,232.4853292241787
38174910,1141.59259010214
58723158,41.10748398496344
60249533,260.83565358076976
97281245,1081.0862440932747
72949298,363.5935080590825
15101045,30.327438210752746
28123842,146.9237595612234
79777819,178.589270435591
49207880,234.04671812444587
80546483,543.5990026661268
64032695,341.92239938610385
13192282,616.4564672395858
77309020,95.93705722924216
61977302,5.896177132394058
97344057,4.5515396356937
30586194,896.6067577330649
56677229,553.6791979166416
22130117,1052.8026278516231
40261245,137.6837099210706
30166032,149.36154989032826
77089984,211.999981302064
26878900,534.6773845601272
61371436,256.5315995545865
42742062,104.24238624046603
95339974,427.07330269839565
56107946,245.875149793025
75011328,832.8874325122474
72662754,1305.6004422309152
72203106,-79.28359036011796
70496852,396.1087699744875
13201993,15.002428934396079
78164844,-1152.7071118244771
59342403,307.3246296286841
94540895,1111.1271090976556
46539631,802.2398414500674
72239923,75.55652641688391
87927143,-80.9807027177471
58112642,290.76393784304213
46348606,150.66156041700378
41028863,516.3215492120777
24368370,140.43359308470315
29933781,674.8050614444379
82791847,236.27281985002105
96015529,231.55527266492976
54561874,-116.54453322905351
53184693,121.36716720901484
76671373,1015.9173007904934
63611357,434.7133036199742
80706420,364.3077731453385
55017743,75.8370774814083
80689892,-35.649898574596875
84469446,326.5110142142188
23226721,173.84276862901862
85084580,-58.98186112087083
80669002,459.8788789405568
65745002,429.5272472793307
89007400,518.7497065836891
29824422,487.8287412513341
35775431,594.8724892241481
14074630,822.2750140684667
72325201,876.1016910705156
23874500,665.0175386100506
37300173,164.97941616019705
33493494,633.2653742873799
30229764,483.6471986037692
43966954,459.0219327124893
27845488,344.2583320033292
37461765,776.0721610113757
54994083,368.01188611379087
73747516,-133.77328843866906
41276058,437.6240649205803
55912598,-43.78526157239435
60686267,106.7430700505048
32726148,-109.46500145101265
99279088,412.64455247593105
28728541,896.5577613278107
13858737,2043.4447768806476
21895570,948.6229405593655
76323759,467.8707303695711
79038940,185.3142764428444
29272847,101.02925357206334
98713132,81.78496810170242
92394953,778.143064069424
96580365,358.976922001886
44481344,210.07755100267093
16420037,143.41300263415775
93921984,274.75532051623793
26481610,130.06210096514764
36292815,1787.901433383643
77806189,1003.6617437579627
75958945,-62.334973173351585
65456150,511.955983090102
80743824,284.09090853694005
49966934,464.11929268595134
86026791,753.1631061022414
85816309,378.52054877323553
15568874,517.5938629096073
99556884,529.2888496462139
27514144,388.54130276599403
33950340,331.22180493116605
90674412,102.04047651293467
31688776,143.1806714238537
58380703,363.21174009094386
59666638,-123.80972950184815
28858647,254.3246791599115
96281488,1941.7727664281579
81757957,60.828383848910676
15387606,87.35235932688869
95978588,56.06414811747402
38876766,230.31102575108923
97177476,125.7229735279451
56304916,471.61121690219477
94447504,-16.960865473696742
12858830,-67.70314393780814
29325031,27.000019523541823
45137864,304.8703272626635
40574206,681.0804431746159
14671172,596.561388791288
79393183,322.2121240778581
73490914,668.5989970182052
74160460,553.3881475532895
44164617,-133.75482334347828
82646950,185.61616854356782
13359174,-0.9042252516734948
75134927,408.62598499198305
36042465,191.34176356092655
83839627,107.2056633437806
23668396,312.46473500609113
75299261,343.96747066744535
41480775,-34.06798653863436
33690039,72.53575858968873
22503085,862.0876604769513
37466667,303.2855387653719
14321282,175.14780750585476
71351933,462.4198157972571
87081502,89.83533505996706
65472553,2288.777950954067
99213360,43.2374585539697
10832464,161.37158113432702
51819797,795.6901737293616
75955259,73.04040558089247
88647663,333.7118307694981
48629803,514.9465139505221
83286245,138.75905793755197
88766577,758.6293564486597
92941012,348.49544048347684
77129657,-90.59730882747249
98212477,93.88652102233766
47578988,190.75639169012152
50209960,23.98708416346267
34219777,584.6335058177784
79439231,36.45270450494837
73635146,294.4202613367846
64910994,141.44042696288767
53834693,803.9144394176755
11363592,207.76336477428288
10873772,257.95382845614984
87767702,535.6679552955605
23454749,641.6506299670763
58196808,512.6080818614963
68491285,142.76611824172937
92242279,139.63137885837364
33507598,809.2703903277011
31155680,143.48849663746938
69782815,737.0475291574809
99510246,14.843969127736102
76945883,418.78641247325083
17094345,-112.01285950938632
46337525,211.04440235056563
28488983,830.9273705733978
16761031,194.2685723026649
79032271,24.979985287937666
62295468,170.9832068540926
34239247,90.22909251712372
13382072,878.0162080204474
22594211,252.4874258259528
57247913,521.8422756853795
91685716,225.99854369273066
17466502,946.4021871766623
33964749,505.16002573509684
51427608,206.45540885597677
24310192,167.0536770885518
31116680,503.694018837458
11417356,117.0531349611328
62762079,253.95450618726056
42671255,1406.256097895924
96926020,85.21784049578616
50275050,520.618497539427
39760605,119.29814153311929
74898826,293.5591646892327
72916922,98.38972802819092
15943032,232.12006639799813
74582816,271.4959028158899
59875250,269.8191107612919
80790659,556.3920562043473
19888418,261.88581383107197
31588130,815.9308794297918
66158465,173.38494991111804
18800645,42.884591036405
64505218,-7.719978826086049
56056799,354.1606444941506
10374837,391.99451655176597
41300143,29.02057380525642
78621253,98.52809565840693
11141195,503.4546246926126
33865847,613.905784449471
90610974,513.5362274836478
98930552,1097.8547422486354
12727530,218.37291181252124
52930535,455.6821172476017
93753865,494.2868762977563
70595210,513.0737998449766
86025280,102.20103803787396
78663509,179.5022785342167
21322626,515.8721838943718
38172344,261.6620511816995
12467923,1398.3382291851763
59832255,624.8579794819749
60019461,657.7964951167255
36274445,520.5739771418522
35417851,814.0864385276155
24997453,780.7049668882564
83094532,231.39240083255038
90174488,1706.5985008569032
71319002,573.7353446546621
29621396,483.7557388950195
10011880,869.2362368827211
17190126,1173.6882968952395
70424510,590.2253343459084
11417531,282.0996631706212
27554957,448.77127091187356
13689480,738.1031374334981
69613512,428.3453571016381
74318773,491.2807082247133
45221034,857.4538714463346
12200305,100.6301822078126
29052499,113.7715569203541
91168920,-224.85996824809308
99587330,380.56013707758245
85493546,566.7696610668339
36510260,202.49249315016203
40370308,1209.0907036184044
89123563,468.6774475592546
68894033,389.0732099756209
73938236,612.3269391814755
25242707,268.99088479981276
87339346,1015.3449766750228
34182148,1043.7308121307879
55488547,374.49990708960456
58799207,296.4962590844459
99415472,569.3403112232323
50374353,349.52812785804133
44632960,424.7314987516147
46918499,640.3374865486652
61219752,200.75221844791076
57928854,153.5966793861142
22536598,1003.4091269244603
69936903,159.0661521120586
69696012,-79.86444131911088
75807455,685.4847711719752
31557332,968.6311764023386
98503124,296.8394385818513
45347570,425.42138855222163
91321804,579.6202181711748
56392111,665.3600680658666
86308272,708.1938250948966
64596791,640.9088285497859
80652734,647.6537721373016
15067372,9.82029951424147
19485124,184.29285049642834
14453004,225.7026677070166
26285533,70.25039478888709
92838656,38.937340271554376
37408293,145.2885097247031
44619550,699.3403905788031
12229798,-2.7980316147738336
19471907,614.1761787423467
79387412,2133.666314158657
62896852,84.81691150242432
45934349,217.2708977179745
16860511,70.49127380697388
43506983,203.56934103414784
70740306,183.73182545940523
92814410,1081.2904370095407
42104710,153.9725526413759
23656647,1877.4811794825273
16622582,859.1567852520981
91730318,164.88144219744186
71502047,412.52498632604
62198081,281.87436139926365
35586426,-77.53842264487292
73159054,213.59985983839965
72932579,142.45553248536083
15860553,731.2744880361719
76499202,2254.9280942334617
49147306,886.546486650211
66173222,847.6898602205339
36048465,-10.689149345114572
58226162,385.0494857508286
75348253,308.1515651874042
29406516,132.7988023037729
30120831,255.31469445938137
88886135,260.7518086830728
90716300,217.7542538120333
12118186,101.42413381089591
39388114,164.88218406076476
43348151,374.325792936134
70648988,678.169937161571
89828759,1425.4193833546765
25774436,323.60918726218557
56166234,139.7494914132959
46207048,209.1152826250344
24260337,1825.7790035033172
43372122,166.58884525316438
99211792,349.7144072964778
72425048,402.3209613969216
58848576,578.8261849377582
69451066,11.250507783043759
46571746,640.5162988217097
35037281,57.72497202253797
85573733,647.4562224819978
85004009,260.1318221252082
98713147,141.5021927178417
99574842,467.61751277067606
56403873,274.5397043020172
79242881,228.77920188693838
58458582,129.0839474073075
68482067,299.21638017196034
16690135,108.36625936836458
15173091,1640.3495098986282
61448444,618.6846580422772
69237042,177.2264422080151
85145895,314.18857245078107
22701271,54.810036839754446
39148372,22.75139549947795
94500108,715.5381360021389
68415143,739.8922380689052
40595467,328.03189800342824
53076141,157.7423029255238
73641861,613.839385433505
48605668,121.22564203883314
69923530,249.33453377022823
49319680,419.56964368474075
45928049,156.57880511628503
73814109,228.21601416152816
61386764,1437.2878705710727
67209776,801.5389447031515
10596331,159.59194027482675
14387887,512.9744089903107
66568548,135.436059681669
59240082,304.84231014124055
35040177,323.76053006759184
99480365,521.7667149402606
68333386,636.4591492285612
95572882,258.29058835687204
38132096,860.6437217816052
76955826,177.3053336467019
17729676,247.7081987030154
42211142,1394.38062018679
20158681,167.8808093371341
79393152,586.1607012728538
39911125,105.87811663793127
88836366,1264.936505653276
20409154,517.5758079212958
15026679,135.75594754351494
42131515,522.7591173389977
54650905,200.49600104377663
26838390,166.62954295099036
65068346,547.6196979386087
92979933,67.94818771129081
95452518,208.61961845132578
38822689,-361.70032065241674
46355252,575.400731719417
12444224,-247.8285505649984
42979270,493.8723664205621
77573762,253.0324204945739
14826829,144.70595504371363
28709839,514.5178201145474
18829646,140.23851344600143
96568537,165.69760833011776
56829547,95.02131732500305
93979772,214.9177351924473
17626588,674.5821978067862
34011504,680.4414525677024
52636134,292.3883310764893
91687348,515.093865227058
36508418,188.46357322789504
82621948,53.628364779056255
89318730,20.84492193754778
98717167,96.55425892117773
26278873,56.62577756443824
56823412,1356.2637531898827
75609163,749.6925323627281
90104725,451.392136207969
75874553,402.2052677601155
48469293,325.23338760615763
70313722,2261.301611676852
48269879,655.573523391204
30338233,166.18608776893808
32779513,96.70752864218849
75548478,112.26837562097245
38561257,67.83297775760008
10945373,1254.4068602302627
15756944,778.2433566732184
46940446,324.17504719241805
24659465,61.58903093846095
88948806,1035.4106115871218
34164402,183.83453319366384
79477391,265.40309534411017
15537006,275.5424692262028
88911942,239.04252421167405
96378293,119.07403768150209
76422231,63.637107673366756
12309843,235.3404554195174
96239148,164.3720767979911
86466781,127.4319354187412
49050128,-3.3028849368619433
14724818,871.9354621348153
56683970,830.150916864017
98393974,39.49898843438774
84824034,1731.0319517799794
92573067,-39.308888102354814
73226546,200.46985104244033
61358064,242.633573442856
59398688,1615.3436735627592
14969480,391.604313506573
80588045,284.09644640702163
95597071,169.65151576450023
54836005,444.959172233701
23220441,416.56795011765143
59018993,510.74442513279075
68425900,196.81757276246935
96400633,80.98226900084921
32664783,566.7210011826537
37951383,417.16596154949605
42701020,112.11040402973106
23132709,551.2197957969785
36039638,939.1151013237121
14728562,379.61600649512684
62765095,197.29793345934223
90518206,283.7311183234407
99330676,706.8814928186176
54002963,491.4883520200018
80024301,175.7357392502861
83450392,187.4330281138441
80827964,301.7776235334358
22623823,680.5995177638766
85154401,560.3796931844194
92409200,603.0044463179723
37461274,581.3080731250462
39412052,133.55559685192645
99188219,149.82367887162064
10533163,364.34526322676913
16576946,446.91738129048304
10571061,1110.327171249617
11502784,67.81502379502189
10627022,1080.393875353243
66112731,135.63094027957231
12271580,1829.0995568305398
19300863,81.56329396358149
42301466,448.85858832404233
93227392,510.8485613005804
13989390,597.5890327009384
83189444,-265.6725192462415
88982820,1154.7846844431988
86309809,1020.3689800182352
93812427,383.34986211467697
79351177,382.5376139233862
73882065,438.23467617531594
85331771,-56.79226690279842
33746879,394.4858618165323
90357052,336.58616367626917
42998447,263.6060649324605
42297649,34.99759988167398
74232297,8.956040505431929
68234963,322.4487223236026
79955240,54.15514497089481
33685499,-350.52989225618126
74031111,73.32702675014235
81527691,662.6569064814743
25578339,474.9277071228372
36826714,196.26345084795844
66720469,34.68101437344501
58271754,740.1540613311851
79175453,87.38133477189973
91006186,290.68511148874387
75399510,183.90269689299618
65438642,114.35102007861576
72193555,382.6528962483126
52661224,601.0166068902605
40274658,127.50383559224207
63582038,103.45794945529303
95316180,107.07854291821246
31722576,55.37232390226748
51439680,282.83939260110265
92864642,708.0815211831238
24588628,241.6635126730567
62383426,122.45030388085536
91245064,364.0447170764629
61715372,215.8486653564379
65148106,420.8555556941069
91441992,213.1506693382159
49274969,204.96189866476334
33917232,327.5782701441439
83235081,194.84425555310855
40753215,68.88290846763573
70796627,454.0650655450876
73931614,276.1946373815769
56857736,1926.6744249912845
54064504,313.1706466775836
20389019,656.1204104119576
57574601,254.72304909491277
16478279,216.15873386725957
68356151,164.52721343988395
99711808,51.35594492367787
98284968,331.70039941818504
30598390,29.248820923988205
55132880,991.3913197184266
34163532,988.0514526473308
40857770,208.71575433005427
79839486,622.8210472145938
78134573,532.7463030445095
96251286,1013.3751765810133
46606815,191.6086649760689
53204628,106.17002885817845
39264189,1462.7249586400835
66917873,445.0017211821147
75228206,-131.70805975515248
57466748,7.631032783368028
75500440,509.5047501846003
88152254,1236.2981823997325
88711927,64.78947226073308
71935730,455.93682687150965
11714210,550.1180531121375
99304127,443.47701828479
79629484,165.3328109549202
64599027,730.59268745874
71633685,758.955186673221
14342958,371.81229421963826
27958253,-7.92598335389286
61174518,130.7091595418882
74916891,141.82593086315558
72753968,514.5600369942346
36262662,15.513207287969351
60917615,-51.52686569140397
99306721,439.3029386293789
53075886,205.256876120242
73928511,218.3581753017071
19965325,178.4746850813052
54826574,972.2170704562142
64209168,445.9001117964116
34147586,348.31334402316065
98269123,369.6644172630557
97467622,481.2832481175834
85814087,130.7638951585417
72333580,700.4730973002585
30873738,546.5587582631974
10331403,321.8232216977861
35344119,-88.67815982174585
35769080,144.71887148204814
21575135,5.373755578840019
75304823,993.0497073122098
23401574,60.19384307309497
83090193,176.9251774032855
86996430,343.60323160132486
99751646,598.6865146373859
23591049,88.01508026290253
81709576,529.4815048771956
82444468,394.4462966443847
38288153,3371.1619833747372
87446209,267.71073890861175
12079734,374.5473746637059
25058080,307.5795099785163
89691662,461.37258399483505
13150938,139.53933816328964
36020495,212.77029007790782
54923182,436.5313857468833
28841079,-4.043265915551615
41392965,666.106297494369
17119564,164.79625674747115
57430704,628.1159095879867
36272284,993.7634708265215
91925114,130.6776674466052
74412922,1055.9058531521532
65743046,712.1198496655476
48653211,694.0521600390997
36332370,676.2291767826069
85424579,-14.74922513139336
95090269,317.9558213027701
95971802,129.48992210789447
86256336,748.1399866529588
31156844,677.4479626973888
37688219,364.7609773265733
82437324,-47.17844814971872
21950676,399.22862838712
54094553,-86.52517248940566
74374536,736.9480256959065
61738687,207.7512801982122
19277250,72.72168548729158
84311990,136.71470331697935
94274494,218.26770505922906
89122239,1985.073075256822
97119289,601.033697609393
29959537,-104.64871507305372
22777840,1303.6488954040847
39391011,138.4465980614636
15127918,380.313769108466
47251761,1263.5797526702495
20023773,109.37573843070669
96682736,-74.94942912820412
12309412,99.44346153600344
11517944,242.26614161229162
59425514,1008.6043535642419
28854961,469.7625455705836
63750719,1867.4658504428949
69531684,602.357263079247
73516640,82.05188535199136
92500346,935.68869022521
66124065,2.678047242354296
28886163,897.8284509070755
19680706,183.13025358192147
83673598,686.0022358133598
85519237,122.8514341009261
37110854,773.7275854218454
96010780,1008.457141940329
51391268,874.0125286216895
17655078,345.1873316792345
26863121,353.23413327466824
30839269,-30.46080851293698
22418770,654.2202948659743
88029081,424.85291293564717
27689636,114.6688549118416
58431423,938.0966279521464
43802347,517.1058753188888
83961382,313.22934213732884
27938336,169.90298174839108
35978100,59.04832547891374
89319775,1998.2478639004612
30362974,66.4926843127547
93105032,1425.6103358418914
20314268,73.1102596458926
34550012,277.5140180866539
28077484,421.1222779295515
64656384,161.62052380182007
48022436,0.35122133506774844
40507726,838.5686202813364
10314144,664.4349327703361
81012787,238.35582591283736
45672873,362.93640543137565
25759428,252.9704056051179
13512722,266.77658968504244
96070498,90.59053387155694
21352279,462.86729396836324
54205490,670.4092105952055
44645119,249.02654701915515
37332321,232.24764203972455
54601842,901.7367461628397
60801709,176.5025554729579
28903523,99.3548356626867
79159760,208.30916089058246
20416757,131.3417508324236
38432201,95.85152524978469
60739859,-102.02335709872318
89931987,198.62423688430107
60999736,125.90086012203443
43182602,-112.35312935569755
89739478,149.90949334629568
50450523,160.87727117512975
73950928,375.6391426750147
12330781,50.20358950036467
50236542,141.59528680554536
34912503,204.95911123105742
25536468,379.84643996489444
63776599,3.3479574647755044
56389530,578.325461168059
60881312,395.5553203237075
94656046,366.8098213832792
84143693,364.1571481110749
60768240,1046.5707122147974
60458308,377.8728958085743
53948557,695.613480978985
11612817,84.1001240651708
71889062,53.52335587387134
77172079,841.7153361244178
34222625,1945.0406510077473
69965828,203.52491286631965
94714430,198.0817389446513
71961534,95.43632276938013
32936108,238.44967339371686
18431618,55.027200759883556
13548537,767.0927821962165
86674079,1751.0689051461063
21748194,317.1972818637064
40124541,444.3772009363804
33347811,209.36802197654816
92929218,84.95021083732524
72190892,174.88439318635187
66963455,1193.4020256679264
96157867,175.7276684315749
15254705,1114.416382147685
89064766,91.39511062039571
85305349,409.6034916230153
58781934,271.1436969763497
42553797,760.7726877324366
18721533,889.6174213326693
58244383,760.7755712007273
13696896,293.4527452562482
65894339,134.36297426282152
61098619,211.48461682990603
26018756,240.27078550457747
59479424,284.7482894541783
81738781,80.76369623413461
91106215,685.1651878225235
71223563,335.02721388864984
95945745,379.86455404671744
91424061,187.26272332335623
67135880,316.56160964221334
15528553,809.5514034044601
33657705,140.5424258510742
62553289,148.33275380376512
60993054,42.79985681089775
42800613,900.3465371106957
17769800,508.77610114864126
21401202,392.5868409320432
52155473,250.41452301044046
93304650,472.3166530575737
51407728,697.2089458900583
89543732,417.4533700002934
43419947,-487.03573297305195
41488699,7.495617142005415
60974422,124.99085342158298
65352047,354.3348546333402
37012905,332.85852658803594
14787203,206.70801838666807
29417973,79.5031572707257
19835446,877.2432829974454
43255500,873.6854197713113
28812691,125.64624305771292
18722953,97.65312224793064
93227004,484.8165013502902
35371569,1051.6644246899464
12076594,17.748787878088706
17330331,143.44498069136046
70946197,1.297912937618264
44132847,-68.62567400930652
77445263,121.23466756263434
56880921,2052.212237907148
11480304,368.14541666081425
44407005,1033.1039913369405
57603851,112.55531619502563
36951093,0.5295519764903247
18651476,568.0099815224304
28758403,1000.5036008974547
29842235,67.13873886129375
80915194,113.13872024703937
87361082,158.54730706051606
67711479,718.7991672528127
96493355,-24.191307677623627
60783295,960.0005906231657
56178874,120.82579402315162
36921713,692.7686908084823
48581624,360.2297464153286
75576141,428.12929476733393
20755403,216.81329134704788
52097748,79.54750196595
30927924,122.12789601862045
52924618,379.0251241616014
23083091,-84.90654329920596
10593933,579.4512776008039
14984647,22.08041376030991
50764768,1126.274224615941
42909851,79.19724996938282
47962891,-47.9839262661734
24155862,361.7214869223301
96222874,682.7019288774346
76243625,228.74539953918617
83785580,425.59037946812896
68046684,423.71267315143234
35026518,458.23086184592955
21144795,277.956409638285
42304823,366.4509859591926
32449171,93.21033286547708
67804951,421.893221165588
80988109,498.5753763410361
31562948,626.7068039100413
80571715,288.18675196561713
91879270,115.31901767764532
80331872,105.18217079196336
39788137,783.6120197351237
78186126,352.5165416036208
34300076,-50.52883609319605
70710711,-56.649710761544384
19520201,81.32728522042726
75968232,265.8623674297633
62441830,524.5391422927167
87704160,145.23575937908333
38039509,367.3382258447813
87299257,161.33710859782013
34604480,330.42136533014457
93559487,396.91176564482873
35225951,140.42694218250097
80500038,111.179600973437
88587318,736.1765144536326
72460444,135.46204878883157
28502361,310.89910435802
91781888,490.282220534814
83528344,1723.1945459843537
15266445,163.14404471834945
83532377,475.45155713166594
74780110,180.12484857569228
88664511,-135.03408008106703
81767501,316.36127551167795
41015579,214.12015122577793
19338404,357.747962522888
14667759,588.7327645725674
66260119,1191.1221829858155
20542479,1030.4925713527318
54097170,-172.14976166577128
35669653,161.81729341959573
94127563,6.99585380133891
81488029,66.94834068527388
93329952,488.60436527221634
57217043,203.61994439275236
65522547,461.41137621506584
73695068,88.1689487874263
13539769,329.31871814193914
44056017,548.878044086846
46617581,-1.661223785823097
68464888,47.71548130349208
45303083,545.1898921637276
86984156,147.9468029005692
56630529,262.28886950688656
78254395,-63.284166069027606
30913049,458.8735938866165
82688614,274.8382642475772
88893045,16.789087312957008
94639808,527.5771153442214
52742143,809.6920605061628
64260968,1022.6546136171143
76546956,106.34850220019644
83523035,752.0932253214286
11013053,1247.3758170985452
44130994,137.00437604036426
53796074,509.600123006932
35498168,743.8637511390277
63562445,89.59619362337645
42365113,160.73052499736536
54613679,304.58491537421526
69835682,-480.1585847554454
40747675,-4.365632349495115
37071709,821.0706384723161
11644754,1517.4285115170846
29456046,181.03183261499942
63575365,335.72682258358975
62030210,273.07886606780625
84640048,142.24178022282814
61377846,413.5526769078682
72441550,1360.5086008696044
11270022,654.057155342087
70261792,-408.7635626271191
52404988,621.3422419063877
84003906,617.3271802399951
31204633,665.5101173899851
75242666,515.625587573171
49434528,99.94097734350999
42863318,300.96485158778574
47571305,686.7105205252586
66490879,393.6676415112903
82396141,248.49319604627829
96803616,330.01794443956396
10584088,538.3249411524652
41994657,122.42437908663555
87186973,-37.72903555986579
71213873,181.25763734042766
49764305,129.2425676028305
43725149,387.1134552863949
83812129,435.0182420642046
63290164,108.10868895055154
79318573,490.3613206210773
10844028,-0.6710577098558019
19798231,1153.424974076771
97056407,-65.69085890836249
32215003,487.3289680996004
94765090,416.1932951489365
47235057,322.0830461785742
94429036,301.77886740718395
19267342,153.00496526174732
79884507,2465.6152767801964
68548734,313.6618206496279
64679483,-36.44436891148894
99761027,244.1261086831912
77538039,661.0404054441261
28035639,95.20394119158186
66579510,123.43794309437834
50333547,91.15295006664428
30957545,143.09251334130988
87343589,524.0794745415482
45470859,23.693461826126338
57383256,361.8559022623268
62753404,-50.384977862523556
65906932,1577.9949639117522
54060112,1733.9811267731943
88317327,369.99672475169143
46875481,835.0132400332271
86614127,624.5017085717002
91675434,521.2107114463737
83895227,759.8687691869209
86365373,316.87893850571965
19948626,148.3118611591832
79630167,-38.64446567908851
89106944,-10.114697637915242
46083057,310.18658694248126
96150610,226.84273457425428
35015883,101.09167590384163
69747407,-23.75565656556944
55538576,1374.6334910728224
97411049,-12.080552975823451
11519556,327.1483637176947
81677533,24.56243059593902
60065328,339.415050431228
91824420,651.0836535632106
72549395,55.01316723258776
75208950,378.9801351431329
54258616,221.97888012792674
28371507,299.78493183523744
33800661,627.3468049228917
94718676,528.5276027031505
98426094,109.00528227629121
41019343,447.23440425230535
55953203,379.74423792533673
97258831,308.65683853296787
12406914,-22.422745668175253
54260975,-21.027818927487033
17839314,406.68134530546376
59228162,-16.5850809861235
53104947,691.4212529097748
13405871,934.1601063297036
30540873,377.28183503268417
10681459,378.5918547656411
88488173,66.25315223033289
11138134,680.2279914343322
55965946,476.37902776885835
21024415,356.05179848669695
98633407,804.9074944557955
17665044,244.6911477601696
52365929,-26.825405652728705
45919010,55.73960120205635
29159751,359.6688831622755
25938815,-60.32983964026255
31864619,202.62957280286878
84907440,1356.3874561328767
55408023,182.90586105890685
97513676,618.4675337699284
71808636,144.76861692745138
37329985,1243.0190466600357
66719590,893.1146636980485
19832352,1013.7181110122425
63673893,913.8080989207211
54185196,171.1875019757806
66171184,293.6078343027742
15702584,262.34358550713387
26362681,1454.0994072999342
15300602,166.14278706215612
54091216,471.7789823776169
41649165,285.7145694429895
17221791,120.10711600773311
60925601,202.3683757589697
98579259,112.12170243437339
84327985,735.2493430583058
42373455,150.345470670211
51759034,491.9614109660748
57369993,467.3654017573368
86174456,253.31652082800008
40095064,245.00710619786497
36904267,650.7723795580594
95653857,-52.706198652538774
91047161,111.46819333879722
24858933,111.56455059425241
43668504,147.15060349676236
64688863,428.411625656463
19394328,758.7607742900749
90928544,112.66201740770151
54501975,116.04756767182346
55816692,113.52419318509516
54235055,111.97876651782735
54802075,467.707229549687
44582261,-86.81421718363293
30580440,256.57471270867757
53586985,-217.48609947157286
45293131,199.02954672685314
61623792,38.82718130903962
12664255,352.112210829231
99282552,54.640999336502716
57422029,198.91134246699835
95049365,-51.28151157138825
44630924,339.2831096658309
59932513,279.87067080088804
79864196,354.7755693330879
38025450,313.1692988050448
43187524,103.45650962731253
85710350,187.22896687909434
39439329,240.4474844585651
11767243,639.6057613006847
40729807,411.3514864337152
95837440,5.7533115516959015
62785546,36.96192616498203
18032525,1071.180440933434
78515248,641.2392672382405
64000264,291.1442302357175
70932637,1075.1692201175042
56631286,1865.6235284991144
82611641,784.505484074024
14610215,41.4661170299413
65282606,117.1868097748141
31080502,287.77111495422974
66137109,461.4643041242997
55286917,405.5520533863938
19462876,404.36830740218545
37235871,705.1326237000147
53584009,-69.42317439021133
99377565,575.4012413814099
82994298,284.92815043921735
64250472,-91.82157927305576
61269314,382.9392732298446
26299312,427.4467684700778
97300018,767.5952581668727
74523665,356.3010286694083
19970243,943.1231100389701
14406104,302.1945938155735
87865772,540.9568677095823
12224440,169.48288267761347
62628011,119.62379630808948
30735313,315.1354762869861
12214322,99.30807841352942
80943078,395.35297863690573
89421265,996.9633909300393
72762674,101.6928185501115
55920835,554.0565910351502
95456446,1012.1821965781209
96630600,184.91125099175167
20077759,294.8568822285734
77066065,244.8527710193847
47856776,595.4676572122308
31685937,358.20465992410607
41522098,879.2054196130958
30032101,98.76638081310631
91606427,226.0081646327502
22900349,137.75966746805796
43552678,442.33391423047067
38881909,369.7518735683625
77508029,906.5979406657885
95128506,28.10083304187299
64627729,227.599503574021
56744301,255.33779799427646
59338251,466.7589519255556
19662574,237.1740050243376
92971829,146.97304802815552
18409584,704.393151114193
71760159,-1229.116195474814
43660858,578.8761491347117
77997629,158.05163290252182
33928732,280.89602187133397
68629875,759.5864646244798
48480450,354.417245179431
54283664,355.9641081431105
65942293,498.7499988690698
95573502,885.5078593301013
45086632,74.21022799218565
23012000,347.30308080089605
45395839,462.3415393837521
15432712,575.8323570924077
72298046,396.0951590711189
84408769,58.01582804499702
25246226,220.43431208052652
20056705,-110.82440423699325
67856036,269.62635643918475
56138985,84.04679715467694
89984541,142.3881114901942
34860961,672.3733597040952
55067089,289.01980813461955
63717753,339.1569758214562
89165138,191.60163868352868
22336894,45.09239838265131
23089519,160.33367953949863
74572156,569.865252133238
96120368,1119.6967328239607
70734227,1365.0705758792406
43842124,193.57153466214913
98567604,698.085284983349
54538757,162.63337879645474
40105171,485.3888499220849
12135438,427.0070346120302
73738446,123.49737180003092
62385208,297.85222520214234
56062641,353.01049321013056
60234485,307.064852861695
37490148,637.2663074906505
73644773,56.45435090870808
25147876,306.8634425919919
98738159,17.44697442019151
36202424,348.95479544120406
90053455,768.0776305893452
34861961,10.263701165464965
40235987,126.68514879732948
25289802,194.24070967501075
72831408,995.5525947889133
62725172,378.2488730851279
20547868,551.8911757935231
43821417,509.8883578545316
39911650,370.34866548157515
76282034,47.575857799322876
93532589,246.43730540344632
71389546,618.0078481372236
26491098,20.04119809890983
63364173,798.512601942016
74256814,480.0239098615599
35509595,-22.650816971772258
18139863,441.20665067679636
68577776,1421.7958865582405
29522715,330.56108607452495
77706518,200.52385752354576
14006179,453.52017776921014
92579248,349.81696866518644
59229974,91.15070612633087
62295609,713.2630936408212
84259414,255.24432099667143
47815936,359.89712100988766
81563963,1977.904638077518
13005852,179.70731788109566
62738558,51.15019760922226
57070759,377.2893474263368
99600292,220.91622815649305
94306787,399.3834099547395
95225104,99.51891434938756
55330216,-303.6040685445997
36532262,190.69802186954786
46565446,748.7256413431516
49087723,216.47694367897168
59534453,482.80211189980025
48055811,178.2993215962598
88400730,219.82366015595483
99040799,1041.8228265455114
54783545,-60.649669638910154
51521420,161.0696830554121
62125112,679.382193354982
41533842,169.08179095508615
37548888,32.690948400952095
15800993,683.8236859771268
72777210,1017.675404726103
27213732,1088.7536822651832
86541928,226.33357211300057
24899277,270.22074055658777
87153365,357.44870796227804
29377093,-103.94970901245631
17126249,1159.1851932336172
83735200,66.74525159819461
75294081,1531.0871206120332
50305812,219.85431360698044
80598326,-246.44237864453305
73085224,387.1011358695408
36011967,193.97244338011598
27344122,562.9927781304083
65167661,1871.455729521795
22697886,695.2642688165929
79772982,125.68000261581142
75656583,384.1856501998692
28706133,128.08773694242421
94307664,1457.485884106407
79181014,55.180242674216686
64940514,1068.7472164295532
42076518,373.28267487325036
38290514,249.77407122514524
12647465,936.3697795030133
51615379,940.1662576792995
58583551,86.726516215314
89324282,98.44184516563837
53391853,-11.90083350145153
22488467,1651.286316909418
77912827,811.7686923772661
92699296,1413.1272896765754
98391080,323.76754022775094
25085429,296.71470821604936
58232338,754.2573728098176
40856740,886.6453752280264
86463099,478.7982550323711
30661871,259.7028767551915
43294411,355.1673571694116
95379944,187.68531867280217
10473693,134.3486023169898
60542399,718.341318538464
52521598,-10.11976747143376
78214020,311.7460143696355
42119756,63.92130218744751
74645008,385.3710727929771
68736704,1355.6143214042595
13851365,46.10176695404107
10956933,1104.4825228386371
76588396,308.6709379129244
48664414,640.4130554733919
75409758,156.4636865566065
60867152,418.65998013872365
49408128,738.9903554357101
32398201,347.38276461339285
33820657,-14.187412845632736
99096183,1087.1919109269747
71729207,202.35091096492067
13424233,-141.58748404191283
69313487,598.5966688416155
51427900,275.8405580533836
20461232,1190.275863024589
63893951,455.13020210978584
93871936,207.25089353608502
63699477,-139.74418261559447
96362629,552.4066417448508
53928117,292.98243467525697
41164553,223.33759058318572
36908648,246.6187051133029
29666927,129.1669414611432
11938394,438.2634774392553
52496134,122.0627213639417
32481667,-36.45364326965321
61487441,549.6416470847195
78992007,1040.1231208914628
52895411,164.2720945065185
58726779,164.26538142872857
20458217,166.81753630180788
60265538,145.98302638553446
48479448,101.66186233476458
72404425,326.0570760344782
91400370,310.3851746148127
56260955,-129.12721360424655
65491665,604.4226802578011
11663385,-83.24838667675311
18615500,1102.9135674848603
87935522,4.420210587741792
58889457,72.58588984933232
19169471,308.9677078465728
66133962,271.9069599910476
66731452,630.2214653567204
39410896,301.44766062403835
54940054,171.296642830057
10662394,984.0836920339287
80972130,76.28407416436198
45235634,1024.1273633902488
32971413,690.7120100984263
79283360,464.2453607573576
67055260,295.816524657761
56118755,205.27525889641686
29230461,1278.7911081655716
37178907,399.3445141356884
80400106,156.58662202578955
67091284,482.3220393709456
54160936,1848.0939137538057
26849200,20.576121389452425
49585462,410.23890537364446
29429374,206.15678021298953
95616903,2433.2425591684787
40605040,87.01681170962752
77364221,188.24277039784874
63366619,403.0450139830398
82932107,260.98712291186644
11504000,156.016512261674
66338948,367.5895706927878
17704772,590.5552105886251
70406271,73.32472339305014
78457345,1364.4277792704488
47160363,144.09602137000672
76792443,635.5423695184294
76133904,141.0615958093619
30534387,109.80683258845517
27949452,247.11396616456045
98920505,446.7807954606636
79101538,-135.2039132425724
41201623,155.66482137661217
16952322,471.96713722403445
97020909,440.38207982091524
76043497,340.19542371710656
34495964,537.9194895466911
68971691,179.12273920262373
68553106,322.63821346643607
90311747,240.80537730899715
89361909,-94.24865408815396
20406930,252.32641416330262
38933836,344.77825472966913
38377549,364.47154003020967
23346090,212.7490918558991
12625694,317.95880949753507
57311677,286.87045275586166
53924641,91.93221638892726
36865701,597.0265103030588
22626294,201.99774138372925
94697405,-315.05393870967384
89675917,521.7652310140023
28055737,-1.4687693115146203
17371555,557.8032086675522
31452123,211.10868786554136
39910354,160.03576343949032
16661684,-61.54230836692261
11696365,167.161136855412
13890760,196.16941258219157
23308655,62.425131268494965
58265470,-93.56013199467066
23915393,149.33686803914208
47202387,1705.953797293052
63170132,561.0886065476672
85663208,312.40639841077405
11731667,-138.05545200230836
96387342,499.73015831395116
56912577,1634.2896314339173
96546739,255.70838347042684
56118135,-585.7235570127563
65848480,146.27995358136582
29524312,230.55616714435826
61207733,1385.5304914775425
95068416,47.32128994263772
93730714,179.48746603660794
58209441,180.60143601682614
77468100,295.6174529368324
94556768,420.8268336627249
66214153,498.7468969268101
63178801,452.5307625827045
47025809,716.0612853407143
17223815,496.9472582080822
26808769,291.08090732033685
25114626,290.8096443061656
33184251,356.08371292296647
38562723,597.6265179141582
19383477,53.547237475250824
81390291,400.08457823558626
20998216,478.99044942965577
95233875,657.9667788853808
36756234,474.2076861817053
80596646,611.5506866764936
92304937,524.4331109567396
37613954,290.31792549318624
58590718,188.58192842244864
53992915,122.32656582537112
54005253,267.78776012337715
68781482,256.2868811754175
70720914,-64.91623263560669
29283338,395.63816810881383
71373910,69.7320391978244
82737999,49.99684845780712
38789318,-48.50815286628631
50526394,600.5113604713347
24047944,81.44530121274875
56710540,-0.5888426034246379
18038779,357.62953908081374
87817642,493.5968521904075
54364617,1689.6240626804815
49277751,136.9047655343619
50647092,251.2137211151636
74938295,604.394798233997
94151619,365.3381942826344
14146499,420.231556630475
44114070,301.3820294059136
71013634,22.188616458921445
92727921,77.80839858665377
23408005,340.61553331354537
55353418,231.33750227672664
42627732,1824.3568987109802
52380113,849.6166806784405
76380932,765.4174914250931
85051446,509.09608040453634
13441812,594.9840347796462
75634466,427.06021791559635
77418032,114.5920324941751
26069913,455.982371533171
56951161,746.3580241814603
65568116,147.18884778603535
61527594,314.7394296331316
17428821,222.8628117817156
23710142,720.412270625053
95218141,216.9526373893899
64929695,160.9466737901409
16991389,325.1167357446419
28240625,1240.6883843179353
27547150,975.6920083963131
66381811,107.36574868473167
33749942,21.050520275320025
35190059,189.6899879727165
63026525,491.13012440526745
52393671,258.8256087993771
32813270,287.6143771956972
49072955,-6.2640914453634196
39300176,289.65392444657044
46915044,168.99110884015727
59260240,507.17086279432874
12697027,273.75805179461423
52828733,231.1881633912821
73335938,326.10103415843736
55961268,228.26761491015316
13325471,177.47164456665394
29398613,10.046903473946486
27052291,-12.782363429262261
15955952,755.9031890522099
23271818,856.0003974191367
99724134,1647.1348287119263
24071058,100.75779757443047
31560904,189.75420398088795
65419988,106.38292943869237
15085530,468.1930474420086
19942722,938.4512723135068
13275930,408.836429567031
22982323,889.0493406006382
36522599,194.2137195296679
82021909,1094.5202545383486
68645790,528.9108416375844
54788650,107.90157937597382
42678082,719.7839445189089
60925510,-28.025241534992688
88286089,36.555607776339116
58263484,801.352233008657
65619117,104.55940865578134
38104250,212.51377804788206
13756583,472.27548458253193
60053914,434.55421666467646
64871810,232.02590096173037
58457956,549.5779646395479
46159970,25.44853880326292
68250229,128.8618111558293
47390028,781.2827789926861
32969075,429.1369780926499
53581810,298.75139329432653
79530731,1311.5109436290595
24487509,310.12455669646886
69933962,537.355076745688
65663302,817.0153998567756
12423653,168.57309282336882
58871872,152.12693149792898
58171151,244.51255957768285
30617224,484.758349028629
69106909,250.57637671250666
13212070,627.1880275265531
68351771,54.52336071796401
87624917,96.38889071436978
11970895,215.01165799909114
44431758,1599.720398140481
16633955,440.68895843700295
42590404,60.17660050544407
86953915,800.6623940681436
15250738,344.2284211151011
44832140,108.32074771148694
73698594,380.54722221225563
42128660,397.7832949672586
79549553,122.9794405875316
71619272,-7.991786097136526
42016649,1487.835334558787
61877206,259.1201517619576
56572912,157.438538910891
71598751,519.0476232674695
34544077,561.2404547915972
28672236,1593.931309624541
68689312,252.17417268888448
20267244,72.79235097776981
68781454,1284.2155412144107
27270801,124.80522308620527
37219515,364.8477538812714
12011866,36.69587441416596
98392715,4.917931791880449
87201351,473.9652638478086
14908777,690.0371164575162
34723195,238.80263399542264
27339925,238.99068735850068
65420496,85.45230273036236
40933008,78.12282753494429
47440503,118.77680658742293
94970875,-65.64434025659128
91029594,809.6764449646922
65336637,145.80190392724177
82023374,291.01112126864314
11380763,284.1042582245949
99699540,172.76833393638196
52649545,155.49439138450361
46299510,190.26798696514027
71452565,778.1260460525858
67641699,225.73059083321033
12714684,204.31009870461776
60016742,129.56086004239012
53641525,886.4963682694462
43542290,87.20099073572322
32126954,711.8948395204558
38213318,427.73868059183974
19971849,708.8854187831754
69256669,674.5742585019888
23756854,51.227600886221495
62908704,176.35594560689788
32399173,402.42081624661694
39238887,1368.4973502471084
94428578,392.21072210372336
52458139,102.56693689657448
80574227,41.65726559173294
90487261,-142.86550938189646
31852005,314.41377061699717
24086418,522.7705368179533
82209864,297.5324666124546
29014855,-322.6676018252457
56782601,145.37260357482137
24702075,169.1748221057569
74660449,44.68677311683365
40117654,59.99527172098021
60385260,1353.641881005221
35958980,692.0319169517957
69458629,229.2595071473233
92886159,376.49198257661294
97734269,144.50415592584523
19053695,370.8387228854177
22371112,292.4500569974203
49183639,1441.020240865273
53526975,241.6791390512783
26290335,430.30849588238107
13359830,311.1585129850546
39340686,-48.1407078918009
85521089,239.33287903458893
26704193,798.0300623553081
86626423,627.6027782296222
80675333,501.40326633857455
38369741,273.1176570822716
10428306,324.2271530552339
18197840,72.64072954947366
78586780,286.20929839306586
40311310,396.62508565463327
51507375,242.1863718862694
10857110,265.1867313489504
88736789,260.55294835003014
10823128,138.1058982314206
75933085,2110.4631992883697
87766438,100.64425610709748
64406530,71.46895847159072
33833037,638.805137994102
51715740,206.5801048923479
59611801,125.85188208364701
74340374,1056.1351413888287
55507333,793.116904653161
10416536,480.7956367222745
43556040,-7.943849484483394
63137873,899.2715516072404
70387789,390.3536277164244
29408506,72.51108487615548
38244388,325.86989928540817
26541311,-206.52825573928493
21032019,289.6164231066995
95710332,464.0064946755008
80660421,1660.6160074890213
81086775,18.68506219450822
14692465,125.15829204383931
35590067,93.86008314119346
37534494,-346.56607218502654
46669694,488.7288445560574
68379291,116.20197984526925
28943151,-163.57369437997306
85214973,557.4039904483476
49160221,138.59574587195823
57027484,235.22421491569213
79515834,324.7714020419195
48903593,560.185586358807
49944843,913.689317050825
15919205,531.5336867190327
89043859,1045.9887934037397
22557888,449.16865610360367
45588391,1015.6101659127652
67323319,335.8626478393004
67813677,462.76886872892965
94570366,140.42394393165625
99333664,320.7021035327152
62452475,430.2030856987918
27164888,119.93821707465884
13777597,747.0563057663661
58863729,114.36413503910887
75372835,505.69126217851783
46531922,996.4471321091374
22638297,105.40744045027901
43377425,272.02280377802975
45061752,89.04198576489352
87232001,15.007536537800775
99721166,433.5607540125467
63930988,529.9836173161148
67323116,93.89686383497337
90199043,16.360086933393205
16025812,170.58082153270652
90192151,625.3620548106
85194090,-245.3824306885807
82716623,120.2183892275039
70041588,-7.642694718245309
10909503,92.40080519693095
38910820,252.85480560930074
67605038,-116.50747594608697
22421268,252.28499318077814
12483701,20.916630809657647
99756084,451.2337118705167
72806047,-94.17841055713205
82569264,367.1447875836046
85085562,281.852946323214
51688242,323.9028709212435
67031304,93.76361620789964
67620733,1370.7675102906146
15399183,144.99070446738392
83228475,493.18392320605756
59551778,-18.627502138572822
58024179,625.3676385651437
67130514,279.02131468750974
36292117,544.1001751224372
40708056,683.6247776294682
16154757,1204.766414550647
56077131,288.71958832806
24589481,939.7571637956954
73507348,263.6511270815256
98283340,274.9728264655565
78682956,366.2587678338408
48031966,214.86377845282783
54069937,121.70185311726902
12509398,624.3557870044243
55254106,343.49460472290195
99797445,243.2039232379493
46298966,426.83004057958976
97439691,748.597576808446
77392495,96.10563332238422
20307174,248.59632127683244
99295729,92.73892567340874
13479279,-81.29546153913842
57906842,832.1129105125822
11957267,0.5209759123599156
46011088,-1.003264460541061
40051988,1142.367165857048
76565808,33.77371254285697
38007540,283.1771228614302
79111798,621.6882219383095
44170417,161.24152394249825
81747003,691.2787778644632
10689207,-201.6840365324773
68762949,635.0015023993162
41533253,71.96047878806883
72624609,448.4505060449029
95729378,957.0627579493799
63404247,304.8960011879466
66851416,472.27802404295824
52878792,772.7944675397679
69816189,259.43899838527784
93215948,227.704227625106
82196067,111.26667584909467
65951347,-22.209384271501392
28150709,1039.3052577083104
26445964,435.75546413385723
59886188,128.80801904346993
47858132,814.8016700878156
10617528,1438.93199562789
26555436,325.3362918723175
75176293,1074.2318384691334
15592659,795.4238640976081
17002563,267.29649659947717
65418918,961.5523213073244
50328250,106.64267638972478
29587649,100.62912454443779
58771361,332.8514558358619
11138502,433.4912962311507
87806628,339.52529312299237
92541302,159.21653754504138
20045193,-398.265539719217
53943287,352.41541688170526
72973012,494.6877715769501
98243897,718.6191355966411
50425980,309.5852910588964
53891279,206.7218748575939
12653293,298.027213722168
79516817,-117.73385271885309
57736550,172.85841165648094
68504332,169.3089047758686
51418176,582.6322777985487
52844688,355.5933794584936
14924228,279.6469489137671
17385055,517.2195161199196
48584675,269.1648952864623
84113591,700.012511134005
24176804,921.7916086535307
42578288,-191.8511177136162
22976178,125.96212456613392
59427067,-3.9142353714807427
62214101,281.5142555054762
31095835,206.7041014267258
61084952,422.4126376719531
24538640,204.62614649312366
17397516,598.2992561512746
53588939,146.4899713809353
64801503,200.86650464556266
22306102,432.98967488106734
73464976,216.69005804885813
25265317,2130.2998515251015
67321055,481.47393320243884
52652991,1283.033969795204
77364707,255.74031579091024
28941979,620.1863854749091
74248679,1020.7192183926719
67415672,113.3310356580418
80048641,19.998581332931707
42348096,96.88607657056104
76460518,131.06033372273504
34956566,405.7808119315806
77002192,592.9876848691721
88577445,645.0380053849495
38297974,274.7728263676934
97975641,2284.544501926935
15692698,989.2854216628469
83507949,260.19309000142835
91740530,560.7804360144303
37895673,-0.28749976779147346
19139820,293.2952435791355
89742287,238.48397071727754
63175133,553.2726044492102
52867973,282.75939650860516
16690451,226.15733650859954
37055011,283.41222214553545
17248647,323.96104339901433
17328412,207.83849067330675
63923102,1693.9869875860618
34421040,648.5248357864292
99940233,97.2525388378869
45814646,305.4710164987086
58613984,203.12544168618092
31285738,138.49846776970946
35071743,284.91088297219846
52223959,404.38600711225956
61904367,153.48061654123092
31525138,236.49797843451324
73171290,341.0635702431882
44582195,153.46529073966838
90109527,40.72128684113858
26952082,124.47010777057665
53620380,172.439076367629
94287883,1063.025252587489
77186365,367.2015676124612
33864808,156.26214332052785
70959138,153.69977455653236
52099246,650.7141657903305
22249291,6.558603631134247
48803280,468.41934899755415
89982531,108.71032021699114
64289923,973.7113073853435
22000557,-489.78925998090097
26219747,156.2256101340987
31130738,621.3951454028456
32445244,395.0165500850803
75236281,119.1499836943982
13587715,463.0034539343875
52514750,24.641471403683084
90786271,51.31450447270106
15005065,144.54700347892003
20097518,10.12855812116922
50625868,343.94058602495045
84412981,276.65922668628264
92773944,33.68497465421299
25312123,107.13624236678697
70396417,207.48860576584445
54865863,838.9694272091302
35803808,215.62628187020533
59597265,503.64926367118437
93311848,-74.05889630296872
32340446,232.24060587516846
96794801,25.470793106110364
40380864,160.44100484797514
82007689,186.42724382527388
84851707,57.45425466014456
83174692,244.37520707839735
59083400,61.27559350518729
17580169,20.425752543303474
18219500,-0.04834657666833664
87811781,42.9686488927606
14088369,149.58417375931128
67659430,294.412239866763
42456496,255.95888607091092
87353322,419.7171058455614
13917344,39.186134243948544
19886405,20.38668225694508
77800166,425.21828089585324
77068569,179.08863514512683
88362858,-25.14056676833229
71241476,995.3973874709546
24814654,141.4400024543874
46691706,400.9860961064559
79162545,248.32509873839183
42908985,40.853395673605746
74936566,247.7239979309386
19620916,248.9161246786116
54347722,318.59037517139825
90271799,682.1838237039225
25414359,289.5057314439703
35809369,280.17078597948273
57731323,243.62509438007754
37887687,1254.2718998988844
76623206,10.11604804641371
69954876,222.41197299660217
78180146,2116.51992150687
90681578,-169.82739412892874
41794614,-5.7638430713245725
83295852,191.25834480138582
31156145,242.4954044308132
62711916,375.6889221196749
74676618,239.75261609282973
43248708,324.2803103297066
69180825,277.3804836506912
75624999,343.1934607941388
37667208,930.2710955471699
77810578,539.4063736870845
47115768,56.59176376838866
81589304,825.8979134965945
74472711,289.3012836991328
82711188,275.839604875598
55272778,90.71416569925543
98229885,134.55291353904119
70058028,126.09971430223527
90729377,218.3195833478278
13401279,512.9648647853218
85519612,732.3153617490246
17006769,380.8044356477566
99888523,190.8400748380111
22354297,455.1100611159617
43508583,2399.4615957593805
96795828,200.2979919743508
96608998,50.40876544714112
67452091,370.4171894563201
40571985,1134.3039336005568
15232782,1462.925614486213
86789043,241.37027438571522
14046478,96.45520997966241
45515801,-134.9442607131224
26318506,1377.8614876472234
34584473,298.71265904590547
15369631,143.92724332564444
26479383,20.652020356127082
81346470,192.12830124656614
83197984,-108.07085171949836
70331904,875.7220152674973
78907246,1151.247869554085
42709019,765.9284383131743
97184353,149.53491050359742
35589537,548.6892301308425
83942112,417.0944597543272
58293013,218.5510584528946
78567689,112.40822077814829
88610012,220.80861032464634
68628621,168.36581753337936
51584806,138.28671924173574
29419986,14.00747494237487
21476578,602.1292232407803
77370060,167.87591236695692
33607448,1581.0875923358853
47890072,604.7611044559538
11234362,122.563955919806
70681971,258.3233610673358
45196219,779.9685538169471
58136807,29.18082364169402
21383428,331.45542641274676
38088367,195.2976348167254
57071133,287.3859622680694
83834449,1080.1460821627966
72194210,853.5177658368424
14582584,288.4367234006147
16017322,-45.20384717577025
18598541,350.6066386521994
82812670,490.1927241260711
53563234,397.0269456462173
63779141,1140.6977873920864
70854456,353.20687396744677
83535660,-210.57728836039075
51099419,37.609258600081375
30503407,1390.9675098905
90802363,228.69091729610352
84057874,155.6702827854478
93637941,-41.12608705002134
33888588,40.40339340998824
78183407,-114.23137573869838
88497510,1015.1518070135618
88829918,551.5633967470502
72639649,292.91452966676894
15627595,300.57475077238183
68832460,662.2843718372338
31734310,-48.79613706742231
69212161,240.5237366874627
62980146,82.35178123081118
69972227,675.2557571115974
53162285,102.42233523771097
10963473,166.72026985269184
65276908,518.354211672809
72611634,397.03996693677584
81292347,445.66995258464783
34705944,660.3844110853701
54322977,203.55710894072644
27155431,535.361992388854
61373056,437.58136254260955
64530093,209.30964515901087
44187538,413.5126517331961
29110806,111.13016005015658
34026881,949.0037962207408
67734035,449.93338415600135
90355788,188.0731775890069
76930932,368.4794792978356
31194080,229.40574136218925
26948420,822.5525317397882
60117998,96.27335663828887
23540580,362.9608554931011
29255361,113.95825173481808
47322059,572.9487773991801
50570727,77.82912673667448
71874386,135.84900717751708
27325447,227.56295397453698
92986477,386.89917288223785
27856293,49.61174515497356
55159001,239.53471152086138
88660196,203.588522004102
82148252,-19.45509542583642
15421314,946.3304414155751
27620141,-37.115443605552684
12348320,216.80680874081906
84344897,-80.06227952657855
10950855,90.24763133828651
44290434,401.6737108378944
84843689,306.8805010226518
85814690,410.57838711209047
60406086,298.13776067187416
35395832,67.9974309733183
54621645,724.1483482718339
29154162,242.54673977853543
40230589,490.9524744529341
46902130,335.46020576782405
70579622,92.47776507918661
86272378,-0.5233353149610025
12294631,176.2213687076483
29412564,612.0127018769402
88089176,441.2649927978355
91193188,534.2599099196775
36523137,312.1548197502112
54050884,469.0435419410061
19187985,996.6733021204983
91884750,1041.8818055864504
77985469,560.3513242006982
19362736,1554.9857015962348
37641826,112.68699975317998
17997673,62.02606809888823
12296621,-80.12459906644347
94210085,-95.38930872164354
84475360,243.6195576009804
44450631,125.91413117163319
96917819,572.3773859529451
76581579,405.5869603259731
16376842,89.9486344217737
20378565,523.98457526259
67149501,736.5556683712049
74149592,-104.8293395159489
55437574,209.5134430734414
86258875,231.61285921787066
25154125,1025.167693162673
64289878,62.19333411344775
59484061,-50.968605396916814
39600891,877.6260834295457
40907835,64.48661411500927
47183606,108.0144892428284
71132260,768.4162383985243
19424487,981.9944166837892
35720925,-68.51789144714309
74210516,151.50779180167422
53089641,91.98521231808729
27778699,220.4889476636418
73489375,327.9003051871345
46042524,563.2079030488619
59554727,261.72910499798877
31273971,64.81066618446312
31543147,-462.1024553609534
74490349,108.00537380920161
65190591,765.1697852551407
21122660,392.5367370631219
54597323,1558.048766683225
77569150,128.2928008352602
68093533,743.4363661454321
87099884,78.10315569156069
64825958,928.7061050635513
27545112,462.2234241235725
87791632,222.87231010175088
93384265,448.8591129099858
64047299,567.8467992972008
23357980,169.1234469265632
88585802,991.8000286563716
26754357,199.67054156709185
99964380,172.18605687500713
63611208,825.4267182648574
10618556,1303.240311231505
12155276,153.45539518522014
56528554,632.0427067283496
72203638,455.97129894421994
48174886,263.9025562541334
25749233,336.0879194445582
11912269,25.396857547274635
14181748,945.4195167940799
77013810,686.5877194426286
59885886,207.77790850652104
92982194,280.6583645040439
88065861,634.2211250698545
14857189,104.25125334475933
60358916,561.1144226772653
72265262,1308.1490482109775
20471623,2476.2439870657713
88951362,169.45511272100322
22364003,93.42848986292876
85137999,492.6907548095388
84176549,360.1623642979713
25849299,131.17602620290035
21233903,68.69125120156144
95963515,226.1466409109953
47630408,363.1680256164186
38763223,368.73253124459734
34812513,69.25805848672678
77372953,1017.7221844035033
74724495,242.13165207224728
34162435,279.1943092375983
60046268,726.414375969348
19475755,182.5165232353716
89620481,1810.5732096679403
26981207,129.95350698450653
13918048,378.9536350556931
36590125,313.83227682886724
78119113,112.4053314572871
43245514,-58.97796350479615
88082339,-156.88518677065218
62738760,41.8052217637142
55254407,19.889134998697443
85112378,90.19583622554558
40490983,93.44110377365547
44048989,495.8912221727718
15551565,363.64241268533715
27681538,9.826786210592104
98232104,-383.1615168077982
14018289,134.5162311612321
82522150,329.44912234679555
65483357,71.46720086110872
94158408,263.7295148433526
50266167,150.67638725423132
28805175,1202.421532582437
93929668,816.8359195019448
15540290,148.97386094738079
98661090,742.8730227843213
50074109,624.2391987825268
85017115,87.0810860442881
99914220,832.2394661585828
76334714,69.23207554507573
38140938,335.54954338810205
93933852,448.0273599118774
13190892,1025.2870108691159
67747085,420.24650799682854
96389355,479.50758302909423
42380180,487.7252917008674
55522772,337.73363837795284
18839853,-1.6764747027991689
93030803,364.4923772753609
19574384,140.44479780290493
17501488,142.7766879600673
92757638,285.860204907324
47546392,166.4285374494914
56569095,50.61005670231776
34392418,1059.7719236624876
49367171,393.6532873973771
37669142,279.8886658286
33580264,471.84602268598985
52617381,293.0927257272685
13011861,769.2325973651556
97498208,94.17381051224214
53388262,99.01604324241941
63018369,189.4082407158548
59266953,99.32541210814998
33256210,-79.02861903628269
26585585,487.8754314076331
43342989,810.9512792738477
81962175,171.60855379594904
54752385,66.68304483235363
12906623,332.68368476960734
12144505,393.1005629930702
47329191,278.50021880068556
35302686,168.75402334681274
29541158,617.3844642275475
80447228,112.79903364606008
56399590,-14.141669542681655
44327442,548.3572195219998
65756284,777.0637478555949
13967851,721.977202617641
33766889,178.02829429331416
70886578,158.5487188129718
85448456,857.9281620697608
24208719,763.6957917919987
72059158,196.25368032185446
30666083,312.28624181501345
45090209,351.01629838417296
79520644,822.0438111560362
41015799,428.7382620524194
22610356,94.68943743290231
46940244,148.19407363407862
21443863,10.08543677068161
63769088,267.28524482227385
32298027,265.38380646867404
26046152,384.5065539365022
60326272,201.22618205100855
24693880,57.82792511209732
18317166,982.497659404809
64265688,305.7180075606592
27910854,268.9106158224054
56810750,-16.544509200116295
97007881,488.6530530448225
90317702,710.0183645823546
81231529,115.85044751361181
85899649,191.9868076554602
92087175,153.96148193539966
24070483,155.6124908025132
87629146,426.05228926027496
11101794,480.14662818308227
67889079,795.354531682397
25576186,164.37416157377834
67657245,204.1898586961192
74992266,-297.9647057393281
83091668,192.8868364044556
41547362,206.37974966313425
75141878,372.4227530907182
11562295,739.1511315985546
23748006,697.978798039495
89825179,328.7439853943215
46505766,2139.7472978591877
36098274,227.9204681620646
61326956,1630.2694208113521
69020339,277.65233431854875
35844282,511.38257759194823
86014291,108.600967914958
72500654,641.536007556987
11567986,-170.00833309974735
95910506,139.21369685249965
73565600,166.59690117799306
83729347,1028.792898739292
39689433,1403.4605948330095
26513864,791.6893873188926
20449852,454.1454069810196
10382065,521.366378134565
61096786,317.6941160565937
40823824,8.532508255032695
95687753,461.68213637883684
88043962,221.6793154945392
43192291,264.2506859878835
18631499,795.6646140448175
27194752,215.96987309493966
48023684,356.3141587855554
76180232,-5.7615833558033955
99345059,359.29442349637793
46554999,439.0824224485526
57537267,-0.9163402115038366
72087202,-419.4843194222665
60008708,621.0211531795067
13534295,289.4318569151029
90971189,111.92075521369657
55662480,173.8520608326453
81189360,467.3573598951689
49401774,295.0476764230161
12131946,1348.899824457359
78732926,614.5914511395367
38392538,987.280831353309
64273801,883.589800479354
62858255,551.8614642999411
13288053,135.40220756921457
80940080,174.20305761487543
73197703,136.91117607061926
88918806,962.6118419524647
45088467,266.6123609276574
42105313,380.6368917254945
51515302,20.638484454841176
85071892,545.5138363103378
23401512,11.735541991783862
70514922,191.0507824919273
53367560,446.8237660192864
30799466,1127.735028138729
87442307,272.73535508211927
84081332,23.534532025052044
87505658,363.30502528961813
10151086,282.4087387403655
19254776,629.6445289692566
38019521,659.6271273065688
40151098,-31.51534827039353
75965212,781.8038680322064
38667600,231.59680765117582
55646285,-73.50716748662012
35548301,262.1030560827669
18737005,326.6901764886835
76771390,702.2611031402462
23778594,-25.349053041471905
63739797,138.71178910726627
40559434,209.96321554829086
15970404,469.78128815602565
41963393,301.4722784172917
36850376,1028.5688792868168
30703622,136.39227960649578
53681130,503.3312040729394
52524172,432.27436747767536
78986568,426.1295204173299
60868659,331.1459089613825
55970571,167.70520337119495
69603000,118.82947987220996
24475423,-51.61196589029262
30105284,264.789000442696
42638975,687.6000980196412
54205765,407.8482984861374
77026950,465.91725554121194
55738198,1468.632051429698
49309757,296.3928118640633
52256145,496.931916407225
14972722,467.87546407851096
47613103,223.99680686577005
31244414,32.37915846858357
67669646,468.304344639223
85221335,118.32311762457795
29598209,397.9400118606096
64960038,160.66167218601015
36072721,284.07567958223126
48855526,128.49795808184984
40290168,227.64497080627115
84094689,8.935576672432717
64780070,-100.81433565184125
62238032,-589.3238646436406
44102009,391.41124869893997
13443938,369.40526715929616
27288438,389.616314225839
26505769,691.9654072631753
62425735,-12.086514300047412
41742405,360.30099429472386
35508108,151.2234026611386
67267851,323.6681577492681
65786198,741.0216625141148
69652252,-210.69559615307548
78338794,877.7438887460561
98205508,338.10550246526043
90079134,137.46322842124016
89240929,-160.63492221519203
59365630,712.1731919269741
16423455,247.79071589684764
30410578,461.8536811856593
41943183,312.99466574801147
17181615,193.7472687840658
31537031,58.18596450109419
55634963,241.43788854882774
14790401,265.90153777857125
49470022,276.4141389184666
68137744,407.7817958682248
10800640,162.21285594159315
82878129,120.6415741189324
98099360,87.7531638067087
36414556,109.52109936128494
74858657,190.21051058498102
41406039,22.364824042106022
67297495,273.8509331531425
98019387,81.03169892518179
17133275,606.7529917964514
44434588,680.3786873209169
23385843,341.02135360854163
51805988,305.6808991050805
65443150,144.3344743974277
77624321,1560.6903197579277
80056192,725.5494030559322
92008819,50.05844641464728
78973038,14.021629034854072
36356168,372.6333245203733
23051465,484.6298960324202
18225590,506.1293022874023
30705007,531.9181626595129
51916309,239.99364544759754
49014177,219.1402662287869
46939883,-55.8520234609569
27552020,28.226694372820276
76064439,599.1423364503113
42732794,910.6192163015697
78185687,372.8040189314478
37150067,411.8151567340793
60216204,1134.7612035826742
67861895,158.71629279213863
82668831,35.101809939682084
26865256,680.7315566811677
20296005,491.6634775923784
91164112,639.350870562681
48751412,129.90065462063484
92672083,313.9194051061943
66451503,-52.531834580288944
79223008,292.2104268420331
86295795,45.98355020604663
12188395,1208.960430693724
33148873,322.3014670708394
18236078,164.51832877351217
53763750,409.08700595803
90278346,251.86046621263506
23921552,1213.4051164413672
60806947,390.06246639028654
87988487,-177.6690986313198
33594333,117.38087295263108
51767697,231.0786440977963
76176593,274.6408495445621
20106678,473.12272086622136
89323122,194.74772218229782
15084276,176.945300812323
46737280,478.84222384581597
27725859,158.79520052628925
47502584,518.2663475605488
89375361,1340.1932250633718
54279167,472.83216933775486
62834953,128.18455020222814
51358955,162.85888687439387
43105700,338.13847004260344
71610282,505.96537412159444
79952909,433.27780245862607
86913278,480.51306931823876
72344233,111.16751412129963
41143291,331.3903454900901
47312733,398.45213509196753
73376655,674.7164010790433
44219943,82.87385060669641
18665144,491.2081356380261
38016360,255.74646480286054
50277432,276.98307147089724
14668690,291.1978481007498
44041678,330.40940973897796
68597599,505.75644229489205
55600173,-157.72268223588821
78109218,207.9554301962138
43432402,35.365379618647864
57793276,652.0319784403389
82143513,455.30373526390485
13373907,193.73141970450996
78336625,576.2953054091853
51821030,91.04276778839454
57620512,389.3331952577479
94840760,805.493883505369
71866671,914.2164620816444
12967437,518.9041858884432
94620585,429.020619538211
45148967,377.9246687326423
28096166,121.83693068068118
76948857,833.2047215083429
44584760,159.29189207207463
36577484,-103.91191772271475
63103602,328.97361160416114
15647671,627.3537043006246
86020607,-15.599673825384116
80235014,101.6986874583315
40496834,537.4459242421228
98549441,363.8834246064881
71915619,254.5562403101771
27813348,486.8028103536943
48090735,274.95963969256974
91818207,470.54850407277365
12597429,398.6923152423443
99318296,201.4343792074801
38085169,218.26355900977728
38823071,342.34099456685806
61630311,136.46644153405686
78195551,629.3590996301062
88131419,201.39717928568717
18300026,891.1418199214094
99585455,495.94461049752454
51530595,612.6256910905767
94166971,111.12055958094447
13633057,539.3349444611498
68298368,300.708611780707
69215865,131.8179091378887
30064972,227.65204777394746
96997224,33.95595368471487
45138943,246.10900469916356
21749235,604.0095040480611
62856234,381.88725251823723
23982292,249.45852588303012
17686144,436.6244394951219
57256437,574.9626242610808
85469927,-8.73564812644588
14451732,471.17172734854773
85268432,1085.3455740556205
64602955,145.08493879533046
74101500,79.76580625321094
80083521,514.5718755439544
11433359,1467.8653966704446
99198713,574.2179412308868
12281135,387.20131600169896
60094475,766.5152127398779
18817746,259.94236809198424
80803307,878.4071150671056
50415370,-26.68985195623742
65098425,184.40909260288765
52785060,73.69313780793823
76797423,-4.051405891310765
57752962,1124.5606940333564
30340212,175.77035245735112
17309152,219.79026904625118
29046975,84.12397125246292
58339630,131.65724580570264
38269849,191.8795556362419
65498444,33.83781980412746
56278811,531.6913562995971
65904109,25.90930148173004
34436387,143.81736806792293
83162633,170.67809777479522
41922575,1109.1934207076429
67606284,4.34276464792876
74148614,3481.779866361937
31898202,751.5108461695721
12816787,635.433664258927
73390625,214.84314116307064
44602780,411.22466607198464
59497966,512.9725310339749
33304284,363.8071008694901
70931726,136.1928612296357
44381487,231.28686029799223
55483533,103.73889706338741
41096987,420.9056246907239
60844342,-144.84664657337612
46382270,630.1525791061418
41975761,633.7480929462209
20086347,191.20056637983964
82572177,440.9664801463987
27871083,422.6980244668878
47060550,220.41480220338565
44062914,250.70835089535103
29352791,95.36356240848517
42368060,43.19081837483881
83186065,179.0946902052034
86750602,387.55747843394
18043718,207.94896972610218
85319365,434.97390563285194
93521329,189.2649409196365
68774400,1797.2323752751
27686846,278.58942055111964
73144512,294.833841219537
47707941,257.06511920887084
91947483,298.7412242030218
54467473,384.2837331759838
25827075,461.06875363163874
99472188,808.6603855093738
29814538,122.07322547381438
98588385,67.06034465506434
15032563,507.111991645438
73738020,84.63302878432
11480212,156.39568904958094
75221745,85.25506593863815
19968090,960.1328627953143
70404205,-16.722947104275136
68659791,334.54427375140256
33092757,256.80171976821794
78193594,38.817751435220885
98198145,579.9975431420281
99767011,642.0724926587685
56688046,65.84635971089659
66475382,82.5426623209064
75692782,1404.6589686043776
26808729,76.41528858729873
32171695,102.5176118979332
88456703,426.0422970386252
20999557,745.7112940065219
28934979,41.98978810866373
37107836,-101.85350122558907
50278467,6.203658092120918
61940174,648.1476683269947
17559774,249.19058586261804
21430086,310.0542084301104
10776426,304.2226594448366
98097088,30.868097997209077
43113087,212.01873001216921
12862019,255.53831884458373
44592366,464.5328888503577
96886172,496.2163479896932
96480201,133.85962689907285
85983502,524.5320163173559
23038927,247.8857951550272
53573032,-22.4945742280197
34553934,353.5462572330997
51249487,226.1288636120765
85349173,105.99674384590202
40895869,242.6929753944862
99256510,-24.194363518088238
76469230,348.8284865792481
18165718,632.1902132590363
96264289,182.32978351831616
20452221,63.018672611402195
15739031,288.9030030215198
75157790,422.9098267638591
28901434,205.52288712961808
98941473,98.61007770983042
84489512,611.6596835744219
11168890,140.98238885474206
45041073,242.66192651529127
85582491,236.19988240310562
14863106,402.5408117779981
53607444,146.449471686349
39640829,195.58174071385668
83896205,674.0364273462366
66887097,-133.32812097011617
54562627,176.47102157837764
60923346,521.467933730226
85626709,293.5096175771822
11687354,239.2176532317593
99055900,307.88797909537055
94176139,297.6584888378856
65142810,1038.8262578593453
21025866,173.00364446870356
86231352,594.309581918776
94223565,211.8062659368827
53094412,325.31081010469325
16579300,188.18122548761414
68788821,81.2537008215084
22347006,111.79868919829386
89447420,254.45044330506488
92132840,960.813057034953
61120099,142.2026173938636
66390529,352.4882388906427
36752526,334.4562971810943
28673093,29.205998233269668
60187719,22.0129016192775
47937195,373.96003088862574
18528428,1233.3682387824033
72855294,1107.5886271488725
77314174,410.9753103280174
74208091,298.2233049989513
25265856,409.85528085639737
43541187,923.5669542320117
22027673,588.3819583172423
39533389,307.10315836067514
28548263,1121.707726127735
78891989,87.05258766482376
68562696,771.0689076109694
45297826,480.6552979596439
14532340,652.3134001659897
42487332,572.4671619106049
79497837,299.8934108753227
48787566,382.59932406602036
43024895,127.03903069606588
54043001,790.4070297263546
18517095,504.0305263336768
42190640,1495.049119059834
81702926,1408.409551108672
20584669,21.083792948320365
48104361,382.5825818716861
95781341,237.07807728303408
42595500,695.9148669063615
34081689,232.80537580398772
18465181,102.83845273127656
87028165,96.2574925637411
25157413,-203.66990154067605
33500861,265.84355472501795
22501784,272.9036961794309
90954690,219.22613541627146
12079890,710.250029429402
24560931,199.48146513523255
57180097,187.749824747278
53805689,84.24888142082733
54653374,111.49605616889812
79714919,229.45348337968795
52629831,135.4685827374397
30315883,2298.3130647583966
55900800,90.64821482060904
62528560,223.99144608120662
17439043,31.04313657701607
64302335,626.3988088952741
53498595,-40.321569140522
92248005,130.43397458116817
65132848,1294.6640582893929
54712644,47.16975936172594
26501578,1224.6940119510205
57973578,5.418157540353178
64849387,959.9926395790388
38331875,209.36117599884676
84564845,80.45404554417507
34335614,680.7604835520326
18851658,574.3973714453408
10997678,284.580556083374
40768250,480.7900490577571
47646719,335.1109800217388
92937467,815.1285544407056
61661397,143.02793795502123
48317061,216.56963411346078
97216589,394.0835589734148
39977323,338.1354717212805
46445975,1324.6338796207488
94283551,238.6318973557075
49677766,16.151600412903065
85991335,-23.711432028797702
23059563,10.301447240972948
98641777,793.3869735110653
62115510,102.83571362007729
63322573,705.7288679143527
88463974,243.96288822423435
29063398,497.96521519963915
94756964,1132.2377054743338
84286445,1366.9878778183029
86644899,1889.1251933849198
58366829,99.32327215173166
87935193,523.9379558989204
65710078,138.10227339762554
55211028,902.475350599117
20090342,342.3274209834557
17885846,559.2554595703676
87917108,455.8820605354871
35243872,288.75201426885144
78681572,776.3193178471678
36496663,435.83437286336357
88567292,677.5875204610114
90883683,586.4677759449106
77163639,-505.8316083395199
70680981,2345.619185305582
72230973,40.551793864707975
13786940,1241.255165936977
56650323,336.2764795508673
67337097,-81.02005204660429
65297160,261.35433933807667
23393351,146.9363816839649
43711949,-68.5459488329335
45998905,202.4050422158798
94413146,610.5185578499612
30684529,56.693366762740055
28147355,1449.0072792223705
14737001,272.1065456724733
55758535,173.73980571885073
95914131,-129.37504886592012
95400320,163.8324138911002
29157079,41.55106413470631
34838551,37.03357352008891
79573538,19.245314107563956
53853858,857.1074792621861
46958037,597.1394758571213
40355076,1224.6658632984354
79162800,105.51972987997607
61449541,65.91234539159956
68870249,528.9389920106428
13256146,-38.14514534180091
23687793,13.431812142558442
49330994,-902.1185507345905
47955268,466.38102318137237
24572229,314.1532340941713
85493065,152.37390801002175
95994562,128.7376448442618
86822089,-45.82300711959931
38878729,279.3573555887466
83459912,244.00257827250374
40295244,250.0135053317208
95702507,519.7170963556098
97865744,523.462533762493
81724417,88.90121914083596
22296895,623.5368333709044
25100739,803.5550588117145
11994578,259.17054320882636
43823713,277.644429669187
57595389,136.48530231984546
37162594,913.4982164723493
51432674,674.1937806692657
96977947,456.8813647321916
69353041,124.23716255303077
97471377,489.5691472385422
78888703,774.3605701358923
58472902,756.4018994250717
77647159,304.3275211081362
63649430,1018.6033971986416
11295973,885.8500871902121
11886952,1190.923364719833
31115337,280.95747454234964
53945582,1838.7731322334025
73391100,105.99638329230208
16170017,500.9625828848251
96391937,84.20042994024107
49663888,677.5539888140453
37966282,636.6877579206863
91789209,671.6316420250035
47228126,386.83349406659465
26588476,733.0543672879124
87591569,14.191883979308955
15315145,225.22381374866995
70198893,516.3359267474212
61666968,20.202333765793526
22175686,97.09544760306363
63396595,401.06992634221285
18727617,618.9678013927115
19777468,366.48164383121264
30527873,332.1067479717609
95114158,-9.726185367690618
41739701,407.42546153838225
11369670,145.70885451696455
74973026,278.2030804686006
73622781,439.4407267392198
52281834,170.97898069923156
16897176,119.2744823581271
63339672,973.1842794089004
94319057,152.42972875104033
89357552,67.8548214847068
24886317,406.52463517941885
59666869,1146.0521563044772
72430983,519.7137055301461
85345596,905.6131532435917
24218852,77.41613277413433
82044920,222.54290469887218
28204462,806.3382402584507
25544623,-57.00275706652417
98645538,230.0839880625315
35786181,996.5874037135653
56759514,506.6851136178054
94979414,12.715918008139738
52508190,356.9726185174135
49317061,174.7066281218668
76293520,154.37423289309527
67067662,-40.117872545203625
11847526,104.47582060032687
14139283,296.97076733304897
35602964,465.3226071312391
61092334,100.74879608987112
69270579,68.812668651477
47517321,476.4637332609351
10542988,252.16635354912194
66912082,134.81827967836563
42445139,1199.3627307415009
73053729,303.99410586556866
96699423,216.60586806931417
18843679,325.81392019050236
86433075,186.6533671595804
26883104,1019.9456906507063
19601132,13.638520154510502
37017650,350.73067868747773
83138933,85.39218222063704
73247661,54.99299463380214
59307450,546.2414464213297
31131827,249.50416377491172
69966233,1029.7488389272298
40243877,806.3755176514576
41951589,311.0574938133281
36031262,174.23118804029235
42623413,457.5198382583427
67891203,426.1192432484755
51970188,130.64453808774033
24213498,975.4764987248378
96242069,193.95694356808247
41943430,1231.8110353270094
89189267,1286.7589353033732
19898345,-5.72051975893325
60572858,609.6769413525539
34988552,201.36054560323385
91110384,417.56313498321936
75957507,341.40942792902285
64422949,-66.24399301640011
93823627,20.274316276857633
93745711,162.33714865914396
17782008,132.3063304583457
40016743,571.9345287838969
78676337,208.73289864580818
96591242,107.331692110841
83545822,197.24240532603307
89501773,725.9035481782188
19293886,119.192289677129
58534753,596.6813544024761
56198063,338.4921160205871
60777659,-92.91937867729467
65431978,151.89862807560172
94604898,66.43796876850195
76197738,770.930492170564
81980523,421.85066930108894
41676275,38.16409909908418
36497965,1200.2718391610642
23177824,53.429255183202486
85192608,92.33086845611462
30289672,165.3898206065262
98138275,620.852009385729
57817320,328.018555924963
42234307,1307.04235628995
35893634,221.28794310776794
18195993,265.2339149858663
98403244,377.2427068248003
63004294,5.510465007922761
54567579,590.4447038409659
91568379,120.97708554270378
82476880,150.92566997000068
55652262,575.7997139667863
20373341,171.73155451638706
58632297,328.54595368283105
24786934,902.3232833571939
43722745,63.88502728281918
87508719,367.2798804817904
80752603,196.71066051056619
16698668,870.9724977751576
78798734,357.6514759545371
18461999,465.13645064801244
81299277,591.1176759012208
91417891,174.9298193333376
25190830,740.5789798980801
73164327,204.6788651327878
92759943,433.39420626275626
18785269,51.70273202853528
67717385,153.82089875254314
68136920,-18.53761571412076
77810360,263.538495539575
62012820,277.5451560568642
55983128,119.46992088836282
28119370,222.05841112829796
34978717,125.09294051676198
52374215,572.2379432038389
66651771,658.2939999703522
49306420,803.3957615801006
57524470,741.4125583460612
50884173,117.11926074916886
41477733,231.2319595822948
14875840,276.6397348065241
11186021,78.10405843215807
36355598,811.7674250613521
54557949,-112.62308487260026
69426516,136.55951494660218
92092667,280.7261533108629
52668902,138.45797628930302
63561915,-235.90335867897136
11154750,93.6122753417377
48765039,75.7555699386262
91136342,552.0445351449434
41265217,1082.9334333766724
25331950,47.17465229878766
59339185,78.55782941103206
59925803,170.34148904276748
15169957,772.7310741294167
14437249,954.575369142454
98971521,144.89975932973135
26418410,45.49087987130372
85892267,-42.34947870062791
29358885,348.3651931837552
90069301,366.48734873292244
11408026,106.89210378904164
77952900,438.51151770815716
83752708,609.0361197782468
15243872,176.94187200281272
20649757,431.1752473014968
94157069,542.9472977184397
80138291,373.6800100284215
79658232,55.20318399990114
20876663,209.61550468526264
66248879,206.94298226068787
98196787,334.6557488177194
11070217,426.76162139598387
54123194,536.9754698249249
86862821,693.2823280671112
40252559,-478.5826325265617
60519623,-214.75384229794213
11098932,246.2882321269837
77544004,303.0543857816888
43855714,-1.183103351222087
57112829,-59.57338998768216
69104738,-84.159674293938
51426009,261.8202145216835
96759585,967.5608288441273
61695552,674.5543460310574
29335973,38.35150866874568
86711404,201.62256682907548
96132003,1606.7946759036822
71930157,619.4210092682639
24207989,151.29410717555822
81239737,199.32312988987758
19246532,16.513515895669798
12541440,192.26853159591747
10876544,197.3014239489621
11012723,339.8723368563002
38854043,586.5867826754001
78679072,324.94565197072615
39567200,223.6311717652331
59107952,291.81805131637407
79981461,164.22592900076012
16385065,182.94668103452858
42418677,524.3619575132631
26750207,133.40241313702097
92430939,328.3370595847605
22967094,261.7565293667185
40195159,288.5961482939427
72466218,163.46858735382966
34482136,243.81358380047755
13940540,246.91137205685936
22725269,518.2515894598772
78995555,1160.8188104067076
73638726,151.6867029164605
64722395,204.9461069358984
89563722,634.1308455893901
32568591,198.2653785040559
45801232,32.51693709979236
20301291,994.2670707209589
40244043,266.0661436206575
64129406,678.0841616724637
72297320,247.6762279974463
13456518,131.6053615406842
27325248,54.7204653990878
33468754,-55.42556760180315
60910395,151.60919834336482
32681832,715.9522478876628
21428869,18.75309345287843
86653666,247.1644918388971
32786522,587.7335097895541
64027869,430.9173093827061
34126567,29.064835565713395
42278394,294.485203846707
95376056,125.10653980710492
99562015,313.3717559108841
15133980,671.737238874363
54026308,106.33447460116776
76441994,-14.715251517325015
94110128,2.256812669914268
20201258,546.3828097117147
84604326,100.81802268759304
27309117,755.3130070109652
85307886,379.005122198438
68918906,1652.2058517482542
16328223,264.9042342903855
18599779,128.73139389451478
54032168,-35.26381451576552
56206271,517.8211873160554
20991939,233.7704651349727
78007881,124.36850516856873
43136632,327.4787583941061
26961880,1062.0832693675102
59246484,312.1005574106191
97485255,153.30695764635664
21548886,59.49442200105801
41405520,171.00185038812936
17265204,-62.87005832140642
57594370,67.33091366396752
86204456,27.841196908014638
47896500,137.67497405292505
49072175,286.3507463721789
57819104,776.8093538342938
38029807,780.6429532293602
72219430,1356.1557278483933
51835434,112.73012257035094
40820294,719.8638087003591
39676991,172.82302517561186
47329975,404.8325497492941
40515929,411.6379648579982
49496398,665.011626341899
79829278,4.0725336174656945
25676253,317.0364482254355
83511561,328.42233246658907
97282391,106.62719160618497
48159381,966.5547214228326
26133617,264.23882659498935
14830790,198.18236251122528
38458641,327.6350266322032
92902816,354.6543526396167
67366474,918.6145743539977
12931119,241.69715203589624
29119450,567.1385302936586
69182586,342.15687113666934
95601790,639.9567369685168
37235321,218.898546585188
18453791,2007.6675367176563
73959998,103.7947812859021
85145437,159.04362715678434
20490331,118.60448627255863
40505076,224.36533151598968
39895736,2669.9681146600396
36927127,645.7553551831776
68104733,616.1916226591138
65498526,296.2842771334565
29077796,87.6263342542743
12700500,596.4157430865981
23234787,159.11627036583832
32248328,24.367623030145296
47710917,967.9713866244316
53904169,167.9817506603648
41795394,481.6736237146645
81931808,272.40002797689544
89546300,-2.846399466803007
81512800,2274.6260096253745
74490322,135.70319261823965
77716971,529.6397784425952
76509280,183.84878535163784
86774198,217.56115109503082
63795592,168.97473409632028
15728342,744.0858734703753
97525554,599.1959289219282
81201227,585.4865562083088
98995752,194.42023762963134
88336972,978.8772520365079
56577963,75.60995700729961
73375002,-81.87887806562196
92846400,295.00620088294073
63160455,713.6270594570975
31277941,237.0959270247339
44244750,85.13997260654111
46198195,903.5555496102035
92939641,810.6950320892441
97399227,-90.61397519830689
32829265,7.638943270754396
73813213,267.8718391658912
71142772,-346.7908008322195
26186456,1027.4030620479398
86118507,379.636643660083
91253288,98.0808805656568
16739260,16.887081309125563
97712970,233.44530480867536
33709101,703.5752816874125
97473173,72.48308567843657
84445365,44.83624380751161
33683407,818.5049663456817
55156833,145.05046253762487
39198647,-127.14287314354289
84859914,125.81952785033474
42321053,144.4871796351427
26496602,-105.7633689305153
87373088,75.27887120369564
18576200,594.7584983488811
30304669,138.08831924839797
97043852,395.91536201694146
65885111,354.4502571542339
67235670,523.343281237474
70791484,170.18075835692076
80687580,117.65025166289468
15865255,497.96938223392283
50517128,301.7034913377754
72791395,511.07084273145745
43267986,134.36115107929174
93567577,506.4373319576582
15107743,68.25963645243434
50225644,596.2477882189509
50174181,944.6490872345518
41401409,681.759061318851
80395755,530.5137653500539
58616743,256.12357431229714
62863764,905.1597197521947
54033467,401.80712982509317
36905471,26.823529992831595
68728934,293.14419564082925
11399296,238.72705129540338
42319589,204.08237348777072
71193471,463.4832442284761
67728154,416.9361887636355
99252537,162.93152749397728
69554397,282.81945494665064
57406844,928.2844494312243
17460622,1506.7509641744864
29136908,285.0154431942211
88836387,310.022294125201
56749521,1033.6125745396444
42038296,944.9673878849384
27575312,706.5574777298716
27787635,-116.08053780499188
22639453,1839.936284219421
95074248,1061.1836693822747
62398547,65.36385368610581
48210895,907.2484021265878
87163679,-0.7460572354161457
84638479,199.55767368453678
74277222,727.148408017745
47124707,70.79634522131437
29597912,601.1458020390496
73217471,499.549010600167
54203733,772.9828266904234
86493934,278.54342844274777
50925419,333.72349083224265
36161210,348.9212526633247
18638157,85.63123832993375
95763224,335.75821623555885
92017449,375.6674242572507
30955049,48.63508169765237
88464978,540.5231609280457
81709003,252.3226507189957
94640782,6.201017934155402
28684873,1646.7555933628023
82032258,393.839647215952
81929396,123.338904342933
69137949,1724.6717201049823
58556748,396.709033005385
83494716,547.7174518521355
51219421,787.2999484203405
20118968,236.99555789786848
56424305,651.6322526774924
91040440,811.948082702312
82249910,556.2866019724557
65005094,907.371709709441
14333847,367.7380637972857
79940622,655.5099904126499
36407377,40.580402261282586
16485177,84.69675638953623
19967320,119.37503940309875
86757224,146.066742983815
47859734,50.41364817086412
15329881,186.5766552483293
38097629,282.3070888306677
63914375,646.7972103138903
68107359,580.9710475512272
30898448,-122.57073299255745
62098958,145.91325922101367
82555231,837.6592664813869
74537472,634.231304280186
53883476,829.5547551003953
87349008,302.6714802684045
60387770,98.7424303689121
76029782,549.4533254444387
17330605,259.11111752436284
73592240,576.0727523956749
46762043,223.39194605487262
35726404,594.7123074108084
19188826,86.61799943101772
69934099,2448.3236035525138
98236292,74.4506392218006
66601351,515.4453293568705
24082367,707.8627654721342
86399833,1070.8335054340878
29406161,382.8286028621891
77568118,311.0897667558078
68454220,226.66127722825956
20326815,898.4468386511156
96392075,290.59456471996685
43846930,1519.1719599858875
64059970,149.1968876130423
59660323,92.79410219723661
30664289,-79.19696245836332
80504110,261.06874699500946
69214158,485.8212438651416
37153701,1184.8593099755517
94463524,185.55259041815725
27069908,-51.582666288915675
19881454,860.1784865298024
62073736,553.1393820173627
81301863,200.84918822187728
84692821,439.16797107752404
18061173,941.3864420097494
20396165,232.69943094684476
90290263,18.182928627729723
53205197,45.95638717006801
71639333,1093.0056267299615
26581527,940.2644229257168
88753189,548.3593684347758
12152481,330.4252994663866
66369748,341.37734284954604
31086360,270.7943647857771
68141078,32.60315027941715
87072389,1.922469720508019
97229380,111.85435880620815
14239930,65.41993513022788
47067735,773.3189345973348
23013670,720.63893581383
91166617,523.8568157036667
46464430,34.737311596192285
48307993,222.8380785282178
65322743,262.2642495600213
50086685,657.9547020851713
65335801,195.90978222803204
83887090,88.84340627642524
79333390,499.53850187862497
84490520,250.64681859303903
90753494,1844.7332230433935
17091898,550.8302131706397
94064213,1017.0769247940631
76172003,240.19442594083097
36639874,-68.03063344978275
93190659,616.8842085656413
77671761,99.40437612947261
64459243,414.1637209895847
92415904,21.031446132021586
22451687,284.11954613334774
99098676,410.1942414273184
96250656,80.94759458619859
43637666,1124.3124098287585
87755511,964.1932310691733
39642098,609.9993009160168
29533984,160.26818068750674
57860445,232.041607235284
33335103,76.97268318237775
40928352,495.1988909657407
66938624,211.9375380342649
97908221,139.07583328003767
32317269,549.3302623108931
56374872,682.1664757962045
56164704,550.5710997296059
16557670,305.9269866226673
57350487,97.65765444889757
73640189,114.02320219802908
28886856,498.236974492081
66838952,-18.69099908549174
73125445,1047.998231042593
89817544,833.2382410816327
69175507,225.49262655288862
93099722,83.75798937410889
42498618,270.0095766583886
58133975,690.3908905432462
50823382,139.2739651680846
82720881,244.30969154712255
47566077,349.81433134954455
77236358,300.02862608492313
24977235,252.50756155841486
82212369,194.0491658450165
61416619,102.33802911587793
14011629,350.1236538169386
47820649,552.0383517423007
87027470,1211.8514738395652
84406467,-89.38359483996993
18483336,37.8612833215974
11745857,40.613997723496595
72009137,194.59343347781567
21373342,25.19590349645071
50764118,83.46430833120951
17876513,201.94691632483836
21573530,940.1229867110707
62535056,560.5191960411513
52924658,233.6000845203962
59116751,271.90357526479056
96464552,-69.27771357940776
41877592,307.9476250597613
27556664,100.84391582053797
82049392,581.1498801063984
21890177,40.98628704596763
84019657,44.57147932696941
70836939,299.78522577527986
73269246,128.14874485538695
65430516,19.364035328027
15552867,913.2555818244281
16632045,43.890586505319845
58510236,134.16354072802602
94607287,163.44108140941324
16582909,1547.6222639102557
91254889,178.60236261994987
52951693,398.2457052355818
42015762,72.71810203210433
39537878,-12.645823106530543
75334066,415.08203189975404
15509168,180.09332711773396
21848464,209.17152819832626
15512926,617.9583920456247
19852776,38.07755427679666
98991290,-108.01379457338214
67867067,791.849479547239
75069265,298.6932481129629
33163007,79.20042041780266
72461037,69.59137330832809
79368575,69.3611370906666
19283832,252.43341374644518
74686369,302.0211683692268
42431987,341.6963952475254
49107046,105.5156225092914
21631633,426.1584921404352
57757752,1008.478111374474
64260092,565.0126011722333
23733208,42.31777210768746
81359267,608.1111182665221
78964700,382.5010370816002
33821569,1344.6145529351597
52189182,262.62447670193455
67362415,-125.82876754543724
32252347,1017.7524779530053
42461075,58.93540282186575
42564953,823.0039639411731
53441096,298.73124710677223
28942045,165.7926932467741
92173510,354.02273420541337
37939234,287.5845180261631
83072941,756.0529140023156
72001493,1516.1007474003804
88722560,230.8723651705124
24458695,48.28889341456966
34236973,2542.3398391537685
63527431,206.45158508899806
35020078,-75.7316508978225
96240931,524.6990802511845
96449025,948.8933655466254
73324268,32.99735730680422
20943504,1644.1715289549393
65163807,134.39670503936702
65735235,768.3634967997114
34006121,473.3084982908962
11206259,747.7838783361848
21142225,380.9360370518665
43933688,651.5397914307752
20195114,242.5251622319343
18089453,349.7530692315611
87927482,2337.64318071936
72119177,634.7650374593907
68722653,225.72122295855286
99012228,463.4227325384096
95191404,377.43415449041834
68494900,12.76471222604053
11789848,629.8734673859507
51367435,371.3588180231977
83199690,60.18855408130642
44222449,-26.704983591302664
97059152,268.21098360021523
21321783,113.31618774880138
89238156,284.353629912323
75658495,76.10271479404503
80514422,-122.6492374518482
80098101,360.23610131159387
57507250,403.969520461299
82869937,167.4198341440134
64737683,1029.8129489869125
64663030,345.75652176570054
22362250,-72.74682529405806
51054867,144.50966163140725
60302181,444.5492862831219
89897892,686.6508954390944
99745406,511.5206602096416
52137793,816.6128308303895
94617943,459.4897719972952
92402481,1178.9251415598837
29177060,119.88952165056446
96789879,-7.976543505751295
16733828,160.15341724121066
69997197,958.4309992094035
80009529,86.102979809803
70971147,167.55038749955452
89268742,421.7214352096738
81559172,302.2240269658122
19799436,987.8066679686714
96316683,842.7334231689825
16202604,569.8327318182529
99234264,83.7846984087351
89790861,651.0091578933676
80624261,48.70999629541171
98327008,184.64570636224937
43114030,234.94904350656049
38992659,1363.5179222905217
26185292,-20.78403439281186
84958392,17.37420212039987
63532044,-196.33343862718013
72780852,60.47577797013781
63755363,135.2299924635986
63435369,39.47400887720585
49085103,140.45597536598007
39826465,601.0237095887582
89335030,1675.8380981240743
92393797,-132.92452911446605
36385689,150.1633185373197
14218024,285.7468972158603
43067447,208.9920430601765
11821155,1395.32981177616
96671043,363.07209857987357
64977532,64.96268691396125
51923648,133.29112236608103
52082499,281.322605184581
58693008,830.2291785631381
77432555,45.73428162303162
11692478,509.90336777116784
88536020,102.03922993912636
13996971,196.31179249395728
92291100,956.8842839822947
77799089,27.497794236422948
46970679,269.75046747474323
96819382,199.32202896656668
25751312,490.214191287973
89990705,320.96163583149564
52038068,700.0002730749165
32344173,559.6158454202414
33993191,185.37238035545664
52279123,138.55207670595746
18496274,223.598856536048
89490563,261.4936568778768
17329696,96.31743526402107
16967446,435.19934090414847
80888202,737.1794153492527
14661504,55.82843922649877
19604443,201.1133382939479
37821572,744.4534965248902
88831769,143.7625039377083
32405077,511.137186116399
52763362,1353.3206746165538
75573252,696.2457362436763
54781465,821.8707839545506
22599480,410.56259270219573
93311234,226.19651123623697
69925053,384.34450179650514
12598333,1003.6746289802587
94909106,235.49716634701502
86019408,188.49277415142598
96477826,885.8599305664223
47575439,133.15792237909642
44219472,225.85734225924216
14808414,168.42640031062984
51535602,279.35248410571495
85960705,105.49664164140768
52391461,-6.079635330241899
81172596,111.72072179044807
11351493,535.3534573454627
72733290,140.24565927479705
74877854,326.7212948804183
27680792,411.6180630527025
44946524,260.0642451966843
23475779,555.5748514789387
48465422,163.700988260803
52076835,566.1184656532963
44646564,230.92764768295416
87277346,253.722355637889
47973044,411.1977083293867
75500097,192.42979398636362
36145678,110.41588464711697
85625020,32.70779276039687
97404967,759.1593601233491
11411712,106.16837280114476
80164594,115.21914771480789
30555374,-230.5452715513349
93243676,53.08017672078677
12801610,783.1712838130469
58651288,-21.414812294113176
52409464,503.12864952023153
26481577,746.4600123219947
99557550,913.6460204721565
92346786,936.4201110515938
33277389,705.4430926875831
78792921,31.686836837655562
89378277,-47.75823602539225
82856305,377.66125770425685
30767488,639.5816561908135
36397903,1123.8952318063712
64870928,-8.136407365514742
11575457,404.6313131491647
39041845,813.3692726958972
92898654,424.0309347814326
16929732,174.14359940167242
33334714,614.7512067182587
12221534,415.4251353588519
73945645,-2.0743402123695773
68971550,96.04395987061571
75565371,683.7107225939179
59677619,74.7731335364146
93539814,275.6338221524561
24106217,47.197167896484416
55020351,507.4150302839072
15672017,469.5929842825975
10841847,276.1248908505741
86946687,293.93081689743974
99799054,297.46856352111683
81128474,173.6463428172848
80366080,131.15067315744295
10218336,381.79825570903824
72351128,678.9055156482465
56132260,-33.92363983553935
99301338,624.255084825961
84453738,721.2373178244835
58188871,-78.87195618674025
81971342,457.2541875932608
94124547,57.90205778906841
32266038,256.2523247024065
71760843,365.321240425768
77203995,120.91994177537532
84611651,-55.269295018313414
76627771,484.7642496029913
12653847,355.08058203426674
43336328,435.2069815394216
91500607,33.24525832123055
68213549,944.800465610302
35549327,562.0388092979699
80808916,-0.9179356180159175
17110481,1391.1382167648321
99587119,360.69082895304086
92334856,700.6936249716008
53359226,99.71361766347565
80618402,133.33298711854758
41703808,360.67308518448147
19195409,79.53515421944809
76941149,257.6315881477309
97584818,1118.8397837290804
56683377,150.1940448062411
67011320,274.81257725691944
15480221,-58.989011916268964
68081328,170.55640457271465
55487684,492.7805469401774
74199206,377.68776060106836
90165063,112.15153525516848
36193583,36.7229106279558
10917950,125.671254871938
92870312,433.2918020400049
72030717,859.5109487230712
17113758,841.0466699740388
89153386,7.926000968254243
45809568,192.34486750421348
30803532,257.24470034011506
41936053,219.6815328579233
14429173,78.53788653362744
86629786,322.667187727137
60024688,476.67681962600386
75100924,813.8195210746281
19587468,57.15586696565509
88088850,524.1027037782493
14339658,327.08870584535987
93643220,107.45877850584907
61257147,97.50154240263646
47372664,201.43614889722835
72551157,321.16987108790397
70006271,483.67795443414275
66160499,302.3982622472273
14115358,369.7971224223504
24138292,490.3399447081539
81649352,469.67828156385485
86450554,332.02861187130543
43772724,106.38051322991686
76147600,229.52046715794745
37814705,485.32390202092915
79438450,619.7152567949394
30374304,1020.099876136302
54234194,741.4168753588189
94516994,281.51014642182497
15639119,347.1216717290207
98234744,344.24593248971576
84292967,270.0647375908996
14583946,74.86255660456209
74680521,732.6581148683953
10214287,196.7067974802814
43877051,151.72083234119214
28904050,805.5252627861827
62063260,147.54834827863453
50651267,238.22277476369402
76093719,447.0366015558468
42788012,611.1350095903161
64271564,278.56015634621036
36033563,-125.27329565832883
32364760,149.63278546030716
82718318,72.76019680601388
42781597,788.8218855626877
63047151,974.2850639844738
54331908,336.0576290469056
88556646,649.6883107327682
80038856,132.4601357079947
62561061,1014.4118349026629
65834717,213.21912027927715
80358828,111.66953765657598
35099840,420.1671580039483
50872993,-79.74010705008328
80223193,-170.75519084891988
28448374,448.8961233439413
92231676,571.2198454651831
65717894,295.19377678933733
86298764,143.5789625080585
76299579,-1.4760326356969244
15449921,-45.602979245226834
44677435,936.477279372613
75188492,75.51850191261349
99785392,580.2262872690103
27084775,282.38440758812834
34483861,54.084585450433906
44135541,101.33666923285648
85537076,577.6020877366365
32577802,365.31355389831117
58632323,71.17296676046834
65794441,1420.2219717221178
91626972,181.2394996864665
80568466,318.545926937961
19317452,-27.20952959524749
19462773,385.68586807135966
16861573,179.2125848240799
61543398,672.874029508874
67189144,560.1144659007617
46184090,542.3043886889039
14969625,416.84797019191967
12339000,286.515553620735
87651999,490.0826752947438
48444572,138.4294254611175
43026767,72.57427864335875
25666315,213.28117874613304
85141494,143.1614799527154
10196732,331.14397284506185
89772932,4.789645365099773
76197106,810.7023508293431
35668637,411.1820773343994
47789451,156.38761242798768
11772481,821.6736734635792
92352486,-91.93594790379098
74959731,466.541831560413
24006644,356.2726101344374
70184471,206.22254435311146
63616459,3272.5175452947665
65420176,18.302299299186302
52778454,425.4822353314846
20334394,304.1855072144321
29566160,329.99221324100574
41218910,969.5428073094828
57645530,227.9193498135428
32753016,260.66157455602956
53485349,623.2314129065288
99359057,1191.79496346819
50033107,-11.063381215336477
21562381,1972.0366998998293
77828671,143.46132515377184
59082786,30.649068002539053
99756703,388.78273258755064
62477883,153.11952833363586
62194095,1570.2097551163893
77240295,408.50947647266673
78173906,79.74905644622015
51850860,393.9382205355155
36247163,4.1977061197302135
80372868,357.0505305328735
55810884,352.53199915742755
39425335,458.53171813629194
64769998,213.26070999332967
74184119,445.8322818955809
30910517,207.59221671350895
82036794,334.92336740259543
27288556,365.83907940443805
73750248,990.7560225797741
93836103,1223.878946023171
21006367,591.5862143531493
93898545,103.0162574102875
94582565,311.05145224448427
13137522,371.9937159906748
31604761,547.239470190205
60718232,474.5111157253913
22356430,763.1860327669627
39386475,203.23075784828666
16350350,372.34211806940027
70755780,220.65567614479284
55920671,566.912664721099
30409198,267.91946696976083
12366994,1436.2552499786475
99624161,262.93718012169074
27085439,765.2065093501468
26222780,382.5007894704431
13513100,725.889430317265
83619693,10.330452418598156
65230131,394.8951440986998
74197231,893.744390238972
16535315,1061.4999347678763
49313519,324.55218075109366
54192335,529.4622747794748
80736897,435.36029477407703
99406225,121.40853899730422
67818530,427.83985582202433
84284655,956.3405870720595
30897932,888.5734338193105
32254189,124.49393481818731
31849680,133.03301622533127
41359333,265.41079295696596
66456629,354.25211197612543
68729486,262.8243189436155
40630348,370.93797165715716
93988333,534.7459773085001
47811524,375.9367079459
98617237,818.1140674548807
20362387,43.971674595862794
84645660,307.88141485876594
16861971,118.90399117025379
34588999,1316.5936793523247
53427517,1405.4291218678563
42513475,107.91482123896668
57705547,78.38046896133869
49742880,101.85995092099716
66920323,595.7027208183409
12354776,643.9681726524188
25840613,459.1943525998928
45114259,270.33274389746236
49079923,520.7166231446867
63116367,207.12474041393045
63802912,90.70874529165417
48974796,338.9008629257927
30061599,510.62878753563825
68578654,296.9367647312429
54173227,-21.051891125473276
96680380,952.017408907555
23868064,707.993692532786
51824090,1995.8774956012667
34839733,-220.03454228294197
80054187,92.25257798457562
12685572,616.9486373368126
41567061,39.22155293521723
94877842,281.6410612873964
58492968,256.5260255019298
71326484,36.26750704497471
70920278,147.15940075326182
54663137,174.07726099723652
32126460,119.54616304987508
54874790,-91.89919892274389
13538436,942.2558594997705
30100038,33.87262814147641
80017866,355.72717653374605
64347455,262.8544090260842
13683069,2103.8522397986326
48039428,65.56942493196968
99567150,288.62717024608247
85509215,194.96134513506934
60668698,522.5288638977919
12191456,464.02479730465336
77765786,128.03939068391907
12528361,40.95888183391793
58442957,902.1610909890311
54303594,115.41806810394905
27681147,2217.4590929540086
69098569,933.3304038842756
95221316,724.9665411414104
40109548,51.391227591813674
55576313,-1.6407512454853759
53153958,1070.6086421915284
21200840,184.76968603873644
50894265,469.44662589942516
23626838,313.8732811332974
12418418,344.0704675128894
22706358,-3.0012660453334092
45395670,206.53595185550734
87327017,526.5586933081742
13017114,147.43204448418112
32271547,732.7644815694716
74538679,333.8314514419044
39506103,426.24682846846474
46816166,-155.89741284035824
66503105,122.25827457056272
65579176,156.63415946209
40074247,357.67431165857704
91310031,-25.938957547452134
77444410,337.86635881852897
69955281,482.2812750601996
67331105,164.7861833741173
45643632,137.59494800648827
73282363,450.3794633916383
13642505,187.77906465904255
68901430,270.2030704997505
89906679,408.85061031540533
52711886,267.7715111682346
79575331,794.8511100623705
92616283,1100.5248697136985
30763055,919.1112103888355
16611953,374.7085525680037
33070179,368.12879834496005
80347205,694.0503009326648
83995335,40.99835718071378
14535805,-168.32920897950208
84879838,307.46938206296875
11864901,1009.5154890681421
14658965,510.4109144106527
24293507,850.491466551268
70453525,82.2919461460574
87798104,94.57668518620284
19197193,512.4605983875252
28284548,209.77435053768824
86044842,511.5447701371419
23057275,121.54623846093921
27985337,1215.4574321916111
22587547,383.61945322058114
12855508,244.2637733951903
64337495,215.20331594538038
86712331,373.80670889236785
61189156,1212.9004993370927
91594873,412.8749610986423
54835971,901.5579376969309
44370830,229.1880218909685
23684803,93.8238910388551
92481929,1915.4339072417579
35638424,203.33669336476697
25657749,104.26279469410633
39381975,203.21766569547015
72999107,220.4113550726209
25818586,77.62517160060577
58036789,256.51087576933935
94320377,130.13229677387375
47110506,256.0390479542862
66399362,79.06818365282987
68909982,48.31972785875985
16073310,-64.44934653579338
43288405,503.2473184344698
71579560,424.67260647242585
16507355,1039.9735499839903
48802207,725.6959292306162
89915294,243.1654701355763
97679852,13.21960932070246
29217698,240.0908260802443
27435911,-78.01811552603709
78879242,1251.9670823400256
27175130,460.8432755737166
29020135,549.071542790691
78626569,758.2613122339734
71067812,-143.11122790503862
96690513,718.2780424732688
95531962,741.427098479718
98356800,74.29066989467009
86104439,813.3416191542764
55595900,153.378706837584
75208610,241.34324673490744
15300209,799.2326245455537
61949363,221.97360710730624
65881085,479.93855345741247
66803690,139.59645749008632
71508510,259.54984121326004
77429269,451.0943744600162
70868754,229.03788586495267
93223292,1240.969857474292
70378280,149.9565304532179
72142932,461.7017339128372
88911193,187.38035526242902
89761834,112.4272348413208
36836619,321.4987031064199
53134062,6.949537511295063
98828461,102.68938849207098
55370391,641.1133091465816
69978664,272.2252010046316
48824111,225.66944527123366
11383415,478.25562301658476
89041808,721.2819905702951
31864759,678.9635744219534
85436725,492.12243157538455
12287678,244.4511474956471
54577919,220.23489950368906
69095778,216.20540044032174
86755087,295.60023207394374
87570494,56.79622211260573
42971075,304.5367574707445
19251821,273.43706882330156
40154766,351.2377206596019
86599495,13.826691276499673
88331508,-32.52253927236063
70254717,543.6955242554495
32105523,107.60705150159083
42241465,391.9764553979628
66334048,747.5503615893682
56657286,954.3960184593681
99489082,628.7359077969198
89634976,233.63988784982564
22529712,199.2870239835642
93452559,183.7908559993088
75276107,578.4623041956078
57620607,428.04157992557566
11822194,338.3848043306135
85101585,446.0609076693411
73640715,142.3588835439711
18114714,232.62557309374836
62352450,172.13029694874103
88096618,146.97557686906623
76855836,11.039876283435945
76968795,586.7497419284238
19089688,411.77693201645036
93669020,436.5917118473915
32221954,144.62763402228222
80149491,1021.0246559323017
90863370,388.5238796905795
18955449,309.4476847934563
46106075,617.7396493122513
64362412,289.04539901126793
13228942,349.6614554187838
18238798,-21.302300569623412
17197174,167.32947145740604
56883307,454.45850225296454
43838074,439.7628671015118
94366977,188.9995862474717
51114116,242.83546425977465
91929625,1009.9307957444972
72617691,315.2901690162492
18081983,178.42114532325922
41430371,75.46680134448854
18768333,291.5045299023902
97670981,235.4467848224694
33138884,746.8345136854535
54769750,129.02778008982602
89191521,142.6366409409385
68771611,426.72211428898584
69658524,145.18776510840723
72361657,288.1702468957943
56548670,104.32212506009961
78323750,455.9091175695015
30772189,276.96306074168825
48525110,50.453084850565006
86995869,337.8063871759433
17626486,1307.732990672781
25200634,311.4534191706794
42675735,199.32658880221845
65493081,268.2248930089461
93613666,1283.0754043111892
70416961,-3.1666123269315563
29938065,385.4745232574189
49578380,1250.6944252357885
98870679,174.61877753964723
69931311,624.256377918147
53406287,1555.3975574628744
84279248,255.10041609061904
95721664,439.1550684286285
86560148,1307.633934077297
54643141,220.22393892857815
87296829,141.8259077352368
44687814,-28.185277842939115
17812890,77.57916245597119
55517272,272.2321498766923
83984617,204.93308293452253
50681051,243.9263423344567
74119296,275.9332557681424
67223450,754.6215125441314
77287132,666.1305002565538
36264517,275.6371192633093
42898261,516.9847524777844
62830950,275.0319348070314
34861949,390.52974694745194
73511243,298.9218168785492
21486168,135.35963461077625
99309538,960.442264973543
42037617,283.60758196769166
54746843,762.0269831763518
47539615,208.01997536771262
84768747,372.4994450567842
72954519,718.9254800337628
86653160,341.7560902638751
24350012,414.9948892782503
44330162,355.2217158608811
40410889,26.895790008527996
14017526,495.64406279310833
18494070,582.1779464097791
47916307,733.7670113080381
39725498,485.309628152851
54156054,266.4422286802276
49589662,590.3445341831294
87793535,343.341525713416
25123851,410.4109690291035
55319133,1488.7926519128746
35955058,436.8558831262227
15784980,259.1696930564982
63967490,1467.8416845038564
84366303,57.12408256004289
32211409,1112.3260301900427
27475512,1058.1746789406616
98385904,61.71441817475187
74274926,140.34410482842628
26137274,1119.256252578843
35706395,407.0227501059777
25432073,142.5588990390856
56493804,218.04103461972403
21783642,242.0645805444217
24274717,288.57324173590865
93363592,370.8993697708187
50359798,1087.977308845882
76057356,363.5353403022732
34577569,416.6645600479736
13432670,385.0216423009849
36150614,391.9177951493717
95883486,186.58546970626264
17035345,1061.3362950070705
48987823,96.22742718604633
18853302,272.2230311052186
70059479,20.71370800414843
35830006,733.4324428645556
83058209,313.92715264004966
52239160,57.47261031346727
24939237,321.09691575207694
48271879,372.03221104846455
58898302,17.318327586145188
97505252,353.7801825118696
52580265,-47.17984396493037
59859756,43.76402478348763
59531100,641.9904672186543
82820692,188.79462019685013
73015543,1666.0791405139635
50663543,399.8545978779201
61349439,122.93850845591385
82745505,-11.10290726032764
91058293,292.2190732049456
17937997,475.71418369012156
48025378,679.4727481726117
21558049,463.15034380312545
51468147,839.6340345003783
87943582,50.584860833623225
72989675,3.920447113502405
10828659,-46.92288769278298
78868242,219.86710373036817
63610417,570.3714774108594
13037947,212.54794608792298
63051485,4.45724959783746
42637767,66.51417373891348
66029975,26.008253347945356
41368516,165.7517192258921
75570412,-323.4718014738879
58832659,975.7105882095117
20746324,-0.7794495073796952
41047714,853.5050925712418
41430458,379.29402915794606
69198371,128.79990703647616
46430156,745.4657165608522
42120705,548.7190295917884
67695943,397.68626789541815
10655846,206.1311469591801
56387239,86.90686199917423
73136827,120.79354576350346
66107772,339.4854116817238
41597595,367.72508028682523
27035754,120.96257945553668
94233303,238.87253891959529
72371862,399.21423924898534
47858586,129.28640595850646
50074731,113.5091430976189
15840349,194.94032003601592
27527024,1301.8075901756156
51445447,138.97322297980156
83042677,221.9955625616633
17433657,225.9170942209106
83477453,481.51104682441576
58980418,188.95087546930108
49038207,349.06630082256174
35105997,-98.04802699989949
88328473,110.50229188913181
49929992,369.0437928074913
12057690,2.1230201295389293
22485986,294.4961673340807
18944255,702.4465124687102
94296460,-178.9466230429769
15325948,833.24859964483
80036637,1403.9258694533705
63707416,194.87757908593017
33357067,933.6301793138124
76260292,251.53464442249094
88542794,851.5050843919886
36624049,417.8054697016979
85370002,943.5165271425718
70947321,554.6649867863069
86215831,1346.1674792858971
71799918,450.420440942287
70779429,371.6956273177185
28177790,545.7330711220937
33416701,1211.4593868823404
32210074,483.71507457677524
91177225,314.18778762612055
62230096,38.16125821962714
27830922,524.2720223359369
20292159,-256.0985608471202
72135125,292.35531038634997
41060839,925.4675776445159
14610723,151.43687506159017
40291165,107.4256112117339
76063806,-4.798657979290624
21250419,203.91191131333488
67512417,383.77009674661474
33443292,493.9138673945173
33660955,56.81977144872337
33504001,144.41103346576114
59014872,233.18471985224232
48423806,340.3671629805043
81227220,534.7153878192324
97904600,4.671153735728069
80141558,98.61023270833005
13290868,101.30145387978718
12913192,988.1415626948268
94144440,1051.443381712094
53033174,429.2609140793079
93735706,770.3070975982857
59909555,482.30837408943773
99555121,148.9062998551379
13256013,143.35314316225782
93540353,402.5521263297243
97837539,-63.27231089279849
35669129,219.34975887486848
50012137,366.89962031579455
68173579,2606.08820864464
59440623,161.7736931288939
48714672,700.2257384880917
86973367,948.9141006711267
28395212,1336.9863707601025
50017530,123.48354618658345
48045601,242.5642418731244
60427063,342.6485618035515
49061177,-223.07654327737475
42896715,628.4373534709893
97451418,75.48659205631509
53456411,1168.654274297202
99184358,1238.4363062039656
91879007,259.7141960512834
76424273,559.3101117768132
19529774,198.15982574463374
60604201,107.45208590311864
96265561,73.9978899947231
84388943,644.1404300992859
22143961,83.61943963935903
14880373,1872.0725261699358
98124884,485.4803416139076
23434755,763.6533853825185
36626131,970.1701032724615
86172967,224.51232236194733
89507826,991.8343749884147
51984404,-43.10620117106481
21328430,105.33694898642398
46133239,115.29540351364534
87118588,4.638634866461075
72466804,151.81849273638852
90243251,468.9279614585781
31491219,141.51291116711013
83702289,1171.6766730978538
78369132,724.2810635299828
12074272,94.71822129846248
77297832,26.666451144397456
91732264,1303.6296931298316
51116865,263.46213981018707
81826443,360.54791787969475
26192585,874.2482398359149
72261842,315.2870166190579
40619619,239.21185575339183
89999631,164.15962004458578
10490133,-203.0909526668911
90054183,956.0798484962958
62212383,213.8744828622751
19863611,257.9219235526292
51025893,161.8100751012961
83280839,139.46833865290012
53701664,97.00029454428989
70474564,646.0175152545672
52730115,533.5418537488953
28945671,305.01633914272577
76905104,333.4333436903306
60340609,208.8344224023707
14262244,417.2532776516791
86114877,261.54121511853003
24582504,190.51899484955226
77544375,180.34955560311352
18212637,495.1779651551401
31107635,264.51837209675557
73185236,1059.7935029745854
73413665,-4.576271094381497
31204532,399.98823992686175
16646519,771.3114293337516
59819313,340.7379038836722
58041963,424.55372762728734
73177607,84.39296862314757
65489959,575.3519583263181
53892134,1004.1150956202376
14638825,174.81752045569294
61652212,551.1541856798921
69208062,110.85036525632756
98205776,133.11827940790045
91953270,262.01858887261835
95708788,384.33461490094135
71079776,27.193958922613774
10948901,1689.1362062298208
79084173,641.0332839347287
41410746,49.202482459275814
50927968,125.50552445660884
99511873,-535.2281178579995
87562260,504.1272099244932
48098997,353.3937870185176
77592143,276.3873714899191
50298301,253.24925731136256
95160336,302.2082835934042
13581567,796.3801328754512
76106706,852.0112997472814
53880590,150.72142401010132
50270200,199.5863002336307
13098948,89.6835912452766
81835258,135.1971259222205
14238786,-18.030564990501944
65288499,538.5908208864463
29149871,259.40110039736123
39551396,706.0796377965047
77375335,861.9112394988334
14384374,-378.0675636118183
63368293,643.5736154037371
25141477,127.67461491614245
37822276,10.024766545616444
62473299,-16.62880480536495
90467887,1166.3680669500586
62270028,54.57621894516916
62101686,121.70887757175751
51642126,436.6392134395677
50281814,601.8282134696598
34969698,707.2279029949469
46962155,-29.160339438074857
17638609,634.3827161321288
59977095,107.33548857237793
75196820,106.6776544320465
65141041,240.6659860418617
65986306,697.1494671348336
99818911,93.0979119748988
38328534,349.60877125281297
31204739,961.9079974812415
53082885,374.4232725871349
76244528,338.58054857674654
46394887,160.6679946111812
65939511,-21.065862407842474
96048217,234.8497569491343
60425489,-5.40606842194245
69419323,343.0597712165369
15008203,244.0688630810722
70058997,437.93638792667423
44067940,416.96092248508523
47031542,276.8878058874107
28929546,530.3006862085958
34548603,684.039952156286
36515676,825.3474149445677
42765717,214.96359275693942
60296558,-497.0573501510148
84332226,261.84459674694585
76539663,704.4682954585852
73504572,329.99769176187385
64646486,154.10373706391567
28262602,121.77497482657856
74447096,265.2104978687174
23247586,-5.583715183942729
99044390,1489.083297819997
66743385,945.6864496568718
62841747,358.91726119086036
98271312,-27.947653700839226
54969068,724.1045331017359
49548078,309.95444597928235
47147429,263.4398201025951
46113098,143.3026258510405
52623517,88.14667037131954
43618531,3.502655927556418
54174309,453.7443391485464
21908078,22.233797834641564
56753065,276.6303323465245
22723502,555.5120901693019
88620530,1002.9088372115926
38560702,590.5514105182765
66126723,-124.01020375563837
24731893,315.6637285541916
19472558,611.1897246425074
44766250,54.7953296283475
75919229,2657.3674433409997
27459467,436.5592345334262
85529275,-71.35432792040655
88503537,835.410779557437
66147417,138.53523990782776
53916103,198.69129185658136
65299077,69.23500913937335
82070950,341.67720030311796
69058105,214.92488387628794
89985793,175.1188224157802
38430174,652.9439904312969
24884771,159.56945958576085
37414962,228.53092058005927
35739187,98.91512913732015
52492779,419.52314909812605
70409358,288.96410924692657
38452011,109.5483684554253
43879270,62.08114603258946
70351120,200.92732864735012
47671157,196.8111404814092
60667365,595.1705760639352
85223481,217.73845399463198
83739939,908.8187204392895
36389934,984.140700410638
84194560,171.9550198686875
66937745,316.92837371486144
82520946,378.97680226555246
52339932,200.68826385524648
19641281,744.1321450909668
69795343,236.01909022930926
99135350,10.678449584257407
27549583,52.57003899255969
94476832,491.3615425839814
58221865,48.12066333583712
25319395,222.0774016778451
74970303,336.19153268658226
10305170,474.18734920676263
82291258,716.708864419379
81383048,227.7015278270993
79987158,748.2068475441507
13533229,132.82000030455652
40426833,354.3585075651996
79077516,-273.2045264680122
49738320,126.51858006625923
51126693,344.20499621310125
52635836,1167.1526205915397
46715477,147.38355731439668
82258908,431.53636002909934
56878285,1366.9024564611318
19130210,-175.19264518956777
92849186,1114.3404450192138
24338810,432.16480875486536
24758650,633.9860838922929
70913184,167.03382338574352
37987399,900.6802033113096
74913796,541.0089507814324
17667485,-330.8347410792027
64222955,161.12748424318352
96958008,112.16433876715149
10416049,309.3470573819162
60398901,251.77944075288707
24738469,172.93302255835619
50592747,343.1702471220982
96289055,1120.7927669504083
38420705,381.06572262423117
93968498,538.8134175492602
79579077,19.654271832236986
66828068,1406.0397786535568
96166759,336.69035266625076
32805078,284.2666362287193
96021280,338.7265111789809
73914137,621.9985016669297
38819078,562.9772668435932
26837951,593.0689839278501
86644106,593.7237875320299
55183461,579.9260224113726
52422099,636.8805593846918
83190904,755.4176578899
80939883,435.96581614310674
12388368,282.24975421421016
15537990,406.3351546333914
52619092,237.67363946436922
14251589,502.8428200767736
78390765,495.0900321006949
43497859,421.03752394483365
18381852,359.6345669907955
53390528,1662.0823023560433
32023086,-144.7574382593025
55881129,153.49387741967314
56955427,265.56768456918917
78797526,37.46445876618628
81441605,488.5165485336764
49418138,459.75293094745155
16343356,267.3040567423312
50953620,275.33253421386746
80530984,198.93957567035125
92363214,247.9879115775061
11505021,631.0279435451365
10464949,238.89032132842152
40174242,25.792487863980682
46922794,788.8532204704773
31165878,788.1422304527746
92160351,526.4895873703398
97225599,192.2525231091442
57289385,334.4601859586088
10490505,511.62421462802206
40593414,203.23094923063468
69535718,399.71092592222305
29927353,505.858626869236
65834728,308.95527854891145
77297694,228.0870310960271
20453767,324.7123053156464
38742201,236.96448262705775
44178016,1732.8140231459074
26155961,373.1482568178594
85037563,902.4439339558941
13481675,56.53246141018448
32710978,251.72178774138501
42008191,104.00844027261815
13117186,123.07394513451084
32427009,467.5400519330751
77926757,735.1234364445235
11233435,180.39907943396304
16522541,708.3345648194187
63770815,61.8209972494258
77164558,129.72307634569847
74405387,815.6873670342724
74698287,477.71769631484267
90725998,561.8419383543235
24204802,1463.7118081110002
89034765,786.4334912067209
34875172,470.27367232008476
74411316,118.96781131671366
81157871,488.17558636885906
44232316,602.3506233322124
48083558,-504.8523522275906
75280463,794.3336107255838
11329117,339.11303280153595
67082756,488.27963749162643
11237434,1346.0196569258042
69921139,160.53911834732776
68448780,231.258004207562
77761059,375.1509371966339
29006434,968.39119064811
30190038,383.2271282583239
28376932,25.090332202334537
39355382,499.0779453887395
42494595,504.840213791662
16756651,917.0885635101257
78115658,980.6042379046172
27261411,593.4391201247267
71919180,-169.49910535368224
99090920,575.8185135733257
64351618,139.25808466464218
88658759,930.0043311617288
14195927,697.1021336303742
63820196,125.49677850197912
23866225,1882.4043821434866
50484100,528.2708199844589
98406048,192.76215511631813
64139858,334.5684948974024
93302980,28.559565631542796
62155483,88.57630697502043
69791340,582.7338370132767
19631546,335.4567027911779
26192431,199.7407206808138
68268852,221.44739112970865
14862183,169.79439024792225
50141937,568.4337666775857
85256282,79.51766138642199
11027564,2057.7227557108095
51577553,105.0225972729832
77132573,83.01015991630095
55254268,359.6217298172379
25529214,155.05578344247857
89287048,327.8328789135626
23253967,606.3816837996754
22644692,128.00398457653216
32245140,212.97098352962894
82072504,193.69486234138765
34678460,1221.4302316836634
55373081,706.1741355742646
12138481,486.94033444582544
23632970,112.87792979598362
44285474,216.57687353409267
88075177,-99.6806581342131
13117787,1096.2308467021635
14797111,240.04118515205232
28697695,-88.56194620503891
34748486,950.5558296887272
30506810,548.6764242187742
57410372,129.48419044911628
28776122,790.8351897166178
18346451,387.4268905727512
29932007,1330.2331315254405
82654800,343.1760896623018
67038086,1261.0821853830325
95282943,-26.48389492853562
90723621,1231.688533678469
37760202,-80.46013522723416
97077656,1227.1427581803705
67823833,633.8400202185703
25222231,-75.01931943249323
63451552,858.6035328562806
66552053,146.67067184283337
83488554,422.59898434326533
24886655,200.1981337489218
83798512,335.7756730214944
46152763,504.81305304984824
96015866,303.6446285265481
51731151,131.15572051926284
34899750,553.0145713383079
55529926,146.41692604091003
95405536,1364.5685416639653
29288544,91.81554061062934
50076589,375.44450891568283
37886285,180.32225620921486
69818934,184.60061455358584
13957412,294.5478618216074
27493225,350.07014697229727
81186892,485.60447027871953
72734336,138.70335368628838
20148129,1024.6072785811443
23391747,153.71161200556026
45833590,476.47209032545607
85777842,-4.39220913389039
92975129,794.0856135740058
33382289,889.2844077055094
95953281,76.81871502102547
60074802,212.26552522591084
23912733,73.76935563265965
31346779,346.31270874550694
25605125,134.72396740875422
96288207,125.29992264864569
44535745,327.3741464303752
16008313,1102.4623650568838
91365542,765.1722582085731
67385764,344.484038505508
31465116,262.9054130351515
99474816,196.23790931823976
26141909,243.29255185251077
72548314,355.4730634757825
39043955,705.758185698202
55963655,98.58951692389849
54632315,455.02415958004065
48726285,190.5448861811854
76251227,454.2839981816312
83562410,667.4593679153446
93775374,92.33529329979802
21446329,575.6713833258915
37345001,414.33616710962997
49628614,326.04574694766103
35767914,1615.3507826364603
10876536,462.04184782827076
47339936,294.5882280013912
89347542,1757.017101740515
22457603,473.012154024536
77199929,114.1668765190957
46378399,334.99215087251616
70602262,-6.081738175595547
54666534,1523.867635971812
56421405,861.9184282971565
97652177,121.76943968676426
15442637,23.68681597067598
92360497,17.556809001868032
16847908,854.9591188553371
14220385,442.75786994812995
25905603,227.62791902696176
58331647,186.50150048869364
22292196,785.048424443427
37237832,374.91805025699864
33009500,1524.8675088469686
12533428,1447.0289102844426
46939545,139.9716369164666
41868505,557.1587686653036
75616535,771.6482624801473
73878512,605.9723928981822
67270933,160.9875015326826
98281662,67.731830979613
66553316,446.02329982666026
34303551,584.3190660609401
82645628,702.9133379158246
57257821,176.93332589417656
21288888,985.1518536235354
85963653,178.58947795928054
47876249,2197.86615629221
21439489,241.04258887285403
52566254,-452.0795540201176
57084214,264.8571402826281
16925768,229.7605605047931
32782035,150.201522258549
31791186,103.22435414713061
62797819,1452.7963479521413
35384978,165.6880272204147
21945105,1134.778460343187
81557774,199.9898078955053
85407739,22.674372827865398
86085126,219.3130478656932
95296354,666.0301783571466
90881439,60.65955084647129
30757344,652.6975839744574
48457713,161.14811140020151
89571542,101.48050152667668
94067050,83.64529847567985
48271561,1152.0090530688503
69357732,56.294392599019204
86325273,222.59447142115584
18152649,321.0542249918604
33899410,67.3783612151621
22781669,-3.428861618767826
17283281,408.6289177766363
51785872,1162.4359820346995
33104833,660.6022564454353
91682435,106.61937673626528
70713314,152.25229244342717
13110268,525.2042927582653
34642793,1281.1149586667793
41694899,112.46702556596091
86278349,104.15084788256922
11717089,177.08195195536837
59185456,260.6916283203588
59344396,23.8479242512949
89922228,552.1999399106618
62027210,453.2098005776269
98523447,141.02279450454301
77330146,1493.5920649939494
78386939,963.7196490473169
66831282,235.50434333262365
17596778,891.2416720665154
72290481,174.76049510722623
31606355,525.2889278337411
72940683,73.90517333083432
24736121,1323.154442797309
47814214,178.96449826345383
39410982,540.5600915602962
44151940,410.7857790867263
65594908,535.1113246180653
79125454,267.5379597240913
50322107,672.3252091437106
76200003,-7.12887579014955
85059302,472.95192382361495
95450721,-82.78099396343745
93253826,237.297362583169
19723778,625.6634835225578
35980406,23.043285441656053
67285479,277.52454703521636
68864075,268.37637554272476
37422791,-42.24083500208778
73798025,893.1647120393847
97232135,-255.43297470904258
50064513,1318.3315673996017
75638682,137.33557833194197
41937405,468.6288621279099
18443662,205.65377270798234
68899727,442.5563694087185
18388313,241.91395851846607
69521945,19.199738204967787
31596715,255.517764856153
78472605,144.42635428622236
12713963,215.21625826350476
46768823,437.5816646138147
27538097,420.30399648742855
89955366,359.3887450023284
94081889,321.8940669347159
65214899,42.625487770605815
95205973,1426.7759038141294
83140994,159.92645618996283
69014391,74.77037891011946
66919280,231.72434469077666
86299194,478.23887027486273
14394397,774.8283196465014
88465251,127.4221849612677
82447513,313.4620019904331
90676745,-30.971453747259773
61229086,569.0550676297502
30557316,474.7158463468405
48578361,123.60413304930773
29085329,-1.0161454038518514
99539415,625.8784328716838
33750162,465.0433222048956
51880900,173.86889924504464
81942693,766.3153122582868
44828087,291.0038666799695
80752087,128.9376034130612
99218652,517.7001935938072
37433425,836.6778928447636
39115683,96.25401799016896
26601986,90.59457799180183
50469308,76.21593881832194
69872975,671.5429393777741
18483245,538.8435542032308
12588982,285.01493082889795
79454705,172.96456337826095
76523232,299.3022923401155
96131595,1247.710438544114
99680250,189.02593422310554
82622915,425.2205553269681
11290284,724.6778751398368
80057162,548.5049697522405
72165316,708.8052422496542
79751433,229.88143592008214
33215554,372.05789501265133
42852506,214.27429980207557
56093872,455.8737556932922
64167041,334.8005034418511
83380458,2098.5226554110204
32651438,-161.24894344933102
38364846,-33.32341678026205
74621857,-41.547243057715605
62748794,79.92208658747518
71435421,25.42085032752371
76163868,1221.7296129461615
14677956,293.1907191818715
48283664,211.95710558721123
93787027,433.38825962940496
75353617,1184.7397291196398
44130726,388.53207049426567
75634285,1379.5030856823228
27969925,71.79308236584808
34662422,256.9997809231212
46428766,340.51783350467815
40279741,116.26786181081286
58991338,1448.9065168722036
52295288,107.06034948728626
25429358,665.3198195262256
91223525,112.22657817431133
80429592,311.6197971097529
36010937,254.03032631763614
61652867,782.9098592823253
34655678,512.9169305623857
32281319,811.5841582813697
74717544,831.4333321841086
81780208,323.9562514332291
74117270,575.457038543135
94663011,70.1859140412418
18715534,282.92622423158895
89926226,248.0911269003592
31441075,-256.42477018318925
85656066,657.9743707875169
63154501,-102.57274286994624
56954947,729.0091362877512
35193891,330.09107208960893
68045567,-193.75778073925983
75523548,268.4773785256018
80044768,296.28116182101996
80565568,86.33583772850739
58680458,683.5865100086862
93434632,453.2200743448674
38164915,253.18113692785982
39561694,323.77997533127933
23940974,1193.7585938885163
66689621,-7.629903208276289
91586014,193.31731828492343
68610549,113.93836389306279
44648566,112.45025238855123
68443861,163.8179513970718
95300751,173.24946891312385
74650313,239.15443594925165
78190939,665.2987886383245
79583687,61.176292855519364
78744133,281.3968307460069
19424377,-51.64925375798737
74426958,54.63902757988453
30714675,190.4135384776623
20297631,209.34797877610276
62326689,1859.676888172114
72851226,57.19506276123593
94924877,65.80600244759475
39912297,382.3265319274158
50554145,-107.17305369382277
51964385,-109.65319321022707
91524053,459.8572067346921
67059408,168.94791011773543
13707505,65.15893527258046
96336923,600.457450123563
18937921,201.87509033206425
23247466,252.88659493176942
20718626,656.073094736108
62001591,482.3056164189453
32183930,1916.6135645726922
29520078,156.60454407411635
20246948,1016.1133497512943
12865925,325.3260527257387
75414040,752.2370932730244
29805887,1025.6130457119248
91828173,357.5644612479267
92911827,455.18347208898797
21259879,807.3118827479635
27730704,186.62756424179298
10805384,873.4953228356522
28772124,604.310969980685
67895243,622.4867538673137
70282510,855.1421397788059
76926492,965.4574627427579
56029416,359.81817633312596
42166025,675.7551912582666
88855559,763.5856542234625
71679738,321.50384092852204
95011645,300.6356783750122
23391388,145.8427108826948
97276431,1000.0824793609526
78499453,1440.863957080684
50845143,189.26790405039657
63593365,-144.3399278774665
44645094,299.9505376972973
92805008,283.6211395100644
95966284,287.56596772477985
86968525,-140.96133616043937
35459557,104.41224146164342
16959595,97.21028117684989
66852864,797.9159711675394
64976874,216.63197772623607
90803282,93.21333039033772
32597480,427.72271266745656
22525205,573.320009634519
18357388,668.7495029364426
55224009,-22.025517110847545
12066751,247.74993825431102
51600054,445.1828950575233
33097870,1062.8387119367949
44165189,68.83931521822342
92174554,95.63539172235483
75685484,165.81762694230235
79648156,93.0646965606307
34473914,656.1460516604934
42069298,91.69997542663026
24749467,179.10711221521473
37024144,725.8836017677726
53463208,743.1399107551725
61035399,939.8119678252225
92975059,373.821047612596
16258293,279.6523697596383
80353068,76.0849054447379
69637564,236.5929988786326
60889557,213.14836474370782
45682120,1223.510192435977
62566155,163.08975987828035
86829598,-117.97866574494503
77516810,1037.9089372108865
32602883,1180.9441712702046
99658649,144.3051149545376
98115366,1250.987961537704
40551984,143.47624553908423
89171680,81.57891475962202
78104461,633.3331455909589
80805720,61.894993585416216
44701781,197.71269676979273
32357693,712.4577638447703
16257080,790.3672966900384
63758432,1454.6719215130956
86560064,-27.816381843373165
76704426,287.67019842573825
29021087,75.99867003844753
30903210,568.8179631414852
59650055,193.85026903650402
16537007,270.8627786536148
44043751,-55.6406504738037
93550246,320.20216341520387
74795536,108.6304628068857
36252893,504.47649137313
60712266,285.2822750623914
54795015,671.7436567931458
59038432,160.73381898680054
53101267,616.205954147745
96137757,341.39174311785575
61894184,671.3130528300128
56980533,154.5271890271091
40911725,-64.51014399815756
78253728,1424.345366226204
46517280,1174.8214876356633
98578100,230.71694196085105
92998542,114.12212199132614
85778453,1175.8652151534247
67897199,69.12117423863964
37385434,254.142352519548
29978687,370.1390859050863
63462293,364.50996056159295
82610119,428.4631175329188
11195863,303.44648178785997
22813157,186.43332004809332
16061850,28.723752394337396
25000757,-95.54626073318127
23839386,40.17824025612157
62901003,196.15033514664532
85332734,79.6279107844814
41185457,81.36649137896609
32349244,629.3966601232293
75213525,1458.4523172143968
24267861,164.50742133973392
80759464,12.308332040317964
38052934,599.0709269951448
36983078,311.56676630225047
48438532,138.08120935135105
98811621,233.13449372885634
41602835,1167.9744535271075
79191702,1281.3765144200115
91526426,917.5114398169566
12436955,604.3431777102135
35460655,238.82227242221848
24893618,236.12701936022154
12318894,-51.66872039883398
75385870,124.82833037784604
24016887,962.3008065829077
93798376,430.39616748470326
10041197,529.3162975234848
44196192,717.8937371954324
34259961,996.2149100988057
79360399,928.6173656589514
90648365,178.08619839560316
32784142,254.25112115690007
88014206,1616.64779507993
47541115,124.58179874313424
81087277,710.4561791459216
99414879,1035.5453408993103
96312378,299.0619187446774
45292998,444.38028504220836
62464969,500.2327220402292
89056154,48.245933809659505
43815757,151.57418060851603
36326737,100.47000283175282
66733240,21.066705486115183
82154113,615.737957355294
75774127,66.12729946001804
99633023,379.27852608270655
54243966,129.49274995974127
21507777,611.0210868870339
89526022,219.8592729474155
35342783,80.54837243337613
75576574,69.95378990363537
86207238,337.42057642702105
11999604,97.57356675289765
64241630,902.6351150618981
49681885,245.95055777477216
20476163,787.9064463903247
82534020,218.57001092290744
80449403,254.31868160274132
91978419,594.739143377245
13134274,72.73748824270888
30921031,274.3994410703014
35948510,352.36454715870593
37862013,1311.5509456614686
74364264,-73.91723913048509
73089121,220.79220340477457
71120219,127.99096178015321
81357330,1250.3880352111837
86696339,583.4994188264733
32694372,545.0624087174266
86397240,107.25254941589822
75410743,343.98629537633724
54107967,-83.43688924343144
53182244,122.44490134746826
84949062,318.6361802747562
17578514,-0.15450280755391077
66553240,130.93955812447575
78244783,426.31403075730543
85750494,311.269516389982
26835204,235.41058320361446
25568634,52.51161981236788
62833472,313.42906687728686
89441409,0.3923375796880748
30957350,76.01425353259918
83492659,688.3080364914903
14123667,419.77215710888424
81332426,798.5887123504732
75963486,1197.1883780187873
97473965,239.28549461004724
52550411,308.48497502788405
38852859,62.31864254857078
86945814,69.39860977659299
99213841,110.57082087302058
93296884,2300.0273277333786
74681265,315.86394391815406
67628381,177.05459567287073
53194004,109.64257607557744
79129949,909.311686445934
21417992,-154.59271651124965
65584374,196.61561995067137
83994457,206.81760391308057
79552394,1108.3107896970027
14169455,287.87423745488576
11006346,179.7162943003898
55920445,118.2998585468257
42183979,158.41854882898627
27236753,92.79396928454611
38623845,233.04205939157868
56539617,454.2921056642417
89514584,189.825512392662
55800655,739.9844724278774
95341263,199.80564169920592
90170967,678.6116409653636
25603899,783.9805924255276
80752063,367.9494585282547
74272993,351.174786349598
83204984,548.7023416089868
56041749,140.59081823025872
99929710,170.36713645864427
24093076,890.1233811113826
76171771,198.31670330990778
87313105,406.87343552660275
13150529,2639.8464061886034
85314779,311.44550979391903
23218937,-57.71728905799594
15797769,294.39137802653096
18451890,710.302798616985
23712138,116.33588598346029
40201741,1041.431539952367
74044702,447.4484299014804
91758728,1003.2607813151927
41605529,41.395327595196875
30345669,430.84669593184697
72490311,655.3801125542591
11341429,202.79827076624224
86562367,-44.98634186673087
65741146,165.8916798208793
28059650,540.7687958450866
36854120,95.18327314080113
70514815,-102.79896134532555
28991223,718.6640208116874
34210782,596.6387678671662
97420540,965.739816072779
53582966,395.400482282049
25471995,179.698679205899
40521306,139.22655687083454
18442744,3.305367920239007
86475933,52.37498929247067
35156621,282.66699049204124
92398280,160.52982359042608
64419847,112.37680909150902
27879667,60.4651378051027
33454324,297.39414522077084
78234554,-3.153673021888494
37295459,86.93860994490149
76464828,310.82548844220685
89898019,420.9266532961831
94459827,104.39465490001493
30672049,359.27533604241216
93226295,-70.61971442989068
66733496,247.02189089652222
24799537,554.6450988338798
30909458,140.29544312874532
20815913,985.4572065175313
77231006,195.81270428596792
63770561,105.87969473476062
61281100,-116.51165722751887
25443496,803.6344164210986
90941407,83.94666259750778
85217471,909.8641579513338
11330523,49.43041651946663
60135515,137.0795312608018
96537329,591.206342745987
89713236,427.80286007875577
87856838,553.6971756536954
68427758,-67.63022922955986
35697471,126.35500729000711
30758105,166.6329220136426
66828597,408.6859607699083
64179941,-22.39442732320174
57531913,85.11982032840035
82276369,255.19307341745736
33117908,270.824779112367
23807930,584.0158711459077
58313771,-111.92467300388944
86361973,693.9017510938019
54136725,833.7673588784395
80609057,57.5510662527812
23386046,-361.22622787166415
88923790,735.1696227985925
50739054,1161.9716301812769
85701835,35.296415986579916
11164690,218.75598608646567
60686704,439.77032262753926
56500955,343.8314053788687
92377094,292.084920065733
27377686,335.58785687325496
14820376,-100.17102831137848
24454653,440.5443479931349
49068691,75.37231755759126
68870887,-207.87456173815696
40404763,398.447523129983
53993271,279.10042983143785
76624283,-203.2674623637239
84681113,833.0989056687387
39182711,222.0105294094741
99418549,-50.602725582057786
54009403,682.8361195521023
15732665,-20.03439656462075
21105712,3.8658302417966866
76841454,269.0766092533577
77456803,510.94314088274837
94681649,183.4629403549318
42127705,237.62838370697693
86327920,114.35032560153616
49706768,98.06560578913155
47210863,17.89971347811371
98862874,187.57415195722592
80625113,257.0002101698142
13147967,127.96621500612133
79644262,274.8215533857373
40821766,18.334363560681453
38964351,663.2232031169583
80037468,310.64127625410566
10709528,148.1608346808726
14006566,148.93978095094826
84355937,100.5924102152652
68139676,459.8102747790689
51613745,575.8513104529669
77042505,56.52936829354263
35307179,214.99992656778403
43137990,941.9709323776593
60366178,620.632300912175
28449137,544.921872531473
54714633,662.3097551599902
86469326,262.0878048830328
81392986,34.80105073644779
94816275,30.709666427552065
20992851,159.1856778193477
33220037,279.4346407418152
52922027,311.36681196892755
70522751,1113.5137891220688
35179027,144.8553715439483
11006610,-45.93572231344959
97027045,213.22993907068349
60842426,294.8987714725443
37962781,46.82360201815413
57446778,247.75637543841998
46803142,1973.2353795089166
96412152,339.4176576836886
41948607,215.92249905113636
30401183,364.6075619683211
82446721,754.2446404607422
98640166,102.5097088909443
16426411,458.72412581655215
40919986,553.0353489076758
34959842,326.1093214184374
76545890,561.2640482972591
38671669,387.84296579701834
74577885,518.2214461549077
77894868,175.53452941572561
44132106,466.6377680260865
13303745,75.97955312957504
82202428,149.39949169660395
69359286,5.068246766862899
49249118,822.7833429927081
65186472,198.67521258006474
86728284,883.7119468772565
89113200,467.2288767841022
64085288,160.95248469819143
83095293,202.28963595846648
55834975,678.8466922985356
12408851,212.95335504785703
45102161,240.07927757272773
21425066,402.6301667072638
49253416,160.37632513737344
91720337,744.5509577113916
38125202,196.34216425864793
76716879,523.2684425861318
75093314,850.6717438449233
94720863,59.00660328217725
69306868,-26.402436489677513
78783123,262.80165117563826
31503266,651.4605213677341
51221256,73.23385349934506
36978860,162.51164921747875
77102844,-143.06959236299622
85218856,187.7148097280429
64674000,233.73487974006292
71928536,187.75628692923584
71632516,615.329350398181
44645677,151.8901592979867
27089889,176.64976307563688
85001254,447.14505168589415
80789294,564.7530599919609
94921905,904.2204076925365
87557595,232.92149685446964
27812172,785.9466364601011
70326518,900.3960738491397
76820242,-174.86562839262626
37798149,361.57178757452346
95689974,693.7982968944868
86698149,-134.97751634465214
82332389,387.31120903369333
38769988,117.60834191857805
62104171,222.8856910247726
20008764,241.28244475218435
88250848,1535.049934402548
99989436,57.06989664646656
20654244,10.990273421226533
63645129,228.58060295722015
66237213,520.020083519072
89366030,507.55992619117694
43885604,385.8298297379987
20777495,274.46865930766194
17630232,495.2443079488047
41034819,769.1885124291662
30863558,988.5997437048728
30990096,570.1036539689009
14528263,649.9998919242888
38046616,1297.2988531337828
21720690,75.65280307779034
41971276,-33.029201966697
81966182,311.93308303347766
81876034,348.2724347807956
23233042,114.30404958946718
59959368,194.53231638088033
25429816,505.57586440345847
40884180,310.7204480846463
88955672,845.6804506658799
43077536,198.3400039545735
22541133,953.9706928464403
98515757,102.3416391864414
96170890,143.48856447352205
33994765,84.56920224050339
91089578,186.89285549142426
38840418,109.30103622840687
92439017,182.68937664079903
30192634,285.594382127432
30769461,69.09686741457574
80205723,554.1724615199029
55131937,235.03690463940495
29185681,747.8654915765183
80773149,464.5736220378386
84757256,456.6355180347956
81505232,82.71095743101188
57555020,36.04357071811154
70106520,-415.4034113878164
43240131,415.60362829430176
57158414,157.7668772030853
63966023,194.89535792883123
46075950,246.35327802150874
47516649,82.67489500074043
57203804,82.73752951808251
99285503,314.5874318090136
23511969,41.889796987188305
78376646,824.6980592403189
48884000,483.7649903880523
98727752,1154.0065755603418
82907215,524.4444962684064
72719170,529.0065238077307
39149918,52.3541498438276
85435767,428.04293487359905
54111802,392.2427298192814
92599919,643.5234115893587
24226064,334.59050855017665
96829833,1165.5536521956624
27301621,128.85053030943732
15887246,504.03494068872635
51726302,207.9671116614071
51260265,1198.6350036876538
45934883,-812.7537799604023
97289930,594.3004991046192
42847093,418.2884795536669
13695159,360.19461297600935
21664737,296.64346057259036
72162540,501.8991043699142
45972276,343.7708908671317
71222059,310.1701930195524
18901787,-40.06001781934813
64794868,468.91078002518714
96040179,277.37699048644737
43891507,328.4794969689879
94649367,316.4586282333982
85490151,113.57437893753774
51948440,258.8125842707417
44237958,185.83858284642054
97658202,529.1392981949651
77699657,937.4514324659089
23252427,1394.6315797262682
10697423,361.8755164342941
99095154,614.9395295195835
86344123,64.78961481537175
32740825,167.36889934602482
39699187,347.87364744767694
79334316,507.01566509204997
13862142,208.53989247614237
95022546,-43.3246074271114
85671131,145.36549522236146
13946093,259.43841324645575
71911642,645.2556893892887
74557358,1018.0234412159369
76424216,64.4543223486304
60569056,508.22226987388547
21429356,367.9762367358546
37147011,243.63933129764416
22363795,202.8965374848824
22711721,260.67273398873084
32781826,361.08740086865544
79919377,-32.2556930195135
95950869,777.3930824151839
67975454,315.5729865569769
61846310,932.5799767367886
47190136,282.66339373293135
72140487,727.936042326725
33356353,416.0931583517387
57558815,289.3491006280802
85765913,239.33961830791856
67405346,78.87563484472741
47178751,344.7142599274606
92743619,447.17880292508187
67809997,701.8143050342974
95649734,155.15532213881056
35761786,60.26958947567368
20333506,291.6205861558417
39856656,581.1607570199732
80659941,133.07888066726616
72539676,437.0290280076505
34808508,486.3847496740533
18684795,1267.8819117555531
60926773,267.1436578833201
25343604,251.45881640608502
85280076,-193.6996338596042
51516725,759.112745931954
54359603,748.1334312521418
65763192,298.3767305202334
53926540,55.68186927859722
77237054,127.55580929372701
75498756,58.80242537694471
99166662,278.62182651177693
72410551,554.6429819985193
82923327,430.1228593500965
46066488,332.00869274917466
33059137,310.93685650433395
51480279,93.6870781659772
19373977,941.1552523178788
90715980,194.61544372308924
56492794,165.58758846198532
46037369,264.53491120455016
22743995,550.3119254439954
42553042,516.4984606412294
36975311,539.2402588162703
75351486,16.344227129117343
30981897,715.2057717422421
35580501,262.595899896127
40483549,573.8841014624985
64819235,338.0222911822956
26688957,311.5231078840251
94904538,274.44396252363293
46754012,-180.0690204953022
36796857,-145.50055403161537
28461943,285.26141846809827
14026453,498.4541382131241
69053024,29.17679043601254
32733126,464.8854003993812
40931025,133.08124496713646
19427950,-62.39909034215697
84597120,688.8406403492626
18811334,163.35592051035815
78324699,1241.9143984787493
77953974,-90.33062051614027
27862041,245.67650941409192
37247191,269.43413635479334
25562317,4.729129717269757
73172608,480.5267939139561
33104896,260.5440255310309
82319650,162.17107686102605
21799452,180.70212485788647
64888946,17.057456142007993
97264595,345.3833848131309
10429454,-31.43092814318379
61575325,517.4890749827606
56897257,103.81574874287082
37059519,547.84839187253
52110520,494.51149782144444
81197632,169.17935423610578
78041929,203.9087608983731
62481600,145.05604317144696
79068390,146.03803894892047
35652591,-39.82027587600783
39694436,509.3322464732215
95898355,514.507124972123
80006639,-78.47502161050505
53958546,2207.6286696003654
58986255,233.38291659603476
35034634,258.5420886790551
21845497,255.87588228118642
40578913,350.3916809505198
52684708,216.0277530978027
89834641,38.33472384469235
65511611,680.9535683906741
65731676,372.3056241070054
83770991,823.6356792021378
56280602,556.920962369705
44140498,195.4594767787081
52748496,110.55168594063144
76136540,258.2854684617313
35483441,85.00678795588112
25193108,300.20648859126305
27434478,-230.88688657153523
84357441,886.1852838820633
70840263,119.14372933975665
45633382,295.53157562495534
68317032,81.43409659145863
73465107,189.2307856312197
24929921,442.40298467497644
87300428,915.6685576659037
69871020,196.8272670590797
23755175,282.1562859282521
91971062,304.38007997887115
74483617,165.25195640974772
89642342,136.6754578640095
33276861,233.50616203714173
18861332,216.03782855582472
77211245,334.01218067848333
52041127,173.41044350661952
95864050,374.8925772594396
82528777,82.33403576493231
62702832,505.827429198231
24146181,186.44253919494554
90263367,222.36793962897332
47033948,112.78163801695422
97856612,174.7811995645444
73014333,2280.8149131341124
46731094,375.44590271805816
15781171,556.4308366335678
51156245,191.6983636197583
85958922,130.69870307470967
52550761,36.768574610638325
15567593,449.64291916115064
50279318,2351.7291567928787
88796422,-35.46831148516037
66724358,97.3144886058027
51443999,217.3439246342898
32661637,255.35915193155608
12999579,438.5736578817613
32460111,183.14359430687796
70354263,-62.23017555741501
99768418,-0.38226975073808944
93597400,158.25736452830665
42968448,221.6933239544441
11447851,783.7914165146462
76146411,331.4952370517799
86917958,1545.906163779428
57526187,-222.77662665436026
71062405,248.89332354819277
72847399,558.2930478780557
54891075,74.922094959883
89841901,23.397729257505148
90056417,951.6131985543412
77892346,224.99055896589556
31627402,-33.26158009652676
78864638,107.82426591957937
16022883,463.29785373602874
21980955,165.0245414353064
98291218,38.97925159046076
37406677,65.30797317547734
73253470,39.460288588499054
80239984,1878.979199872747
60323265,-402.0036936424759
93655248,178.1318036145616
58796215,-155.27624389403502
94203496,180.08349404472335
89472702,93.73788052029772
29142290,92.09524196909297
71021568,221.97519624897825
69197364,356.82143793576165
67499939,354.1122408137119
51780875,211.05347362320651
46941857,306.67396064359025
57911836,1465.1295499837079
38559875,115.4798253149155
81398050,66.59423316051141
75334315,152.07402888135357
59308610,222.2572544933421
16247087,454.0536159812078
43247285,1214.7577170769205
45215633,1206.6352886035947
40481058,554.3820188032336
40365284,614.3173584362352
92836079,1194.8094006524038
70303716,558.8999233610626
81749724,59.13171709899433
41853820,956.2548703729057
81440480,85.8921116001219
84996580,303.67069899732496
35919442,661.8287323010112
19046260,-495.0861018144068
90423631,340.88070858205276
92961031,-74.87672333716512
89855372,125.27926479244047
77816576,144.0252191913945
12194715,114.05044845173529
20115124,520.265128254299
73703358,135.74558220396318
89792966,20.39109267637116
43706254,312.16837451418803
70266281,106.96488871163774
78529732,206.11574165418722
31638825,-9.909556018539263
58167471,190.30612626435305
93767960,-29.05002235119599
55879589,421.76600489583495
67388602,395.4704915151457
86008328,272.5106070747028
53844650,172.1400937646078
86660948,371.81658290171856
39941650,68.5868516979721
44395757,393.5293040318767
81989533,361.4898919483944
46504700,-78.77321779188568
39402032,164.90721951297883
85919943,248.36661646625106
80733130,419.8158596099819
25189661,330.98098225678325
14623666,335.6540609232321
70848155,203.7694862512597
68571484,804.1194260198664
51228995,1202.122809881986
49683485,434.6780031364091
56036763,1955.6589196665877
32459332,24.058818583449238
10860915,228.00510665705167
43696664,223.56682970860282
87941364,395.19277358245483
76183083,53.18267541446437
20966309,234.82387302297258
37699108,167.07454810452458
55952526,434.66018874322106
15616438,235.6243563519211
86514240,734.2036175892616
92945955,216.7249249763106
63145934,333.562853363985
58853662,938.0729667031211
79304271,378.79515747166
24276255,540.0851454541361
43245413,490.41627663114457
59024690,588.7690696888541
13551336,77.00884415529578
44848614,-28.853933105923034
61087377,144.4484846811115
11885900,308.44589682576037
92535927,191.5665500879552
21708152,15.21067750506404
45352808,313.0254709281406
75624156,684.5317970333989
32001265,251.8649563947527
20413825,457.7735452134208
40305802,222.84628156797146
61861688,1937.3987257545646
33441351,90.1843977371878
30365812,150.32552704003513
43625038,31.877495037810604
40659534,26.713789435614473
72885406,51.86394396118311
55817366,258.3815060990073
78604997,281.70007037386614
14364198,133.91992202644093
70814486,-18.075059963579633
71030650,892.6423954646626
93257457,395.18722269627676
65515227,-38.76911379974399
23048185,1164.1100646287473
64021401,203.75305823840398
81601136,201.7316086160015
60464050,195.44207361303995
62126832,265.68737500088906
76122802,72.95788792419205
68619547,498.1397416551471
69931017,165.03969768534512
52039321,719.3688562582679
96748453,1276.1521436108392
40650345,1128.7339246366168
94190496,489.82352092628173
40034795,83.81192916071296
16725203,192.69739009714033
37869032,958.075967302024
87784983,731.7079275576065
67445694,102.34427577965391
44138052,131.78176681961116
56359862,123.71984017278237
27113776,197.80324992099258
73853459,-532.6274300432439
76284169,331.01250746920005
42581373,981.1883198023903
74617250,245.68078973182077
29606632,163.52006532366192
22328059,431.05725062435397
94596005,847.1682418719321
73640300,379.984564992474
52511016,809.6883828606715
63643579,83.56157641382367
73979691,476.60376911127116
76806109,143.50774205113385
67084872,615.2189398964555
94616960,-79.37350105306493
44018639,428.2749515455329
10369424,123.27957070580248
19417264,119.99016905614644
77137301,160.9511232066394
33598935,26.705031562357817
81379316,417.4814203838579
67627945,373.509600502328
74067952,769.0662448856993
54161507,199.28670768646867
55930611,29.74084729062332
64919315,518.4913945011848
92109871,177.23834818121315
88653847,601.876843688348
50331596,604.876622194567
68139580,982.4231370650444
80241693,217.904071149351
74034028,786.1018808994796
22712040,472.13098400601405
18212521,419.8958578562018
60434302,232.74372242970395
45427525,168.22669210867645
95853311,174.55384143455694
70857259,114.16123987489692
81477083,212.92666648813895
27723524,139.10171758788152
25206032,1781.4747059984738
12102381,700.4301850332437
72428170,434.1472319601462
27672042,1015.4596899361164
77000429,386.497871705776
95589605,82.31065620064282
44647376,851.5158866540806
21338536,166.6074666715739
13820529,144.2351904947502
24568041,415.3732901052034
90117191,968.4878238143557
45800664,-127.93293179264003
13557339,479.5076714422403
19087413,629.8712863155373
11616417,1002.9770870744616
22015830,555.2201849413626
42617304,335.0315228974897
72598754,346.43639804622956
34839793,482.66160798334204
77660297,42.88512260702356
13706769,92.50785475753707
71694094,315.5870092962421
26712974,80.31488464563682
11161484,251.06177536053445
92404281,553.357101938862
29267516,-115.64897500794757
44574998,58.12990658245104
66291057,320.1110253467857
13701175,130.96068613922694
24177160,138.4952457605707
81405301,503.21914518641427
11589439,255.97534048060197
17537269,166.53935669189235
98168887,603.481756980357
57508409,165.72983895237155
83408387,462.22303038462053
43301435,767.773465809392
49258344,337.6526800959755
98631322,181.7346449477676
69659096,141.17178224581966
99106028,105.43728422368531
37856658,180.39147073525544
42881579,14.173303615951255
77859891,311.03276721355746
81041727,307.1324520919756
47217829,483.15014018613476
53083229,431.6661607794633
79619006,263.7218066965877
87897995,-23.519225779684206
17964917,741.3390061385427
80568888,307.49654445899165
43042929,133.07537424818258
62796073,223.6749973777226
61083401,62.46186875599932
14141477,243.41484419139329
68306110,-0.9715790478185795
43708354,57.79872320751895
73883907,166.112589609647
75966104,240.06505799030663
55672599,0.7757595841960949
14917596,310.8604665600184
65294870,65.95112238143403
14049454,156.04837376772377
93295381,605.76030738984
27730907,1650.6181862707926
52543486,520.7311270129709
79427440,113.83898668435023
46627987,-89.22683661734106
63096372,827.5385296842672
21047227,120.28056865375731
94588817,244.50049071565144
82925355,374.3300043993546
20239710,191.67712804913543
66560522,198.87017578110522
34394729,142.04962949678168
74199492,320.8182849129024
59577067,62.90083995801183
69919638,1113.2046340847928
46718033,659.1520518240754
84917912,381.33288619137386
31599665,157.7732361683233
39056365,447.5018200159619
48895978,47.56299449697403
47094246,1062.6817379050972
19549587,490.6090247530673
18563899,-47.15219727907743
81642903,128.36441994318608
12095543,653.2006813013492
67140026,117.91628703729788
11054636,515.6719600874413
21698635,513.4382083184552
23623849,470.67054171220286
71392936,124.20227082224176
83425325,556.4091867571644
14553390,56.39076649320427
70274030,578.5668244250561
19402442,197.9650948984364
11041677,-36.99342252435906
77513563,58.59409966200087
87335721,589.562436030468
17466406,39.63388314248587
11267365,189.39705758076195
89144675,110.22330766490109
89338457,284.1011967586181
87803439,398.6625062152897
20104582,280.188219027773
95781089,243.43117434894492
66358482,-45.187838130263856
62863016,467.8222124146629
92557337,1215.2317968366388
10876766,360.0482041706367
70473205,351.1836222076446
87569671,1088.8679829884
61139578,96.03178828825173
53121878,207.6853479994025
15430462,320.62259420364745
67332796,797.7005785254488
75641163,262.6210740535166
23552924,1472.0962270107261
56332291,-6.081048888926375
83472051,191.58971560816718
73213649,397.5549427802547
47802315,459.3224959761793
42459098,424.919474049164
59654537,593.6563588806426
49312825,416.6468108359975
80983900,21.209522647933795
58178507,1481.9847404294296
50382416,154.9343269652952
66073034,359.5899889816259
43848284,311.9178628315487
85092410,323.2026418190138
22321014,348.41879110645334
31162245,338.73905025361466
26802981,529.7067441160174
89737386,-26.977097494925772
22704344,192.22085408767452
56000373,52.114707303010846
96310766,154.67274675519786
70324095,-107.04641663692678
86441629,90.33940394032038
12514793,1388.847336207933
89583392,241.99671254057063
36498032,610.0076469324813
22072881,48.675468107967674
23992589,169.8566035722294
25380807,183.5453562091172
30026993,91.25112264400389
65742850,-73.80120424096424
33236806,-41.97100823680864
64518820,248.5026025162499
42371713,45.23577375628332
47924596,313.0248058644265
55469978,978.8793968650172
29356220,513.3648217827777
98913649,532.5124879020556
22201860,68.56094691897192
17005574,496.1415146447854
61767605,973.6815093192007
63003964,2826.811273597778
52904792,250.47831060596332
87014699,799.5163970440127
60476269,737.0269656180427
23374773,316.48271074487997
12887652,-282.34633453437215
11366466,50.10162904504719
62053080,82.49903365157479
21354279,341.1418580007082
58635346,410.7456417737286
57475663,275.645410989187
44627129,247.85867287243474
29419543,2304.65630296402
47538164,355.9785462337027
19854086,250.39700192055125
63381374,147.18961791016466
55348437,108.25482572623855
80254443,884.0536985862867
23105559,409.9335513604168
25129271,124.5711612863629
40257293,255.52913541848466
63509506,887.6694528522645
45432136,966.9405448144304
19785631,149.3552435115248
22859019,456.2685548209056
36147504,184.2545864390624
54449509,292.4612435485819
81205631,422.68867295114353
98103632,92.01006807202435
32691265,84.50552202060044
72768344,1439.750680933767
51890279,214.5607417793026
48043615,184.8207220514501
25374441,30.81381142032194
59962384,1060.6667696584977
28910995,533.115874005896
13141234,46.86490447013813
50747063,280.7853596094235
55252279,209.89074341651303
52007426,1415.3161229542961
30847276,121.76196034142117
62106368,195.17568760574136
60214573,554.7526598778373
40002314,1506.4474500294937
32428356,420.55116621055834
53658343,734.4038882318133
29161839,158.22078805226755
46396012,177.64171225130752
62360708,238.57272065019066
43297939,5.799938856274196
12562149,149.9283449292637
36028116,250.78041067256885
87330286,454.25386392189296
88119407,227.04937766999137
26750897,506.00153662987884
49969361,54.56640002199194
97204974,-419.4220663446048
99702598,353.0239336486894
52763802,134.60872357466621
68901809,375.30884719964615
39208673,497.02259696896147
54033485,15.391635555676203
54497531,140.8873441212521
53990991,994.1682437535907
84489537,400.13838657145027
35670801,586.5663273997819
78791350,351.0858222203358
20845184,897.805688672592
13555027,491.76678934852805
37646059,-24.118872850698096
76127874,34.26415586329813
92134461,510.002658438916
35770374,454.37200132624434
71020209,626.9377745405455
34171582,392.77066232425716
50654248,904.6856601115566
42458567,203.00462269844343
19190057,1486.5724902928614
54080489,147.62788784098012
68542535,452.84159572784097
45210646,224.9677250906691
59714270,141.07063530453655
88185676,280.93054808314673
71490260,62.53074336468609
30639393,188.07701626732194
82576353,404.6705929557189
24335906,752.9709551560503
21049647,123.81456615764415
13781432,257.961580864983
86079138,-162.52152935709
40000990,830.6567803207005
73775201,605.332594114169
35148701,1014.9147167382433
81596880,39.54612012565053
94320273,182.66300987118007
36438421,186.76435152177885
53057217,406.9104142333051
25248077,497.60531393853796
73038169,275.6899295745585
73258090,352.5629586086932
87336796,1123.1967663232208
78963426,0.5143988369472936
12232405,478.66223624867496
86811261,-28.120026453853313
43165541,269.3577213475624
83018865,899.3981207791313
37762842,121.84651108643305
65591705,175.26387421689816
67890361,62.999258087026305
94753186,39.675523903452415
93051402,513.1881871813662
18623638,607.5438781041795
35256497,318.569720167079
79246585,229.16046395631662
23762226,174.1618471838102
67287814,94.5586219709183
78864148,583.6845825776626
30658878,-27.53272296130035
97960066,35.144978306943244
19914732,290.7622916447067
23619037,101.28312469360407
27095793,88.11152817928314
83667300,415.36204677978697
76686009,189.73553022734347
79911388,240.66416076563843
36038618,159.06148440436618
91489166,187.24750350878946
64088644,485.60636696084396
10087238,119.06193653597
68403788,771.4128265712624
95817054,249.40143673567076
57182933,1122.553345747629
83941537,-150.51721571697396
86909159,464.37217067949643
45478492,601.2617540771262
84142111,567.8374948334973
45223652,985.4799393721465
15651868,296.02302439016063
48952352,645.2375867837175
53380245,231.25825725869066
56211427,393.8663606063242
66961588,1162.3280299999137
38567012,422.2318448116388
74938615,-1.795325893817278
81147200,929.7093881533257
74772897,116.1554527056469
80316029,224.28131838665433
76791795,361.8074940798274
95549661,311.0990278864891
91524955,246.73268854574155
93849275,-64.1798935180098
61885188,-31.348119182626135
17120455,813.9894529476907
71403569,502.5556590921518
57944962,347.4383401899687
72483844,233.9370523352419
45141218,716.7667966476998
47525065,602.0553449163132
24379765,544.9644914202089
91215387,137.41409392189576
39945150,356.03894996642805
25481926,445.0769119237858
72167432,329.58801076335783
15652519,522.2196447923224
58079379,102.74445820544702
81779274,199.04263139452803
11313638,1213.7591958769476
82915596,423.8795290124159
12551058,447.9001567271873
69374139,341.9956450511032
27490970,270.38816177816227
28663701,449.4800155019093
51901697,215.3960699513949
19964529,894.3138845602731
14203976,456.0159521448302
86724526,110.03061771489382
46513661,295.13612796585176
42464585,262.05395064797636
14360059,1446.1866381184295
72181637,353.67601441944464
78956787,675.3619999122052
30264496,274.7133015195328
77227528,907.0393719469813
50534372,-387.6080819684887
12187853,468.550678720179
97814800,334.3363405157248
49704538,702.0266901955831
31844965,905.8575116347307
89449307,144.94313389884803
72286626,781.0872696795899
90641879,81.28368401955345
39977212,260.9308617172421
56406335,51.7358556740017
46671061,235.50498832126732
21883230,220.52699688367886
57754484,242.69085863297357
96138639,108.0072092919118
48581654,187.6302002528921
15477564,95.50391022824266
18367532,418.7210844163384
57040971,73.8732901856751
24677280,119.96893438944232
38279741,150.8184710893965
39630161,476.89481076540835
94354941,74.92518988106946
73739305,466.1321350631421
36839896,168.03821573808602
60950133,1991.1752427555261
34560824,143.60000826611378
89848060,795.6782876853878
21727334,448.13929654736637
96402755,324.02195009944364
99203156,544.3456345050871
69252455,1193.24463495798
86645439,88.5373628859843
83677892,301.3699391687854
22897635,174.11038343502577
45288708,1524.1192576243611
59969436,-347.5009542764801
94774349,-33.17974087945433
16886474,1453.3815788640386
44198009,470.55336123540667
64700341,860.729790255688
64505698,803.358461650931
77323444,508.4576792638228
27706778,3080.993503490734
59628829,336.43124161344133
55365465,426.5428252818857
69970571,1553.666901167615
94271260,320.0791967280114
52700573,1603.7700605561467
45014443,191.2655448834712
71021280,13.862125716207345
51886091,187.5370189897502
91170937,39.162018089218776
92081846,-63.52486752126248
95719079,59.32196648544539
12428005,175.0735184824947
38292857,998.6237931841882
75786036,1137.4442323519525
76868352,215.67503859347676
61787836,535.7152888094316
92993294,210.1934361987221
23885591,324.57948596941907
40800066,127.0180135336077
56146741,113.57916225164615
49447892,328.50559199362476
52965378,264.77745786178394
93685952,-84.13415197088167
89649731,157.8991266070526
47102704,256.8156076746672
52908918,215.98576954296055
77943419,1191.3423436100866
92500699,767.0605142490692
51420779,1071.5678255643675
72830394,104.86102355805951
72781023,53.504443935835525
16161212,436.0058218266556
73724856,796.8340938478549
76991618,708.161636689677
95797758,385.2942376957732
82786703,316.60195608007155
77183119,317.4922386868031
56026782,311.6584538079504
16589083,121.1783352721373
47749953,279.53364016230483
27187508,639.1929543309353
51723171,343.9810127944837
56627258,65.3283217584846
75635227,669.4817275139162
57547046,234.9959584079446
36631973,143.25987623944093
17463415,-290.99567918191246
26674861,339.1149264789975
56995341,-184.17144967214335
26126144,265.45193461845656
58450363,269.6634757414144
89312269,142.67418423062543
16817991,169.16757779903605
84965319,801.4870658844967
43319013,850.0848695191077
44400321,201.42543587772792
80024230,571.7945261868155
74521218,1352.045993655186
44832141,30.230041020784483
70162625,13.18711570932453
43589357,423.6936360290323
14100726,187.05951092484378
36520084,344.5328920490924
98999098,176.4233169407156
14148442,43.98782033238999
90033275,168.09136533924845
19819492,182.402578636687
94929441,1472.40545845008
64769677,311.6196999244227
80605119,378.59485097654033
61896581,-10.073501568626881
25053770,234.16809948409662
74893395,161.80785209923602
53560531,1052.6341142375313
89710260,452.36304881669105
93875018,393.3215548427909
64766158,1041.5393807346795
54305179,164.73740012646454
30403292,248.2360920915005
60767564,46.430153809562
35303188,627.8788463361494
21177257,301.22325373084556
15350431,56.23777817275493
19112314,269.11283870838065
10078818,120.00883992284378
23150338,537.2246590665708
47635759,306.47365747260073
30605686,234.40703470426615
29709781,539.7824284107402
13735642,259.2326885802823
99020214,-33.30348880576443
28873624,627.0473820636995
70890497,1342.1548771285416
99675492,151.77514505041114
62216584,211.3615770819049
84668724,767.5504035258517
88738488,376.8633686120519
35683009,1187.2600849280984
72816721,282.4760734831066
19163259,224.6207962827687
51202613,532.0600314196198
56056704,21.275640296360734
49879334,147.58856774795441
16786843,470.824477052097
47533115,43.37045126990364
22109413,930.2833201378324
85518746,122.55030310116967
93362991,-51.04587612398984
16124077,156.20218608905947
76182432,-66.46789506440783
26790843,335.777260135529
89672220,-158.07447140238827
12756298,1308.5961884535386
16926806,132.4618659417444
14000956,108.14868894530957
36806959,62.334598647801045
87017954,68.58748173919753
43944283,471.69854089726755
44101724,272.91975625786847
67316534,679.2559532353182
88490548,179.81367019588606
88665651,253.9847812906263
83830852,272.8475874470123
35512699,147.80835050933604
49228670,85.5978538930907
47172196,410.5241310034845
86195285,261.51139813422844
61100752,-75.5398238834839
23609539,385.91899752922734
95881788,310.4564139360794
44925764,445.74886811598856
83971268,17.589806581930418
17370699,490.1407684417867
76384877,347.03003621252117
93972349,5.78124679170736
64752973,68.436705111084
22747583,1319.922623242791
38304968,-75.90615638140252
10235307,75.8905731954888
25779125,69.15486585752222
12843653,1255.9706002198918
78094768,157.493352531225
10635284,104.12258069264408
13687234,44.555943566553736
53936042,169.59623451817225
82732686,258.72278101002655
96543781,-96.8462275104709
82228529,441.66836124638246
12775154,190.58458124972685
55255907,130.28688203433524
32916130,-63.78129870492529
18504284,863.9992065134132
65825890,221.49334126986287
33391713,438.683568813292
93331533,746.1518304215908
89345152,559.509522499036
46576484,564.4028334127547
33320733,5.588411969636468
10724817,842.3259875610737
41244276,66.46048929921662
39841607,290.86575071050015
59463885,766.6255141062197
61317492,1471.1177124585574
33725830,233.05308034029838
15316450,-234.8430258482607
53318939,230.03324713026024
82300735,-29.7290446768601
44927585,289.6953491684514
80951510,847.3726424912176
51421456,405.6993234242177
67936055,890.3638532623248
48065777,177.16401259698034
56103730,538.7310485868676
40566531,518.4348518335577
61129612,365.71169654634343
72015593,223.39908080964568
73826407,98.72302332408032
88021730,26.298710285857936
85653819,177.57094209248658
45194339,125.12009583821202
91086895,320.8532002785242
51919540,169.82043416126612
23157322,1413.442238851621
51628095,615.7542833988139
96537190,-38.57973954037152
53402735,585.2617424951173
36360155,4.693917082259929
37694507,171.55441021312254
83593533,325.39381349913793
24284452,678.9044582864051
21000889,275.3043875691475
18518898,138.02303675046983
11533995,187.9223251241507
91728492,389.6653764783217
32889326,312.36517106821213
16392740,1014.6970031393467
93954664,920.9728638062205
40527969,320.3637861996002
13359501,262.96657836830684
54613106,1290.493314823003
89494294,-61.20739337114878
43243456,28.85984306202306
49320975,1442.6702509710376
66824387,332.07613227882814
13395531,579.3238244625633
84702746,169.64704749807663
46376987,232.54221114028178
16949551,359.6236160776633
76113598,901.5280417964156
88051686,280.9065247101651
21575972,1223.222944007216
25797068,1323.3114480725853
46519671,316.6942453362433
62958708,20.708929789429362
41163598,1110.3534814734721
90108134,403.9017109437949
40305514,164.94252387703432
28323820,194.54302447875904
36148206,243.98243622663836
41903222,726.8268529224705
34111269,71.4349210104408
22460898,1080.1298925886927
87095926,334.9099507428908
99063606,740.032525298247
41090287,540.0788107522712
76553835,425.0976214724643
40520930,765.9243016628578
72499276,106.27259984473562
40722377,154.9399473810971
23596828,-44.2862329107254
94118199,686.8824074403158
54177823,436.39470604371434
32744353,1502.368267155864
83540534,955.3704160550407
60135160,1054.0851855529545
32215997,642.7223196198732
60591783,294.0329700846322
75534413,156.3152278578698
74381587,218.82865643356615
83928867,212.11223098912336
31779925,82.13939852641067
71389415,557.4239851902008
36657020,-61.58588495988542
52833217,285.8432582517672
43206206,268.73176812193077
21701449,271.6861737887658
38073031,412.22924626254735
34369333,100.24416322801716
92620587,190.94698767320347
11512547,2286.2965007470016
81501365,215.89604776760513
91014044,262.9940696705519
90225400,424.4070043675317
77353219,576.1645001766348
55291546,447.56644697694844
22923482,272.2592138573972
14288303,712.2398045469083
55909136,672.7579540682451
41957261,162.14654464619582
17675131,272.0070588626113
13490253,-64.98509126777114
79023756,224.53121474828913
98393510,904.3372864035083
36169986,89.33184744303497
98879925,168.7923217411509
64713126,432.8553571491748
54807445,328.48493843788594
76751871,231.9721493639513
98441518,638.6026607742826
54149693,472.1577106583676
42794612,66.38410521250583
76036112,454.3759168610038
14657728,470.78310274117166
73292737,1737.0272257976744
37897222,839.2355614725733
24707301,610.9755986684569
54570938,1333.9862562764297
47969890,123.15598473814009
86391847,225.81473214947675
43251995,362.1841345438453
61789630,220.5162822431618
12601759,288.3685783112217
86045386,151.55898923523813
67870680,518.6904585680907
92603070,138.0344381403064
45118743,316.8195196093954
40352166,550.864550552291
96817260,706.3766302587425
70031890,1164.2209264002236
18280163,1011.0385111672541
84418154,1350.231033815664
50657043,-73.72231461113768
24196657,273.6943606729791
30339428,89.09752139481543
97021401,479.48668990775525
35926246,455.57540620200814
78296017,91.6355446360077
91378970,284.00166004619894
80348783,414.1827073948315
90424864,411.37590017816194
65449342,170.98549963597708
50552285,377.2266847621428
96371635,214.2947027825192
72833770,337.26733367429676
94834332,916.8558279772864
34291304,1064.20381504036
61020465,170.75442335170527
58556746,471.7202381719202
39138083,312.0813617241696
25334186,178.95350400262453
34764813,84.24646446980705
37404139,102.6806176250094
44171473,386.1719145779209
32137098,83.88545530643557
72644851,977.3827046933073
57301182,53.25827541684191
68777856,334.27604883246784
46687209,-250.53559497344634
69167315,429.2367752382273
82057134,501.6855686412208
28611499,140.35328812966304
73817431,268.85086823388013
66885663,965.6167073421449
81244724,946.2578666925991
17815149,248.5204227490844
76792976,158.23928282003095
32232188,976.1058985195317
32884692,376.1488683768421
51904668,-88.50552286832738
54177086,1460.4125742800748
79785130,-111.10135698363251
24791309,-256.5183485328891
79748184,64.61199886176058
71076766,670.1380686115792
91713473,156.1511523103012
21889636,159.74152639047645
88684450,45.3907530696581
13868166,631.6889954665882
72609306,14.060272032537199
40230821,541.0798603744078
65326864,-75.65067267761808
47873334,-60.56884190047407
38502225,71.0233818608566
78086792,466.74673679039313
19000370,1058.0480870559663
18794356,1034.8384476209694
15695931,252.62029568028038
69820899,285.35661672147546
42730808,270.7998434881372
55693372,323.21660396684996
39793167,472.4257684477743
42174587,422.79503603893716
17562701,132.56896415324826
75887228,1883.4805370892745
86381737,167.03726091721154
50478816,203.80896965741925
59640073,-45.020322237003825
76678970,749.5204699372202
23159711,-3.7570406636164364
74146213,240.07263740771162
73679527,1165.0794095323872
83678670,132.9908640261724
82153168,1050.3260072529042
81585077,-192.39378643367343
51172809,587.4363484893887
93348209,121.449987872446
40526730,62.12066895168391
35477741,397.4676533014857
26904107,303.81625403776957
98083773,65.86515207956359
62394914,351.2309174472058
38403298,366.5636301968731
19395977,88.33723160748957
28561023,1309.0414645026358
45885910,88.43910100733581
95086890,279.82799040977676
19776574,-31.198811160349806
60586201,-198.0082744392493
89147481,1185.8455067054938
47209892,350.21457393724813
47476854,245.31834840465797
60953282,317.72665624423666
72001460,453.29355309621985
22546493,41.72205346462192
48912589,655.6804374520268
37241017,26.009127248703066
40152795,285.2049720436866
45771924,364.5544979088738
70307319,365.9767523520351
42825484,194.1038670258963
32535623,490.14568417473095
54789245,101.15844451550481
72682970,349.16497154657554
51218700,583.2213509428543
16039328,255.25694219031755
44678506,554.8210957103253
59530373,330.7584791830101
81467001,117.68379602161116
50258434,738.8149713814022
27681355,31.14679020695587
69431073,655.7092797288165
93968709,543.4007874221653
56478207,15.288849075913987
19466001,700.7376697860096
45204787,341.9885071769803
44120969,351.90100313441906
11347094,61.579062392624195
33817003,566.9372498614304
84812841,211.38590600366433
82947487,96.79804619172535
22317982,426.5054275402251
95086863,27.05872387667364
73084974,404.68055153247076
96665202,850.0419144580122
52954565,457.81808631036836
22781049,175.65921226663602
39742164,-67.71977773075662
20712973,82.80928648988754
76124953,112.51095081011715
53726970,16.901232308263616
30895251,319.61759716512904
87940348,433.8683170819696
95321478,402.1859718643442
41613207,53.75646106263079
64780104,874.7816938048915
72574405,830.9576371636746
87909513,-101.56901371503443
80918662,262.83630566677317
50842195,159.7052459555972
37167999,419.1580814061256
56430683,389.36504664406607
62519911,725.1052640900762
29251792,141.63957778774306
85925973,82.45563673947572
34644536,361.84813027869666
39276706,-941.163360615244
81892516,-117.36937947096385
30222761,783.0581988290247
10422044,564.2550163463501
28074362,844.6930834672404
64967123,79.37612339647859
38282963,318.8403734164706
76769818,320.82559010586283
81835353,763.3138700854554
34737343,1529.4102458896882
51032996,88.37522409640013
32565254,527.6131834589406
51764743,488.0957458201
92831396,160.5070926473162
84077215,76.42408279184758
77480283,998.614065752634
52724196,183.2057228695785
78039908,232.24679363445023
46605850,1354.7430657607606
61041851,128.87346445801626
10551671,-20.621454082599598
84956232,329.37019114278905
93609795,625.0517564637174
63261476,70.79094428851249
78773692,378.72582470263444
41527728,1903.726523328814
86838609,97.69292330879114
46835475,73.82926981058745
23285553,557.594915702398
83082562,477.5912475970184
33889237,565.3242812654108
46836989,212.45068510680676
42683388,1403.2573683328574
15212938,126.26725498933854
63857629,120.276290213435
71736760,466.2690134842625
41166882,222.02370854415796
88287708,331.12231050297476
68218612,907.7516881498042
34505104,290.2678828091517
50756606,265.9937702640489
40004505,90.00913347672935
89798576,164.97537581562983
43860123,521.8489186470001
93655218,239.24201963823714
71051446,629.2058546043098
93380848,558.953084798998
27980449,268.00302859625435
57084880,394.38525418834763
46438239,135.50120447021874
30942515,146.6761067031784
19590564,219.21200777245804
83623165,73.26743371503352
76716085,-420.07797567328487
60666996,27.362271161341823
78361983,440.50690503108615
72701952,401.4628600975569
74922910,-257.7675165329638
63759907,105.31581740361707
68856134,283.53262295734544
79795778,178.61983656510728
97178936,881.5439183800912
56185778,190.26341365654895
48290079,415.1140243540666
29392023,663.901987682256
54780943,360.8322862422867
97751068,-18.262081105504166
69746506,185.21712051400232
55371174,385.09004723233977
67781652,24.195572666382418
78245291,48.02052368146292
64158812,396.72141736966284
60974365,250.26442054170315
12800790,287.0779984397732
96154030,986.3785915724603
98482327,279.0733286600004
17464700,355.04596002583355
56270967,403.1119868958202
46584495,234.52490722696643
72785702,93.06921709356561
41281460,61.76791840749581
80424496,1829.2490373339524
18835766,208.31307269160988
87502261,68.61905565850805
96135205,39.79099288753085
26258289,22.747737237866943
75302604,909.9464775912771
98645752,307.96746184917436
58643859,1004.7265849678803
90141148,343.5921601520803
52181895,179.239984354758
16710404,136.4061864939876
26056734,1125.1725191253613
39602380,647.5634625933322
66983144,841.2091514422722
52507579,1024.8737100300618
97432890,180.58098236940646
85547503,565.9216086805401
63906202,521.9252973874318
84599750,59.73247821879437
84325254,68.2851500877307
39975048,154.63865430909084
81574706,371.7176632516648
30468791,630.1036698408018
97533812,207.25923777419854
18711694,115.40961967486555
51787778,1499.2111699270295
61409887,121.72759477231864
22014620,143.43544580332286
38836545,37.550041161263664
87391833,228.10011423865274
69117778,433.7759903715656
68122788,514.3083307910618
51241051,421.8956233038265
87186215,54.60376132121081
84468326,648.5203040334367
86410473,1509.2215921371362
56236242,139.98585405483345
59626902,654.3427580592817
66112801,180.00726061732246
84626603,-46.19777420122023
68630773,896.0100837445578
33563434,969.2909434754962
52975992,659.119445667482
26817104,270.6382408241705
19501484,758.581444707016
62595745,604.2736042110656
41563117,299.95667771598863
52796320,205.00518668346575
21489695,226.34375911603672
56658010,282.4951621909925
91048109,466.0833873422604
68814610,-108.8504291835527
47089966,1377.5288790328782
79261064,29.56667378110791
43267298,421.77023838561774
35491922,191.556301600815
91103900,210.0244901177329
81885878,358.60268766563297
10004659,66.80286409187335
49810234,-0.3921616464926956
65062190,225.5732063471978
57566037,947.9638370246261
55754004,793.8900754716781
99179360,399.53521483278564
67491962,322.8193744731799
55660033,277.67600680978376
96584547,158.74034006697138
36088377,74.70877126018257
97242422,-81.26595093073459
12109366,144.50564786145503
57248099,681.9155518782835
46843789,838.9748536918123
15574311,226.97947192521815
39119987,661.0559108555951
95964371,264.82101903536113
93965777,400.12153630930095
32720737,211.15912720749316
38011636,94.64188239700201
28738450,92.8128861474097
82845868,323.96656316244537
92357814,1443.9775441690663
94273774,181.18473756178855
86770972,662.3677551558236
95965665,544.8881790275385
80658412,134.6272949519415
11188732,-23.913442652254957
78466957,-5.622482572606458
77853776,98.3674991854424
81589793,1001.562697114856
49765777,44.7081739784839
88579415,480.08271173562514
65011154,161.10163891732697
32352609,207.8380054278714
25644810,320.39398089105373
36867135,170.9031140723883
88848522,249.13608202195934
54293859,475.7004183805001
33019527,170.24100049724495
46924492,176.63796548414484
19488750,105.56413036067653
94594464,51.76955983570386
73247876,-28.790000562766465
71373451,636.0136006385122
27655514,288.5652093937679
94112335,170.9631541453985
79135715,264.38143690081006
69231521,140.44999615054508
11994136,861.9279454603694
27288623,426.97542181235565
88123955,94.32662677267797
10000265,201.67596595622598
79772833,167.91108065424703
93882232,1251.4009474324243
32109681,70.96169575305271
65404136,144.11305377483785
33831079,608.4086137525477
71847266,429.1832842188916
81003839,752.5522874888374
19285579,-46.4885029476298
51911514,363.3169546485859
55539434,2000.8773964329548
44536751,262.20190072652156
70028057,-56.639968818870244
86860126,530.8734705523576
64254454,290.7445373772078
98284782,194.3130833093067
34610652,325.6428429207662
75568847,624.4668688559832
65674652,73.59187219984943
55019276,425.81875151861766
55592552,621.2100435415244
94267636,114.01375075723558
69222634,138.12383006323523
85591369,506.55363877412367
43835656,95.55261640204975
87803052,632.758611889572
26232040,244.57444974155044
91061668,228.31329783477372
30001734,411.8664559095072
64074995,668.0742278882614
98892450,157.56146139695437
30473837,217.9326215696667
95158643,129.26201900928334
42377220,197.36553545984594
64814717,269.4288048010253
30148862,1114.2130219250703
62010302,184.6912835925272
99477712,317.77316573627184
70875105,874.3443320938087
20465640,400.89827241901776
27850961,391.78466243766263
44835254,915.3493901056933
37634561,122.45040433576247
46702648,326.0907186009616
86839823,406.4464831731651
67985741,1352.413618649216
27791703,-19.101781706570534
27289673,761.7186022028296
47043760,226.72642445900027
54808934,-179.39797511013012
98155995,347.2841953484184
69341643,590.1106853254065
19401682,262.5115157299599
97496254,195.5896881117314
26009392,-75.56451660419566
76357312,586.6585441525182
60644292,178.3712109846265
92095667,-5.475266440222526
16021125,274.3850690576249
52662306,286.6588658058761
22527415,480.44542599059616
11178457,416.7686727494223
19452873,503.2838530732091
89463603,286.08672463921073
55778959,67.54537211158274
45079947,201.8623384146859
71913651,514.6069017979304
26030335,258.0816245457908
18887144,514.5210441698856
67192573,423.40908189600407
93955593,1015.5622692744338
51025425,4.488349170406423
59882564,440.2894587567549
39586553,674.4884788388694
10235871,105.48187214071055
44636319,-50.64816723707429
37290007,592.2102684610069
14108687,417.2942843622185
34932666,-1.6344938358058698
80941617,441.12285588405234
54682782,426.4121906030949
89652985,274.17659124877184
13137515,122.32682071569997
69623259,40.347989260788836
58672181,202.23893794983746
19145583,56.035404545494345
15756823,-78.37837714589787
48404289,183.62588473822643
81082424,774.7164409863801
73224913,437.2699140142488
75845341,-84.21397443233167
98474913,-52.084765286310756
41962691,215.66566680385307
48961741,228.24315127958062
87593653,80.9971138841978
84917993,148.30812601778177
24081947,345.3662980833983
54462462,336.08323585988217
51963469,965.0378144356179
94467679,182.77124786867284
31642363,671.3456373105977
66097711,274.18279612613907
12884742,203.06373819836574
94999391,154.13671548461878
44605879,656.9956592301786
35787017,350.20853915149394
45450960,603.0070561601458
95291199,267.56147047505453
96016558,1324.6515888375425
84566828,28.970194588419076
47412693,89.8177419510858
49029700,142.8967388409289
60010012,-110.24374760157446
75883768,145.50646973911972
26202342,884.7026247239058
42317663,312.2986117118122
81534336,628.4776082155713
89007837,133.3536213641733
55830410,221.64761500206487
42889086,329.53838290361034
81610198,307.99023808169125
17452253,197.20348420792425
71203731,72.31489131818614
80449971,1361.744939725837
69429731,224.71046588654514
54605956,184.1672821347844
34299688,603.4715826890935
87819668,1085.1955915806925
35995429,202.67002712794027
79395935,176.57942077119674
77309412,321.9845741468535
43863935,577.0846347162811
25184246,281.85477852887885
36615071,374.32366362152425
38474717,237.41170113599821
93825316,282.201631248971
33683398,36.32919974371788
69346242,449.2829695184979
59095929,553.7922730201764
87118088,729.0090835865759
45924958,297.5178783273884
78591323,35.45419936224158
37759814,1082.343347309502
79378632,-16.55380398078944
74799649,260.7498526075393
53222755,59.49502095989976
36749663,228.7862149338617
48476133,181.05196352326158
49028666,746.216418764022
74177764,144.12347241553726
14771208,205.77815037212787
53613430,306.8396079971462
58749152,145.50631920387139
32751897,153.45810130691393
26470651,-46.811236657110896
35002941,183.47009491859433
18541890,475.51717965411285
57596711,805.1647138107281
24072464,109.47232805044268
31435093,1467.8610317780035
30602585,84.79367445176649
75360000,271.7002227883353
46273615,166.48122725916005
95181699,142.73878797283464
91310621,545.7636191404468
82017783,-88.00974966662326
70908643,2519.569675056422
15861638,232.6976347008083
50835625,154.47841866110173
28964861,879.6991300331453
29864397,1431.1541863617972
12057084,363.6154632673349
28334945,203.06275765036304
60084019,348.70275216636185
63996133,124.59084908538341
24215888,321.8504077125178
73974645,450.11491956261136
75072747,107.59456755895565
45633768,484.93900263999274
35646913,544.2773006574474
53661067,206.64340511056298
78907585,449.9732414989418
76922109,529.3459467541792
62248680,262.94971487320106
73320273,108.95270522322073
22179940,218.49256318862535
26991418,335.6029027593787
21855522,250.48315482046064
55265808,446.3389247040775
58224140,275.76102426769535
19913819,105.80991975322434
90275479,139.57045048184858
97988475,95.31052654978907
83636674,374.22914512741727
19875524,1337.504784224855
90421480,42.62456085690121
81793670,364.8140762113327
85521270,1389.6172739403046
97359529,-263.31139750032787
91814930,798.660023358312
39016297,152.69413088320294
94156929,231.95138878776595
45023538,247.90378586097245
58269517,-262.10812778424327
35694304,953.7947612892054
64951262,413.78785208914803
95920942,73.69175172267717
41847450,792.3225513636984
15255858,-178.7695920102177
95924527,-134.92379472341383
12518283,574.9773676305807
99811369,43.50403395928814
59569343,522.577429887022
47206769,-16.990795370993737
51079651,112.72939223831685
23194465,718.8066314376005
83356805,382.6644940887337
26586384,-26.936893331232568
55548495,3.3390062166106986
86324071,-79.80733830017914
75101749,71.99706456610238
16463144,77.71740834829859
19396787,80.54810212541668
33279246,237.77574517473738
49233593,156.9102740892647
48210075,179.76289270366289
55054820,387.7422935029948
96257897,459.16694367147704
51430742,1173.4758439016123
83437485,55.54720443607192
50578351,375.4386723474819
97275251,313.1261048811165
16222585,147.8133421362656
39525336,319.9746781311606
78481250,389.0095460765864
90967247,270.1111232400544
84855982,268.0433702945323
57782649,536.1074277485988
77997002,1458.860938571148
36215630,224.00907870299903
95580912,173.50344636266573
59034107,189.1879163047892
74775777,292.3932285861454
39971311,1129.1722358181019
89020638,254.11198558263476
51169286,281.88885110325094
99644215,104.12670742406789
90744203,55.83848424489946
96320211,1246.8124264129929
36465697,84.1828850160556
86214609,390.9655044160505
81033519,555.0851064067264
61860616,317.53912473056937
11758072,523.8903765029472
72796099,685.2590316673851
12154166,502.8353885170924
48588483,244.29975470506355
75800458,143.15199152819076
27360889,-24.018723158347314
84455620,406.4830711867238
94594944,1251.8890027814082
73063439,784.2135011095689
81513909,357.7983451035476
76078349,-72.21702895930764
18738053,264.09833966872134
29574045,811.6670521142343
80540560,154.70415696965551
25751173,117.86741635727651
26008933,1399.070125550138
99638568,610.8786982227737
16106243,599.1494335671024
46712863,179.11845153612614
62434322,-164.08864899716593
41483187,980.7953937104913
56776930,370.90186343568246
79612305,210.99584978479754
64780825,173.9245312268726
45536007,-235.55014112889705
46661025,1907.961945901984
77061678,265.251233438216
60393588,755.5797488539052
63346660,403.6151116405763
27845955,201.13118968213723
55504400,762.6440660634111
29005367,399.4679929649802
22069246,181.20264384345865
84008491,677.3436956980869
17133631,418.24598508091697
84832150,18.259275057732225
45723864,466.13284677495994
43493787,621.8077031894244
66097518,695.1199774928372
70168465,369.41633403978824
94063743,290.8559698128005
14576418,1002.582372369695
67277120,338.125469688884
94345958,64.17864860804747
30685847,227.25887762514583
85948230,203.58359421634913
89817663,69.48244573874706
32957921,881.0288861732716
46701128,510.57753368831266
70035645,196.8435820597877
60395047,568.3845561306529
88839252,1042.709303665264
84131490,196.43245733923504
75586325,122.7583281281918
80103534,282.30200203139424
43032685,347.63699559189115
15972126,89.38054141231925
41404247,410.00300109899115
38893753,515.0234851814059
73633779,839.4177507742439
35904393,88.30550377209659
24714022,561.3843647154343
19048345,1313.8991745140056
47004008,19.060090618996867
94742593,777.3397054112735
75269823,849.0565156976332
25552669,70.8702422989175
51828771,137.18609156662967
70179002,1885.6866959987296
38115411,-40.36010040868092
40317565,267.833361505242
21110207,367.0063373142601
84762082,218.95566589645745
48690899,823.5266148105646
76594160,118.05405633080346
54192522,313.72142793983056
72813893,-0.46026538760276026
21004583,284.566039478992
64817154,236.03625999690496
42706195,180.51308924840885
48103074,1209.8583833548669
21878260,1041.1755157446742
36272220,-12.369535772797974
13817497,940.0033585127725
41737305,759.316641429196
45517239,417.93933980124837
89500514,681.5268930539656
35952974,296.06251891248564
79180368,356.78003040527096
49972479,562.3556011969819
16468436,-128.76554636915716
66415757,30.253679270904513
60737619,653.6101125676254
61065232,152.88118859009154
40172654,45.806406767669614
89609665,100.26889660460552
23952725,-182.56614798028406
72896307,27.352540389295086
43835334,161.82399307592158
15170417,320.7270127991837
67479665,634.4365514050936
33361674,-49.62254142016599
44130617,271.0935444636832
51579953,217.33268639905418
75908580,236.52664026661034
55554604,265.51590121559946
78855633,-81.13858691446603
16657542,1016.981203571822
54732615,472.1145819712011
61746292,392.56564481011185
57869356,752.2715385899701
29926611,345.2553184799925
75275045,207.20183193994177
47886535,215.90119946245017
44918482,395.91750591975403
78968246,365.3028514505721
54136456,430.44429948847903
90807736,29.782171594443867
60276696,622.8344741573316
82048962,108.97976753081241
92669446,137.7608100967716
48680297,113.13259811516775
20902349,112.99298391841927
56991657,302.9423217777137
47839152,195.29115515323684
78844128,192.93728245636424
13384224,611.4209594494848
46213331,106.51405737953183
34116626,136.32756157296393
13884884,51.29873985952025
86060261,519.5804624986739
33698474,136.62173917176227
65729973,166.85405580725774
10671871,754.9083117941968
35704807,87.69348704331969
55231783,50.82242603361155
62208192,1139.3867158383405
67563103,440.0164417653265
72548470,296.2817351332355
35725437,745.8066469264653
91119982,590.4256718223056
58303560,319.08470235692744
48430844,207.95373045397844
17825416,393.131301197487
97821966,26.22994004615896
76538437,1081.184360601082
46855429,262.0848921686375
70135617,309.5816257171169
68330883,470.22078693197125
82205109,1047.1877671795237
47743752,59.45869452894897
55059767,551.7984279697257
88243398,762.0258246147491
44699350,320.44439751627385
35330178,344.03112890178534
25203468,44.897965023319955
40479165,-102.80382778307319
10947997,119.1925556481296
76351104,711.5611485157877
11445786,398.0471749405898
49470754,174.6952498387144
25466549,158.7127751606472
68081302,126.02457810942269
66965573,25.181304678239258
91230160,196.80249208469866
44322697,204.533107983646
17542284,224.37857055096003
43035885,-1.1115031799586461
73926094,330.4968068216109
64948505,592.7431828251828
78950808,428.84197040278684
38422125,341.86331710132606
70854487,398.3000486999405
96303461,664.6498551583072
46698218,-20.963024785415115
42918073,166.5636202217678
60976113,198.29012423942754
80414616,125.09149392811923
11919826,559.3135682886548
78548658,516.9871377212785
21857739,-97.2451235704898
29877271,1117.9744090199843
12698388,498.3511779746367
11871707,852.1561416579274
80819542,264.8836961000552
95941128,221.8681766123708
15401105,111.54693668240827
32754426,422.5217967728231
69235267,-4.881925405618745
71590075,501.2826680128072
93562904,431.8582017573573
48418506,271.41203850635685
91190923,595.317812146633
33120061,2145.788993918557
79992717,262.1004654569326
57263719,268.2627657224081
97902872,1106.684578795173
11659952,132.72618879489727
19463140,103.6664348867995
32523829,1710.9028592979225
91862885,558.2208506403585
72799092,472.9414564729037
53477503,181.10104152722346
66993460,147.86168791378327
13665562,479.4673343677956
80709687,548.2476184282449
40330962,361.0733088377318
42684844,195.48629352419465
27675885,102.41479059480764
38250322,387.60962955017305
63478776,57.29639197703713
62285686,140.531348216531
97553472,607.7843183771575
64732641,4.193168579478538
10341748,700.3353713502737
34930451,295.577608871816
53726168,627.1109480447807
69426758,171.28023681406614
90029637,393.75782757630725
94611401,879.5907819719636
31394855,-37.99584321517381
36645175,-30.518230278775036
56281801,1018.7565185705026
12148162,239.6019605612534
18771087,84.24246982541791
15509457,466.42613436408817
58811830,175.77387629957065
73003066,4.768442532238794
34190353,187.56650279087648
70731913,277.4764180497233
55320872,853.0208655788518
41886703,113.22016219794642
16884593,200.67142677463704
90415325,1643.311943397105
28408198,-217.1395814153127
65914001,374.9918627855975
75122895,147.12381236954332
80177938,1519.6244212087395
37984269,615.1991047346847
81491790,221.82019420451343
37294085,297.95270865477534
23335477,2.300130011811575
74996570,156.99782401650964
11602841,1095.4251565892077
70152712,1847.8095722375006
37504288,-545.0077074884047
76619689,35.35775262966308
95075447,666.9900993058674
62779399,1056.2568014704493
66278648,303.28130410758394
18002070,-61.20745798682975
94135062,1103.5400919481754
74396322,255.55532654327027
97169764,1831.2981836180902
84630384,351.2019493130789
46052909,1337.0049370669403
60213474,288.0591569116633
33797784,12.522262320327798
59759309,331.1453884896831
47001738,101.62626837462363
76899861,193.68555910139133
54444766,1262.3384706877555
26850612,908.0713789937491
22468145,417.8233241693447
39243645,221.8260332584764
35759583,82.09612211883166
92468992,143.578958879631
68717112,467.7876722759428
47344834,226.12748178905866
52115284,264.2857938973421
21042322,-154.8075545848921
79258805,1176.4653533459482
51304748,547.0716727424973
23253686,47.02311023150526
43275074,417.97840194195953
81602713,393.72967114708706
60924053,671.5570477531875
50363853,175.95736015382784
28412591,44.53222859368077
65145713,237.93747956404854
47077663,890.5484333684891
58136966,125.92651750243044
67034290,94.0947570008147
72057747,247.35407579097603
78034116,78.84942892045507
99365155,546.7420718485893
56151729,379.30244491569465
68997667,284.9458334287118
46532370,220.9914555137035
43276809,206.266367879045
70460118,218.54581537318688
66150334,752.4721002092175
92614050,635.4154176879192
69313526,149.7136016337111
70949373,1016.8633832063393
98595102,107.3148625324522
57731071,84.14713871733295
58855043,119.22540143984656
45456441,120.29316292845715
39733268,153.00724546999146
71064725,11.49216338984121
29668017,515.6217065185801
94555207,420.60036060808034
60811404,1039.3011647273893
53154973,111.02001336249339
79534885,160.83620928928565
82049293,728.7240117668046
19578533,-73.50643205552109
66374977,82.91786933018466
16850211,-38.98463054031697
98217866,79.73849158854762
33773989,1431.119189420162
14998381,491.84057390440046
92421507,137.81312433020594
66591282,157.5426717642045
27243576,-19.925311416592677
58962954,88.00165933370812
62891715,96.37413956979123
40256776,142.631387282712
92014626,1636.332431659454
68868046,183.23173147848672
47811896,957.5981129154328
86438296,264.3508982000673
10421272,302.81411921990906
56519274,250.21762386755847
84854339,84.30179794229491
95049673,234.88384047381032
65578696,248.0909113765248
85747970,118.24157753439528
69874974,642.6623640243614
34594425,115.04327395769604
14874183,674.8770616738157
91643227,202.05052986210683
94998930,1069.1183876763066
25184219,-245.38488964154305
78637662,1915.3065932116924
40102355,680.6978956821166
33004293,284.56489842445467
85498300,1157.4227218629421
37721019,115.24128791262865
78482421,189.56298352774905
81912650,286.0094638156095
86410146,378.4892233543129
69095320,199.87655270519974
56569332,99.54768414852344
97340317,45.19880239022177
37533494,78.20029004992091
55430447,426.4774498610526
45610406,214.0680922537332
64085140,795.3225116691673
81416250,1705.8024744574614
70034683,247.72508675641632
40315264,61.73320435394055
73160601,606.1660208274744
54677638,279.059084950884
90571590,348.4148121411415
84772888,5.001015699688963
90285847,245.2798034457009
80203339,92.25489046524547
73536003,9.9718599171905
56021479,371.7808226973683
10526589,572.0504637985076
23648848,171.08968863889254
27805990,123.77571720470019
46740683,-120.15160914371484
66243364,203.2261835397
88626421,52.70493722739707
81009655,-295.1354143710363
47576712,240.29101053067404
73803450,554.848029935367
47427075,37.369019436321594
72540520,103.69367688970874
55407503,-58.19846522706766
49275948,725.9884793509658
74312584,-307.0802087020942
84174297,236.78138774126967
96261162,291.3504687205
22879870,854.1419239406458
13933179,181.258093456731
20116066,78.60320230710846
38689361,225.51906031599185
63156536,362.443955589162
95340838,358.58739819971686
75352375,388.83697767390925
48265534,613.593333768212
74912030,211.30245016139088
70071430,1586.8762861823761
87025516,157.7024138364498
52784904,773.7289786460257
96281041,201.1856166094961
60302206,1027.60681395146
88862209,90.70936253308162
66359731,1078.8512985574575
56582999,92.11841219354255
78391067,-165.069588607049
84566381,372.3334572187513
15548328,160.6116436612537
49432086,204.35647064395584
49054075,253.88319319948937
71689174,225.22981063924055
64196832,207.3642606174002
85965917,398.9572823035438
30935690,958.4382281421825
55460540,68.80677983348343
89457485,35.9079259334938
10188743,256.3575289064283
58823191,348.1589085400399
20643935,455.7548635596594
40325735,-107.2030435656203
91136520,108.2171502646089
32259671,64.75358404030044
26400774,439.6750296428369
28057887,2653.4397979271453
82844555,121.84562094700482
51111773,364.77749133659665
42987529,82.99278507502515
62978911,217.24133870123762
11881525,582.972846399978
86857890,217.58322311995926
79797628,59.65311996392447
80357222,275.83429022974656
35431033,111.1420844681644
99201502,-30.185443352153584
90452446,628.6315542056033
18670977,216.82150509367222
66979442,103.61434674989988
93738605,179.59129725985684
29213200,350.2382518901145
31107212,64.97271466317687
91594833,154.46039759686062
82943336,-40.4665102038135
68443662,251.99040652151314
93641230,318.79097398362836
50244475,553.9003191337666
87626955,1123.246063584731
51387553,442.75543148787835
71504785,567.5668792739888
58768482,345.43561886255077
47301702,-29.61549039209092
46285200,370.38006356211724
27113638,103.51934493477171
63361835,34.071030086002565
42709073,3.9955631213780407
87920715,914.5779174129581
59996173,14.334144377698522
97865712,-63.034109205100606
76462362,1111.878715387953
38643308,137.2368393509866
62694540,-51.291220214586275
62141335,243.92344954786472
34503041,507.55251049916785
11311229,448.5455607593225
51623206,282.1818888368107
28560163,348.56576280712886
94388349,962.6829379310562
86256710,133.25318140321224
61215694,-81.65630723894066
80946911,100.61780189798696
35537651,539.3259081559635
66755381,493.95971705061163
73455092,575.6441044243093
34041393,312.7640481416434
30484078,1499.3888083437541
62329986,-16.13858511877112
62897188,580.2663768321298
51881772,655.403712749556
94211751,129.44514071405615
61613645,243.74782810011618
71479652,396.80181062115696
85310501,476.27853980709904
23110318,10.94651907016518
82884759,199.28937365758281
51095836,82.67819143389733
52772048,489.4042361967025
17245854,41.63434732231485
96708865,498.15397820376836
67276218,393.6619518994679
89528454,88.51790209546061
73044839,280.5100252342192
92820854,94.88689679553676
81415527,46.61040076148555
54704500,171.32469153701237
62696690,446.735658588785
43848311,277.87078162044486
30447397,88.57324981719842
96343937,132.3131303484896
19151468,667.4683150809411
75047192,103.46189485704662
29891460,133.39482680605607
47625277,265.6262492810012
57930980,308.279180111073
48354539,-79.55861842961838
27628114,404.4858608924768
32690361,-173.48748775178944
93744019,112.24835404812382
99861438,243.4334613837254
30181088,260.6713673111946
31181640,128.17076376944158
44766788,303.1638220628274
65594080,396.3417339515694
22508377,46.73897888700401
97181173,454.7822961734079
17420303,365.2301480294408
67800143,721.7847953827211
33454469,344.59347594571545
30418520,299.57360195368506
89752463,191.7511511239507
55142148,264.39465903091815
20848293,-46.039784100721135
12617495,935.8051499030186
20378275,349.82338943691616
37172337,361.711640648511
21839038,572.9857552396408
66993155,142.15698037903462
41249770,222.96888610362134
80181790,486.41437765986234
36248478,551.8072251845052
99097401,41.03050816017628
16998435,237.35680768700075
28345246,620.8447482472928
97230601,363.6051581322305
67442292,101.99650496123684
54477624,526.6894751071683
22866548,156.7379466374623
86504569,263.12999498706074
81257074,862.5492668040177
53101206,-252.05322404153333
77626907,187.54583254812906
15402267,41.53034601401936
66190974,200.20280381701286
85276459,182.4005481175588
61882567,90.69185031237765
67503548,360.7869934525853
80801220,203.51815483811026
45827465,94.83738145053928
13145303,696.0595429987624
92842662,734.1191616233478
73150077,523.7063255134298
10904048,223.3460232714014
89655386,1320.9756217578333
91827598,254.45191826980613
36736446,269.3157114269729
73791907,420.4697489594872
93237533,1077.3119322578864
29020722,488.1889745852335
31344857,159.5971312442819
67961594,103.20597877866237
82896045,977.3874317747442
79782925,-90.85996062190031
65627534,97.06241774710577
51055429,1171.2733015832691
24073352,153.0395478074305
63468697,455.1167949155084
69815836,43.58119209148518
94658489,647.0821603279275
89803063,4014.5315607442317
41826065,154.12278288240327
95957321,1996.6803456467746
72164672,45.806057848919465
88171071,524.2882542925964
47273090,111.06586791757559
19574799,48.71374032314006
74042503,1111.842033913098
73199665,133.53352121714698
32553552,100.59411474220121
99007181,697.0717387850237
86459252,306.0747622437929
33160158,2329.9655396106627
89403244,48.863155514969094
83607429,1457.3252666698368
54979491,56.71806531201929
34711897,324.3635129269268
76049090,126.25124850196698
38209438,465.94498908743515
43607471,161.4122372997292
37603490,1173.6839198440625
28133465,1641.6210194497517
66543688,92.3628121714932
13310180,1297.3704330310115
70639698,139.48936340257904
31227382,226.13170732857554
27953042,-125.97521636536942
62042217,216.79479914864987
91860613,262.097699503832
55497701,443.0761692025768
20529003,564.1752093779762
95270433,611.1758201794278
99713042,295.8148408840713
78850782,527.3562010632558
57339822,726.3632636948868
89910926,182.95406699372757
22738331,1278.5375697156023
29399410,153.48096693373645
48960030,80.52742541300097
23209349,605.596465079206
40869262,2336.4066805753873
13469481,746.6743833502047
37901584,148.9823818300012
15827667,220.7998450954792
36279211,2308.8428705172846
60254169,-7.714847886434569
15666676,506.8483104452274
83527323,177.93353268998038
38323312,501.2943962048587
16145827,224.7412039336408
25816799,332.4012476716565
31540608,483.6308358046382
78332853,39.56131506000605
50241601,185.2973041662193
59793938,621.1944811471517
99765396,348.6930571336486
22142241,271.6858855951042
28238312,67.3384871783349
56677251,224.48066060725057
79286536,1038.1754016675595
20049898,818.1232780392512
79883465,1063.3087392940643
64419086,141.14272827491766
35428504,383.91750615867306
83636473,231.24646731819524
91911110,255.42555919156206
94747885,665.5706015579441
77052407,225.95957558180078
89274668,4.92418779674864
65429257,226.2501378755311
18949424,157.42377641694065
78354959,264.71825490179276
38613499,124.44033352247584
99410878,687.3194760122886
17066881,263.22004104159606
84559340,-18.724401420021536
45796615,1241.8891341677354
18650747,169.41895154515305
87098836,208.3186300743788
18956602,216.56998812498063
49896714,1598.2224598165799
51066559,506.69355285135396
72393934,411.68763658158116
63389143,456.4273612051941
35204339,338.7505728194245
51345357,-93.5517669136187
46322354,138.56397595068825
33951394,365.9860240372677
41031096,-0.7966241253190844
42228451,126.9046762445355
41161057,126.34063664980403
98892524,129.55440693685125
19811103,11.019390771206247
65448488,321.76718058657445
32428376,505.2376825427307
85323274,671.6050145780692
92258087,-65.59295561163827
79217297,230.31939366069895
11989719,56.145691900609734
28471365,164.06449193013935
34542074,74.44803020541843
29164293,266.5156261446948
84304086,1021.5217023009578
31817572,131.86743916681615
77771839,2235.7535113225867
14239440,606.5897147429354
46882099,105.19869012894435
38983396,668.9023859000587
31683463,711.7410957448147
78092716,686.394021183155
42013895,188.78383889897952
65197071,129.41378749457658
64495960,333.7207954821432
68745703,206.3282495807585
51390927,183.64632041663833
94850983,-100.31077378238035
24328415,336.39066389789116
85572847,1304.2880249571394
42303463,846.2208101484999
48215084,722.8665148834756
35427122,522.7037463675641
62307341,166.108463490576
63212299,156.7790812065693
97856687,875.5770735712716
35540248,150.69129199107147
41303810,222.34077960246134
72749855,299.0668178397628
21620577,165.54078177171243
33846878,490.885093871069
72596574,94.93385945596242
85230815,434.0467480578312
72103187,211.8900890243072
39368813,-38.99196010346725
77055150,151.10407679300516
61280124,-35.07284018496995
88442406,651.0473289161288
34283144,374.9704753881955
20283328,156.5188644174437
15081148,21.972440118957138
30803223,393.4245481700756
95977285,185.58911234670444
73578397,129.22164581476721
23548274,232.10659620461047
70020229,161.6755768325038
13657037,488.1959631055147
62209540,178.65560289265932
69122837,214.9664142645717
56882140,1225.5484929361796
31090970,166.0649905362003
18895583,503.10982942399994
56220075,512.5551715269256
81883128,359.3067809332988
85178304,683.3084036243255
44572294,444.21896452405315
69139777,286.90883918332736
77682175,346.16947887126287
98697835,-2.7150276565617446
82862062,1518.2588522357314
63154444,581.7011877499623
36052607,123.35882678785794
80221636,-45.63778889786727
14612606,688.9172466644558
22793087,985.7834868214976
27221763,223.78666874611378
85356281,1380.853634800665
72870330,-96.78592820210167
21631750,217.5192218712615
65662420,120.69967485203165
94704718,-15.374865248620921
68031612,168.0184584938262
23780065,1047.2015013221585
76854946,-528.8665422953163
65320814,471.75648608183894
98544588,676.5762595359805
66236365,138.14171028095876
33614608,307.96209159208246
41538321,200.42396993498977
52604597,115.80510161079809
51929168,295.93963045323727
34989178,45.39875120606189
17968995,224.9175533146431
17104507,934.2399132573861
31799006,254.04735987577556
80534303,30.487462783926787
39486975,-65.52317051723014
70473933,1697.557096519758
39315812,101.02311687062593
32664756,177.08763474315327
40582877,343.96803519375965
14853484,337.2802704609195
72018275,40.12005882120846
85501233,292.8026778038571
62857702,495.39736325018214
37589957,659.8288940568477
75861106,411.53546358310484
82048801,367.78552777908374
41226392,205.2253997345532
43191623,1908.3090745000281
98896014,368.4016110358398
39009427,117.54847554611717
67635937,394.941788615709
93989030,2336.3440758010333
58213050,122.82470749138076
39089500,35.725119671090454
48099206,198.72827574232576
65115683,160.5982800647442
19072238,123.77125064740676
50691779,210.93138777058994
74240054,436.90786034193263
57606331,427.92120498375436
50124096,91.63611360122923
50596395,189.1259833649798
96230340,220.47224605679838
73626141,13.708598979807618
12420303,345.9072562041482
64008469,1077.1725956369664
44066450,169.5270364675817
27734466,1129.6925438565413
30219489,407.57202006964394
43296487,503.4693744829625
22060633,1311.1108216827952
23197881,385.4563460248098
65499520,57.99236527793977
42012431,430.98812570117013
42076492,-11.57695667171123
92931745,386.45392854432293
47924563,140.93135805714132
17036042,463.01880843841843
79903869,313.00639722564927
27876581,525.2981466691098
10911722,659.8419273178773
21207465,100.72929943677377
90406241,368.75273299588866
92048586,-15.638699885936546
72112785,65.617947798801
10881048,128.23147679616432
71511312,629.580894812714
42854203,643.6273709146008
23271785,635.2427329145607
92261360,606.7362866616257
14679655,271.92960636351916
90532154,161.7308835494316
32402071,316.6633016603874
90864060,758.1549081742779
27274358,-108.69051999384078
26334631,126.02450443138343
39224642,116.05556841570802
19272671,377.40108276747503
77841869,635.1718902352362
27204546,996.1767055787878
12405459,254.26117777159845
23265034,457.76512815802505
97633242,1253.0445645933096
15746059,329.88812926072694
91462754,275.20670105005115
71359730,380.6754202797614
61463575,1196.6841708574416
66429439,190.9132386607912
63351764,263.83423570222493
96265907,113.00961561914141
87085441,585.2884951391426
53920662,335.14567703664136
67679919,261.90821830259347
96779897,20.284068694387628
27837717,158.843197007071
37035368,434.8080256302112
26123523,298.61539974406475
79652243,290.62794620498175
91451403,470.9135815650624
29758902,127.30277755897106
47019965,345.44497328797286
14375753,765.9980481746771
85119076,913.6811825273672
58032446,448.8369652345781
58129049,477.7036108873275
89574518,357.77617388551846
61206117,-406.59545986408
30554474,324.61732906270896
65452020,256.7666302262404
97089415,516.0552243958546
75395475,-27.13239450339188
58881030,990.6854898716305
49402947,174.2231442641708
68947111,118.43064214653361
48259609,1160.7211788600584
46561397,-756.6205238116416
99687364,275.8624079274364
91051315,288.35336407833444
88446486,515.8638368886335
57583992,144.6656892436884
50054814,124.27298986160963
42048168,1659.7601222052822
49480319,278.3572702115334
72653841,246.42822423821718
93923592,120.89880538791527
60863343,509.2304696469856
64544903,993.469463170784
13683649,316.6304400011064
35441685,184.06376496471023
52702103,297.74191086931467
33316809,1057.644577808925
99319395,1779.9877728702454
42958811,358.16406918821133
79034999,122.88291056205367
76692806,419.7752267201107
12247918,16.27007494871083
82872484,298.2373316258684
74712172,1004.9567607767391
40198101,234.83885095586265
21709825,382.35989126627294
56134477,967.1119459958951
64741940,435.2622774236896
20094279,253.56327351198263
86415472,138.86314122313945
71923505,241.02818143030055
86463105,-14.120634296169953
27182144,132.0763017790092
78605487,242.00156101211508
61339703,85.46325678352764
19457777,216.0763512076067
14282521,100.00866220382733
53055745,91.29055277737598
64045100,282.6804414719677
67336212,184.50534790308052
30110453,22.203460586486813
84766140,42.0196497890542
37132913,213.6626611468389
37337576,1542.6852593563794
81785280,666.882296441598
33749639,59.88415790683513
65293655,263.75940164217025
99472212,1051.0069214457958
78611736,76.92934366245515
34109955,421.9796404331994
85732620,433.6899501839033
22271257,1.0431166551960587
17111467,145.2292817711011
87529909,111.10417583945707
80109140,646.5247547444893
74139761,27.471679674020805
46468468,1382.8130437862333
11871024,393.9933238568134
38948416,1829.9703164027756
79710564,783.7462269383658
76775271,187.26713697895684
39022631,560.3499442415958
90991831,810.935066373498
89162323,327.1538752303237
23588134,457.0591366503239
97925196,690.0199986677122
73394555,921.3105997237998
81939394,149.00685468210497
34503849,967.2554393129429
97624284,1688.8214669539539
83688015,300.1204608266004
26753007,-86.58482571270241
87953339,73.0515155112156
63187534,633.0060911238171
67816850,341.01113963052694
58193423,534.6111694570553
63256520,-0.5202322181426382
14482256,262.6030564790748
70047018,174.87065213335495
25694473,226.73658954239704
18876734,189.04638854750146
24815106,718.7898517352138
32093953,85.83339724547614
21672606,299.77623946268744
51265019,-99.00453280180187
46633682,568.6809931680656
99505720,454.9924243453387
72684116,313.4515567825079
73603518,228.63584038064613
42812113,979.9800064315913
91497924,199.06357113225766
94645725,-150.6870183233628
83011406,894.4436875541652
40459671,207.6948886698013
28128683,404.2018201101274
89799485,185.01240497910226
78077056,481.25767149976866
60018274,180.83332633933048
63035070,317.17298941155923
50452662,214.92706818643614
90748238,99.73282949123518
19626211,41.85081278631537
76831160,-218.79681862847417
64430456,199.04643240497114
21788725,263.8746893328022
62692428,507.39063132508056
44601450,5.654772875072922
84918858,1714.1344035746124
60654538,44.3717660434246
33549671,-114.88438788552355
96482407,151.20363678912207
38139452,139.5572545578841
25148521,68.56459983866841
39090111,909.6185467262586
37364225,-24.161196595343256
79808740,123.21427718881102
54570288,179.68568630645927
81519320,450.7536334777468
61290981,22.2579073429757
82595740,566.1825272717431
99018938,128.48553123833932
84429722,561.819391142157
70463415,-186.5121482450129
13251670,176.03163031913255
63915791,94.29831953284463
37156544,208.23996359172406
19087720,63.56749951059089
15777066,369.7819286847407
88419707,226.43230634212364
48515636,399.78457519537983
88810042,19.451960796612468
55078871,175.27417342152523
82278966,232.66876656119837
33265741,574.8682594585554
64678931,773.9052185224115
26504939,94.43167293927047
64056925,505.8365440180103
46046461,73.25972516396115
47352478,657.7585582855526
91442238,48.64052201376222
89293921,302.23445285422866
12378808,497.5667468249295
10153799,40.056025172872864
21954731,582.2852505342216
76938502,193.89682955142882
51632874,143.88456951469124
56510091,1849.4642784497623
54773302,423.14938754696834
29181400,211.2524703737784
36937513,899.0598647882504
75732466,189.9615086871142
53117846,313.8292206335228
38538746,219.01324801505564
27988038,-19.735468933229413
48886162,233.1791459376907
24085686,104.84171753719869
57820012,878.2035377858298
46878225,1649.2266201758334
20632751,65.0427300750959
47775231,155.2647342013267
46789610,1133.071022397834
72806360,475.3642190137582
21856002,1057.6808595627103
42319053,242.25276901689745
99630613,315.4769813894462
61255494,197.1252454086096
76945971,208.8286577130345
40393163,296.04771476251244
81941837,324.2298067709615
45930551,1086.7167087707403
24573538,375.4556380442888
52994547,100.15307774883672
28445231,624.5886054106244
45643109,553.2140251043783
75887247,258.66987404426874
46367713,124.12390072461449
12575157,19.00592037144017
85076068,547.7038878414893
84603623,1480.8727476617391
45514815,136.30122518573808
52278951,1328.1296445931307
50360032,610.7117075204268
52896193,64.9813537822308
91847198,442.9244787819516
25179521,300.9563035962409
92545328,-66.344408181598
75231573,130.4446603395245
37926120,540.3863939258785
51096687,162.20647547891463
62646217,77.17194408901366
62619222,922.9140497555142
39457866,376.9618204884406
47130686,303.6516423692302
78763249,518.6567192168135
69618147,622.7471324521481
64127746,409.30414252293133
56593004,279.7502536150895
97403924,495.0897636360104
73948550,605.2965245648246
11236514,400.0029260521334
54389520,142.20548519672298
76068841,385.9845869542155
59631248,709.1020411503638
34575405,273.06919613573916
91359645,6.408264710568602
14542871,-88.30094225475841
37836409,234.84555472359
99958710,368.36683791214455
50329848,813.5830063932473
55825298,212.53304216847403
43158591,569.8795581412304
95022900,210.42988822283064
11903900,207.03531315031137
59905554,79.99122012986942
33394781,232.19198040785375
85262305,203.2361331597956
18156267,422.31352196480486
77719072,252.9755810241653
72353806,1040.808611946964
61973490,239.37676270854666
80257850,638.7174389883252
27763246,45.63787933386095
28152447,297.85904964570057
40447839,166.74856861884717
88401173,200.6929142394282
77151749,-44.80579037464594
76938434,160.05719124765864
14595997,-110.07450884713757
22245783,149.50003891593485
45164346,251.1580599359171
44320199,88.04909550186755
35470526,-15.349360256079933
83276172,-86.96867658774335
65081928,276.0370750938889
34774976,1235.6366806217875
10096416,1055.711324067658
76574726,1995.844763341574
88509347,306.00323182858585
11304650,509.70106461579087
26418453,-168.8387642021337
69643263,47.3491385861426
30241547,184.5160070817401
89725513,762.4172559156608
32289745,288.75620895016
33888699,189.03907842484364
67508421,288.0631576287195
86446610,727.9460851933151
71641515,2694.477559902023
46243423,222.07056124469523
86921194,645.6349809721845
15222892,218.98771970432858
29435694,270.51803993217084
35795322,735.3769584662676
39026338,69.45339199616541
27051431,471.3018237162223
91107111,78.2147514594692
76674186,168.45291784788566
17932616,574.0747418063984
86326117,1441.9939929678567
64151997,890.5613686364574
