customer_id,monthly_spend
20451981,704.0636282253281
23251656,365.82524865850746
64082260,321.99445272642197
82505923,76.11643756401236
89981994,553.7761502681119
64973937,367.4403350588991
27610278,292.2599744150575
35883083,514.5708835457995
20490020,462.8843856031581
54517670,525.5835150266712
94359232,-27.256558321270404
17326886,419.0535896710726
86594167,992.157352919432
94873255,115.2484609558569
62944765,592.9081736599569
95482882,486.37824830435875
76963069,788.6415339496502
25112257,1202.060274160313
69916855,823.1480281317226
71088357,287.561201874817
50168897,-105.5938484354283
67403679,411.19788766051715
55474643,890.4726867650083
54852556,782.474161669953
63667529,66.71889248353182
48025998,567.7992245583646
93351324,727.5574909265288
18887996,259.36856663337676
49568688,771.4615301890813
92911099,406.5723584507441
11717924,282.862429334577
62085471,603.8475618103616
78336143,30.670555231535218
13087851,500.5478092555463
33506258,635.1971265221182
61356554,-229.30377755159543
11967368,256.21163716306046
98374877,228.01900192161975
76845536,818.4492555914826
59313599,317.2956801861819
41041059,951.4834864576624
22292838,347.0301584975473
99892065,275.0067273240211
78345355,757.3652125683611
85986903,54.16441793273543
27715035,94.91152772497253
66099730,650.90853054323
75346786,296.88550362482965
22860710,2.477919990094506
65958654,218.62145684113966
82607442,461.3425425332339
43471475,195.127594139939
36465070,433.0766639613262
21931749,279.7054998642611
66815930,691.4359103440647
44485157,289.1030449447412
78728059,597.606946200197
89264710,90.21275518473249
81874643,323.5362957963466
48603927,112.09153148554151
20257622,27.513625761219373
88360790,2.477919990094506
79411556,314.1387507158661
24819092,425.36744861170473
74678656,19.731167081130934
22548045,-16.31717017086612
95827783,611.776507151385
60019526,315.6805937857903
82548254,486.4514916348262
90453319,170.09188836881458
15312091,462.95762893362553
34786964,433.2231506222606
46684232,179.48943344929467
84597099,332.9338408768267
98134524,417.51174660114884
18531043,1148.8319331477473
14953383,268.76611171385684
80944054,312.5969076459419
34873753,448.86131131290495
95577033,162.23618635825824
50215436,129.34477857657748
95347203,445.70438184258956
58614046,652.4503736131546
40368791,306.35629203577764
23316775,556.8598364079608
23331513,715.1495030366673
40038060,359.58463304834277
22096579,185.7300490594589
24978810,448.86131131290495
65890694,389.31911135970813
47906818,874.8345260743636
38478694,298.5005900252213
54797755,249.97102155289622
44533278,359.5113897178758
58182080,298.5005900252213
67491014,401.87358591050406
45798475,163.704786097715
41586132,336.0175270166751
22956540,323.5362957963466
25367334,539.6798326473918
70503250,110.54968841561686
58307796,241.96883288140543
59859757,464.4994720035497
47787665,395.5597269698724
69610612,237.41654700209983
66658967,594.4500167298816
37962749,647.7516010729141
87675902,704.1368715557956
61682179,415.9699035312242
78073125,826.231714271571
73229345,284.40427240450117
43171437,643.0528285326741
69766997,232.6445311313928
14939250,1775.164037408672
12328281,5.634849460410351
76560997,619.5589658314734
57569914,452.01824078322124
20883894,476.98070322387866
22766188,328.23506833658666
62905121,-3.762695620069735
36295477,705.4589846343179
55610529,44.76687285225535
40366302,370.5240211987475
18624954,455.10192692306964
72668820,404.95727205035246
23817472,157.5374138180182
99830054,235.8747039321761
63410560,467.65640147386557
11811963,228.01900192161975
68778133,109.00784534569311
61211015,403.41542898042826
85223112,356.4277035780274
17785980,-11.618397630626077
51523712,589.7512441896415
88242319,353.344017438179
66674532,440.9323659718816
76442132,636.8122129225094
84193848,171.63373143873832
80878809,228.01900192161975
92088473,736.9550360070089
18574912,362.6683191881916
82956926,381.5366526796197
57265640,44.76687285225535
27961225,472.3551740141056
65404075,311.0550645760177
98698597,356.3544602475599
63221757,661.7746753631673
45396691,428.4511347515531
95724535,-30.41348779158625
98157590,359.5113897178758
60909030,453.560083853145
20932142,8.718535600258747
85604729,347.0301584975473
25410553,310.98182124555024
76477501,257.7534802329851
29459273,248.35593515250457
71879657,234.186374201317
67115179,51.00748846242004
82348794,536.4496598466085
32880748,437.92192316250066
36203607,494.3071936453821
20891850,552.2343071981877
94570583,697.8962559456309
47560755,15.032394540890891
39752876,760.522142038677
68980243,94.91152772497253
71143374,301.6575194955376
89917748,417.51174660114884
30461949,716.6913461065915
67458886,104.30907280545262
44166816,749.4362672273378
48218923,311.0550645760177
83104523,442.54745237227326
23739634,279.7054998642611
45544123,632.0401970518024
72316980,310.98182124555024
24805396,555.3912366685036
85045576,884.2320711548441
21314164,658.6909892233184
52842656,422.2105191413889
12382139,151.29679820785395
88152347,498.9327228551547
49270171,425.36744861170473
20221404,824.6166278711794
25851974,426.90929168162893
95701680,779.2439888691697
83739665,414.35481713083254
61996348,146.52478233714646
12797236,406.4991151202771
25554853,736.9550360070089
72618187,465.96807174300693
77583489,357.9695466479511
79450582,-271.59273041375627
84595636,254.5965507626688
89981949,658.6909892233184
69424476,29.12871216161102
55064308,760.4488987082095
82956266,243.65716261226453
60185159,475.5121034844219
80612747,558.4016794778845
41303090,545.9936915880235
13517787,43.22502978233115
34078093,715.0762597061998
69030112,420.66867607146423
61791328,523.9684286262795
51789245,514.5708835457995
88068699,370.5240211987475
33399367,411.19788766051715
79597553,381.4634093491518
70695101,580.4269424396284
98169962,646.063271342055
89251190,-80.55814266430343
53044281,392.4760408300235
73528670,334.54892727721835
14751149,441.0056093023495
61490053,588.2094011197169
51385275,655.60730308347
41764194,544.3786051876318
96598282,613.2451068908417
96823449,157.5374138180182
30931247,353.344017438179
60872668,372.13910759913915
97835669,807.4366241106104
36785828,486.4514916348262
25812131,423.82560554178053
38410800,329.77691140651086
33023072,-132.24464060694436
48250594,320.3793663260303
94891015,456.64376999299384
65307671,392.4760408300235
99621779,472.3551740141056
83959755,863.8218945934918
64535310,602.3789620709049
30594968,849.7255769727717
10263960,345.41507209715564
60876075,-201.11114231015472
12217583,414.42806046130045
29989580,311.0550645760177
31184452,420.66867607146423
16182148,638.2808126619666
74700470,567.8724678888325
53084609,472.3551740141056
36052930,611.7032638209175
86583512,-88.34060134439187
10930793,555.3179933380361
74179918,-110.29262097566834
89853445,556.9330797384278
75258370,-157.28034637806968
93197004,536.5961465075434
16551408,94.91152772497253
36115326,398.7166564401882
47243451,520.8847424864312
90773939,157.5374138180182
30735291,392.4760408300235
66891211,-335.8337029071936
77142249,254.5965507626688
24530798,292.2599744150575
78204046,124.57276270586999
60230110,439.46376623242486
13017302,552.2343071981877
21044447,569.4143109587562
28976655,550.6192207977961
52214813,57.32134740305173
61575366,193.5857510700148
23125986,231.10268806146814
11614855,207.68206869073538
68090330,-46.12489181269848
31241329,517.8010563465828
21561157,242.11531954234033
61917300,301.58427616507015
82147824,191.97066466962315
91513421,336.0175270166751
30753790,240.50023314194868
33700064,357.9695466479511
86773406,1123.722984046155
41719197,157.5374138180182
67399596,527.1986014270628
37696535,88.59766878434084
15791208,536.5229031770755
24348676,340.7895428873826
24480974,628.956510911954
49440078,170.09188836881458
48242779,386.16218188939183
13405947,826.158470941104
34531671,317.22243685571493
63652222,682.1848519245191
97745210,306.2830487053102
48557187,680.6430088545949
79801016,613.3183502213092
93409518,218.62145684113966
48891463,13.417308140499244
41134793,124.64600603633744
76776302,898.3283887755642
89505130,82.35705317417614
46129267,815.2190827906993
57862630,350.1138446373957
32227094,657.0759028229268
72887559,199.75312334971204
97826236,29.12871216161102
40250768,487.9933347047504
56765848,38.526257242091106
11244823,290.64488801466587
40189321,359.5113897178758
68120430,641.5109854627499
64917610,303.1993625654618
79290200,796.4972359602061
13110537,398.64341310972077
56816135,653.9922166830784
27525357,602.305718740437
71914367,599.1487892701216
23989491,577.1235263083777
86436168,738.5701224074005
63499286,289.1030449447412
18619374,603.8475618103616
52222614,495.7757933848393
75467866,224.86207245130436
28926111,321.99445272642197
98661834,442.54745237227326
73087852,726.0156478566046
48887326,619.5589658314734
87383314,-90.02893107525097
88682579,533.3659737067601
12617324,196.66943720986364
49224165,909.341020256436
69951588,452.01824078322124
11713703,632.0401970518024
59435002,837.1711024219758
61153563,296.95874695529756
57206499,1098.7605216054976
89140242,249.97102155289622
95100771,447.1729815820463
32638417,536.4496598466085
61625712,503.6314953953947
61250133,336.09077034714255
17952873,368.90893479835586
14513813,658.6909892233184
57500282,-86.79875827446767
51340284,127.80293550665328
35897956,429.9929778214773
21856280,530.2822875669117
36786275,525.5102716962037
99178725,957.7241020678271
48955886,345.48831542762264
51811678,641.4377421322824
81930210,296.95874695529756
49161318,545.920448257556
24723720,711.9925735663514
14950936,387.7772682897835
54638593,345.48831542762264
98115682,646.2097580029899
10533857,509.9453543360264
87478097,431.608064221869
60429975,254.66979409313626
38969729,29.12871216161102
64656132,90.21275518473249
86963086,415.9699035312242
17268859,683.7266949944437
72142121,619.5589658314734
91574809,207.68206869073538
54272037,-136.9434131471844
16058661,780.7858319390944
74133244,801.1227651699787
14281752,-274.7496598840721
46666867,-218.36438940119115
75686584,611.6300204904501
25546684,251.51286462282042
80619174,492.69210724499044
61749604,268.6928683833894
38248391,708.8356440960356
16877088,80.8152101042524
99140321,697.8962559456309
15975231,434.7649936921848
40531945,459.8006994633097
71708672,143.36785286683062
85030779,591.3663305900332
61117487,406.5723584507441
42638536,475.438860153954
82326061,85.51398264449244
17028661,494.23395031491464
26048783,292.2599744150575
34262255,311.0550645760177
14326462,275.0067273240211
93816989,383.07849574954344
23690395,450.4031543828296
94999262,719.7750322464399
81971277,127.80293550665328
90562416,11.875465070574592
95799765,93.29644132458088
89244724,146.5980256676139
83879641,193.5857510700148
96424387,367.36709172843166
51051501,306.35629203577764
29249441,757.3652125683611
62893412,420.66867607146423
61417835,406.5723584507441
62755928,257.7534802329851
66501572,361.1264761182674
76084740,285.9461154744258
27624326,47.923802322571646
86757966,920.1339217459063
92455037,375.22279373898755
67852942,282.862429334577
30696098,570.9561540286809
44792329,268.6928683833894
10390388,677.486079384279
17826936,358.042789978419
71880941,480.21087602466196
98184673,132.50170804689333
60002125,-5.377782020461382
34664804,68.26073555345602
37594595,406.5723584507441
42980815,301.58427616507015
25819880,409.6560445905925
16484408,665.0048481639501
91766904,181.03127651921886
82866803,118.33214709570575
82424284,431.608064221869
72903422,251.51286462282042
11480750,82.35705317417614
96983867,43.22502978233115
41426492,174.79066090905462
24002286,373.60770733859636
18056145,506.7151815352431
72362977,367.4403350588991
15977163,499.0059661856221
51036186,30.670555231535218
34918337,450.32991105236215
20599813,-201.11114231015472
19900890,903.0271613158043
27971378,387.7772682897835
50965403,88.59766878434084
49026734,1181.6500975989602
14192253,735.4864362675521
76817070,583.5838719099443
41164681,392.4760408300235
94312885,245.27224901265618
38527851,90.21275518473249
88279496,632.0401970518024
15498361,437.92192316250066
17691622,176.25926064851137
43719564,652.3771302826867
27861137,-11.618397630626077
20308452,10.333622000650394
97996598,314.1387507158661
93656677,525.5835150266712
20464937,292.2599744150575
25195757,263.9940958431489
95231592,638.1343260010317
96604510,669.5571340432557
12888073,462.95762893362553
99408984,66.71889248353182
65238591,383.07849574954344
24114707,611.776507151385
70796256,33.754241371383614
64703869,655.60730308347
35203752,472.3551740141056
47453323,190.35557826923196
12385313,563.1736953485924
54441418,170.09188836881458
83549825,608.6195776810691
20370209,614.7869499607659
68357218,693.1242400749238
62743829,21.273010151054677
20331898,96.45337079489673
43934228,329.8501547369783
47620709,187.2718921293831
75355275,93.29644132458088
63446649,80.8152101042524
89051919,736.9550360070089
92954904,345.48831542762264
64731800,541.2949190477834
27945685,245.27224901265618
98412215,336.09077034714255
19535502,749.5827538882722
66516822,502.089652325471
45373292,218.62145684113966
34711249,246.81409208258037
48370651,743.1956516171736
71354510,301.58427616507015
56728847,284.40427240450117
40004525,719.8482755769078
94648945,235.8747039321761
62756732,151.29679820785395
80428237,475.438860153954
64878556,282.7891860041095
30597278,52.62257486281169
40357660,466.0413150734739
98010210,400.33174284057986
43275959,157.5374138180182
67938712,249.97102155289622
50506973,379.92156627922805
27421159,423.82560554178053
51123211,-10.076554560701425
51887530,-47.66673488262222
68372581,428.5243780820206
31184062,558.3284361474175
55543655,876.2298824833533
71805162,141.89925312737387
98612541,419.0535896710726
67235486,618.0171227615492
35490134,27.513625761219373
74647441,267.1510253134652
73962817,394.0178838999482
95192638,607.0044912806775
96803902,597.606946200197
97635826,-72.70244065374754
34428942,885.7739142247683
86699979,323.5362957963466
79766437,174.79066090905462
55732878,149.6817118074623
20035702,552.2343071981877
54997853,398.7166564401882
91776457,224.86207245130436
13967606,690.0405539350754
88365927,-110.29262097566834
92907413,268.6928683833894
89771364,298.4273466947543
75648081,747.9676674878806
97365061,71.41766502377186
29587137,134.04355111681753
22019813,318.8375232561066
29469529,466.1145584039414
66670735,124.57276270586999
84380411,591.2930872595653
17040729,514.6441268762665
25307807,987.6050670401264
33962361,544.3053618571644
67969299,-8.461468160309778
38562471,442.54745237227326
33114742,737.0282793374763
54307298,776.1603027293213
20058700,340.71629955691515
33779532,171.63373143873832
88110162,202.91005282002743
36112292,1004.711827470228
38475061,433.14990729179317
92644264,104.23582947498517
92355731,804.352937970762
75478249,-102.436918965112
23875741,373.68095066906335
88793850,643.0528285326741
14142195,611.776507151385
67422773,910.8828633263606
36705498,336.09077034714255
62072834,343.873229027231
33337577,312.5969076459419
14298054,881.0751416845283
96998725,166.93495889849828
70579244,414.42806046130045
26844678,356.4277035780274
97441250,207.68206869073538
49239286,583.4373852490098
19469855,375.22279373898755
82552850,248.28269182203712
60170958,334.54892727721835
28237826,729.099333996453
84208342,519.2696560860395
28295140,356.4277035780274
38477827,574.1863268294642
54941872,585.1257149798685
15450767,453.486840522678
93656934,237.34330367163284
54273142,199.75312334971204
63648675,243.65716261226453
31875954,378.3064798788364
60881802,-11.618397630626077
17233443,578.8850993697042
28953932,202.98329615049533
64958348,666.4734479034073
27038940,600.7638756705132
25667330,292.2599744150575
89200812,317.2956801861819
63109620,439.46376623242486
34692595,528.740444496987
45554823,218.5482135106722
50487516,303.1993625654618
37970303,442.54745237227326
20944145,140.28416672698222
54232510,-243.40009517231556
58289637,342.3313859573068
70295882,469.1982445437902
11855847,425.36744861170473
26640485,516.1859699461911
92806514,622.7158953017893
43703605,320.3793663260303
75507937,445.70438184258956
21361381,-53.90735049278692
73615273,846.7151341633908
92437179,38.526257242091106
57813173,165.31987249810663
99373127,669.7036207041906
95805212,704.1368715557956
61946147,450.4031543828296
24903202,-49.208577952546875
88268253,566.3306248189078
45270713,710.4507304964272
67013519,688.4254675346838
64480094,866.9788240638081
18481385,560.0167658782761
69314375,567.8724678888325
58464172,353.344017438179
57844179,10.333622000650394
65371057,298.5005900252213
22749627,132.50170804689333
64747851,1175.4094819887964
35545690,829.3886437418869
91575937,300.04243309514595
11663787,339.02796982605605
59570536,-25.714715251346206
53724418,497.3908797852305
78572661,69.80257862338021
38544041,30.670555231535218
27091356,796.4239926297387
20013110,317.2956801861819
11862841,18.116080680739287
54926458,578.8850993697042
72702715,135.58539418674218
65477001,325.15138219673827
99407693,293.80181748498126
15192014,304.741205635386
87232785,191.97066466962315
76412402,274.93348399355364
49393943,96.45337079489673
53853124,414.35481713083254
17486636,610.0881774205259
64895733,509.8721110055594
64938150,685.3417813948354
62321885,63.56196301321597
14616504,168.47680196842293
53996148,660.2328322932431
17209399,462.95762893362553
25102335,303.12611923499435
54515012,340.7895428873826
80596244,325.15138219673827
54217244,566.3306248189078
29133774,141.89925312737387
60727794,401.87358591050406
55160698,278.0904134638695
18231141,530.2822875669117
91091163,1017.3395453514918
52747750,-8.461468160309778
97932301,240.57347647241613
77391969,697.8230126151639
64274314,82.35705317417614
82861922,215.46452737082382
95155142,260.9104097033005
57522876,240.57347647241613
46054634,112.09153148554151
32006732,309.43997817562604
62808198,281.2473429341853
60875435,235.8747039321761
15688688,415.9699035312242
13559129,228.01900192161975
25489744,331.39199780690205
55669591,617.9438794310822
10763911,246.81409208258037
15579269,-72.77568398421454
18433265,705.6054712952528
72131946,318.8375232561066
50106249,278.16365679433693
21363716,337.63261341706675
80090384,307.89813510570184
37971475,713.4611733058082
31314120,270.3079547837806
73683678,40.068100312015304
29703095,967.268133809242
87144591,264.0673391736168
44689207,514.6441268762665
42450190,115.2484609558569
92653218,743.2688949476405
67727493,566.1841381579734
55742747,1073.5783291734379
96941026,638.354055992434
89824134,801.1960085004466
19822449,381.4634093491518
18676315,1106.3964936246516
17316044,202.98329615049533
81559769,256.21163716306046
98912158,517.8010563465828
67772871,340.7895428873826
65921862,683.7999383249107
12636566,195.127594139939
88608909,400.33174284057986
43902318,627.3414245115623
59512038,779.3172321996376
77976362,843.4849613626075
57092914,223.3202293813797
47412567,600.6906323400458
17145991,426.90929168162893
56270450,401.8003425800366
47467383,912.4247063962848
10449714,938.9290119068664
43156511,384.6203388194681
71377851,15.032394540890891
54093810,148.13986873753765
78096026,238.95839007202449
57320154,318.8375232561066
45383520,232.7177744618598
38351707,555.3179933380361
70796190,148.13986873753765
29977177,121.4890765660216
97584339,207.60882536026793
47886559,705.5322279647849
45622137,726.0888911870716
21500277,425.36744861170473
47647928,882.6169847544525
54496344,260.9104097033005
44268785,298.5005900252213
75946241,162.23618635825824
30459191,649.2934441428383
15840319,881.0751416845283
72588739,337.63261341706675
73017157,284.3310290740342
25420365,317.2956801861819
55377863,260.9104097033005
51370964,306.2830487053102
48905468,700.9799420854797
83191846,152.83864127777815
59334183,491.15026417506624
94009638,555.3179933380361
41721760,556.9330797384278
35401283,655.60730308347
69685525,105.85091587537681
84271975,581.9687855095526
95753616,625.8728247721056
32526219,155.92232741762655
64532934,628.956510911954
76031822,533.4392170372271
52468855,-143.1840287573491
21028902,404.95727205035246
34108713,307.8248917752344
84943048,747.9676674878806
84439701,184.11496265906726
16539498,-13.16024070054982
24537949,257.7534802329851
19537971,580.4269424396284
72069403,581.9687855095526
84333546,361.05323278779997
11868598,298.4273466947543
72165230,683.7999383249107
86606477,505.24658179578637
85432562,171.63373143873832
53853013,130.88662164650168
87319378,390.9341977600998
32466967,375.22279373898755
80519195,-85.25691520454347
12289146,348.6452448979385
17893529,509.9453543360264
76217556,794.9553928902819
27323024,517.8010563465828
86557861,470.74008761371397
37601873,527.1986014270628
43146250,320.3793663260303
51498335,1212.9996623107172
46939189,729.099333996453
36620181,127.80293550665328
59890806,334.54892727721835
19160668,384.5470954890002
94555827,179.48943344929467
73451577,787.099690879726
83828090,-86.79875827446767
92021594,-111.83446404559254
15822386,323.5362957963466
57405310,231.17593139193605
22671359,871.6775966040482
68101436,-149.42464436751334
66910009,159.0792568879424
55778706,209.22391176065912
75120697,-17.85901324079032
12885545,58.86319047297593
28604372,509.8721110055594
97297156,841.9431182926828
18964928,475.365616823487
61244754,793.4135498203577
45178470,484.909648564902
65250669,290.64488801466587
75566313,511.48719740595106
25053248,132.50170804689333
71082761,672.787306844039
25210276,635.2703698525856
39718089,511.4139540754836
51364178,108.93460201522521
31211994,68.26073555345602
71509945,583.5106285794768
98330029,165.39311582857408
22456435,406.5723584507441
56912862,605.4626482107533
41548833,711.9193302358844
34760776,-198.02745617030587
54015943,1286.5649365541667
75943554,437.8486798320332
61847706,567.8724678888325
79766441,-60.14796610295116
29099073,-138.48525621710905
92971983,334.4756839467509
77042656,682.1848519245191
41355522,487.9933347047504
37905258,411.19788766051715
62845536,331.39199780690205
70252689,-140.02709928703325
69012389,-89.95568774478352
55230723,101.15214333513677
36148733,538.0647462470001
11166306,228.01900192161975
86661349,259.36856663337676
39933083,204.52513922041908
91301497,303.1993625654618
84697954,431.608064221869
16890490,228.01900192161975
46638869,-78.94305626391179
44149767,619.5589658314734
18897403,495.8490367153063
77411533,287.48795854434957
62885631,563.1004520181245
34219564,572.4979970986051
69042251,522.4998288868228
24137005,359.58463304834277
66305720,307.89813510570184
17619455,301.6575194955376
63065642,209.22391176065912
43970026,401.87358591050406
78870428,337.63261341706675
72114631,296.88550362482965
84664219,331.39199780690205
25739422,491.15026417506624
54038039,653.9189733526114
55081531,541.2949190477834
45672847,193.5857510700148
29734641,566.3306248189078
63805244,785.5578478098014
82782411,126.18784910626164
64705797,451.9449974527538
59326862,234.25961753178444
48549098,882.6169847544525
39570097,68.26073555345602
98000370,372.13910759913915
63674921,445.70438184258956
16674336,378.3797232093034
77063987,-50.75042102247107
67143015,72.95950809369606
10570033,279.6322565337937
47185088,500.5478092555463
63757190,119.87399016562995
43453041,365.82524865850746
17890447,452.01824078322124
34735493,292.2599744150575
40580820,461.3425425332339
84776860,632.0401970518024
34883247,400.2584995101124
75437035,97.99521386482093
63198281,660.3060756237101
33289878,450.4031543828296
42222441,68.26073555345602
53518898,242.11531954234033
77756377,58.86319047297593
66266331,592.9081736599569
75207542,412.8129740609088
65741993,162.23618635825824
30452290,310.98182124555024
30341625,54.16441793273543
10196118,552.2343071981877
39997400,480.13763269419405
42764498,262.45225277322515
93568775,65.10380608314017
60138513,475.5121034844219
95863174,367.36709172843166
92194956,499.0059661856221
34979379,619.485722501006
71517927,47.923802322571646
80092401,-25.714715251346206
29853468,617.9438794310822
95595164,300.04243309514595
47277321,520.8847424864312
95111852,232.7177744618598
49309773,423.82560554178053
52060622,226.47715885169555
18920892,439.46376623242486
95549548,437.92192316250066
28343921,340.7895428873826
24575136,794.8821495598145
51405326,462.95762893362553
88024456,639.9691423928257
61475538,1147.2900900778232
86032798,96.45337079489673
99829874,450.4031543828296
96251785,561.6318522786678
11235918,357.9695466479511
41084979,170.01864503834668
31949326,123.03091963594579
88425482,170.01864503834668
41724063,686.8103811342921
24244868,732.3295067972363
96443454,461.3425425332339
83159015,335.94428368620765
24632345,791.7252200894986
44153806,519.342899416507
93580629,536.5229031770755
53277959,428.5243780820206
99759183,685.3417813948354
55252816,166.93495889849828
41285175,90.21275518473249
73261084,264.0673391736168
99347555,660.2328322932431
70567494,130.88662164650168
76764787,632.0401970518024
14328685,408.11420152066876
66866287,301.6575194955376
49679159,542.8367621177072
58671247,332.9338408768267
20236719,702.5217851554039
34585357,487.92009137428295
45051453,575.6549265689209
51786574,549.0041343974044
79731887,661.7746753631673
54354970,614.8601932912334
77833826,644.5946716025983
80242735,163.7780294281829
79336488,498.9327228551547
51121070,289.1030449447412
15930057,536.5229031770755
84864986,752.5931966976536
97820091,361.1264761182674
76206876,608.6195776810691
34508398,522.4265855563553
15581330,445.70438184258956
24272114,616.4020363611576
45684128,159.0792568879424
53910689,259.36856663337676
89611963,625.7263381111707
19439294,265.60918224354054
44476677,558.474922808352
72816714,677.412836053812
74817899,176.33250397897837
24462605,314.1387507158661
62629343,520.8847424864312
60387272,209.22391176065912
60976677,439.46376623242486
25938630,430.0662211519448
89171283,409.6560445905925
23407854,321.99445272642197
84390020,430.0662211519448
10131944,480.13763269419405
61185673,713.4611733058082
76507951,566.2573814884408
92456997,354.8858605081027
27091498,337.63261341706675
22015405,439.46376623242486
64048811,321.99445272642197
59963315,254.66979409313626
99392827,353.344017438179
52435285,718.2331891765161
68018936,375.22279373898755
92985874,97.99521386482093
19827012,259.22207997244186
32076309,96.38012746442928
74459345,231.17593139193605
59329650,292.2599744150575
70105673,415.9699035312242
47359337,533.4392170372271
27991858,343.94647235769844
36755663,737.0282793374763
94560591,517.7278130161153
47944050,578.8118560392368
49561372,238.95839007202449
96160989,293.72857415451426
67474261,296.88550362482965
71965824,624.2577383717139
13777105,132.50170804689333
64739771,658.6909892233184
57691432,38.526257242091106
21801740,340.7895428873826
74352185,448.86131131290495
91521650,545.920448257556
64797772,365.75200532804
48820263,82.35705317417614
14791909,616.4020363611576
82868024,257.7534802329851
97971853,397.174813370264
75654232,389.31911135970813
30725718,185.7300490594589
83442812,571.0293973591479
62376431,256.21163716306046
45295601,384.5470954890002
44038407,25.97178269129472
74138589,140.28416672698222
78812422,367.36709172843166
57253455,585.1257149798685
10109432,176.33250397897837
70492234,226.47715885169555
16499768,477.05394655434566
29721809,134.04355111681753
99970795,46.30871592218
38494075,542.7635187872402
13300921,345.48831542762264
18255583,646.1365146725225
76957329,480.21087602466196
83103502,251.51286462282042
24570014,541.2949190477834
19318542,223.3202293813797
70614169,350.1138446373957
68374888,583.5106285794768
10546051,419.0535896710726
82817153,591.2930872595653
26190736,248.35593515250457
26227414,799.5076787695871
55825692,251.51286462282042
65550483,547.5355346579477
14872097,671.1722204436473
32405281,328.23506833658666
37055817,356.4277035780274
42617798,110.54968841561686
30684771,-113.44955044598419
21842298,181.03127651921886
44215525,545.9936915880235
54734331,105.85091587537681
77244965,152.83864127777815
31618537,152.83864127777815
10912371,-17.85901324079032
25284273,282.862429334577
63793006,993.6991959893558
40346903,478.5957896242703
14281423,442.47420904180626
10329833,414.42806046130045
58147868,514.6441268762665
62215262,808.9784671805351
11535494,317.2956801861819
55289261,301.6575194955376
93054393,414.35481713083254
15613905,260.9104097033005
52346993,672.7140635135715
31426410,314.1387507158661
11924915,-318.65369914662506
83461539,848.1837339028475
68351051,472.3551740141056
23144760,982.8330511694194
97049626,821.6061850617984
94895031,143.36785286683062
14702382,545.920448257556
22232789,346.9569151670794
14653500,282.71594267364253
45931554,138.74232365705757
39099976,231.10268806146814
65803003,436.306836762109
56391701,841.8698749622158
92222330,606.93124795021
93455198,652.3771302826867
52410336,910.8096199958932
82423675,392.4760408300235
25925356,588.2094011197169
88622240,165.39311582857408
37830382,-163.52096198823347
97198420,571.0293973591479
21477504,165.39311582857408
84142976,337.63261341706675
96401209,210.76575483058377
18047299,625.7995814416377
25908320,928.0628670869296
69709013,715.0762597061998
63707451,320.3793663260303
68674616,132.50170804689333
41246291,36.91117084169946
93099265,87.05582571441619
44969882,251.51286462282042
94840571,340.71629955691515
24428966,699.4380990155555
73406276,614.8601932912334
74093567,51.00748846242004
55445678,253.0547076927446
56770356,353.344017438179
20116401,722.8587183862887
23989432,204.52513922041908
77573883,904.4957610552615
30955534,292.2599744150575
46007298,539.6798326473918
60038151,-58.60612303302696
16169663,462.95762893362553
40454664,273.39164092362944
62049127,710.2310005050249
19821119,284.40427240450117
56611586,1109.6999097559024
55267084,290.64488801466587
55813034,689.9673106046075
23867957,-5.377782020461382
90096160,193.5857510700148
32751852,631.9669537213349
21394047,495.8490367153063
80032862,544.3053618571644
22418983,124.64600603633744
52802197,107.39275894530147
48673505,176.33250397897837
14195685,459.72745613284224
22205138,148.13986873753765
96628154,362.6683191881916
44734813,-44.50980541230683
55802873,434.6917503617178
41368275,58.86319047297593
67686446,389.31911135970813
97989934,-69.54551118343124
65686117,238.95839007202449
45591525,-260.653342263352
14884094,567.7992245583646
60291749,528.740444496987
46418453,47.85055899210374
30133967,619.5589658314734
30307611,464.3529853426153
76539721,441.0056093023495
93325285,257.7534802329851
69825909,151.29679820785395
10220197,148.13986873753765
34178403,-93.18586054556681
67327944,984.3016509088757
58361366,265.60918224354054
35080838,536.5961465075434
24415695,207.68206869073538
30354080,641.5109854627499
24117628,378.3797232093034
62628994,888.7843570341493
51012198,597.6801895306648
68125143,1155.0725487579116
94485707,-30.41348779158625
40172711,336.09077034714255
17647583,257.7534802329851
94790367,4.019763060018704
18254706,541.2216757173155
65733568,285.9461154744258
58357649,90.21275518473249
42289495,174.79066090905462
15020288,132.50170804689333
31419590,627.2681811810949
37233713,602.23247540997
26330225,790.2566203500419
73976501,176.33250397897837
90642644,561.5586089482008
63791881,657.1491461533947
40102213,721.2436319858971
60203926,390.9341977600998
36257216,544.3786051876318
24119768,782.400918339486
30403208,425.36744861170473
39737862,732.1830201363018
41150683,431.608064221869
99351268,87.05582571441619
62692262,260.9104097033005
72711178,104.30907280545262
10083097,506.788424865711
65370298,508.33026793563477
84388395,-41.35287594199053
52114454,44.76687285225535
74646950,406.5723584507441
72720701,462.95762893362553
45732529,72.95950809369606
10509116,162.23618635825824
36154567,475.438860153954
46124383,592.9814169904243
27866730,99.61030026521257
62320931,275.0067273240211
78979954,265.53593891307355
52531638,749.5827538882722
70662494,57.32134740305173
88174413,514.6441268762665
21513664,724.5470481171478
26546743,674.4023932444306
89094189,149.6817118074623
34006202,570.9561540286809
44458405,-165.1360483886251
46102741,607.0044912806775
80947937,934.3767260275613
73456376,376.8378801393792
27640503,519.342899416507
66469621,650.90853054323
35504694,188.8137351993073
24815317,223.3202293813797
58171289,-342.0743185173578
18612790,522.4265855563553
63428669,340.7895428873826
57949817,616.4020363611576
72876573,364.28340558858326
96193736,325.15138219673827
57932688,531.8241306368354
61617398,726.0156478566046
57513357,450.4031543828296
46336493,228.01900192161975
56173102,406.5723584507441
22210971,611.776507151385
27397907,184.11496265906726
94750459,184.1882059895347
23197778,116.79030402578155
62692781,115.2484609558569
94164438,459.8006994633097
19395402,915.4351492056662
94219712,610.1614207509933
33491568,177.87434704890302
67632603,610.1614207509933
19852962,412.8129740609088
73405784,834.1606596125944
88192699,466.0413150734739
29867417,221.70514298098806
84909546,549.0041343974044
52598919,498.9327228551547
86077350,560.0167658782761
43929538,569.4875542892241
89992133,470.74008761371397
33643157,502.089652325471
40190924,119.9472334960974
97098808,491.15026417506624
87635513,575.7281698993879
16478169,895.1714593052488
79498204,1001.6281413303795
62568791,647.6783577424467
36457296,35.36932777177526
29599077,332.9338408768267
22644116,447.3194682429812
69419691,829.3154004114194
21970018,7.176692530334549
31666748,332.9338408768267
84691804,367.36709172843166
19277545,605.4626482107533
78443496,326.693225266662
92759112,-8.461468160309778
49629913,735.4131929370847
14874574,110.54968841561686
61108399,18.116080680739287
53618559,285.9461154744258
46977752,-0.6790094802213389
87695599,312.5969076459419
68430793,260.9104097033005
11606038,361.05323278779997
52469720,834.1606596125944
91726930,284.40427240450117
14558288,80.8152101042524
98640275,213.92268430089962
82918511,547.5355346579477
32992592,417.51174660114884
36930879,132.50170804689333
73360172,632.1134403822693
22281491,408.11420152066876
33813436,148.13986873753765
49300946,1148.8319331477473
56371129,414.42806046130045
83899433,160.6210999578666
25827679,616.4020363611576
16631062,115.2484609558569
86793673,649.2934441428383
99689707,353.2707741077111
69776211,226.47715885169555
55892015,375.22279373898755
19716865,354.7393738471683
46860460,317.2956801861819
66143638,566.3306248189078
46241046,162.23618635825824
47497471,289.1030449447412
38256243,132.50170804689333
90078699,58.86319047297593
66607961,303.1993625654618
15632043,481.7527190945857
81498334,566.3306248189078
82443801,301.6575194955376
88411591,257.7534802329851
18221799,685.3417813948354
30242976,282.7891860041095
66494245,27.513625761219373
49287510,350.1870879678627
83370642,157.5374138180182
92348451,-44.583048742773826
55790147,441.0056093023495
49423398,134.04355111681753
39715763,426.90929168162893
46440335,566.3306248189078
78128236,458.2588563933855
63409672,851.3406633731634
98873842,270.2347114533136
34782044,290.64488801466587
70391546,264.0673391736168
76956234,489.60842110514204
41544516,275.0067273240211
42550648,378.3797232093034
98465226,7.176692530334549
30886863,785.4846044793344
84535276,245.27224901265618
54301788,807.5098674410783
78637034,433.2231506222606
61387156,-72.70244065374754
71715096,226.47715885169555
47859897,282.7891860041095
59800013,331.39199780690205
95293248,655.4608164225351
11553772,403.41542898042826
91107127,439.39052290195787
66825939,119.87399016562995
33598864,477.05394655434566
18818037,520.8847424864312
86800656,414.42806046130045
45209421,104.30907280545262
99712718,340.71629955691515
80320840,716.6913461065915
24591401,630.4983539818777
90294177,276.5485703939453
14404076,80.8152101042524
60829113,368.90893479835586
22529505,329.77691140651086
59566170,304.741205635386
40149323,592.9081736599569
40382936,350.1870879678627
99300537,-60.14796610295116
44631793,25.97178269129472
49450050,43.1517864518637
62395628,220.16329991106386
30879014,11.875465070574592
85524688,-202.72622871054637
87381496,325.15138219673827
66258576,326.693225266662
71415255,445.70438184258956
45179604,688.4254675346838
82676573,206.06698229034373
14654038,276.47532706347783
57261303,289.1030449447412
69037727,561.6318522786678
78583522,480.13763269419405
49703078,379.77507961829315
78525136,11.875465070574592
86407509,560.0167658782761
33024193,693.1242400749238
38535158,578.8850993697042
84179400,85.44073931402454
24680896,541.2949190477834
42024082,207.68206869073538
31137878,345.48831542762264
92689780,123.10416296641324
93487228,821.6061850617984
27421195,497.3908797852305
27611928,232.7177744618598
25261420,832.4723298817357
46864780,-16.31717017086612
51909487,246.81409208258037
37913958,453.560083853145
74334619,423.7523622113131
24422548,217.00637044074801
58508595,530.2822875669117
25087154,-127.54586806670432
76806766,224.86207245130436
27262464,572.5712404290725
73422693,296.95874695529756
58175270,270.3079547837806
76648743,462.95762893362553
36026120,415.9699035312242
87485989,514.6441268762665
88798255,320.4526096564982
85293030,638.354055992434
87029422,296.95874695529756
72679949,137.20048058713382
25871017,312.5236643154749
61396744,54.16441793273543
63197784,808.9784671805351
49632353,260.9104097033005
65625596,235.8014606017082
86795596,339.2476998174584
81433856,309.43997817562604
87476873,733.8713498671605
98147948,625.7995814416377
99212421,433.2231506222606
78236394,447.3194682429812
60511137,-327.9780008966377
37030090,456.64376999299384
47227545,757.3652125683611
38980163,265.60918224354054
33290320,362.74156251865907
57735630,296.95874695529756
37888473,141.89925312737387
54251453,431.608064221869
85556127,29.12871216161102
26903779,401.87358591050406
91692809,270.3079547837806
32446203,466.0413150734739
34350235,602.3789620709049
28532174,614.8601932912334
59869496,143.4410961972976
37887202,209.22391176065912
54799254,373.68095066906335
44298051,710.3774871659598
89901990,383.07849574954344
73292166,624.2577383717139
21775362,711.9925735663514
36884233,195.127594139939
66353025,174.79066090905462
19481125,293.72857415451426
95336492,653.9922166830784
32400462,524.041671956747
28975228,329.77691140651086
11320585,661.8479186936347
32162156,372.13910759913915
88724326,480.06438936372706
67650053,370.5240211987475
21038175,184.1882059895347
64836379,24.429939621370977
60827779,115.2484609558569
88997264,572.5712404290725
44622902,370.5240211987475
85670106,179.41619011882722
38945693,16.50099428034764
69337730,359.58463304834277
22890345,275.0067273240211
93106331,513.0290404758753
56257607,148.13986873753765
42845025,575.7281698993879
10678470,472.3551740141056
35975743,812.1353966508505
44298756,589.8244875201085
66670226,-57.06427996310276
37883517,517.7278130161153
62831558,228.01900192161975
25294874,-174.53359346910565
34601413,405.0305153808199
61300626,389.31911135970813
63694211,586.6675580497927
70308634,804.279694640295
92846964,556.8598364079608
32093061,437.92192316250066
68496425,176.33250397897837
36724576,622.7158953017893
18988842,256.13839383259347
44304522,-293.54475004503274
91192236,80.8152101042524
27105876,422.2105191413889
89869414,51.00748846242004
45877010,275.0067273240211
24146001,542.7635187872402
23395701,151.29679820785395
38974456,379.92156627922805
57842607,671.2454637741148
51687346,514.6441268762665
99288080,348.6452448979385
58963406,450.32991105236215
29443260,564.7155384185162
62626422,317.2956801861819
57515098,624.184495041246
61739694,458.2588563933855
27459512,307.89813510570184
84889146,44.76687285225535
58681841,202.98329615049533
63593417,870.1357535341235
33073018,451.9449974527538
18775917,166.93495889849828
38962045,157.5374138180182
67933426,716.6181027761245
54603681,279.7054998642611
83399485,603.9208051408286
64199110,229.4876016610765
82415208,420.66867607146423
87961803,242.11531954234033
44853010,462.8843856031581
59952980,217.07961377121546
88562279,198.2845236102553
55858413,202.91005282002743
61198975,-52.36550742286272
37448315,555.3179933380361
19525923,433.2231506222606
35026025,190.42882159969895
37029910,345.41507209715564
65651564,373.68095066906335
76546746,66.64564915306437
78805012,354.8858605081027
73332787,618.0171227615492
45937289,415.9699035312242
99048249,525.5835150266712
29475704,528.740444496987
93694996,719.7750322464399
18159173,419.0535896710726
50435273,-118.14832298622423
56812269,414.35481713083254
10385151,195.127594139939
74541267,843.4849613626075
16719195,51.00748846242004
48754743,193.51250773954735
18188655,232.7177744618598
32063627,301.6575194955376
95749552,115.2484609558569
95191424,788.6415339496502
79363744,475.5121034844219
47169927,223.3202293813797
77108983,127.80293550665328
44823862,376.8378801393792
81122519,202.98329615049533
18168723,220.16329991106386
59737458,185.7300490594589
12477444,104.30907280545262
89609832,688.4254675346838
50913652,394.0178838999482
42856249,149.6817118074623
62711409,343.94647235769844
67374114,218.62145684113966
26708384,364.28340558858326
57463109,372.13910759913915
64273952,202.83680948956044
56304545,-83.64182880415183
82795140,94.91152772497253
14007213,405.0305153808199
54415843,279.7054998642611
54590957,-91.49753081470772
67350145,589.7512441896415
74993313,207.68206869073538
62432527,362.6683191881916
33713363,96.45337079489673
80390114,88.59766878434084
12723951,260.9104097033005
71416124,254.66979409313626
72440899,674.4023932444306
60115717,284.40427240450117
26317947,191.97066466962315
35504199,321.99445272642197
30187539,636.8122129225094
55346293,630.4983539818777
90516502,386.23542521985974
72045347,544.3786051876318
79850408,179.48943344929467
20443404,898.2551454450972
84501791,143.4410961972976
73999320,-248.0988677125556
98913461,-32.028574191977896
37225199,-133.786483676869
16193655,616.4020363611576
72620298,549.0773777278719
64188152,447.3194682429812
67784083,329.8501547369783
90552658,115.2484609558569
80748000,693.1974834053908
38083778,398.7166564401882
65525497,290.64488801466587
19381953,140.28416672698222
65723090,542.7635187872402
76151738,317.2956801861819
48225827,336.09077034714255
27357384,370.45077786828006
72090603,423.82560554178053
13739096,351.72893103778733
42442381,575.7281698993879
57561155,646.2097580029899
35942827,-17.85901324079032
89196128,246.81409208258037
90585757,-144.7258718272733
28123361,38.45301391162366
54892166,132.50170804689333
34399967,331.31875447643506
36429013,679.0279224542037
87308981,483.29456216451035
99529719,542.8367621177072
22093311,655.534059753003
81263538,204.45189588995208
71338939,580.4269424396284
26758105,307.89813510570184
97028969,483.29456216451035
64463656,364.28340558858326
56099433,83.8988962441008
85325718,160.69434328833404
44166454,531.8241306368354
36489810,35.36932777177526
33207901,245.27224901265618
27978007,-39.81103287206679
81479630,530.2822875669117
51537650,533.4392170372271
45619520,268.76611171385684
38111175,574.1130834989967
52128949,581.9687855095526
25404819,2.477919990094506
76230938,41.6099433819395
35633669,220.16329991106386
17486296,284.40427240450117
26823352,270.3079547837806
24234066,198.1380369493204
69609466,390.9341977600998
44500625,348.6452448979385
25810885,312.5969076459419
47095933,314.1387507158661
29996746,318.8375232561066
26824387,548.9308910669374
22560248,231.10268806146814
67043419,71.41766502377186
56128877,1117.6288550969257
78532613,191.8974213391557
63334626,442.62069570274116
41942475,1095.5303488047143
71572581,390.86095442963233
31224917,193.5857510700148
52061385,641.4377421322824
85648776,564.7887817489841
89601046,354.8858605081027
16315474,320.4526096564982
90885644,536.5229031770755
69988016,484.909648564902
55363982,199.82636668017904
15084841,494.23395031491464
85269120,403.41542898042826
31531393,415.82341687028975
65511292,472.3551740141056
76207920,492.69210724499044
25765261,649.2934441428383
99628783,54.16441793273543
29123949,765.1476712484496
84071477,358.042789978419
55408575,-223.0631619414312
18563235,841.8698749622158
32862824,749.5095105578052
87247913,660.2328322932431
70811397,514.6441268762665
79135010,343.873229027231
95532555,0.9360769201703079
91619153,271.84979785370524
85185899,622.7158953017893
45503458,520.8114991559637
40572975,337.63261341706675
89004010,334.4756839467509
34562042,414.42806046130045
63463440,318.8375232561066
64460362,-118.14832298622423
67250925,166.93495889849828
14939721,310.98182124555024
35310686,696.1346828843048
71187848,115.2484609558569
61524357,696.2079262147722
36782194,688.4987108651508
89842273,480.13763269419405
20614858,270.3079547837806
68048266,63.56196301321597
62462117,536.5961465075434
72115510,315.6805937857903
14057421,71.41766502377186
99878320,265.60918224354054
68934495,383.00525241907644
63897425,553.7761502681119
30823846,-77.40121319398759
45856506,282.7891860041095
36318458,511.48719740595106
54709816,-11.618397630626077
58956301,600.7638756705132
61193977,534.9810601071517
94916864,470.74008761371397
95563649,513.1022838063427
11808364,207.60882536026793
53108582,201.3682097501037
37502181,502.0164089950031
37996385,566.2573814884408
53563779,29.12871216161102
62612706,630.4983539818777
33233317,101.15214333513677
39285196,-234.00255009183547
12469660,686.8836244647591
10086272,467.65640147386557
61556619,491.15026417506624
44239580,588.2094011197169
37303458,411.27113099098415
69742763,315.6805937857903
79252407,820.0643419918738
55035288,228.01900192161975
22573833,494.23395031491464
73616028,547.4622913274802
72379751,365.82524865850746
63515051,-6.919625090386035
43605274,243.65716261226453
94526159,447.1729815820463
87017405,796.4972359602061
27785122,287.561201874817
88986010,268.6928683833894
83705830,370.5240211987475
19294754,475.438860153954
10016581,307.89813510570184
98337631,204.52513922041908
96284977,473.82377375356236
85120493,594.4500167298816
76912038,310.98182124555024
38273802,707.1473143651765
31373003,754.2815264285123
16311364,643.0528285326741
81773825,116.79030402578155
85451822,295.3436605549059
83837897,326.693225266662
79840167,419.1268330015405
10053165,284.40427240450117
66085962,251.51286462282042
74446354,917.0502356060574
71248291,223.3202293813797
13527988,622.6426519713223
59655162,636.665726261575
81270080,452.01824078322124
25459024,248.35593515250457
57124820,700.9799420854797
38744724,340.7895428873826
14672828,467.65640147386557
86208199,431.608064221869
60804234,174.79066090905462
26637959,409.5828012601255
84505191,243.65716261226453
34949195,574.1863268294642
18236230,500.5478092555463
83633670,547.4622913274802
38795738,417.51174660114884
57060441,472.3551740141056
63193750,743.1956516171736
16584196,467.5831581433986
97470867,265.60918224354054
57117308,199.82636668017904
28539736,307.89813510570184
42854708,72.88626476322906
74612987,257.7534802329851
18574187,403.3421856499608
82554201,198.2845236102553
63502035,320.4526096564982
91862663,480.13763269419405
92211122,675.7977496534204
31056808,420.66867607146423
16943964,509.9453543360264
32863651,508.33026793563477
68176876,545.8472049270886
49131404,347.0301584975473
70277995,389.31911135970813
35494136,519.342899416507
81234980,467.65640147386557
38613978,221.70514298098806
58078556,953.098572858054
44540392,213.92268430089962
54581831,238.95839007202449
27711464,-271.59273041375627
34639609,536.5229031770755
61465981,405.0305153808199
97434739,735.4131929370847
11115465,-177.61727960895405
73204702,707.220557695644
43122014,447.3194682429812
82465915,85.51398264449244
70336402,229.5608449915444
66860305,686.8103811342921
41500458,406.4991151202771
92919391,487.9933347047504
99618084,688.4254675346838
86909460,392.4760408300235
17337355,2.477919990094506
42353664,340.7895428873826
21765685,503.6314953953947
89088918,217.00637044074801
35899962,275.0067273240211
68684318,412.8129740609088
18484780,-360.86940867831845
87388388,549.0773777278719
90094211,409.72928792105995
16804039,317.2956801861819
91010086,96.45337079489673
99469868,287.48795854434957
37545302,389.31911135970813
71878464,134.04355111681753
21183040,451.9449974527538
35304073,397.174813370264
50348670,228.01900192161975
34230931,381.5366526796197
48867425,603.8475618103616
35018884,300.04243309514595
82792644,66.71889248353182
55638604,278.16365679433693
45618589,-2.2208525501459917
94996859,680.6430088545949
59711138,823.1480281317226
20008628,166.93495889849828
74210201,798.0390790301303
71592370,469.1982445437902
91112168,392.4760408300235
86979588,102.69398640506142
77491019,16.574237610814635
82906889,452.01824078322124
47215201,616.4020363611576
74482354,378.3797232093034
85248466,-172.918507068714
48081067,353.2707741077111
15387364,682.1848519245191
49479914,320.3793663260303
67144063,415.8966602007572
21546784,484.83640523443455
33690767,686.8836244647591
33115846,491.15026417506624
61562965,245.27224901265618
39809818,127.72969217618584
68123009,528.66720116652
51851996,901.4120749154126
14592737,184.1882059895347
53703850,502.089652325471
32305458,49.46564539249539
15802272,586.6675580497927
36113397,176.33250397897837
10490484,481.7527190945857
60733954,221.7783863114555
99162691,212.38084123097542
93098807,160.69434328833404
40838545,221.7783863114555
11051825,411.27113099098415
82908690,769.9196871191571
71787511,787.099690879726
72823966,672.787306844039
12980060,127.80293550665328
96086415,494.23395031491464
23697274,649.2934441428383
51614059,721.3901186468315
78779574,733.8713498671605
95241308,118.4053904261732
17643222,494.3071936453821
93263316,412.8129740609088
37302631,-157.28034637806968
87271886,113.70661788593316
55736876,522.4265855563553
51594702,260.9104097033005
83945766,152.83864127777815
79078313,259.29532330290886
31277810,478.5957896242703
74965419,267.1510253134652
12557472,-116.53323658583258
61610958,689.9673106046075
87565891,221.7783863114555
69835471,450.4031543828296
50409416,724.4738047866799
77449547,666.4734479034073
97554546,450.4031543828296
15981479,384.6203388194681
19522006,664.9316048334831
27996044,43.22502978233115
41161764,520.8847424864312
20740770,763.6790715089928
70042803,323.5362957963466
52210690,340.7895428873826
81657059,138.74232365705757
67733763,470.74008761371397
19453777,331.31875447643506
76648543,326.619981936195
38569009,221.7783863114555
24713941,174.79066090905462
89660454,-124.38893859638893
85740410,653.9189733526114
86257801,846.6418908329229
86873805,514.6441268762665
33399735,580.4269424396284
37535534,614.8601932912334
27667456,1103.3860508152707
61581329,452.01824078322124
51263630,323.5362957963466
52033053,-124.38893859638893
90888218,311.0550645760177
12546179,495.8490367153063
83093814,619.5589658314734
46297699,312.5969076459419
97044400,747.9676674878806
31763919,-97.73814642487196
16008849,514.5708835457995
51084945,221.7783863114555
59957604,668.0152909733315
18780994,563.0272086876575
87997537,343.94647235769844
45685391,348.57200156747103
44441149,658.7642325537863
14178311,408.11420152066876
43522500,-17.85901324079032
91025767,466.1145584039414
92328854,19.65792375066303
53582398,170.09188836881458
79088536,561.5586089482008
46193764,-78.94305626391179
84800487,213.92268430089962
58906346,181.03127651921886
16384425,345.41507209715564
31314423,401.87358591050406
78713693,289.1030449447412
59579059,213.84944097043217
51309878,301.6575194955376
18367921,705.7519579561872
17963218,849.7255769727717
63773516,809.051710511002
43820904,-41.35287594199053
61844633,411.27113099098415
97433520,596.0651031302732
67890378,293.80181748498126
84770654,431.608064221869
56388014,361.1264761182674
48498606,708.7624007655681
96139568,-3.762695620069735
23184000,509.9453543360264
82435682,901.4120749154126
84725417,588.2094011197169
80398008,76.04319423354445
21408816,361.1264761182674
40561414,390.86095442963233
47526789,694.5928398143806
34202671,597.606946200197
47410501,-299.785365655197
18437030,202.91005282002743
89947527,611.7032638209175
48179652,539.6065893169243
43574355,597.6801895306648
93441626,101.15214333513677
49833156,585.052471649401
27436801,599.1487892701216
43212239,113.70661788593316
57781002,72.95950809369606
80452756,90.21275518473249
69547198,193.5857510700148
92282402,-66.46182504358285
60080700,409.72928792105995
77220496,217.07961377121546
54095090,-72.70244065374754
28159066,-21.015942711106163
76298460,256.21163716306046
57334293,466.1145584039414
51349452,467.65640147386557
57825954,415.8966602007572
75566691,-102.436918965112
21994482,265.60918224354054
15472109,514.5708835457995
74524636,877.9182122142124
50954892,1003.1699844003037
72834699,71.41766502377186
62999750,663.3897617635585
33123268,804.352937970762
66540114,400.2584995101124
54002928,487.9933347047504
55085304,527.1253580965954
22151066,472.3551740141056
65334729,700.9799420854797
30865724,401.87358591050406
90388666,231.17593139193605
55605064,347.0301584975473
69408128,757.3652125683611
99473168,752.6664400281206
75818797,58.86319047297593
62565025,628.956510911954
75143116,383.00525241907644
47696923,309.43997817562604
19416750,962.569361269002
22855194,621.1008089013976
67192782,311.0550645760177
87517475,231.17593139193605
56350089,362.6683191881916
34134972,-85.25691520454347
60576347,270.3079547837806
26319072,-27.256558321270404
88893111,456.7170133234613
68033382,52.62257486281169
94035885,328.23506833658666
81187160,827.9200440024301
28315736,602.305718740437
22692256,851.3406633731634
37267592,63.56196301321597
91150814,-138.48525621710905
26431305,406.4991151202771
87910232,365.82524865850746
41955248,549.0041343974044
69743430,508.33026793563477
46703259,685.3417813948354
31441294,235.8747039321761
52540774,350.1870879678627
86506186,381.4634093491518
59584539,375.22279373898755
97314977,513.1022838063427
96666615,326.693225266662
79683457,185.7300490594589
82209443,329.8501547369783
28258830,600.7638756705132
42067661,237.41654700209983
66297804,201.3682097501037
16941404,57.32134740305173
75005309,68.26073555345602
24570745,206.06698229034373
86113362,552.1610638677203
17047985,361.1264761182674
65773050,-125.93078166631267
58445540,890.5459300954758
48523637,400.33174284057986
95993557,398.7166564401882
88761628,262.45225277322515
35281082,240.50023314194868
63427827,240.50023314194868
38736916,-130.6295542065527
86580197,434.6917503617178
23112535,657.1491461533947
70370352,315.6073504553233
27855625,268.6928683833894
60833031,256.21163716306046
23047956,793.3403064898903
87351286,166.93495889849828
75886001,-213.66561686095065
66301086,340.7895428873826
60935733,541.2949190477834
98414359,400.2584995101124
93169508,996.8561254596721
77985316,303.1993625654618
22647726,314.1387507158661
39865459,364.28340558858326
81994206,533.4392170372271
62822262,116.79030402578155
85331429,15.032394540890891
75110630,46.30871592218
51138756,148.06662540707066
83491442,523.9684286262795
67891583,722.9319617167562
65475315,383.07849574954344
37180335,505.1000951348519
53617145,76.04319423354445
66644091,376.76463680891175
85685863,491.0770208445988
67756317,428.4511347515531
47286828,419.1268330015405
30798257,27.513625761219373
55429056,808.9784671805351
48423935,224.86207245130436
70215654,384.5470954890002
84995114,368.9821781288233
34191374,91.68135492418924
94424055,383.07849574954344
35266032,295.3436605549059
10282778,257.7534802329851
74509894,246.74084875211292
62379565,356.4277035780274
69295266,544.3786051876318
19487319,221.7783863114555
80523155,964.1844476693936
76258438,592.9081736599569
15381648,928.1361104173966
76313330,567.8724678888325
67909709,693.0509967444564
94172578,127.80293550665328
73730320,484.83640523443455
93164433,358.042789978419
47160388,315.6805937857903
39990609,348.57200156747103
64566990,887.38900062516
91126842,392.4760408300235
52824809,190.42882159969895
57254599,572.5712404290725
38718331,331.39199780690205
86095545,608.6195776810691
47117496,97.99521386482093
38398092,96.45337079489673
35904079,477.05394655434566
90919237,245.27224901265618
56102015,1134.8088588574947
71540566,566.2573814884408
10011577,561.6318522786678
84723499,541.2949190477834
12437858,138.74232365705757
55600884,358.042789978419
14903844,304.741205635386
79656066,398.7166564401882
22833793,575.7281698993879
52725368,124.64600603633744
69338616,-234.00255009183547
69512258,472.3551740141056
96249786,390.7877110991649
93289839,492.69210724499044
89525161,574.1130834989967
25602400,534.9810601071517
82687645,405.0305153808199
86466057,419.1268330015405
31039064,267.1510253134652
38126410,674.3291499139632
98941268,119.9472334960974
98887377,724.4738047866799
19069593,498.9327228551547
48991500,699.4380990155555
81340729,289.1030449447412
17755803,27.513625761219373
28332754,368.8356914678884
48710415,398.7166564401882
13552122,-46.05164848223103
67175252,155.995570748094
81401006,751.1245969581969
87569420,664.9316048334831
68775804,300.04243309514595
51303767,235.8747039321761
36907350,253.0547076927446
11852044,285.9461154744258
57122012,580.2804557786935
42764646,586.6675580497927
23299341,430.0662211519448
99527596,213.92268430089962
97393585,228.01900192161975
43578412,82.28380984370915
98294611,704.1368715557956
30924809,325.15138219673827
88121507,547.5355346579477
81094653,65.10380608314017
83948197,517.7278130161153
53707208,35.36932777177526
72598207,-22.63102911149781
96325015,-58.60612303302696
32527392,210.76575483058377
13367283,202.91005282002743
70926441,758.9070556382853
14507496,107.39275894530147
84516945,285.9461154744258
17478153,491.15026417506624
83347951,451.9449974527538
42507501,320.4526096564982
54322410,7.176692530334549
51129418,395.6329703003398
92284337,1139.3611447367994
56191305,497.3908797852305
69717201,138.74232365705757
77803958,630.4983539818777
30868541,347.0301584975473
21948362,509.9453543360264
64597726,212.38084123097542
24753315,415.9699035312242
83137150,508.33026793563477
87115344,459.65421280237524
99984175,414.42806046130045
78503238,483.29456216451035
56241324,511.48719740595106
44979606,444.0892954421979
73782771,40.068100312015304
83259646,126.18784910626164
83615385,760.522142038677
84238097,570.9561540286809
90104229,616.475279691625
47165230,340.7895428873826
90052115,154.38048434770235
29318397,715.0030163757328
66821977,503.6314953953947
74914365,97.99521386482093
21821045,-27.256558321270404
78077361,-2.2208525501459917
11290483,-8.461468160309778
18150280,138.66908032659057
97190006,469.1982445437902
23716973,11.875465070574592
22402268,152.83864127777815
22495547,807.4366241106104
62732805,282.862429334577
35149813,718.1599458460482
45074208,141.89925312737387
16930048,-215.20745993087485
37034316,437.92192316250066
41257506,671.2454637741148
37119194,152.7653979473107
67834562,-50.75042102247107
34524417,307.89813510570184
65917034,916.97699227559
89187031,821.532941731331
38918236,370.5240211987475
15343670,990.7619965104427
14075655,397.174813370264
38174910,513.0290404758753
58723158,35.36932777177526
60249533,564.7155384185162
97281245,711.8460869054165
72949298,206.06698229034373
15101045,248.35593515250457
28123842,232.7177744618598
79777819,979.822608360038
49207880,40.068100312015304
80546483,498.9327228551547
64032695,249.97102155289622
13192282,311.0550645760177
77309020,-13.16024070054982
61977302,310.98182124555024
97344057,55.706261002660085
30586194,688.3522242042163
56677229,309.43997817562604
22130117,663.3165184330915
40261245,72.95950809369606
30166032,210.76575483058377
77089984,160.6210999578666
26878900,741.7270518777163
61371436,123.10416296641324
42742062,364.28340558858326
95339974,536.5961465075434
56107946,-31.955330861510447
75011328,909.267776925969
72662754,456.64376999299384
72203106,-17.932256571257767
70496852,545.9936915880235
13201993,431.608064221869
78164844,564.5690517575817
59342403,320.3793663260303
94540895,862.2800515235681
46539631,1115.9405253660666
72239923,4.019763060018704
87927143,-299.785365655197
58112642,293.80181748498126
46348606,625.7995814416377
41028863,560.0167658782761
24368370,311.0550645760177
29933781,613.3183502213092
82791847,415.8966602007572
96015529,112.09153148554151
54561874,-407.85713408071933
53184693,251.51286462282042
76671373,571.0293973591479
63611357,323.5362957963466
80706420,654.0654600135458
55017743,834.0874162821274
80689892,-190.17175415975044
84469446,716.6181027761245
23226721,747.8944241574136
85084580,-100.89507589518826
80669002,207.60882536026793
65745002,611.776507151385
89007400,451.9449974527538
29824422,406.5723584507441
35775431,212.38084123097542
14074630,877.9914555446799
72325201,469.1982445437902
23874500,545.9936915880235
37300173,309.43997817562604
33493494,672.8605501745064
30229764,275.0067273240211
43966954,671.2454637741148
27845488,284.40427240450117
37461765,821.532941731331
54994083,702.4485418249365
73747516,342.25814262683934
41276058,193.5857510700148
55912598,112.09153148554151
60686267,223.3202293813797
32726148,306.2830487053102
99279088,913.966549466209
28728541,741.6538085472489
13858737,710.3042438354928
21895570,566.2573814884408
76323759,375.22279373898755
79038940,353.344017438179
29272847,358.042789978419
98713132,146.5980256676139
92394953,798.1123223605978
96580365,242.11531954234033
44481344,580.4269424396284
16420037,182.57311958914306
93921984,495.8490367153063
26481610,-205.80991485039476
36292815,826.231714271571
77806189,414.35481713083254
75958945,-317.0386127462334
65456150,149.6817118074623
80743824,506.788424865711
49966934,174.79066090905462
86026791,430.0662211519448
85816309,754.2815264285123
15568874,782.474161669953
99556884,470.74008761371397
27514144,129.34477857657748
33950340,362.6683191881916
90674412,301.58427616507015
31688776,21.273010151054677
58380703,899.796988515021
59666638,-147.88280129758914
28858647,401.87358591050406
96281488,906.1108474556531
81757957,179.41619011882722
15387606,-21.015942711106163
95978588,444.01605211173046
38876766,256.21163716306046
97177476,215.46452737082382
56304916,356.4277035780274
94447504,-47.66673488262222
12858830,90.13951185426504
29325031,19.731167081130934
45137864,392.4760408300235
40574206,1120.6392979063066
14671172,486.4514916348262
79393183,466.0413150734739
73490914,700.9799420854797
74160460,221.70514298098806
44164617,11.802221740107598
82646950,400.2584995101124
13359174,279.6322565337937
75134927,162.23618635825824
36042465,456.7170133234613
83839627,33.82748470185106
23668396,477.05394655434566
75299261,549.0773777278719
41480775,55.706261002660085
33690039,119.9472334960974
22503085,821.532941731331
37466667,387.7772682897835
14321282,279.7054998642611
71351933,-6.919625090386035
87081502,-50.75042102247107
65472553,765.1476712484496
99213360,408.04095819020085
10832464,481.7527190945857
51819797,516.1859699461911
75955259,401.87358591050406
88647663,201.3682097501037
48629803,323.5362957963466
83286245,343.873229027231
88766577,497.3908797852305
92941012,235.8747039321761
77129657,123.03091963594579
98212477,109.00784534569311
47578988,552.1610638677203
50209960,680.6430088545949
34219777,649.3666874733058
79439231,293.72857415451426
73635146,545.920448257556
64910994,652.4503736131546
53834693,516.1859699461911
11363592,383.07849574954344
10873772,411.19788766051715
87767702,553.7029069376445
23454749,539.6798326473918
58196808,372.13910759913915
68491285,343.94647235769844
92242279,85.51398264449244
33507598,727.5574909265288
31155680,419.0535896710726
69782815,643.0528285326741
99510246,215.46452737082382
76945883,536.5229031770755
17094345,251.43962129235342
46337525,85.44073931402454
28488983,459.72745613284224
16761031,293.80181748498126
79032271,16.574237610814635
62295468,564.7155384185162
34239247,77.6582806339361
13382072,545.920448257556
22594211,155.995570748094
57247913,409.6560445905925
91685716,428.5243780820206
17466502,746.4258244179568
33964749,577.1967696388451
51427608,384.6203388194681
24310192,475.5121034844219
31116680,467.65640147386557
11417356,141.89925312737387
62762079,505.1000951348519
42671255,928.0628670869296
96926020,-83.64182880415183
50275050,458.2588563933855
39760605,-3.762695620069735
74898826,525.5835150266712
72916922,487.9933347047504
15943032,193.5857510700148
74582816,477.05394655434566
59875250,228.01900192161975
80790659,940.5440983072581
19888418,312.5969076459419
31588130,583.4373852490098
66158465,372.13910759913915
18800645,176.33250397897837
64505218,481.6794757641187
56056799,212.30759790050797
10374837,539.6798326473918
41300143,36.91117084169946
78621253,66.71889248353182
11141195,744.7374946870973
33865847,469.1982445437902
90610974,311.0550645760177
98930552,1220.8553643212736
12727530,201.3682097501037
52930535,320.4526096564982
93753865,419.0535896710726
70595210,455.10192692306964
86025280,148.13986873753765
78663509,76.11643756401236
21322626,401.87358591050406
38172344,480.21087602466196
12467923,636.7389695920424
59832255,766.7627576488412
60019461,683.7999383249107
36274445,693.1242400749238
35417851,561.6318522786678
24997453,627.3414245115623
83094532,234.25961753178444
90174488,752.6664400281206
71319002,480.21087602466196
29621396,425.36744861170473
10011880,472.3551740141056
17190126,1017.3395453514918
70424510,570.9561540286809
11417531,195.127594139939
27554957,417.51174660114884
13689480,761.9174984476663
69613512,300.04243309514595
74318773,444.1625387726649
45221034,467.65640147386557
12200305,417.51174660114884
29052499,253.0547076927446
91168920,124.57276270586999
99587330,674.3291499139632
85493546,746.3525810874889
36510260,285.9461154744258
40370308,403.3421856499608
89123563,614.8601932912334
68894033,686.8836244647591
73938236,589.7512441896415
25242707,495.8490367153063
87339346,677.486079384279
34182148,498.9327228551547
55488547,476.98070322387866
58799207,312.5969076459419
99415472,392.4027974995565
50374353,422.2105191413889
44632960,249.97102155289622
46918499,497.3908797852305
61219752,270.3079547837806
57928854,392.4760408300235
22536598,929.5314668263863
69936903,550.6924641282635
69696012,99.53705693474512
75807455,787.0264475492586
31557332,478.5957896242703
98503124,467.65640147386557
45347570,627.4146678420293
91321804,599.1487892701216
56392111,276.5485703939453
86308272,166.93495889849828
64596791,799.654165430522
80652734,462.95762893362553
15067372,534.9078167766838
19485124,512.9557971454078
14453004,245.27224901265618
26285533,505.1733384653194
92838656,2.477919990094506
37408293,240.50023314194868
44619550,633.655283452194
12229798,304.741205635386
19471907,445.70438184258956
79387412,848.1837339028475
62896852,-49.208577952546875
45934349,422.2105191413889
16860511,-63.30489557326746
43506983,328.23506833658666
70740306,157.5374138180182
92814410,423.82560554178053
42104710,439.46376623242486
23656647,1163.001494098935
16622582,403.41542898042826
91730318,124.64600603633744
71502047,524.041671956747
62198081,217.07961377121546
35586426,-171.3766639987898
73159054,390.9341977600998
72932579,234.25961753178444
15860553,726.0888911870716
76499202,877.9182122142124
49147306,881.0751416845283
66173222,798.0390790301303
36048465,-93.11261721509936
58226162,608.5463343506017
75348253,246.81409208258037
29406516,162.23618635825824
30120831,232.7177744618598
88886135,342.3313859573068
90716300,339.2476998174584
12118186,24.429939621370977
39388114,177.87434704890302
43348151,566.3306248189078
70648988,375.22279373898755
89828759,550.6192207977961
25774436,511.48719740595106
56166234,260.9104097033005
46207048,627.4146678420293
24260337,865.4369809938835
43372122,472.3551740141056
99211792,502.0164089950031
72425048,240.57347647241613
58848576,1007.9420002710112
69451066,102.69398640506142
46571746,874.8345260743636
35037281,-50.75042102247107
85573733,483.29456216451035
85004009,481.7527190945857
98713147,594.4500167298816
99574842,735.4131929370847
56403873,519.342899416507
79242881,383.07849574954344
58458582,408.11420152066876
68482067,329.8501547369783
16690135,671.2454637741148
15173091,885.7739142247683
61448444,564.6422950880492
69237042,271.84979785370524
85145895,694.7393264753155
22701271,348.57200156747103
39148372,4.019763060018704
94500108,188.88697852977475
68415143,392.4760408300235
40595467,406.5723584507441
53076141,370.5240211987475
73641861,608.6195776810691
48605668,-13.16024070054982
69923530,195.127594139939
49319680,260.9104097033005
45928049,232.6445311313928
73814109,439.46376623242486
61386764,716.6181027761245
67209776,924.8326942861463
10596331,519.342899416507
14387887,126.18784910626164
66568548,168.47680196842293
59240082,306.35629203577764
35040177,480.21087602466196
99480365,321.99445272642197
68333386,531.8973739673029
95572882,285.9461154744258
38132096,585.052471649401
76955826,718.0867025155812
17729676,419.1268330015405
42211142,459.8006994633097
20158681,361.1264761182674
79393152,516.1859699461911
39911125,217.07961377121546
88836366,290.64488801466587
20409154,470.8133309441814
15026679,425.36744861170473
42131515,586.5943147193252
54650905,292.1867310845896
26838390,275.0067273240211
65068346,691.5823970049992
92979933,83.82565291363335
95452518,71.41766502377186
38822689,-39.81103287206679
46355252,519.342899416507
12444224,199.75312334971204
42979270,345.48831542762264
77573762,738.5701224074005
14826829,51.00748846242004
28709839,588.2826444501843
18829646,190.42882159969895
96568537,323.5362957963466
56829547,215.46452737082382
93979772,550.6192207977961
17626588,466.0413150734739
34011504,594.5232600603485
52636134,317.2956801861819
91687348,118.4053904261732
36508418,166.93495889849828
82621948,459.8006994633097
89318730,213.92268430089962
98717167,599.2220326005886
26278873,207.68206869073538
56823412,928.0628670869296
75609163,697.8962559456309
90104725,567.7992245583646
75874553,190.42882159969895
48469293,339.2476998174584
70313722,812.1353966508505
48269879,589.7512441896415
30338233,528.66720116652
32779513,87.05582571441619
75548478,461.3425425332339
38561257,238.95839007202449
10945373,542.7635187872402
15756944,956.2555023283703
46940446,641.5109854627499
24659465,143.4410961972976
88948806,473.89701708403027
34164402,336.09077034714255
79477391,249.97102155289622
15537006,674.4023932444306
88911942,231.17593139193605
96378293,321.99445272642197
76422231,152.83864127777815
12309843,204.52513922041908
96239148,902.8806746548698
86466781,25.97178269129472
49050128,159.0792568879424
14724818,649.2934441428383
56683970,765.220914578917
98393974,179.41619011882722
84824034,885.8471575552358
92573067,-249.71395411294725
73226546,52.62257486281169
61358064,303.1993625654618
59398688,920.2804084068407
14969480,472.3551740141056
80588045,558.474922808352
95597071,218.62145684113966
54836005,243.65716261226453
23220441,364.2101622581158
59018993,473.89701708403027
68425900,455.0286835926022
96400633,-82.09998573422763
32664783,514.6441268762665
37951383,553.7761502681119
42701020,707.220557695644
23132709,351.72893103778733
36039638,835.6292593520511
14728562,550.6924641282635
62765095,232.7177744618598
90518206,218.62145684113966
99330676,372.0658642686717
54002963,464.4994720035497
80024301,143.4410961972976
83450392,76.11643756401236
80827964,350.1870879678627
22623823,425.36744861170473
85154401,536.5961465075434
92409200,694.666083144848
37461274,837.2443457524428
39412052,-17.85901324079032
99188219,232.7177744618598
10533163,371.9926209382047
16576946,566.3306248189078
10571061,1277.1673914736875
11502784,168.47680196842293
10627022,666.4734479034073
66112731,436.306836762109
12271580,929.6047101568533
19300863,417.51174660114884
42301466,481.7527190945857
93227392,423.7523622113131
13989390,724.5470481171478
83189444,-74.31752705413919
88982820,724.4738047866799
86309809,583.5838719099443
93812427,414.42806046130045
79351177,589.8244875201085
73882065,838.7861888223674
85331771,-47.66673488262222
33746879,447.2462249125133
90357052,365.82524865850746
42998447,268.76611171385684
42297649,181.03127651921886
74232297,-53.90735049278692
68234963,423.82560554178053
79955240,372.0658642686717
33685499,287.34147188341467
74031111,212.30759790050797
81527691,528.740444496987
25578339,124.64600603633744
36826714,594.5232600603485
66720469,-299.785365655197
58271754,447.2462249125133
79175453,210.76575483058377
91006186,743.2688949476405
75399510,157.5374138180182
65438642,303.1993625654618
72193555,870.1357535341235
52661224,677.486079384279
40274658,282.7891860041095
63582038,-74.24428372367129
95316180,455.10192692306964
31722576,339.17445648699095
51439680,420.66867607146423
92864642,351.72893103778733
24588628,199.82636668017904
62383426,-89.95568774478352
91245064,588.1361577892499
61715372,342.3313859573068
65148106,256.21163716306046
91441992,202.98329615049533
49274969,149.6817118074623
33917232,600.7638756705132
83235081,-78.94305626391179
40753215,206.06698229034373
70796627,264.0673391736168
73931614,342.3313859573068
56857736,619.485722501006
54064504,489.60842110514204
20389019,694.7393264753155
57574601,661.8479186936347
16478279,226.47715885169555
68356151,513.0290404758753
99711808,331.39199780690205
98284968,939.0754985678013
30598390,69.80257862338021
55132880,525.5102716962037
34163532,874.7612827438966
40857770,170.09188836881458
79839486,549.0773777278719
78134573,578.8850993697042
96251286,633.655283452194
46606815,445.70438184258956
53204628,217.07961377121546
39264189,855.966192582936
66917873,680.6430088545949
75228206,8.718535600258747
57466748,240.50023314194868
75500440,130.88662164650168
88152254,998.4712118600637
88711927,18.116080680739287
71935730,578.8850993697042
11714210,730.7144203968446
99304127,445.70438184258956
79629484,94.91152772497253
64599027,553.7761502681119
71633685,558.474922808352
14342958,708.8356440960356
27958253,-116.53323658583258
61174518,458.2588563933855
74916891,232.7177744618598
72753968,246.81409208258037
36262662,36.91117084169946
60917615,-50.82366435293852
99306721,470.8133309441814
53075886,462.8843856031581
73928511,275.0067273240211
19965325,392.4760408300235
54826574,870.0625102036565
64209168,433.14990729179317
34147586,769.9196871191571
98269123,237.41654700209983
97467622,527.1253580965954
85814087,24.429939621370977
72333580,611.7032638209175
30873738,530.2090442364438
10331403,671.2454637741148
35344119,356.3544602475599
35769080,248.35593515250457
21575135,263.9940958431489
75304823,462.95762893362553
23401574,218.62145684113966
83090193,405.0305153808199
86996430,273.39164092362944
99751646,415.9699035312242
23591049,409.6560445905925
81709576,633.655283452194
82444468,635.1238831916507
38288153,1460.2730338821166
87446209,127.80293550665328
12079734,804.352937970762
25058080,321.921209395955
89691662,246.81409208258037
13150938,240.50023314194868
36020495,509.79886767509197
54923182,390.86095442963233
28841079,146.52478233714646
41392965,689.8940672741405
17119564,320.3793663260303
57430704,661.7746753631673
36272284,749.5827538882722
91925114,66.71889248353182
74412922,373.68095066906335
65743046,359.58463304834277
48653211,289.1030449447412
36332370,572.5712404290725
85424579,-6.919625090386035
95090269,522.4998288868228
95971802,123.10416296641324
86256336,379.92156627922805
31156844,660.3060756237101
37688219,458.18561306291804
82437324,-21.015942711106163
21950676,619.485722501006
54094553,-174.53359346910565
74374536,356.4277035780274
61738687,320.4526096564982
19277250,-114.99139351590838
84311990,298.5005900252213
94274494,395.5597269698724
89122239,758.9070556382853
97119289,967.1948904787746
29959537,-38.26918980214214
22777840,870.0625102036565
39391011,293.80181748498126
15127918,517.8010563465828
47251761,641.4377421322824
20023773,162.23618635825824
96682736,-94.65446028502356
12309412,326.693225266662
11517944,298.5005900252213
59425514,998.5444551905312
28854961,447.2462249125133
63750719,539.6065893169243
69531684,276.47532706347783
73516640,104.30907280545262
92500346,564.7155384185162
66124065,-69.61875451389915
28886163,426.90929168162893
19680706,433.14990729179317
83673598,899.9434751759559
85519237,259.36856663337676
37110854,560.0900092087436
96010780,456.7170133234613
51391268,268.76611171385684
17655078,777.702145799246
26863121,591.3663305900332
30839269,-129.08771113662897
22418770,346.9569151670794
88029081,599.1487892701216
27689636,85.51398264449244
58431423,375.22279373898755
43802347,419.1268330015405
83961382,342.3313859573068
27938336,337.63261341706675
35978100,-53.90735049278692
89319775,583.5838719099443
30362974,323.5362957963466
93105032,639.8958990623582
20314268,238.88514674155704
34550012,303.1993625654618
28077484,519.342899416507
64656384,464.4994720035497
48022436,408.11420152066876
40507726,757.3652125683611
10314144,693.1242400749238
81012787,442.62069570274116
45672873,578.8850993697042
25759428,249.97102155289622
13512722,641.5109854627499
96070498,149.6817118074623
21352279,489.5351777746746
54205490,397.174813370264
44645119,514.6441268762665
37332321,332.9338408768267
54601842,420.59543274099724
60801709,143.4410961972976
28903523,389.31911135970813
79159760,566.3306248189078
20416757,170.09188836881458
38432201,746.4258244179568
60739859,444.01605211173046
89931987,265.60918224354054
60999736,-35.11226033182675
43182602,425.2942052812373
89739478,434.7649936921848
50450523,455.0286835926022
73950928,499.0059661856221
12330781,-224.60500501135493
50236542,231.17593139193605
34912503,498.9327228551547
25536468,358.042789978419
63776599,176.25926064851137
56389530,669.7036207041906
60881312,484.909648564902
94656046,990.6887531799748
84143693,545.9936915880235
60768240,671.2454637741148
60458308,191.97066466962315
53948557,522.3533422258884
11612817,503.6314953953947
71889062,-64.8467386431912
77172079,799.654165430522
34222625,386.08893855892484
69965828,251.51286462282042
94714430,462.8843856031581
71961534,10.333622000650394
32936108,362.6683191881916
18431618,289.1030449447412
13548537,675.9442363143548
86674079,533.3659737067601
21748194,215.46452737082382
40124541,533.4392170372271
33347811,423.7523622113131
92929218,-172.918507068714
72190892,127.80293550665328
66963455,534.9810601071517
96157867,444.0892954421979
15254705,915.5083925361332
89064766,138.74232365705757
85305349,287.48795854434957
58781934,326.693225266662
42553797,541.2216757173155
18721533,575.7281698993879
58244383,381.4634093491518
13696896,696.2811695452397
65894339,191.97066466962315
61098619,231.17593139193605
26018756,392.4760408300235
59479424,376.76463680891175
81738781,-93.03937388463191
91106215,904.5690043857289
71223563,293.80181748498126
95945745,763.6790715089928
91424061,555.3179933380361
67135880,281.2473429341853
15528553,1194.2045721497566
33657705,198.2845236102553
62553289,5.634849460410351
60993054,267.1510253134652
42800613,469.1982445437902
17769800,455.10192692306964
21401202,624.184495041246
52155473,802.8110949008378
93304650,514.6441268762665
51407728,448.78806798243795
89543732,519.2696560860395
43419947,271.7765545232378
41488699,259.29532330290886
60974422,188.8137351993073
65352047,591.3663305900332
37012905,466.1145584039414
14787203,264.0673391736168
29417973,284.40427240450117
19835446,459.8006994633097
43255500,765.220914578917
28812691,176.25926064851137
18722953,101.15214333513677
93227004,534.9810601071517
35371569,920.2071650763733
12076594,15.032394540890891
17330331,326.693225266662
70946197,442.54745237227326
44132847,213.84944097043217
77445263,108.93460201522521
56880921,920.1339217459063
11480304,550.6924641282635
44407005,722.8587183862887
57603851,11.875465070574592
36951093,475.438860153954
18651476,552.0878205372528
28758403,686.8836244647591
29842235,691.4359103440647
80915194,44.76687285225535
87361082,285.9461154744258
67711479,642.9795852022066
96493355,149.6817118074623
60783295,801.1960085004466
56178874,141.82600979690596
36921713,592.9081736599569
48581624,281.2473429341853
75576141,303.1993625654618
20755403,632.1134403822693
52097748,300.04243309514595
30927924,321.99445272642197
52924618,143.4410961972976
23083091,141.82600979690596
10593933,309.43997817562604
14984647,119.9472334960974
50764768,462.95762893362553
42909851,248.35593515250457
47962891,104.23582947498517
24155862,483.29456216451035
96222874,766.6895143183742
76243625,270.3079547837806
83785580,588.2094011197169
68046684,768.3778440492329
35026518,597.6801895306648
21144795,495.8490367153063
42304823,552.2343071981877
32449171,-11.618397630626077
67804951,415.9699035312242
80988109,347.0301584975473
31562948,536.5961465075434
80571715,500.5478092555463
91879270,359.58463304834277
80331872,426.90929168162893
39788137,701.0531854159472
78186126,224.86207245130436
34300076,-238.70132263207552
70710711,674.3291499139632
19520201,173.17557450866298
75968232,491.15026417506624
62441830,721.3168753163645
87704160,343.94647235769844
38039509,621.1008089013976
87299257,331.39199780690205
34604480,538.1379895774671
93559487,387.7772682897835
35225951,282.862429334577
80500038,-74.24428372367129
88587318,505.1733384653194
72460444,602.23247540997
28502361,580.4269424396284
91781888,935.918569097485
83528344,1028.2056901714286
15266445,469.1982445437902
83532377,406.5723584507441
74780110,68.26073555345602
88664511,-16.31717017086612
81767501,398.7166564401882
41015579,80.8152101042524
19338404,401.87358591050406
14667759,710.4507304964272
66260119,688.4254675346838
20542479,566.3306248189078
54097170,328.1618250061192
35669653,362.74156251865907
94127563,-6.919625090386035
81488029,-49.208577952546875
93329952,594.4500167298816
57217043,353.2707741077111
65522547,633.655283452194
73695068,157.5374138180182
13539769,296.95874695529756
44056017,530.2090442364438
46617581,339.17445648699095
68464888,140.28416672698222
45303083,469.1982445437902
86984156,386.16218188939183
56630529,304.741205635386
78254395,49.46564539249539
30913049,57.32134740305173
82688614,204.45189588995208
88893045,232.7177744618598
94639808,533.4392170372271
52742143,668.088534303799
64260968,513.0290404758753
76546956,76.11643756401236
83523035,777.628902468778
11013053,475.438860153954
44130994,246.81409208258037
53796074,442.54745237227326
35498168,317.2956801861819
63562445,2.477919990094506
42365113,91.75459825465668
54613679,372.0658642686717
69835682,22.74160989051188
40747675,182.57311958914306
37071709,445.63113851212165
11644754,918.7385653369165
29456046,661.8479186936347
63575365,409.6560445905925
62030210,270.3079547837806
84640048,206.06698229034373
61377846,419.1268330015405
72441550,866.9055807333402
11270022,550.6924641282635
70261792,-13.233484031017724
52404988,450.4031543828296
84003906,367.4403350588991
31204633,660.2328322932431
75242666,221.7783863114555
49434528,-191.71359722967418
42863318,321.99445272642197
47571305,295.3436605549059
66490879,373.68095066906335
82396141,304.741205635386
96803616,389.31911135970813
10584088,1065.9423571542843
41994657,271.84979785370524
87186973,149.6817118074623
71213873,329.8501547369783
49764305,209.22391176065912
43725149,865.4369809938835
83812129,368.90893479835586
63290164,116.79030402578155
79318573,531.8241306368354
10844028,51.00748846242004
19798231,868.5939104641998
97056407,160.6210999578666
32215003,630.5715973123456
94765090,441.0056093023495
47235057,755.7501261679695
94429036,296.88550362482965
19267342,118.4053904261732
79884507,1003.1699844003037
68548734,342.3313859573068
64679483,22.81485322097933
99761027,686.8836244647591
77538039,381.4634093491518
28035639,633.655283452194
66579510,475.438860153954
50333547,190.42882159969895
30957545,362.6683191881916
87343589,137.20048058713382
45470859,325.07813886627036
57383256,691.5823970049992
62753404,215.39128404035637
65906932,813.7504830512421
54060112,711.9925735663514
88317327,473.89701708403027
46875481,754.2082830980453
86614127,672.787306844039
91675434,508.33026793563477
83895227,253.0547076927446
86365373,165.39311582857408
19948626,390.7877110991649
79630167,271.7765545232378
89106944,108.93460201522521
46083057,392.4760408300235
96150610,287.561201874817
35015883,-140.02709928703325
69747407,4.019763060018704
55538576,710.3774871659598
97411049,72.88626476322906
11519556,405.0305153808199
81677533,-210.5086873906348
60065328,524.041671956747
91824420,220.16329991106386
72549395,243.65716261226453
75208950,475.5121034844219
54258616,492.69210724499044
28371507,237.41654700209983
33800661,519.342899416507
94718676,359.58463304834277
98426094,-102.436918965112
41019343,580.4269424396284
55953203,392.4760408300235
97258831,62.020119943291775
12406914,35.29608444130781
54260975,235.8014606017082
17839314,381.4634093491518
59228162,-96.19630335494821
53104947,483.29456216451035
13405871,585.052471649401
30540873,134.04355111681753
10681459,461.41578586370133
88488173,80.8152101042524
11138134,719.7750322464399
55965946,646.1365146725225
21024415,448.78806798243795
98633407,345.48831542762264
17665044,564.7155384185162
52365929,351.65568770731943
45919010,15.032394540890891
29159751,616.475279691625
25938815,198.2112802797874
31864619,372.13910759913915
84907440,873.2194396739719
55408023,347.0301584975473
97513676,365.82524865850746
71808636,336.09077034714255
37329985,415.9699035312242
66719590,534.9078167766838
19832352,765.1476712484496
63673893,434.7649936921848
54185196,213.92268430089962
66171184,660.3060756237101
15702584,295.3436605549059
26362681,747.8944241574136
15300602,578.8118560392368
54091216,400.33174284057986
41649165,254.66979409313626
17221791,383.00525241907644
60925601,296.88550362482965
98579259,326.619981936195
84327985,383.07849574954344
42373455,-36.65410340175049
51759034,718.2331891765161
57369993,553.7029069376445
86174456,160.69434328833404
40095064,453.486840522678
36904267,708.8356440960356
95653857,-14.775327100941468
91047161,102.69398640506142
24858933,-97.73814642487196
43668504,166.93495889849828
64688863,99.53705693474512
19394328,428.5243780820206
90928544,174.71741757858672
54501975,425.36744861170473
55816692,361.05323278779997
54235055,226.4039155212281
54802075,547.5355346579477
44582261,-163.52096198823347
30580440,503.55825206492773
53586985,182.42663292820816
45293131,141.89925312737387
61623792,-110.29262097566834
12664255,317.2956801861819
99282552,358.042789978419
57422029,409.72928792105995
95049365,171.56048810827133
44630924,33.82748470185106
59932513,563.1736953485924
79864196,317.2956801861819
38025450,387.7772682897835
43187524,270.3079547837806
85710350,348.57200156747103
39439329,72.95950809369606
11767243,564.7887817489841
40729807,617.9438794310822
95837440,-146.34095822766494
62785546,282.7891860041095
18032525,444.0892954421979
78515248,325.07813886627036
64000264,533.4392170372271
70932637,989.0736667795832
56631286,682.0383652635842
82611641,718.1599458460482
14610215,27.513625761219373
65282606,345.48831542762264
31080502,729.1725773269204
66137109,603.8475618103616
55286917,82.35705317417614
19462876,221.7783863114555
37235871,563.1004520181245
53584009,448.7148246519705
99377565,459.8006994633097
82994298,245.19900568218873
64250472,-47.66673488262222
61269314,733.8713498671605
26299312,973.4355060889388
97300018,467.65640147386557
74523665,453.560083853145
19970243,726.0156478566046
14406104,536.5229031770755
87865772,1197.5079882810073
12224440,176.33250397897837
62628011,-11.618397630626077
30735313,430.0662211519448
12214322,343.94647235769844
80943078,321.99445272642197
89421265,689.9673106046075
72762674,8.718535600258747
55920835,558.4016794778845
95456446,722.9319617167562
96630600,279.7054998642611
20077759,179.48943344929467
77066065,218.62145684113966
47856776,1253.7467721029543
31685937,329.8501547369783
41522098,489.5351777746746
30032101,99.61030026521257
91606427,256.21163716306046
22900349,279.7054998642611
43552678,123.10416296641324
38881909,281.2473429341853
77508029,740.1119654773252
95128506,262.45225277322515
64627729,372.13910759913915
56744301,-125.93078166631267
59338251,415.9699035312242
19662574,492.69210724499044
92971829,589.8244875201085
18409584,929.6047101568533
71760159,302.9796325740599
43660858,503.6314953953947
77997629,24.429939621370977
33928732,387.7772682897835
68629875,633.655283452194
48480450,392.4760408300235
54283664,307.89813510570184
65942293,594.5232600603485
95573502,877.844968883745
45086632,-93.03937388463191
23012000,464.4994720035497
45395839,293.80181748498126
15432712,621.1008089013976
72298046,392.4760408300235
84408769,-8.461468160309778
25246226,99.61030026521257
20056705,386.08893855892484
67856036,429.9929778214773
56138985,199.82636668017904
89984541,499.0059661856221
34860961,679.0279224542037
55067089,306.35629203577764
63717753,511.48719740595106
89165138,243.65716261226453
22336894,-16.31717017086612
23089519,188.88697852977475
74572156,173.17557450866298
96120368,636.7389695920424
70734227,570.9561540286809
43842124,597.606946200197
98567604,400.2584995101124
54538757,262.45225277322515
40105171,392.4760408300235
12135438,212.38084123097542
73738446,525.5102716962037
62385208,502.089652325471
56062641,617.9438794310822
60234485,404.95727205035246
37490148,347.0301584975473
73644773,406.4991151202771
25147876,423.82560554178053
98738159,-147.88280129758914
36202424,364.28340558858326
90053455,613.2451068908417
34861961,29.12871216161102
40235987,223.3202293813797
25289802,506.788424865711
72831408,787.099690879726
62725172,641.4377421322824
20547868,350.1870879678627
43821417,300.04243309514595
39911650,650.90853054323
76282034,256.21163716306046
93532589,544.3786051876318
71389546,981.3644514299622
26491098,206.06698229034373
63364173,553.7761502681119
74256814,282.7891860041095
35509595,-125.93078166631267
18139863,522.4265855563553
68577776,779.1707455387027
29522715,560.0167658782761
77706518,653.9922166830784
14006179,246.81409208258037
92579248,408.11420152066876
59229974,619.5589658314734
62295609,854.3511061825448
84259414,57.24810407258428
47815936,523.9684286262795
81563963,514.6441268762665
13005852,370.5240211987475
62738558,-135.32832674679275
57070759,429.9929778214773
99600292,293.80181748498126
94306787,422.2105191413889
95225104,552.1610638677203
55330216,260.7639230423656
36532262,264.0673391736168
46565446,1156.7608784887707
49087723,148.13986873753765
59534453,708.8356440960356
48055811,129.34477857657748
88400730,264.0673391736168
99040799,751.1245969581969
54783545,166.8617155680313
51521420,347.0301584975473
62125112,332.9338408768267
41533842,441.0056093023495
37548888,325.07813886627036
15800993,710.4507304964272
72777210,556.8598364079608
27213732,630.4983539818777
86541928,295.3436605549059
24899277,152.83864127777815
87153365,209.15066843019213
29377093,553.7761502681119
17126249,655.534059753003
83735200,87.05582571441619
75294081,1106.616223616054
50305812,185.65680572899146
80598326,367.2938483979642
73085224,420.59543274099724
36011967,76.11643756401236
27344122,213.92268430089962
65167661,1042.3020077921492
22697886,1026.6638471015044
79772982,372.13910759913915
75656583,144.98293926722226
28706133,312.5236643154749
94307664,1084.59096065431
79181014,54.16441793273543
64940514,700.9799420854797
42076518,381.5366526796197
38290514,307.89813510570184
12647465,896.6400590447056
51615379,754.2082830980453
58583551,295.3436605549059
89324282,696.2811695452397
53391853,166.93495889849828
22488467,870.1357535341235
77912827,403.41542898042826
92699296,973.5087494194063
98391080,310.98182124555024
25085429,-36.65410340175049
58232338,491.15026417506624
40856740,425.2942052812373
86463099,718.2331891765161
30661871,273.4648842540969
43294411,823.1480281317226
95379944,155.995570748094
10473693,234.25961753178444
60542399,675.9442363143548
52521598,-86.79875827446767
78214020,350.1870879678627
42119756,155.92232741762655
74645008,306.35629203577764
68736704,982.9062944998864
13851365,49.46564539249539
10956933,664.9316048334831
76588396,481.7527190945857
48664414,724.4738047866799
75409758,71.41766502377186
60867152,613.3183502213092
49408128,439.39052290195787
32398201,329.8501547369783
33820657,-108.75077790574369
99096183,771.4615301890813
71729207,201.3682097501037
13424233,-110.29262097566834
69313487,585.052471649401
51427900,256.21163716306046
20461232,494.23395031491464
63893951,359.58463304834277
93871936,242.11531954234033
63699477,448.78806798243795
96362629,420.59543274099724
53928117,538.1379895774671
41164553,293.80181748498126
36908648,381.5366526796197
29666927,638.354055992434
11938394,831.0037301422785
52496134,389.31911135970813
32481667,-212.12377379102645
61487441,882.6169847544525
78992007,581.9687855095526
52895411,226.47715885169555
58726779,168.47680196842293
20458217,312.5969076459419
60265538,317.2956801861819
48479448,321.99445272642197
72404425,364.28340558858326
91400370,265.60918224354054
56260955,-49.208577952546875
65491665,832.3990865512678
11663385,57.24810407258428
18615500,638.2808126619666
87935522,-21.015942711106163
58889457,33.82748470185106
19169471,602.305718740437
66133962,824.6898712016468
66731452,660.2328322932431
39410896,348.57200156747103
54940054,134.04355111681753
10662394,484.83640523443455
80972130,110.54968841561686
45235634,605.3894048802858
32971413,439.39052290195787
79283360,574.1130834989967
67055260,592.9081736599569
56118755,198.2845236102553
29230461,365.82524865850746
37178907,298.5005900252213
80400106,472.3551740141056
67091284,577.2700129693126
54160936,744.8107380175652
26849200,141.89925312737387
49585462,644.5946716025983
29429374,375.22279373898755
95616903,805.8947810406867
40605040,181.03127651921886
77364221,442.62069570274116
63366619,600.7638756705132
82932107,287.561201874817
11504000,223.3202293813797
66338948,644.6679149330657
17704772,278.16365679433693
70406271,224.86207245130436
78457345,906.1108474556531
47160363,379.92156627922805
76792443,450.4031543828296
76133904,0.9360769201703079
30534387,188.88697852977475
27949452,657.0759028229268
98920505,318.8375232561066
79101538,808.8319805195997
41201623,202.98329615049533
16952322,378.3797232093034
97020909,336.09077034714255
76043497,522.4265855563553
34495964,321.99445272642197
68971691,448.78806798243795
68553106,426.90929168162893
90311747,275.0067273240211
89361909,123.03091963594579
20406930,195.127594139939
38933836,641.5109854627499
38377549,404.95727205035246
23346090,218.62145684113966
12625694,426.90929168162893
57311677,649.2934441428383
53924641,359.58463304834277
36865701,823.1480281317226
22626294,575.7281698993879
94697405,263.9208525126819
89675917,287.48795854434957
28055737,44.76687285225535
17371555,539.6798326473918
31452123,406.5723584507441
39910354,318.8375232561066
16661684,191.8974213391557
11696365,729.1725773269204
13890760,489.60842110514204
23308655,33.82748470185106
58265470,201.3682097501037
23915393,395.6329703003398
47202387,845.0268044325317
63170132,478.5957896242703
85663208,453.560083853145
11731667,11.875465070574592
96387342,472.3551740141056
56912577,960.8810315381425
96546739,491.15026417506624
56118135,392.4027974995565
65848480,184.11496265906726
29524312,289.1030449447412
61207733,1020.4232314913402
95068416,-30.41348779158625
93730714,132.50170804689333
58209441,201.3682097501037
77468100,285.9461154744258
94556768,852.955749773555
66214153,295.27041722443846
63178801,575.7281698993879
47025809,661.8479186936347
17223815,669.6303773737231
26808769,448.86131131290495
25114626,627.4146678420293
33184251,437.92192316250066
38562723,268.76611171385684
19383477,251.51286462282042
81390291,238.95839007202449
20998216,451.9449974527538
95233875,312.5969076459419
36756234,368.9821781288233
80596646,423.82560554178053
92304937,464.4994720035497
37613954,351.72893103778733
58590718,569.3410676282892
53992915,406.4991151202771
54005253,85.44073931402454
68781482,342.3313859573068
70720914,29.05546883114357
29283338,711.9925735663514
71373910,-91.49753081470772
82737999,-86.79875827446767
38789318,-121.23200912607263
50526394,506.788424865711
24047944,378.3797232093034
56710540,187.2718921293831
18038779,498.9327228551547
87817642,729.1725773269204
54364617,851.3406633731634
49277751,320.4526096564982
50647092,505.1733384653194
74938295,506.788424865711
94151619,823.1480281317226
14146499,383.07849574954344
44114070,405.0305153808199
71013634,502.0164089950031
92727921,62.020119943291775
23408005,223.3202293813797
55353418,146.5980256676139
42627732,607.0044912806775
52380113,697.8230126151639
76380932,871.6775966040482
85051446,499.0059661856221
13441812,618.0171227615492
75634466,939.0022552373339
77418032,370.5240211987475
26069913,898.3283887755642
56951161,815.2923261211668
65568116,405.0305153808199
61527594,442.54745237227326
17428821,497.3908797852305
23710142,259.36856663337676
95218141,400.33174284057986
64929695,245.27224901265618
16991389,298.5005900252213
28240625,774.5452163289297
27547150,497.3908797852305
66381811,674.3291499139632
33749942,163.7780294281829
35190059,607.0044912806775
63026525,408.11420152066876
52393671,331.39199780690205
32813270,541.2949190477834
49072955,132.42846471642588
39300176,448.86131131290495
46915044,663.3897617635585
59260240,539.6065893169243
12697027,643.0528285326741
52828733,171.63373143873832
73335938,315.6805937857903
55961268,108.93460201522521
13325471,356.4277035780274
29398613,85.51398264449244
27052291,191.97066466962315
15955952,607.0044912806775
23271818,923.3640945466896
99724134,788.6415339496502
24071058,508.25702460516777
31560904,179.48943344929467
65419988,171.63373143873832
15085530,99.61030026521257
19942722,688.4987108651508
13275930,522.4998288868228
22982323,475.5121034844219
36522599,146.5980256676139
82021909,580.353699109161
68645790,680.5697655241274
54788650,249.89777822242877
42678082,520.8114991559637
60925510,473.82377375356236
88286089,63.56196301321597
58263484,444.0892954421979
65619117,408.11420152066876
38104250,94.91152772497253
13756583,301.58427616507015
60053914,542.8367621177072
64871810,321.99445272642197
58457956,555.3179933380361
46159970,-88.34060134439187
68250229,134.04355111681753
47390028,751.1245969581969
32969075,414.42806046130045
53581810,658.6909892233184
79530731,453.486840522678
24487509,430.0662211519448
69933962,542.7635187872402
65663302,373.68095066906335
12423653,566.3306248189078
58871872,240.57347647241613
58171151,503.7047387258626
30617224,458.2588563933855
69106909,293.80181748498126
13212070,583.5106285794768
68351771,251.51286462282042
87624917,337.63261341706675
11970895,190.42882159969895
44431758,879.4600552841366
16633955,469.1982445437902
42590404,232.7177744618598
86953915,727.6307342569962
15250738,732.3295067972363
44832140,441.0056093023495
73698594,409.72928792105995
42128660,307.89813510570184
79549553,265.60918224354054
71619272,49.46564539249539
42016649,909.267776925969
61877206,54.16441793273543
56572912,115.2484609558569
71598751,726.0888911870716
34544077,498.8594795246877
28672236,993.8456826502911
68689312,362.74156251865907
20267244,351.72893103778733
68781454,810.6667969113937
27270801,144.98293926722226
37219515,461.3425425332339
12011866,-124.38893859638893
98392715,93.29644132458088
87201351,644.5946716025983
14908777,907.7259338560443
34723195,235.8747039321761
27339925,196.66943720986364
65420496,0.9360769201703079
40933008,124.64600603633744
47440503,87.05582571441619
94970875,-2.2208525501459917
91029594,572.5712404290725
65336637,404.95727205035246
82023374,563.1736953485924
11380763,658.6177458928514
99699540,99.61030026521257
52649545,387.7772682897835
46299510,470.8133309441814
71452565,719.7750322464399
67641699,276.5485703939453
12714684,401.87358591050406
60016742,152.83864127777815
53641525,686.8836244647591
43542290,263.9940958431489
32126954,354.8858605081027
38213318,456.64376999299384
19971849,617.9438794310822
69256669,627.4146678420293
23756854,-119.69016605614843
62908704,209.22391176065912
32399173,475.5121034844219
39238887,702.5950284858714
94428578,390.9341977600998
52458139,406.5723584507441
80574227,263.9940958431489
90487261,425.2942052812373
31852005,644.6679149330657
24086418,448.86131131290495
82209864,268.76611171385684
29014855,7.1034491998671
56782601,71.41766502377186
24702075,458.2588563933855
74660449,298.5005900252213
40117654,109.00784534569311
60385260,917.0502356060574
35958980,633.655283452194
69458629,198.2845236102553
92886159,450.4031543828296
97734269,160.69434328833404
19053695,502.089652325471
22371112,570.8829106982134
49183639,675.8709929838874
53526975,-35.11226033182675
26290335,447.3194682429812
13359830,632.0401970518024
39340686,-201.11114231015472
85521089,243.65716261226453
26704193,527.0521147661284
86626423,121.4890765660216
80675333,289.1030449447412
38369741,318.8375232561066
10428306,273.4648842540969
18197840,82.35705317417614
78586780,199.82636668017904
40311310,321.99445272642197
51507375,124.64600603633744
10857110,58.86319047297593
88736789,367.4403350588991
10823128,212.30759790050797
75933085,906.1108474556531
87766438,315.7538371162577
64406530,434.7649936921848
33833037,376.8378801393792
51715740,524.041671956747
59611801,439.39052290195787
74340374,1219.3867645818164
55507333,926.37453735607
10416536,707.2938010261114
43556040,15.032394540890891
63137873,505.24658179578637
70387789,625.7263381111707
29408506,359.58463304834277
38244388,270.3079547837806
26541311,-22.63102911149781
21032019,528.740444496987
95710332,514.6441268762665
80660421,840.3280318922912
81086775,-25.714715251346206
14692465,306.35629203577764
35590067,323.5362957963466
37534494,-129.08771113662897
46669694,376.8378801393792
68379291,278.16365679433693
28943151,-100.89507589518826
85214973,448.86131131290495
49160221,530.2090442364438
57027484,574.1130834989967
79515834,310.98182124555024
48903593,564.7887817489841
49944843,411.19788766051715
15919205,658.6909892233184
89043859,484.909648564902
22557888,550.6192207977961
45588391,1153.6771923489218
67323319,328.23506833658666
67813677,184.1882059895347
94570366,375.22279373898755
99333664,622.7158953017893
62452475,422.2105191413889
27164888,375.22279373898755
13777597,719.7750322464399
58863729,124.64600603633744
75372835,650.835287212763
46531922,1007.7955136100763
22638297,93.29644132458088
43377425,517.7278130161153
45061752,-125.93078166631267
87232001,589.6780008591736
99721166,204.52513922041908
63930988,381.5366526796197
67323116,154.38048434770235
90199043,-208.9668443207106
16025812,284.40427240450117
90192151,400.33174284057986
85194090,159.0792568879424
82716623,82.35705317417614
70041588,29.05546883114357
10909503,415.9699035312242
38910820,301.6575194955376
67605038,-68.0769114439745
22421268,444.1625387726649
12483701,87.05582571441619
99756084,417.51174660114884
72806047,201.3682097501037
82569264,340.7895428873826
85085562,325.15138219673827
51688242,25.97178269129472
67031304,502.089652325471
67620733,339.17445648699095
15399183,54.16441793273543
83228475,780.8590752695613
59551778,-46.05164848223103
58024179,456.64376999299384
67130514,317.2956801861819
36292117,531.8241306368354
40708056,644.5946716025983
16154757,514.6441268762665
56077131,495.8490367153063
24589481,854.4243495130117
73507348,586.5943147193252
98283340,268.6928683833894
78682956,310.98182124555024
48031966,610.0881774205259
54069937,-125.93078166631267
12509398,296.95874695529756
55254106,430.0662211519448
99797445,296.95874695529756
46298966,682.1848519245191
97439691,881.0751416845283
77392495,58.86319047297593
20307174,259.29532330290886
99295729,116.79030402578155
13479279,21.273010151054677
57906842,545.9936915880235
11957267,40.068100312015304
46011088,52.549331532343786
40051988,946.7847139174223
76565808,608.4730910201342
38007540,253.0547076927446
79111798,372.13910759913915
44170417,62.020119943291775
81747003,744.7374946870973
10689207,-198.02745617030587
68762949,556.9330797384278
41533253,345.48831542762264
72624609,525.5102716962037
95729378,412.8129740609088
63404247,571.0293973591479
66851416,307.8248917752344
52878792,704.0636282253281
69816189,242.11531954234033
93215948,481.7527190945857
82196067,177.87434704890302
65951347,268.6928683833894
28150709,574.1130834989967
26445964,411.19788766051715
59886188,143.4410961972976
47858132,619.485722501006
10617528,616.4020363611576
26555436,359.5113897178758
75176293,556.9330797384278
15592659,487.9933347047504
17002563,448.86131131290495
65418918,693.1242400749238
50328250,295.3436605549059
29587649,121.4890765660216
58771361,433.14990729179317
11138502,251.51286462282042
87806628,282.862429334577
92541302,162.23618635825824
20045193,32.13915497099197
53943287,347.0301584975473
72973012,462.95762893362553
98243897,791.7984634199661
50425980,52.62257486281169
53891279,303.12611923499435
12653293,494.23395031491464
79516817,530.2090442364438
57736550,422.2105191413889
68504332,251.51286462282042
51418176,846.4954041719884
52844688,464.4262286730823
14924228,672.8605501745064
17385055,414.35481713083254
48584675,542.7635187872402
84113591,336.09077034714255
24176804,647.7516010729141
42578288,267.07778198299775
22976178,437.8486798320332
59427067,163.7780294281829
62214101,119.9472334960974
31095835,675.8709929838874
61084952,293.80181748498126
24538640,362.74156251865907
17397516,533.3659737067601
53588939,505.1733384653194
64801503,441.0056093023495
22306102,483.29456216451035
73464976,351.72893103778733
25265317,757.2187259074262
67321055,632.0401970518024
52652991,475.438860153954
77364707,251.51286462282042
28941979,423.82560554178053
74248679,544.3053618571644
67415672,99.61030026521257
80048641,101.15214333513677
42348096,21.273010151054677
76460518,311.0550645760177
34956566,683.7999383249107
77002192,339.2476998174584
88577445,464.4994720035497
38297974,357.9695466479511
97975641,1012.4942861503168
15692698,769.9196871191571
83507949,603.8475618103616
91740530,240.57347647241613
37895673,25.97178269129472
19139820,238.95839007202449
89742287,251.51286462282042
63175133,315.7538371162577
52867973,102.69398640506142
16690451,354.81261717763573
37055011,408.11420152066876
17248647,109.00784534569311
17328412,79.20012370386075
63923102,835.6292593520511
34421040,204.52513922041908
99940233,96.45337079489673
45814646,256.21163716306046
58613984,33.82748470185106
31285738,516.1859699461911
35071743,425.36744861170473
52223959,245.27224901265618
61904367,113.70661788593316
31525138,77.6582806339361
73171290,310.98182124555024
44582195,135.58539418674218
90109527,35.36932777177526
26952082,337.63261341706675
53620380,275.0067273240211
94287883,1015.7244589511001
77186365,436.306836762109
33864808,-83.64182880415183
70959138,33.82748470185106
52099246,307.89813510570184
22249291,387.7040249593165
48803280,741.7270518777163
89982531,370.45077786828006
64289923,386.16218188939183
22000557,99.53705693474512
26219747,182.57311958914306
31130738,542.7635187872402
32445244,181.03127651921886
75236281,206.06698229034373
13587715,444.1625387726649
52514750,228.01900192161975
90786271,7.176692530334549
15005065,271.84979785370524
20097518,-143.1840287573491
50625868,359.58463304834277
84412981,431.5348208914015
92773944,2.477919990094506
25312123,7.176692530334549
70396417,181.03127651921886
54865863,530.1358009059768
35803808,356.4277035780274
59597265,679.0279224542037
93311848,83.82565291363335
32340446,279.7054998642611
96794801,586.5943147193252
40380864,401.87358591050406
82007689,378.3797232093034
84851707,705.6787146257197
83174692,289.1030449447412
59083400,-102.436918965112
17580169,229.5608449915444
18219500,5.634849460410351
87811781,231.10268806146814
14088369,215.46452737082382
67659430,375.22279373898755
42456496,589.7512441896415
87353322,102.69398640506142
13917344,-224.60500501135493
19886405,588.2826444501843
77800166,721.3168753163645
77068569,455.10192692306964
88362858,108.93460201522521
71241476,491.15026417506624
24814654,459.8006994633097
46691706,268.76611171385684
79162545,760.522142038677
42908985,259.29532330290886
74936566,553.7029069376445
19620916,191.97066466962315
54347722,541.2949190477834
90271799,644.5946716025983
25414359,705.6787146257197
35809369,185.7300490594589
57731323,99.53705693474512
37887687,785.5578478098014
76623206,102.69398640506142
69954876,378.3797232093034
78180146,663.3897617635585
90681578,397.10157003979657
41794614,-63.30489557326746
83295852,389.31911135970813
31156145,406.5723584507441
62711916,520.8847424864312
74676618,312.5969076459419
43248708,602.305718740437
69180825,311.0550645760177
75624999,115.2484609558569
37667208,544.3786051876318
77810578,461.41578586370133
47115768,235.8014606017082
81589304,1105.0011372156623
74472711,165.39311582857408
82711188,339.2476998174584
55272778,541.2216757173155
98229885,315.6805937857903
70058028,228.01900192161975
90729377,19.731167081130934
13401279,533.3659737067601
85519612,505.1733384653194
17006769,549.0773777278719
99888523,254.66979409313626
22354297,625.8728247721056
43508583,992.0108662584971
96795828,336.09077034714255
96608998,140.28416672698222
67452091,312.5969076459419
40571985,791.7984634199661
15232782,724.4738047866799
86789043,104.30907280545262
14046478,384.6203388194681
45515801,83.8988962441008
26318506,907.7259338560443
34584473,268.76611171385684
15369631,663.3897617635585
26479383,187.2718921293831
81346470,2.477919990094506
83197984,60.40503354290013
70331904,365.82524865850746
78907246,491.15026417506624
42709019,956.1822589979024
97184353,237.41654700209983
35589537,724.4738047866799
83942112,307.89813510570184
58293013,321.99445272642197
78567689,453.41359719221055
88610012,282.862429334577
68628621,411.27113099098415
51584806,-74.24428372367129
29419986,326.619981936195
21476578,368.90893479835586
77370060,40.068100312015304
33607448,757.3652125683611
47890072,340.7895428873826
11234362,44.76687285225535
70681971,348.6452448979385
45196219,566.2573814884408
58136807,55.706261002660085
21383428,243.65716261226453
38088367,500.5478092555463
57071133,487.92009137428295
83834449,420.66867607146423
72194210,790.1833770195744
14582584,522.4265855563553
16017322,271.84979785370524
18598541,231.17593139193605
82812670,660.3060756237101
53563234,788.6415339496502
63779141,761.9174984476663
70854456,846.5686475024559
83535660,77.6582806339361
51099419,-182.3160521491941
30503407,989.1469101100511
90802363,148.13986873753765
84057874,220.16329991106386
93637941,97.99521386482093
33888588,176.33250397897837
78183407,347.0301584975473
88497510,965.433317417448
88829918,588.2094011197169
72639649,444.1625387726649
15627595,264.0673391736168
68832460,315.7538371162577
31734310,-149.42464436751334
69212161,282.862429334577
62980146,-161.97911891830972
69972227,279.7054998642611
53162285,260.9104097033005
10963473,441.0056093023495
65276908,267.1510253134652
72611634,702.5217851554039
81292347,420.66867607146423
34705944,502.089652325471
54322977,190.42882159969895
27155431,848.1837339028475
61373056,249.89777822242877
64530093,176.33250397897837
44187538,364.28340558858326
29110806,212.30759790050797
34026881,575.7281698993879
67734035,635.1971265221182
90355788,259.36856663337676
76930932,386.16218188939183
31194080,245.19900568218873
26948420,445.70438184258956
60117998,383.07849574954344
23540580,275.0067273240211
29255361,265.60918224354054
47322059,614.8601932912334
50570727,83.8988962441008
71874386,630.4983539818777
27325447,293.80181748498126
92986477,201.3682097501037
27856293,-16.31717017086612
55159001,379.92156627922805
88660196,66.71889248353182
82148252,259.29532330290886
15421314,550.6924641282635
27620141,-50.75042102247107
12348320,62.020119943291775
84344897,51.00748846242004
10950855,141.89925312737387
44290434,406.5723584507441
84843689,464.4994720035497
85814690,223.3202293813797
60406086,62.020119943291775
35395832,-8.461468160309778
54621645,259.29532330290886
29154162,141.89925312737387
40230589,708.7624007655681
46902130,202.98329615049533
70579622,420.66867607146423
86272378,123.03091963594579
12294631,326.693225266662
29412564,898.1819021146298
88089176,621.1008089013976
91193188,425.36744861170473
36523137,578.8850993697042
54050884,331.31875447643506
19187985,672.787306844039
91884750,773.0033732590059
77985469,123.10416296641324
19362736,627.4146678420293
37641826,-121.23200912607263
17997673,386.16218188939183
12296621,379.84832294876014
94210085,-77.40121319398759
84475360,622.6426519713223
44450631,232.7177744618598
96917819,448.86131131290495
76581579,451.9449974527538
16376842,-13.16024070054982
20378565,835.5560160215841
67149501,708.8356440960356
74149592,184.11496265906726
55437574,306.20980537484274
86258875,185.7300490594589
25154125,754.2082830980453
64289878,162.23618635825824
59484061,97.99521386482093
39600891,586.5943147193252
40907835,173.17557450866298
47183606,450.4031543828296
71132260,608.5463343506017
19424487,567.8724678888325
35720925,198.2845236102553
74210516,140.28416672698222
53089641,359.58463304834277
27778699,494.23395031491464
73489375,409.6560445905925
46042524,190.35557826923196
59554727,66.71889248353182
31273971,608.5463343506017
31543147,437.7754365015662
74490349,-50.75042102247107
65190591,268.76611171385684
21122660,522.3533422258884
54597323,818.3027689305477
77569150,185.7300490594589
68093533,361.1264761182674
87099884,51.00748846242004
64825958,202.98329615049533
27545112,415.9699035312242
87791632,279.7054998642611
93384265,641.5109854627499
64047299,353.344017438179
23357980,381.5366526796197
88585802,694.7393264753155
26754357,218.62145684113966
99964380,138.74232365705757
63611208,278.16365679433693
10618556,444.1625387726649
12155276,298.5005900252213
56528554,666.4734479034073
72203638,455.10192692306964
48174886,356.4277035780274
25749233,516.1859699461911
11912269,270.3079547837806
14181748,472.3551740141056
77013810,453.560083853145
59885886,354.8858605081027
92982194,292.2599744150575
88065861,544.3786051876318
14857189,419.1268330015405
60358916,647.7516010729141
72265262,704.1368715557956
20471623,973.3622627584714
88951362,442.54745237227326
22364003,362.6683191881916
85137999,625.8728247721056
84176549,528.740444496987
25849299,119.9472334960974
21233903,223.3202293813797
95963515,348.6452448979385
47630408,495.8490367153063
38763223,290.64488801466587
34812513,30.670555231535218
77372953,846.6418908329229
74724495,502.089652325471
34162435,15.032394540890891
60046268,732.1830201363018
19475755,553.7761502681119
89620481,1150.447019548139
26981207,259.36856663337676
13918048,328.23506833658666
36590125,279.7054998642611
78119113,109.00784534569311
43245514,38.45301391162366
88082339,-174.53359346910565
62738760,-14.775327100941468
55254407,87.05582571441619
85112378,295.3436605549059
40490983,69.80257862338021
44048989,560.0167658782761
15551565,614.8601932912334
27681538,213.92268430089962
98232104,-157.35358970853667
14018289,353.344017438179
82522150,506.788424865711
65483357,-149.42464436751334
94158408,683.7266949944437
50266167,-16.31717017086612
28805175,115.2484609558569
93929668,481.6794757641187
15540290,649.2934441428383
98661090,600.7638756705132
50074109,229.5608449915444
85017115,85.51398264449244
99914220,406.5723584507441
76334714,207.60882536026793
38140938,301.6575194955376
93933852,304.741205635386
13190892,719.7750322464399
67747085,301.6575194955376
96389355,658.7642325537863
42380180,826.231714271571
55522772,390.86095442963233
18839853,-19.474099641181965
93030803,242.11531954234033
19574384,428.5243780820206
17501488,267.1510253134652
92757638,567.8724678888325
47546392,472.2819306836386
56569095,52.62257486281169
34392418,1042.4484944530836
49367171,343.94647235769844
37669142,290.64488801466587
33580264,560.0900092087436
52617381,422.2105191413889
13011861,1238.181854742777
97498208,498.9327228551547
53388262,112.09153148554151
63018369,176.33250397897837
59266953,123.10416296641324
33256210,555.2447500075691
26585585,292.2599744150575
43342989,400.33174284057986
81962175,489.5351777746746
54752385,-124.38893859638893
12906623,520.8114991559637
12144505,528.740444496987
47329191,397.174813370264
35302686,334.4756839467509
29541158,704.1368715557956
80447228,91.75459825465668
56399590,99.53705693474512
44327442,701.0531854159472
65756284,874.8345260743636
13967851,617.9438794310822
33766889,251.51286462282042
70886578,387.7772682897835
85448456,660.3060756237101
24208719,392.4760408300235
72059158,337.63261341706675
30666083,387.7772682897835
45090209,666.5466912338748
79520644,315.6805937857903
41015799,306.35629203577764
22610356,334.4756839467509
46940244,38.526257242091106
21443863,-312.33984020599337
63769088,641.5109854627499
32298027,415.9699035312242
26046152,517.8010563465828
60326272,229.4876016610765
24693880,11.875465070574592
18317166,702.4485418249365
64265688,577.2700129693126
27910854,235.8747039321761
56810750,126.11460577579419
97007881,581.9687855095526
90317702,406.5723584507441
81231529,91.75459825465668
85899649,536.5229031770755
92087175,118.4053904261732
24070483,198.2845236102553
87629146,918.7385653369165
11101794,447.3194682429812
67889079,970.3518199490904
25576186,179.48943344929467
67657245,472.3551740141056
74992266,271.84979785370524
83091668,270.2347114533136
41547362,-16.31717017086612
75141878,519.342899416507
11562295,873.0729530130375
23748006,459.72745613284224
89825179,605.4626482107533
46505766,937.3871688369422
36098274,168.47680196842293
61326956,470.74008761371397
69020339,248.35593515250457
35844282,226.47715885169555
86014291,392.4760408300235
72500654,339.2476998174584
11567986,-68.0036681135075
95910506,285.9461154744258
73565600,387.7772682897835
83729347,732.2562634667688
39689433,708.7624007655681
26513864,520.8114991559637
20449852,935.918569097485
10382065,354.8858605081027
61096786,350.1870879678627
40823824,442.62069570274116
95687753,1040.686921391757
88043962,505.24658179578637
43192291,303.1993625654618
18631499,657.1491461533947
27194752,484.909648564902
48023684,337.63261341706675
76180232,163.7780294281829
99345059,747.8944241574136
46554999,237.41654700209983
57537267,379.92156627922805
72087202,268.61962505292195
60008708,242.11531954234033
13534295,354.8858605081027
90971189,129.34477857657748
55662480,66.71889248353182
81189360,386.23542521985974
49401774,489.60842110514204
12131946,614.8601932912334
78732926,376.8378801393792
38392538,649.2934441428383
64273801,343.873229027231
62858255,249.97102155289622
13288053,123.10416296641324
80940080,199.82636668017904
73197703,293.80181748498126
88918806,436.306836762109
45088467,459.8006994633097
42105313,275.0067273240211
51515302,137.20048058713382
85071892,697.8230126151639
23401512,-74.24428372367129
70514922,442.54745237227326
53367560,439.46376623242486
30799466,940.6173416377255
87442307,431.608064221869
84081332,517.6545696856479
87505658,519.342899416507
10151086,893.5563729048572
19254776,309.43997817562604
38019521,603.9208051408286
40151098,-39.81103287206679
75965212,592.9081736599569
38667600,495.8490367153063
55646285,-201.11114231015472
35548301,390.9341977600998
18737005,398.7166564401882
76771390,381.5366526796197
23778594,232.7177744618598
63739797,296.88550362482965
40559434,632.1134403822693
15970404,33.754241371383614
41963393,231.17593139193605
36850376,754.2082830980453
30703622,177.87434704890302
53681130,420.66867607146423
52524172,517.7278130161153
78986568,524.041671956747
60868659,149.6817118074623
55970571,278.0904134638695
69603000,318.8375232561066
24475423,-166.67789145854977
30105284,-27.256558321270404
42638975,298.5005900252213
54205765,462.95762893362553
77026950,694.666083144848
55738198,928.0628670869296
49309757,505.1733384653194
52256145,635.1238831916507
14972722,364.2101622581158
47613103,270.2347114533136
31244414,-182.3160521491941
67669646,577.2700129693126
85221335,575.6549265689209
29598209,387.7772682897835
64960038,101.15214333513677
36072721,408.11420152066876
48855526,340.71629955691515
40290168,453.560083853145
84094689,-487.7362672648014
64780070,41.6099433819395
62238032,-33.570417261902094
44102009,477.05394655434566
13443938,401.87358591050406
27288438,336.09077034714255
26505769,688.4987108651508
62425735,-57.06427996310276
41742405,679.1011657846707
35508108,174.79066090905462
67267851,430.0662211519448
65786198,571.0293973591479
69652252,30.59731190106777
78338794,948.326556987347
98205508,589.8244875201085
90079134,285.9461154744258
89240929,-185.4729816195104
59365630,951.5567297881298
16423455,760.522142038677
30410578,138.74232365705757
41943183,519.342899416507
17181615,334.40244061628346
31537031,279.6322565337937
55634963,643.0528285326741
14790401,320.4526096564982
49470022,678.9546791237358
68137744,224.86207245130436
10800640,372.0658642686717
82878129,-68.0036681135075
98099360,204.52513922041908
36414556,-91.49753081470772
74858657,182.57311958914306
41406039,91.75459825465668
67297495,611.7032638209175
98019387,462.8843856031581
17133275,436.306836762109
44434588,577.2700129693126
23385843,617.9438794310822
51805988,143.4410961972976
65443150,365.82524865850746
77624321,622.7158953017893
80056192,348.57200156747103
92008819,173.17557450866298
78973038,38.526257242091106
36356168,188.88697852977475
23051465,580.4269424396284
18225590,289.0298016142742
30705007,419.1268330015405
51916309,190.42882159969895
49014177,445.55789518165466
46939883,35.36932777177526
27552020,87.05582571441619
76064439,688.4987108651508
42732794,647.6783577424467
78185687,155.92232741762655
37150067,541.2949190477834
60216204,398.7166564401882
67861895,66.71889248353182
82668831,177.87434704890302
26865256,478.5957896242703
20296005,575.7281698993879
91164112,583.5106285794768
48751412,284.40427240450117
92672083,459.8006994633097
66451503,-161.97911891830972
79223008,243.65716261226453
86295795,293.80181748498126
12188395,715.0762597061998
33148873,329.77691140651086
18236078,538.1379895774671
53763750,198.2845236102553
90278346,491.15026417506624
23921552,1188.1104432005272
60806947,674.3291499139632
87988487,-111.90770737605999
33594333,176.33250397897837
51767697,448.86131131290495
76176593,561.6318522786678
20106678,217.07961377121546
89323122,202.98329615049533
15084276,105.85091587537681
46737280,384.6203388194681
27725859,193.5857510700148
47502584,647.7516010729141
89375361,845.1000477629991
54279167,401.87358591050406
62834953,171.63373143873832
51358955,44.76687285225535
43105700,459.8006994633097
71610282,307.8248917752344
79952909,506.788424865711
86913278,273.4648842540969
72344233,162.23618635825824
41143291,663.3165184330915
47312733,223.3202293813797
73376655,692.9777534139885
44219943,-22.55778578103036
18665144,610.0881774205259
38016360,220.16329991106386
50277432,207.60882536026793
14668690,405.0305153808199
44041678,591.3663305900332
68597599,603.8475618103616
55600173,-71.16059758382289
78109218,381.4634093491518
43432402,201.3682097501037
57793276,791.8717067504335
82143513,458.2588563933855
13373907,77.6582806339361
78336625,433.2231506222606
51821030,589.7512441896415
57620512,268.76611171385684
94840760,658.6909892233184
71866671,1108.1580666859777
12967437,320.4526096564982
94620585,398.7166564401882
45148967,359.58463304834277
28096166,217.00637044074801
76948857,613.2451068908417
44584760,279.7054998642611
36577484,-3.8359389505371837
63103602,417.51174660114884
15647671,618.0171227615492
86020607,182.57311958914306
80235014,-17.85901324079032
40496834,370.5240211987475
98549441,326.693225266662
71915619,680.6430088545949
27813348,367.4403350588991
48090735,719.7017889159729
91818207,514.6441268762665
12597429,282.7891860041095
99318296,473.89701708403027
38085169,62.020119943291775
38823071,464.4994720035497
61630311,113.70661788593316
78195551,675.9442363143548
88131419,556.8598364079608
18300026,769.9196871191571
99585455,235.8747039321761
51530595,516.1127266157237
94166971,293.72857415451426
13633057,364.28340558858326
68298368,304.741205635386
69215865,284.40427240450117
30064972,642.9795852022066
96997224,-149.42464436751334
45138943,451.9449974527538
21749235,249.89777822242877
62856234,423.82560554178053
23982292,143.4410961972976
17686144,513.1022838063427
57256437,519.342899416507
85469927,-41.35287594199053
14451732,495.8490367153063
85268432,704.1368715557956
64602955,132.50170804689333
74101500,-31.955330861510447
80083521,372.13910759913915
11433359,563.1736953485924
99198713,466.1145584039414
12281135,466.1145584039414
60094475,253.0547076927446
18817746,700.9799420854797
80803307,668.088534303799
50415370,249.89777822242877
65098425,298.5005900252213
52785060,195.054350809472
76797423,79.20012370386075
57752962,870.0625102036565
30340212,484.909648564902
17309152,533.4392170372271
29046975,343.873229027231
58339630,406.5723584507441
38269849,813.7504830512421
65498444,176.33250397897837
56278811,484.909648564902
65904109,-93.03937388463191
34436387,311.0550645760177
83162633,182.57311958914306
41922575,896.7133023751726
67606284,-285.6890480344764
74148614,1400.7308339289193
31898202,650.835287212763
12816787,307.89813510570184
73390625,253.0547076927446
44602780,632.0401970518024
59497966,672.8605501745064
33304284,624.2577383717139
70931726,589.7512441896415
44381487,419.1268330015405
55483533,450.4031543828296
41096987,451.9449974527538
60844342,68.26073555345602
46382270,484.83640523443455
41975761,843.5582046930745
20086347,509.9453543360264
82572177,668.088534303799
27871083,226.47715885169555
47060550,278.0904134638695
44062914,406.5723584507441
29352791,240.50023314194868
42368060,30.670555231535218
83186065,68.26073555345602
86750602,655.534059753003
18043718,392.4760408300235
85319365,674.4023932444306
93521329,409.72928792105995
68774400,995.3142823897479
27686846,290.64488801466587
73144512,564.7887817489841
47707941,40.068100312015304
91947483,196.66943720986364
54467473,365.82524865850746
25827075,455.10192692306964
99472188,500.5478092555463
29814538,0.9360769201703079
98588385,285.9461154744258
15032563,531.8241306368354
73738020,336.09077034714255
11480212,401.87358591050406
75221745,248.35593515250457
19968090,794.9553928902819
70404205,-5.377782020461382
68659791,480.13763269419405
33092757,231.17593139193605
78193594,46.30871592218
98198145,534.9810601071517
99767011,765.1476712484496
56688046,-74.24428372367129
66475382,359.58463304834277
75692782,981.2179647690277
26808729,65.10380608314017
32171695,33.82748470185106
88456703,400.33174284057986
20999557,611.7032638209175
28934979,-121.23200912607263
37107836,271.7765545232378
50278467,-2.2208525501459917
61940174,694.7393264753155
17559774,221.7783863114555
21430086,378.3797232093034
10776426,307.89813510570184
98097088,93.29644132458088
43113087,491.15026417506624
12862019,594.5232600603485
44592366,555.3179933380361
96886172,207.68206869073538
96480201,204.52513922041908
85983502,321.99445272642197
23038927,372.13910759913915
53573032,138.74232365705757
34553934,459.8006994633097
51249487,610.1614207509933
85349173,82.35705317417614
40895869,174.79066090905462
99256510,-16.31717017086612
76469230,154.38048434770235
18165718,719.8482755769078
96264289,118.4053904261732
20452221,383.07849574954344
15739031,181.03127651921886
75157790,613.3183502213092
28901434,472.3551740141056
98941473,-93.03937388463191
84489512,356.4277035780274
11168890,15.032394540890891
45041073,567.8724678888325
85582491,7.176692530334549
14863106,696.2811695452397
53607444,213.92268430089962
39640829,362.74156251865907
83896205,735.3399496066172
66887097,-72.77568398421454
54562627,442.54745237227326
60923346,470.74008761371397
85626709,426.90929168162893
11687354,-8.461468160309778
99055900,500.5478092555463
94176139,386.16218188939183
65142810,722.9319617167562
21025866,312.5969076459419
86231352,72.95950809369606
94223565,921.7490081462979
53094412,707.2938010261114
16579300,254.66979409313626
68788821,279.7054998642611
22347006,58.86319047297593
89447420,361.1264761182674
92132840,713.4611733058082
61120099,370.5240211987475
66390529,472.3551740141056
36752526,281.2473429341853
28673093,143.4410961972976
60187719,4.019763060018704
47937195,284.40427240450117
18528428,677.486079384279
72855294,819.9910986614068
77314174,420.66867607146423
74208091,350.1870879678627
25265856,666.4734479034073
43541187,700.9799420854797
22027673,506.788424865711
39533389,749.5095105578052
28548263,447.2462249125133
78891989,62.020119943291775
68562696,541.2949190477834
45297826,644.5946716025983
14532340,354.8858605081027
42487332,559.9435225478092
79497837,627.4146678420293
48787566,508.40351126610267
43024895,502.089652325471
54043001,370.5240211987475
18517095,329.8501547369783
42190640,372.0658642686717
81702926,406.5723584507441
20584669,362.6683191881916
48104361,763.6058281785254
95781341,231.10268806146814
42595500,776.0870593988543
34081689,204.52513922041908
18465181,234.25961753178444
87028165,304.741205635386
25157413,348.57200156747103
33500861,57.32134740305173
22501784,522.4265855563553
90954690,115.2484609558569
12079890,434.7649936921848
24560931,561.6318522786678
57180097,417.51174660114884
53805689,228.01900192161975
54653374,63.56196301321597
79714919,364.28340558858326
52629831,91.75459825465668
30315883,1061.0970979531094
55900800,138.74232365705757
62528560,101.15214333513677
17439043,43.22502978233115
64302335,641.364498801815
53498595,-177.61727960895405
92248005,110.54968841561686
65132848,437.92192316250066
54712644,173.17557450866298
26501578,902.9539179853373
57973578,-299.785365655197
64849387,412.7397307304409
38331875,350.1870879678627
84564845,467.5831581433986
34335614,575.7281698993879
18851658,589.8244875201085
10997678,253.0547076927446
40768250,536.5229031770755
47646719,141.89925312737387
92937467,683.7266949944437
61661397,633.655283452194
48317061,359.58463304834277
97216589,574.1863268294642
39977323,478.5957896242703
46445975,415.9699035312242
94283551,347.0301584975473
49677766,-74.24428372367129
85991335,-47.66673488262222
23059563,198.2845236102553
98641777,516.1859699461911
62115510,331.39199780690205
63322573,840.3280318922912
88463974,336.09077034714255
29063398,433.0766639613262
94756964,613.1718635603743
84286445,679.1011657846707
86644899,810.5203102504593
58366829,148.13986873753765
87935193,733.9445931976279
65710078,217.07961377121546
55211028,665.0048481639501
20090342,412.7397307304409
17885846,160.69434328833404
87917108,611.776507151385
35243872,328.23506833658666
78681572,987.5318237096594
36496663,342.3313859573068
88567292,430.0662211519448
90883683,423.7523622113131
77163639,118.33214709570575
70680981,874.6880394134291
72230973,-49.208577952546875
13786940,1108.0848233555107
56650323,165.39311582857408
67337097,434.6917503617178
65297160,603.8475618103616
23393351,170.01864503834668
43711949,295.27041722443846
45998905,403.41542898042826
94413146,428.4511347515531
30684529,25.97178269129472
28147355,777.702145799246
14737001,638.2808126619666
55758535,365.82524865850746
95914131,85.44073931402454
95400320,249.97102155289622
29157079,15.032394540890891
34838551,436.23359343164157
79573538,188.8137351993073
53853858,599.1487892701216
46958037,300.04243309514595
40355076,574.1130834989967
79162800,285.9461154744258
61449541,166.93495889849828
68870249,317.2956801861819
13256146,328.1618250061192
23687793,306.2830487053102
49330994,69.72933529291276
47955268,470.8133309441814
24572229,561.6318522786678
85493065,184.1882059895347
95994562,311.0550645760177
86822089,840.1815452313567
38878729,494.3071936453821
83459912,351.72893103778733
40295244,265.60918224354054
95702507,228.01900192161975
97865744,874.8345260743636
81724417,204.52513922041908
22296895,542.8367621177072
25100739,497.3908797852305
11994578,373.68095066906335
43823713,257.7534802329851
57595389,508.40351126610267
37162594,1053.2413959425535
51432674,685.3417813948354
96977947,502.089652325471
69353041,342.3313859573068
97471377,652.4503736131546
78888703,632.0401970518024
58472902,732.3295067972363
77647159,383.07849574954344
63649430,738.5701224074005
11295973,663.3897617635585
11886952,580.353699109161
31115337,442.54745237227326
53945582,434.6185070312499
73391100,-17.85901324079032
16170017,564.7887817489841
96391937,332.9338408768267
49663888,536.5961465075434
37966282,353.344017438179
91789209,331.39199780690205
47228126,434.7649936921848
26588476,603.9208051408286
87591569,243.65716261226453
15315145,94.91152772497253
70198893,304.741205635386
61666968,-171.3766639987898
22175686,85.51398264449244
63396595,406.4991151202771
18727617,525.4370283657368
19777468,401.87358591050406
30527873,264.0673391736168
95114158,243.65716261226453
41739701,748.0409108183485
11369670,257.7534802329851
74973026,379.92156627922805
73622781,387.7040249593165
52281834,221.7783863114555
16897176,331.39199780690205
63339672,694.7393264753155
94319057,342.3313859573068
89357552,127.80293550665328
24886317,431.608064221869
59666869,578.7386127087693
72430983,464.4994720035497
85345596,848.2569772333145
24218852,300.04243309514595
82044920,350.1870879678627
28204462,406.5723584507441
25544623,254.5965507626688
98645538,318.8375232561066
35786181,589.8244875201085
56759514,586.5943147193252
94979414,94.83828439450508
52508190,605.4626482107533
49317061,304.741205635386
76293520,419.1268330015405
67067662,392.4027974995565
11847526,437.8486798320332
14139283,162.23618635825824
35602964,376.76463680891175
61092334,204.52513922041908
69270579,184.1882059895347
47517321,534.9810601071517
10542988,237.41654700209983
66912082,212.38084123097542
42445139,566.2573814884408
73053729,379.92156627922805
96699423,646.2097580029899
18843679,415.9699035312242
86433075,281.2473429341853
26883104,483.29456216451035
19601132,267.1510253134652
37017650,453.486840522678
83138933,101.15214333513677
73247661,-93.03937388463191
59307450,428.5243780820206
31131827,453.560083853145
69966233,721.2436319858971
40243877,635.1238831916507
41951589,519.2696560860395
36031262,439.46376623242486
42623413,785.5578478098014
67891203,329.77691140651086
51970188,221.7783863114555
24213498,690.0405539350754
96242069,116.79030402578155
41943430,693.1974834053908
89189267,555.3179933380361
19898345,-194.87052669999048
60572858,466.0413150734739
34988552,-16.31717017086612
91110384,442.62069570274116
75957507,502.089652325471
64422949,10.333622000650394
93823627,82.35705317417614
93745711,212.30759790050797
17782008,170.09188836881458
40016743,397.174813370264
78676337,458.2588563933855
96591242,359.58463304834277
83545822,213.92268430089962
89501773,674.2559065834957
19293886,90.21275518473249
58534753,321.99445272642197
56198063,541.2216757173155
60777659,52.549331532343786
65431978,152.83864127777815
94604898,586.6675580497927
76197738,417.51174660114884
81980523,359.58463304834277
41676275,351.72893103778733
36497965,679.0279224542037
23177824,409.6560445905925
85192608,87.05582571441619
30289672,206.06698229034373
98138275,973.3622627584714
57817320,481.7527190945857
42234307,771.3882868586143
35893634,245.27224901265618
18195993,491.15026417506624
98403244,348.6452448979385
63004294,40.068100312015304
54567579,458.2588563933855
91568379,218.62145684113966
82476880,527.1253580965954
55652262,740.1119654773252
20373341,179.48943344929467
58632297,561.6318522786678
24786934,665.0048481639501
43722745,96.45337079489673
87508719,401.87358591050406
80752603,151.2235548773865
16698668,772.930129928538
78798734,447.3194682429812
18461999,647.7516010729141
81299277,326.693225266662
91417891,420.66867607146423
25190830,738.5701224074005
73164327,47.923802322571646
92759943,398.7166564401882
18785269,-102.436918965112
67717385,152.83864127777815
68136920,196.66943720986364
77810360,293.80181748498126
62012820,633.655283452194
55983128,347.0301584975473
28119370,481.7527190945857
34978717,163.7780294281829
52374215,469.1982445437902
66651771,361.1264761182674
49306420,802.8110949008378
57524470,339.2476998174584
50884173,68.26073555345602
41477733,342.3313859573068
14875840,852.8825064430875
11186021,68.26073555345602
36355598,929.6779534873212
54557949,-41.426119272458436
69426516,320.3793663260303
92092667,187.2718921293831
52668902,298.5005900252213
63561915,-17.932256571257767
11154750,207.68206869073538
48765039,-74.24428372367129
91136342,472.2086873531707
41265217,610.1614207509933
25331950,110.54968841561686
59339185,285.9461154744258
59925803,545.920448257556
15169957,478.5957896242703
14437249,597.53370286973
98971521,232.7177744618598
26418410,68.26073555345602
85892267,-100.89507589518826
29358885,19.731167081130934
90069301,296.88550362482965
11408026,129.34477857657748
77952900,398.64341310972077
83752708,826.3049576020385
15243872,221.7783863114555
20649757,528.740444496987
94157069,226.47715885169555
80138291,536.5961465075434
79658232,-16.31717017086612
20876663,452.01824078322124
66248879,121.4890765660216
98196787,317.22243685571493
11070217,605.4626482107533
54123194,707.220557695644
86862821,630.5715973123456
40252559,-296.7016795153486
60519623,-161.97911891830972
11098932,235.8747039321761
77544004,108.93460201522521
43855714,375.22279373898755
57112829,-58.60612303302696
69104738,-111.90770737605999
51426009,342.3313859573068
96759585,383.07849574954344
61695552,500.5478092555463
29335973,403.41542898042826
86711404,445.70438184258956
96132003,663.3165184330915
71930157,414.35481713083254
24207989,-69.54551118343124
81239737,185.7300490594589
19246532,119.87399016562995
12541440,307.89813510570184
10876544,390.9341977600998
11012723,296.95874695529756
38854043,700.9066987550123
78679072,347.0301584975473
39567200,555.3179933380361
59107952,365.82524865850746
79981461,176.33250397897837
16385065,365.82524865850746
42418677,448.78806798243795
26750207,635.1971265221182
92430939,671.2454637741148
22967094,0.9360769201703079
40195159,287.561201874817
72466218,188.88697852977475
34482136,633.655283452194
13940540,434.7649936921848
22725269,624.2577383717139
78995555,456.64376999299384
73638726,347.0301584975473
64722395,300.04243309514595
89563722,462.95762893362553
32568591,223.3202293813797
45801232,556.8598364079608
20301291,639.8958990623582
40244043,259.36856663337676
64129406,630.4983539818777
72297320,351.72893103778733
13456518,155.995570748094
27325248,16.574237610814635
33468754,386.16218188939183
60910395,267.1510253134652
32681832,310.98182124555024
21428869,132.50170804689333
86653666,260.9104097033005
32786522,558.4016794778845
64027869,495.8490367153063
34126567,112.09153148554151
42278394,444.1625387726649
95376056,19.731167081130934
99562015,854.4975928434792
15133980,708.7624007655681
54026308,185.7300490594589
76441994,-100.89507589518826
94110128,323.4630524658787
20201258,650.90853054323
84604326,472.3551740141056
27309117,904.4957610552615
85307886,420.59543274099724
68918906,345.48831542762264
16328223,502.089652325471
18599779,254.66979409313626
54032168,-133.786483676869
56206271,339.2476998174584
20991939,181.03127651921886
78007881,57.32134740305173
43136632,334.4756839467509
26961880,517.7278130161153
59246484,497.3908797852305
97485255,337.63261341706675
21548886,44.76687285225535
41405520,408.11420152066876
17265204,398.64341310972077
57594370,248.35593515250457
86204456,262.45225277322515
47896500,378.3797232093034
49072175,249.97102155289622
57819104,760.3756553777421
38029807,600.6906323400458
72219430,605.4626482107533
51835434,545.920448257556
40820294,513.0290404758753
39676991,202.98329615049533
47329975,487.9933347047504
40515929,273.4648842540969
49496398,439.46376623242486
79829278,403.3421856499608
25676253,434.7649936921848
83511561,654.0654600135458
97282391,206.06698229034373
48159381,856.0394359134034
26133617,113.70661788593316
14830790,104.30907280545262
38458641,489.5351777746746
92902816,185.7300490594589
67366474,553.7761502681119
12931119,506.788424865711
29119450,390.9341977600998
69182586,315.7538371162577
95601790,595.9918597998053
37235321,430.0662211519448
18453791,1335.1677483569601
73959998,336.09077034714255
85145437,517.7278130161153
20490331,80.8152101042524
40505076,354.8858605081027
39895736,927.9896237564617
36927127,560.0900092087436
68104733,254.66979409313626
65498526,575.6549265689209
29077796,217.00637044074801
12700500,912.2782197353499
23234787,500.5478092555463
32248328,289.0298016142742
47710917,500.5478092555463
53904169,364.28340558858326
41795394,755.8233694984369
81931808,343.94647235769844
89546300,-49.208577952546875
81512800,534.9078167766838
74490322,35.36932777177526
77716971,422.2105191413889
76509280,387.7772682897835
86774198,184.1882059895347
63795592,489.60842110514204
15728342,729.099333996453
97525554,467.65640147386557
81201227,522.4998288868228
98995752,357.9695466479511
88336972,415.9699035312242
56577963,121.4890765660216
73375002,-161.97911891830972
92846400,655.60730308347
63160455,610.0881774205259
31277941,314.1387507158661
44244750,238.95839007202449
46198195,323.5362957963466
92939641,470.74008761371397
97399227,38.45301391162366
32829265,-127.54586806670432
73813213,264.0673391736168
71142772,174.64417424811973
26186456,619.5589658314734
86118507,387.7040249593165
91253288,52.62257486281169
16739260,328.23506833658666
97712970,497.3908797852305
33709101,444.0892954421979
97473173,386.16218188939183
84445365,-61.763052503342806
33683407,129.34477857657748
55156833,509.9453543360264
39198647,248.35593515250457
84859914,403.41542898042826
42321053,181.03127651921886
26496602,13.417308140499244
87373088,176.33250397897837
18576200,592.9081736599569
30304669,68.26073555345602
97043852,613.3183502213092
65885111,505.24658179578637
67235670,450.4031543828296
70791484,202.98329615049533
80687580,328.23506833658666
15865255,940.5440983072581
50517128,390.9341977600998
72791395,249.97102155289622
43267986,295.3436605549059
93567577,386.23542521985974
15107743,232.7177744618598
50225644,718.2331891765161
50174181,378.3797232093034
41401409,1010.9524430803922
80395755,365.82524865850746
58616743,123.10416296641324
62863764,254.66979409313626
54033467,433.14990729179317
36905471,165.31987249810663
68728934,386.23542521985974
11399296,459.8006994633097
42319589,91.75459825465668
71193471,536.5961465075434
67728154,567.7992245583646
99252537,307.89813510570184
69554397,445.63113851212165
57406844,771.3882868586143
17460622,605.4626482107533
29136908,265.60918224354054
88836387,340.7895428873826
56749521,536.5229031770755
42038296,827.7735573414957
27575312,365.75200532804
27787635,52.62257486281169
22639453,705.6054712952528
95074248,793.4135498203577
62398547,386.08893855892484
48210895,708.8356440960356
87163679,-143.1840287573491
84638479,372.13910759913915
74277222,494.3071936453821
47124707,262.45225277322515
29597912,513.0290404758753
73217471,511.48719740595106
54203733,730.7144203968446
86493934,307.89813510570184
50925419,455.10192692306964
36161210,170.09188836881458
18638157,326.693225266662
95763224,832.4723298817357
92017449,364.28340558858326
30955049,284.40427240450117
88464978,281.2473429341853
81709003,206.06698229034373
94640782,224.86207245130436
28684873,533.4392170372271
82032258,578.7386127087693
81929396,470.666844283247
69137949,762.0639851086012
58556748,218.62145684113966
83494716,376.8378801393792
51219421,603.8475618103616
20118968,337.5593700865993
56424305,71.41766502377186
91040440,628.956510911954
82249910,550.6192207977961
65005094,644.6679149330657
14333847,372.0658642686717
79940622,337.63261341706675
36407377,841.8698749622158
16485177,-93.03937388463191
19967320,141.89925312737387
86757224,267.1510253134652
47859734,-185.4729816195104
15329881,228.01900192161975
38097629,290.64488801466587
63914375,798.0390790301303
68107359,484.909648564902
30898448,631.9669537213349
62098958,-102.436918965112
82555231,616.4020363611576
74537472,633.655283452194
53883476,513.1022838063427
87349008,268.6928683833894
60387770,619.5589658314734
76029782,428.4511347515531
17330605,135.58539418674218
73592240,744.7374946870973
46762043,420.59543274099724
35726404,448.86131131290495
19188826,469.1250012133223
69934099,653.9189733526114
98236292,372.0658642686717
66601351,737.0282793374763
24082367,566.3306248189078
86399833,487.92009137428295
29406161,769.9196871191571
77568118,245.27224901265618
68454220,96.45337079489673
20326815,552.2343071981877
96392075,461.41578586370133
43846930,700.9799420854797
64059970,563.1736953485924
59660323,179.48943344929467
30664289,180.95803318875141
80504110,262.45225277322515
69214158,171.63373143873832
37153701,589.6780008591736
94463524,87.05582571441619
27069908,221.70514298098806
19881454,641.4377421322824
62073736,641.4377421322824
81301863,359.58463304834277
84692821,428.4511347515531
18061173,779.2439888691697
20396165,350.1138446373957
90290263,301.58427616507015
53205197,170.01864503834668
71639333,633.5087967912591
26581527,566.3306248189078
88753189,694.666083144848
12152481,395.6329703003398
66369748,376.76463680891175
31086360,419.1268330015405
68141078,337.63261341706675
87072389,217.00637044074801
97229380,359.58463304834277
14239930,30.670555231535218
47067735,931.146553226778
23013670,628.956510911954
91166617,431.608064221869
46464430,262.45225277322515
48307993,531.8241306368354
65322743,638.354055992434
50086685,558.4016794778845
65335801,417.51174660114884
83887090,278.16365679433693
79333390,452.01824078322124
84490520,406.5723584507441
90753494,738.5701224074005
17091898,639.8958990623582
94064213,707.2938010261114
76172003,473.89701708403027
36639874,76.04319423354445
93190659,394.0178838999482
77671761,22.81485322097933
64459243,287.561201874817
92415904,336.0175270166751
22451687,184.11496265906726
99098676,514.6441268762665
96250656,262.45225277322515
43637666,826.231714271571
87755511,711.9193302358844
39642098,617.9438794310822
29533984,419.1268330015405
57860445,470.8133309441814
33335103,-11.618397630626077
40928352,502.089652325471
66938624,641.364498801815
97908221,134.04355111681753
32317269,617.9438794310822
56374872,531.8241306368354
56164704,539.6798326473918
16557670,188.88697852977475
57350487,393.9446405694807
73640189,148.13986873753765
28886856,339.17445648699095
66838952,317.22243685571493
73125445,527.1986014270628
89817544,588.2094011197169
69175507,320.4526096564982
93099722,104.23582947498517
42498618,228.01900192161975
58133975,487.9933347047504
50823382,248.35593515250457
82720881,392.4760408300235
47566077,544.3786051876318
77236358,530.2822875669117
24977235,202.98329615049533
82212369,392.4760408300235
61416619,171.63373143873832
14011629,603.9208051408286
47820649,400.33174284057986
87027470,566.2573814884408
84406467,140.28416672698222
18483336,844.9535611020642
11745857,30.670555231535218
72009137,174.79066090905462
21373342,35.36932777177526
50764118,68.26073555345602
17876513,68.26073555345602
21573530,754.2082830980453
62535056,923.3640945466896
52924658,343.873229027231
59116751,747.9676674878806
96464552,188.8137351993073
41877592,213.92268430089962
27556664,420.59543274099724
82049392,109.00784534569311
21890177,112.09153148554151
84019657,101.15214333513677
70836939,464.4994720035497
73269246,524.041671956747
65430516,235.8747039321761
15552867,514.6441268762665
16632045,154.38048434770235
58510236,497.3908797852305
94607287,93.29644132458088
16582909,801.1960085004466
91254889,195.127594139939
52951693,170.09188836881458
42015762,80.8152101042524
39537878,126.18784910626164
75334066,671.2454637741148
15509168,492.69210724499044
21848464,378.3797232093034
15512926,556.9330797384278
19852776,90.13951185426504
98991290,289.0298016142742
67867067,979.7493650295705
75069265,256.21163716306046
33163007,265.60918224354054
72461037,176.33250397897837
79368575,295.27041722443846
19283832,292.2599744150575
74686369,589.8244875201085
42431987,425.2942052812373
49107046,364.28340558858326
21631633,334.54892727721835
57757752,571.0293973591479
64260092,705.7519579561872
23733208,66.64564915306437
81359267,461.41578586370133
78964700,381.4634093491518
33821569,491.15026417506624
52189182,591.3663305900332
67362415,-158.82218944799342
32252347,597.606946200197
42461075,99.61030026521257
42564953,882.6902280849199
53441096,578.8850993697042
28942045,202.91005282002743
92173510,624.2577383717139
37939234,27.513625761219373
83072941,632.0401970518024
72001493,909.1945335955015
88722560,162.23618635825824
24458695,99.61030026521257
34236973,927.9163804259942
63527431,517.8010563465828
35020078,-381.27958523967027
96240931,285.9461154744258
96449025,697.8962559456309
73324268,312.5969076459419
20943504,885.7006708943009
65163807,300.04243309514595
65735235,513.1022838063427
34006121,420.66867607146423
11206259,614.8601932912334
21142225,411.27113099098415
43933688,389.31911135970813
20195114,467.65640147386557
18089453,550.6924641282635
87927482,893.5563729048572
72119177,592.9081736599569
68722653,431.608064221869
99012228,473.89701708403027
95191404,829.4618870723543
68494900,105.85091587537681
11789848,611.7032638209175
51367435,275.0067273240211
83199690,422.2105191413889
44222449,-147.88280129758914
97059152,320.3793663260303
21321783,249.97102155289622
89238156,152.83864127777815
75658495,127.80293550665328
80514422,91.68135492418924
80098101,209.22391176065912
57507250,226.47715885169555
82869937,303.1993625654618
64737683,538.0647462470001
64663030,581.9687855095526
22362250,162.16294302779124
51054867,793.3403064898903
60302181,611.7032638209175
89897892,470.8133309441814
99745406,581.9687855095526
52137793,367.4403350588991
94617943,259.36856663337676
92402481,702.5217851554039
29177060,204.45189588995208
96789879,320.3793663260303
16733828,378.3797232093034
69997197,569.4143109587562
80009529,109.00784534569311
70971147,41.6099433819395
89268742,456.64376999299384
81559172,431.5348208914015
19799436,751.1245969581969
96316683,436.306836762109
16202604,542.8367621177072
99234264,422.2105191413889
89790861,757.2919692378937
80624261,179.41619011882722
98327008,268.76611171385684
43114030,555.3912366685036
38992659,721.3168753163645
26185292,157.5374138180182
84958392,152.83864127777815
63532044,148.06662540707066
72780852,332.9338408768267
63755363,275.0067273240211
63435369,199.75312334971204
49085103,372.13910759913915
39826465,484.83640523443455
89335030,979.6761216991031
92393797,227.94575859115275
36385689,431.5348208914015
14218024,151.29679820785395
43067447,281.2473429341853
11821155,840.3280318922912
96671043,275.0067273240211
64977532,24.429939621370977
51923648,13.417308140499244
52082499,527.1986014270628
58693008,492.545620584056
77432555,121.4890765660216
11692478,401.87358591050406
88536020,367.2938483979642
13996971,500.5478092555463
92291100,663.3897617635585
77799089,15.032394540890891
46970679,403.3421856499608
96819382,613.2451068908417
25751312,545.920448257556
89990705,603.8475618103616
52038068,212.38084123097542
32344173,506.788424865711
33993191,386.23542521985974
52279123,204.52513922041908
18496274,263.9940958431489
89490563,442.62069570274116
17329696,193.51250773954735
16967446,442.47420904180626
80888202,711.9193302358844
14661504,-172.918507068714
19604443,76.11643756401236
37821572,577.2700129693126
88831769,483.29456216451035
32405077,805.8947810406867
52763362,738.643365737868
75573252,762.0639851086012
54781465,513.0290404758753
22599480,524.041671956747
93311234,433.14990729179317
69925053,321.99445272642197
12598333,799.654165430522
94909106,138.74232365705757
86019408,423.67911888084564
96477826,749.5827538882722
47575439,30.670555231535218
44219472,257.7534802329851
14808414,134.04355111681753
51535602,242.11531954234033
85960705,394.0178838999482
52391461,314.1387507158661
81172596,108.93460201522521
11351493,580.4269424396284
72733290,29.12871216161102
74877854,680.6430088545949
27680792,368.90893479835586
44946524,1073.7248158343732
23475779,306.35629203577764
48465422,895.0982159747809
52076835,326.693225266662
44646564,603.9208051408286
87277346,420.66867607146423
47973044,686.8836244647591
75500097,-58.60612303302696
36145678,127.80293550665328
85625020,187.2718921293831
97404967,436.306836762109
11411712,390.86095442963233
80164594,217.00637044074801
30555374,-232.46070702191128
93243676,177.87434704890302
12801610,658.6909892233184
58651288,210.76575483058377
52409464,69.80257862338021
26481577,888.8576003646172
99557550,630.5715973123456
92346786,566.3306248189078
33277389,750.978110297262
78792921,72.95950809369606
89378277,176.33250397897837
82856305,392.4760408300235
30767488,743.342138278108
36397903,779.3172321996376
64870928,127.80293550665328
11575457,627.4146678420293
39041845,974.977349158863
92898654,757.3652125683611
16929732,181.03127651921886
33334714,447.2462249125133
12221534,184.1882059895347
73945645,378.3064798788364
68971550,257.7534802329851
75565371,541.2216757173155
59677619,191.97066466962315
93539814,654.0654600135458
24106217,-50.75042102247107
55020351,345.48831542762264
15672017,664.9316048334831
10841847,104.30907280545262
86946687,281.2473429341853
99799054,176.33250397897837
81128474,235.8747039321761
80366080,155.995570748094
10218336,431.608064221869
72351128,610.0881774205259
56132260,21.273010151054677
99301338,242.11531954234033
84453738,423.82560554178053
58188871,-24.172872181422008
81971342,268.6928683833894
94124547,-11.618397630626077
32266038,455.10192692306964
71760843,439.46376623242486
77203995,287.561201874817
84611651,-72.70244065374754
76627771,480.13763269419405
12653847,627.4146678420293
43336328,339.2476998174584
91500607,383.00525241907644
68213549,771.4615301890813
35549327,571.0293973591479
80808916,11.875465070574592
17110481,737.0282793374763
99587119,722.9319617167562
92334856,628.956510911954
53359226,201.3682097501037
80618402,592.9081736599569
41703808,359.5113897178758
19195409,-27.256558321270404
76941149,235.8747039321761
97584818,870.0625102036565
56683377,171.63373143873832
67011320,381.5366526796197
15480221,253.0547076927446
68081328,232.7177744618598
55487684,408.11420152066876
74199206,531.8973739673029
90165063,268.76611171385684
36193583,478.5957896242703
10917950,466.0413150734739
92870312,534.9078167766838
72030717,588.2094011197169
17113758,570.9561540286809
89153386,534.9078167766838
45809568,195.127594139939
30803532,643.0528285326741
41936053,298.5005900252213
14429173,721.3168753163645
86629786,5.634849460410351
60024688,270.3079547837806
75100924,563.1004520181245
19587468,119.87399016562995
88088850,293.80181748498126
14339658,467.5831581433986
93643220,185.7300490594589
61257147,300.04243309514595
47372664,392.4760408300235
72551157,173.17557450866298
70006271,342.3313859573068
66160499,245.27224901265618
14115358,583.5838719099443
24138292,408.11420152066876
81649352,827.8468006719627
86450554,-8.461468160309778
43772724,533.3659737067601
76147600,354.8858605081027
37814705,616.4020363611576
79438450,350.1870879678627
30374304,528.66720116652
54234194,603.9208051408286
94516994,159.0792568879424
15639119,339.17445648699095
98234744,863.8951379239593
84292967,209.22391176065912
14583946,46.30871592218
74680521,544.3053618571644
10214287,209.22391176065912
43877051,43.22502978233115
28904050,522.3533422258884
62063260,-74.24428372367129
50651267,740.1852088077922
76093719,279.7054998642611
42788012,345.48831542762264
64271564,414.42806046130045
36033563,24.356696290903074
32364760,503.6314953953947
82718318,141.89925312737387
42781597,608.5463343506017
63047151,660.2328322932431
54331908,436.306836762109
88556646,746.4258244179568
80038856,541.2949190477834
62561061,627.3414245115623
65834717,170.09188836881458
80358828,119.87399016562995
35099840,381.5366526796197
50872993,242.11531954234033
80223193,-160.43727584838507
28448374,165.39311582857408
92231676,159.0792568879424
65717894,707.2938010261114
86298764,558.4016794778845
76299579,130.88662164650168
15449921,-72.70244065374754
44677435,722.8587183862887
75188492,123.10416296641324
99785392,481.7527190945857
27084775,599.1487892701216
34483861,182.57311958914306
44135541,129.34477857657748
85537076,863.7486512630248
32577802,585.1257149798685
58632323,-64.91998197365865
65794441,1034.4463057815929
91626972,394.0178838999482
80568466,165.39311582857408
19317452,404.95727205035246
19462773,207.68206869073538
16861573,581.9687855095526
61543398,461.41578586370133
67189144,779.2439888691697
46184090,484.909648564902
14969625,436.306836762109
12339000,174.79066090905462
87651999,444.1625387726649
48444572,439.46376623242486
43026767,467.5831581433986
25666315,372.13910759913915
85141494,281.2473429341853
10196732,190.42882159969895
89772932,-176.07543653902985
76197106,904.4225177247936
35668637,441.0056093023495
47789451,104.30907280545262
11772481,497.3908797852305
92352486,-133.786483676869
74959731,218.62145684113966
24006644,420.66867607146423
70184471,179.41619011882722
63616459,888.9308436950841
65420176,346.9569151670794
52778454,544.3786051876318
20334394,364.28340558858326
29566160,650.835287212763
41218910,718.2331891765161
57645530,361.05323278779997
32753016,317.2956801861819
53485349,599.2220326005886
99359057,899.8702318454889
50033107,132.42846471642588
21562381,569.4143109587562
77828671,307.89813510570184
59082786,-421.9534517014399
99756703,686.8103811342921
62477883,177.87434704890302
62194095,992.3038395803665
77240295,768.3778440492329
78173906,190.42882159969895
51850860,495.8490367153063
36247163,-36.65410340175049
80372868,453.560083853145
55810884,138.74232365705757
39425335,296.95874695529756
64769998,736.9550360070089
74184119,578.8118560392368
30910517,436.306836762109
82036794,296.95874695529756
27288556,445.70438184258956
73750248,749.5827538882722
93836103,531.8241306368354
21006367,743.1956516171736
93898545,307.89813510570184
94582565,545.9936915880235
13137522,462.8843856031581
31604761,760.4488987082095
60718232,567.8724678888325
22356430,846.6418908329229
39386475,422.2105191413889
16350350,-0.6790094802213389
70755780,165.39311582857408
55920671,605.3894048802858
30409198,447.3194682429812
12366994,621.0275655709306
99624161,455.10192692306964
27085439,610.1614207509933
26222780,232.7177744618598
13513100,570.9561540286809
83619693,-91.49753081470772
65230131,165.31987249810663
74197231,616.475279691625
16535315,528.740444496987
49313519,383.07849574954344
54192335,212.38084123097542
80736897,477.05394655434566
99406225,176.33250397897837
67818530,641.364498801815
84284655,498.9327228551547
30897932,487.9933347047504
32254189,63.56196301321597
31849680,414.35481713083254
41359333,245.27224901265618
66456629,555.3912366685036
68729486,669.7036207041906
40630348,188.88697852977475
93988333,398.7166564401882
47811524,217.07961377121546
98617237,171.63373143873832
20362387,228.01900192161975
84645660,306.35629203577764
16861971,5.634849460410351
34588999,502.0164089950031
53427517,1202.060274160313
42513475,246.81409208258037
57705547,-72.70244065374754
49742880,486.4514916348262
66920323,560.0167658782761
12354776,444.0892954421979
25840613,528.740444496987
45114259,400.2584995101124
49079923,502.089652325471
63116367,209.22391176065912
63802912,83.8988962441008
48974796,417.51174660114884
30061599,248.35593515250457
68578654,486.4514916348262
54173227,-149.42464436751334
96680380,589.8244875201085
23868064,702.5950284858714
51824090,813.82372638171
34839733,66.64564915306437
80054187,300.04243309514595
12685572,426.90929168162893
41567061,0.9360769201703079
94877842,383.00525241907644
58492968,99.61030026521257
71326484,229.5608449915444
70920278,5.634849460410351
54663137,101.15214333513677
32126460,298.5005900252213
54874790,-110.36586430613534
13538436,985.9899806397348
30100038,-151.03973076790498
80017866,289.0298016142742
64347455,762.0639851086012
13683069,771.4615301890813
48039428,11.875465070574592
99567150,240.57347647241613
85509215,406.5723584507441
60668698,431.608064221869
12191456,536.5229031770755
77765786,-46.05164848223103
12528361,270.3079547837806
58442957,870.1357535341235
54303594,124.64600603633744
27681147,1001.6281413303795
69098569,1043.9170941925408
95221316,351.72893103778733
40109548,-177.61727960895405
55576313,226.4039155212281
53153958,766.6895143183742
21200840,188.88697852977475
50894265,340.7895428873826
23626838,702.5950284858714
12418418,545.920448257556
22706358,24.429939621370977
45395670,271.84979785370524
87327017,456.5705266625264
13017114,491.15026417506624
32271547,437.8486798320332
74538679,329.8501547369783
39506103,472.3551740141056
46816166,232.6445311313928
66503105,110.54968841561686
65579176,190.42882159969895
40074247,343.94647235769844
91310031,-158.82218944799342
77444410,509.9453543360264
69955281,514.6441268762665
67331105,284.40427240450117
45643632,-44.50980541230683
73282363,633.655283452194
13642505,35.36932777177526
68901430,345.48831542762264
89906679,519.2696560860395
52711886,278.16365679433693
79575331,696.2811695452397
92616283,461.41578586370133
30763055,765.220914578917
16611953,415.9699035312242
33070179,456.64376999299384
80347205,597.606946200197
83995335,-248.0988677125556
14535805,21.273010151054677
84879838,517.6545696856479
11864901,652.3771302826867
14658965,848.1837339028475
24293507,528.740444496987
70453525,373.68095066906335
87798104,5.634849460410351
19197193,218.62145684113966
28284548,505.1733384653194
86044842,569.4875542892241
23057275,231.10268806146814
27985337,527.1253580965954
22587547,796.5704792906736
12855508,398.7166564401882
64337495,301.58427616507015
86712331,475.5121034844219
61189156,367.4403350588991
91594873,199.82636668017904
54835971,470.8133309441814
44370830,461.3425425332339
23684803,123.10416296641324
92481929,766.7627576488412
35638424,134.04355111681753
25657749,16.574237610814635
39381975,404.95727205035246
72999107,109.00784534569311
25818586,259.29532330290886
58036789,238.95839007202449
94320377,-64.8467386431912
47110506,368.9821781288233
66399362,365.82524865850746
68909982,5.634849460410351
16073310,16.574237610814635
43288405,751.1245969581969
71579560,426.90929168162893
16507355,555.3912366685036
48802207,547.4622913274802
89915294,221.70514298098806
97679852,428.4511347515531
29217698,318.8375232561066
27435911,-359.32756560839425
78879242,813.6772397207751
27175130,358.042789978419
29020135,453.560083853145
78626569,350.1870879678627
71067812,213.77619763996472
96690513,959.3391884682187
95531962,287.561201874817
98356800,-21.015942711106163
86104439,708.8356440960356
55595900,10.333622000650394
75208610,555.3912366685036
15300209,577.2700129693126
61949363,541.2949190477834
65881085,306.35629203577764
66803690,249.89777822242877
71508510,378.3797232093034
77429269,353.344017438179
70868754,254.66979409313626
93223292,812.2086399813184
70378280,176.33250397897837
72142932,553.7761502681119
88911193,188.88697852977475
89761834,448.86131131290495
36836619,467.65640147386557
53134062,77.6582806339361
98828461,318.8375232561066
55370391,345.48831542762264
69978664,340.7895428873826
48824111,439.39052290195787
11383415,481.6794757641187
89041808,356.4277035780274
31864759,646.2097580029899
85436725,519.342899416507
12287678,575.7281698993879
54577919,415.9699035312242
69095778,68.26073555345602
86755087,376.8378801393792
87570494,163.7780294281829
42971075,472.3551740141056
19251821,506.788424865711
40154766,144.98293926722226
86599495,237.34330367163284
88331508,473.82377375356236
70254717,586.6675580497927
32105523,2.477919990094506
42241465,249.89777822242877
66334048,597.6801895306648
56657286,552.2343071981877
99489082,624.2577383717139
89634976,652.4503736131546
22529712,614.7869499607659
93452559,304.741205635386
75276107,646.1365146725225
57620607,445.70438184258956
11822194,497.3908797852305
85101585,198.2845236102553
73640715,439.46376623242486
18114714,358.042789978419
62352450,558.474922808352
88096618,254.5965507626688
76855836,-14.775327100941468
76968795,264.0673391736168
19089688,545.920448257556
93669020,434.7649936921848
32221954,0.9360769201703079
80149491,682.2580952549865
90863370,566.3306248189078
18955449,594.4500167298816
46106075,392.4760408300235
64362412,859.0498787227848
13228942,483.29456216451035
18238798,351.65568770731943
17197174,207.60882536026793
56883307,275.0067273240211
43838074,549.0773777278719
94366977,303.0528759045269
51114116,444.1625387726649
91929625,791.7984634199661
72617691,408.11420152066876
18081983,118.4053904261732
41430371,315.6805937857903
18768333,592.9814169904243
97670981,54.16441793273543
33138884,710.3774871659598
54769750,260.9104097033005
89191521,339.17445648699095
68771611,436.306836762109
69658524,109.00784534569311
72361657,383.00525241907644
56548670,91.75459825465668
78323750,547.4622913274802
30772189,358.042789978419
48525110,-69.61875451389915
86995869,303.1993625654618
17626486,481.7527190945857
25200634,386.23542521985974
42675735,209.22391176065912
65493081,228.01900192161975
93613666,494.23395031491464
70416961,336.0175270166751
29938065,312.5969076459419
49578380,899.9434751759559
98870679,65.10380608314017
69931311,588.1361577892499
53406287,1067.4842002242085
84279248,329.8501547369783
95721664,461.3425425332339
86560148,757.3652125683611
54643141,524.041671956747
87296829,5.634849460410351
44687814,71.34442169330441
17812890,392.4027974995565
55517272,419.0535896710726
83984617,173.17557450866298
50681051,321.99445272642197
74119296,321.99445272642197
67223450,497.31763645476303
77287132,724.5470481171478
36264517,477.05394655434566
42898261,508.33026793563477
62830950,123.10416296641324
34861949,354.8858605081027
73511243,320.3793663260303
21486168,215.46452737082382
99309538,722.8587183862887
42037617,278.16365679433693
54746843,444.1625387726649
47539615,226.47715885169555
84768747,202.98329615049533
72954519,387.7772682897835
86653160,552.2343071981877
24350012,444.0892954421979
44330162,431.608064221869
40410889,87.05582571441619
14017526,561.6318522786678
18494070,505.1733384653194
47916307,104.30907280545262
39725498,632.1134403822693
54156054,10.260378670182945
49589662,671.1722204436473
87793535,431.5348208914015
25123851,392.4760408300235
55319133,519.2696560860395
35955058,628.956510911954
15784980,124.64600603633744
63967490,572.5712404290725
84366303,-35.11226033182675
32211409,414.35481713083254
27475512,718.0867025155812
98385904,426.90929168162893
74274926,79.20012370386075
26137274,890.3994434345409
35706395,237.41654700209983
25432073,165.39311582857408
56493804,600.6906323400458
21783642,450.4031543828296
24274717,364.28340558858326
93363592,722.9319617167562
50359798,1036.134635512452
76057356,470.8133309441814
34577569,198.2845236102553
13432670,185.7300490594589
36150614,397.0283267093291
95883486,293.80181748498126
17035345,824.7631145321143
48987823,440.9323659718816
18853302,191.97066466962315
70059479,137.12723725666592
35830006,655.534059753003
83058209,564.7887817489841
52239160,256.21163716306046
24939237,204.52513922041908
48271879,542.7635187872402
58898302,-21.015942711106163
97505252,129.34477857657748
52580265,-168.21973452847396
59859756,353.344017438179
59531100,621.0275655709306
82820692,301.58427616507015
73015543,444.0892954421979
50663543,66.71889248353182
61349439,414.35481713083254
82745505,235.8014606017082
91058293,340.7895428873826
17937997,130.88662164650168
48025378,860.6649651231764
21558049,278.16365679433693
51468147,632.0401970518024
87943582,245.19900568218873
72989675,243.65716261226453
10828659,221.7783863114555
78868242,91.75459825465668
63610417,882.543741423985
13037947,580.4269424396284
63051485,30.670555231535218
42637767,622.6426519713223
66029975,184.1882059895347
41368516,245.27224901265618
75570412,-144.79911515774074
58832659,603.9208051408286
20746324,55.706261002660085
41047714,780.7858319390944
41430458,614.7869499607659
69198371,144.98293926722226
46430156,343.873229027231
42120705,810.5203102504593
67695943,583.5106285794768
10655846,85.51398264449244
56387239,240.50023314194868
73136827,361.1264761182674
66107772,325.15138219673827
41597595,594.5232600603485
27035754,198.2845236102553
94233303,289.0298016142742
72371862,198.2845236102553
47858586,376.8378801393792
50074731,213.92268430089962
15840349,118.4053904261732
27527024,1078.3503450441453
51445447,326.693225266662
83042677,198.2845236102553
17433657,278.16365679433693
83477453,502.089652325471
58980418,520.8114991559637
49038207,121.4890765660216
35105997,63.56196301321597
88328473,90.21275518473249
49929992,320.4526096564982
12057690,79.20012370386075
22485986,270.3079547837806
18944255,398.7166564401882
94296460,-198.02745617030587
15325948,730.7144203968446
80036637,619.5589658314734
63707416,411.19788766051715
33357067,428.5243780820206
76260292,401.87358591050406
88542794,633.5820401217265
36624049,317.2956801861819
85370002,672.6408201831041
70947321,392.4760408300235
86215831,419.1268330015405
71799918,486.37824830435875
70779429,722.8587183862887
28177790,409.72928792105995
33416701,602.3789620709049
32210074,547.5355346579477
91177225,513.1022838063427
62230096,149.6817118074623
27830922,522.4265855563553
20292159,224.78882912083645
72135125,499.0059661856221
41060839,873.2926830044398
14610723,129.34477857657748
40291165,411.19788766051715
76063806,525.5102716962037
21250419,176.33250397897837
67512417,368.9821781288233
33443292,857.5080356528601
33660955,177.87434704890302
33504001,386.16218188939183
59014872,378.3064798788364
48423806,90.21275518473249
81227220,376.8378801393792
97904600,188.8137351993073
80141558,-22.55778578103036
13290868,448.86131131290495
12913192,702.5217851554039
94144440,929.6047101568533
53033174,419.0535896710726
93735706,315.6805937857903
59909555,541.2216757173155
99555121,354.8858605081027
13256013,513.0290404758753
93540353,447.3194682429812
97837539,127.72969217618584
35669129,93.29644132458088
50012137,434.7649936921848
68173579,984.3748942393431
59440623,332.9338408768267
48714672,721.3901186468315
86973367,746.3525810874889
28395212,595.9918597998053
50017530,279.7054998642611
48045601,456.7170133234613
60427063,339.17445648699095
49061177,278.0171701334025
42896715,592.9081736599569
97451418,365.82524865850746
53456411,484.909648564902
99184358,779.3172321996376
91879007,218.62145684113966
76424273,268.76611171385684
19529774,314.1387507158661
60604201,226.4039155212281
96265561,165.39311582857408
84388943,679.1011657846707
22143961,188.8137351993073
14880373,812.0621533203835
98124884,610.1614207509933
23434755,835.6292593520511
36626131,240.57347647241613
86172967,534.9810601071517
89507826,816.834169191091
51984404,-66.46182504358285
21328430,608.6195776810691
46133239,-88.34060134439187
87118588,-0.6790094802213389
72466804,370.5240211987475
90243251,226.4039155212281
31491219,394.0178838999482
83702289,943.7742711080414
78369132,545.920448257556
12074272,246.81409208258037
77297832,328.23506833658666
91732264,959.4124317986857
51116865,279.7054998642611
81826443,417.51174660114884
26192585,663.3897617635585
72261842,343.94647235769844
40619619,472.2819306836386
89999631,179.48943344929467
10490133,154.3072410172349
90054183,491.15026417506624
62212383,417.51174660114884
19863611,401.87358591050406
51025893,899.796988515021
83280839,542.8367621177072
53701664,134.04355111681753
70474564,467.65640147386557
52730115,451.9449974527538
28945671,289.1030449447412
76905104,378.3797232093034
60340609,292.2599744150575
14262244,466.1145584039414
86114877,743.1956516171736
24582504,170.01864503834668
77544375,264.0673391736168
18212637,628.956510911954
31107635,491.15026417506624
73185236,680.5697655241274
73413665,113.63337455546525
31204532,472.3551740141056
16646519,603.9208051408286
59819313,777.775389129713
58041963,381.5366526796197
73177607,387.7772682897835
65489959,296.88550362482965
53892134,1100.3756080058893
14638825,85.51398264449244
61652212,464.4994720035497
69208062,141.89925312737387
98205776,-177.61727960895405
91953270,285.8728721439579
95708788,816.7609258606235
71079776,49.46564539249539
10948901,743.1956516171736
79084173,452.01824078322124
41410746,243.65716261226453
50927968,265.60918224354054
99511873,24.28345296043608
87562260,453.560083853145
48098997,710.3042438354928
77592143,564.7155384185162
50298301,271.84979785370524
95160336,450.4031543828296
13581567,473.89701708403027
76106706,348.6452448979385
53880590,657.1491461533947
50270200,206.06698229034373
13098948,46.30871592218
81835258,184.1882059895347
14238786,46.30871592218
65288499,267.1510253134652
29149871,315.7538371162577
39551396,788.7147772801177
77375335,682.1848519245191
14384374,90.13951185426504
63368293,697.8962559456309
25141477,143.4410961972976
37822276,21.273010151054677
62473299,347.0301584975473
90467887,785.5578478098014
62270028,119.9472334960974
62101686,157.5374138180182
51642126,437.8486798320332
50281814,707.1473143651765
34969698,311.0550645760177
46962155,32.212398301459416
17638609,329.77691140651086
59977095,198.2112802797874
75196820,29.12871216161102
65141041,185.7300490594589
65986306,624.2577383717139
99818911,-68.0036681135075
38328534,550.6192207977961
31204739,545.920448257556
53082885,328.23506833658666
76244528,332.9338408768267
46394887,11.875465070574592
65939511,354.81261717763573
96048217,311.0550645760177
60425489,-58.60612303302696
69419323,749.4362672273378
15008203,151.29679820785395
70058997,331.39199780690205
44067940,541.2949190477834
47031542,281.2473429341853
28929546,915.4351492056662
34548603,536.4496598466085
36515676,747.9676674878806
42765717,293.80181748498126
60296558,39.99485698154831
84332226,415.9699035312242
76539663,580.4269424396284
73504572,464.4994720035497
64646486,155.995570748094
28262602,134.04355111681753
74447096,320.4526096564982
23247586,36.91117084169946
99044390,935.845325767018
66743385,575.6549265689209
62841747,304.741205635386
98271312,11.875465070574592
54969068,658.6177458928514
49548078,372.13910759913915
47147429,356.4277035780274
46113098,359.58463304834277
52623517,-8.461468160309778
43618531,-185.4729816195104
54174309,378.3797232093034
21908078,93.29644132458088
56753065,473.89701708403027
22723502,477.05394655434566
88620530,766.7627576488412
38560702,433.2231506222606
66126723,409.50955792965806
24731893,517.6545696856479
19472558,394.0178838999482
44766250,15.032394540890891
75919229,1015.5779722901652
27459467,508.33026793563477
85529275,-270.0508873438321
88503537,509.8721110055594
66147417,199.82636668017904
53916103,367.4403350588991
65299077,353.344017438179
82070950,320.4526096564982
69058105,495.8490367153063
89985793,109.00784534569311
38430174,597.606946200197
24884771,83.8988962441008
37414962,332.9338408768267
35739187,119.9472334960974
52492779,672.8605501745064
70409358,549.0041343974044
38452011,124.64600603633744
43879270,262.45225277322515
70351120,326.693225266662
47671157,123.10416296641324
60667365,967.268133809242
85223481,520.8114991559637
83739939,411.19788766051715
36389934,741.7270518777163
84194560,533.4392170372271
66937745,455.10192692306964
82520946,888.9308436950841
52339932,473.89701708403027
19641281,367.4403350588991
69795343,373.60770733859636
99135350,2.477919990094506
27549583,198.2845236102553
94476832,259.36856663337676
58221865,182.57311958914306
25319395,-27.256558321270404
74970303,199.82636668017904
10305170,710.3774871659598
82291258,307.89813510570184
81383048,263.9940958431489
79987158,556.9330797384278
13533229,115.2484609558569
40426833,180.95803318875141
79077516,231.10268806146814
49738320,-119.69016605614843
51126693,105.85091587537681
52635836,674.3291499139632
46715477,511.48719740595106
82258908,353.344017438179
56878285,904.6422477161959
19130210,-5.4510253509288304
92849186,726.0156478566046
24338810,481.7527190945857
24758650,534.9810601071517
70913184,68.26073555345602
37987399,735.2667062761502
74913796,522.3533422258884
17667485,113.63337455546525
64222955,177.87434704890302
96958008,-35.11226033182675
10416049,455.10192692306964
60398901,422.2105191413889
24738469,-69.54551118343124
50592747,472.3551740141056
96289055,779.2439888691697
38420705,271.84979785370524
93968498,625.7263381111707
79579077,101.15214333513677
66828068,1003.2432277307712
96166759,445.70438184258956
32805078,580.4269424396284
96021280,285.9461154744258
73914137,699.4380990155555
38819078,647.7516010729141
26837951,420.66867607146423
86644106,359.58463304834277
55183461,1141.1227177981264
52422099,583.5106285794768
83190904,527.1253580965954
80939883,531.8241306368354
12388368,408.04095819020085
15537990,342.3313859573068
52619092,295.3436605549059
14251589,495.8490367153063
78390765,292.2599744150575
43497859,445.70438184258956
18381852,256.21163716306046
53390528,755.676882837502
32023086,397.10157003979657
55881129,561.6318522786678
56955427,466.0413150734739
78797526,15.032394540890891
81441605,453.560083853145
49418138,246.81409208258037
16343356,473.89701708403027
50953620,232.7177744618598
80530984,603.8475618103616
92363214,282.862429334577
11505021,254.5965507626688
10464949,519.342899416507
40174242,475.365616823487
46922794,428.5243780820206
31165878,765.0744279179826
92160351,704.1368715557956
97225599,54.16441793273543
57289385,439.46376623242486
10490505,605.4626482107533
40593414,571.0293973591479
69535718,854.4975928434792
29927353,982.7598078389515
65834728,284.40427240450117
77297694,262.45225277322515
20453767,279.7054998642611
38742201,397.174813370264
44178016,915.5083925361332
26155961,477.05394655434566
85037563,995.3875257202149
13481675,-74.24428372367129
32710978,278.16365679433693
42008191,82.35705317417614
13117186,317.2956801861819
32427009,174.79066090905462
77926757,522.4998288868228
11233435,237.41654700209983
16522541,865.4369809938835
63770815,257.7534802329851
77164558,140.28416672698222
74405387,527.0521147661284
74698287,558.474922808352
90725998,212.38084123097542
24204802,738.5701224074005
89034765,763.6790715089928
34875172,444.1625387726649
74411316,228.01900192161975
81157871,680.5697655241274
44232316,524.041671956747
48083558,458.1123697324506
75280463,632.0401970518024
11329117,663.3897617635585
67082756,350.1870879678627
11237434,599.1487892701216
69921139,193.5857510700148
68448780,292.2599744150575
77761059,271.84979785370524
29006434,586.6675580497927
30190038,503.7047387258626
28376932,137.12723725666592
39355382,359.58463304834277
42494595,193.51250773954735
16756651,481.6794757641187
78115658,545.920448257556
27261411,307.89813510570184
71919180,739.8922354859228
99090920,472.3551740141056
64351618,340.7895428873826
88658759,621.1008089013976
14195927,531.7508873063684
63820196,700.9799420854797
23866225,851.2674200426959
50484100,522.4265855563553
98406048,47.923802322571646
64139858,499.0059661856221
93302980,379.92156627922805
62155483,96.45337079489673
69791340,505.24658179578637
19631546,151.29679820785395
26192431,323.5362957963466
68268852,184.1882059895347
14862183,245.19900568218873
50141937,520.8847424864312
85256282,398.7166564401882
11027564,954.7136592584457
51577553,337.63261341706675
77132573,49.46564539249539
55254268,292.1867310845896
25529214,379.92156627922805
89287048,777.775389129713
23253967,478.5957896242703
22644692,174.79066090905462
32245140,384.6203388194681
82072504,246.81409208258037
34678460,1220.8553643212736
55373081,699.3648556850881
12138481,788.7147772801177
23632970,209.22391176065912
44285474,243.65716261226453
88075177,69.80257862338021
13117787,586.5943147193252
14797111,-187.01482468943414
28697695,343.873229027231
34748486,602.305718740437
30506810,686.8836244647591
57410372,80.8152101042524
28776122,1058.013411813261
18346451,481.6794757641187
29932007,585.052471649401
82654800,301.6575194955376
67038086,923.3640945466896
95282943,133.97030778635053
90723621,976.5924355592547
37760202,-85.25691520454347
97077656,555.3179933380361
67823833,655.60730308347
25222231,-36.72734673221839
63451552,713.3879299753412
66552053,491.15026417506624
83488554,541.2949190477834
24886655,606.93124795021
83798512,464.4994720035497
46152763,235.8747039321761
96015866,378.3797232093034
51731151,171.63373143873832
34899750,865.3637376634165
55529926,389.2458680292407
95405536,959.2659451377513
29288544,-97.73814642487196
50076589,455.10192692306964
37886285,340.7895428873826
69818934,354.8858605081027
13957412,315.7538371162577
27493225,539.6798326473918
81186892,669.7036207041906
72734336,314.1387507158661
20148129,425.36744861170473
23391747,376.8378801393792
45833590,502.089652325471
85777842,-171.3766639987898
92975129,422.2105191413889
33382289,492.69210724499044
95953281,46.30871592218
60074802,351.72893103778733
23912733,394.0178838999482
31346779,321.99445272642197
25605125,472.3551740141056
96288207,223.3202293813797
44535745,434.7649936921848
16008313,589.7512441896415
91365542,509.9453543360264
67385764,840.2547885618242
31465116,234.25961753178444
99474816,193.5857510700148
26141909,464.4994720035497
72548314,339.17445648699095
39043955,592.9814169904243
55963655,405.0305153808199
54632315,617.9438794310822
48726285,160.69434328833404
76251227,249.97102155289622
83562410,581.9687855095526
93775374,160.6210999578666
21446329,287.561201874817
37345001,411.19788766051715
49628614,378.3797232093034
35767914,639.8226557318908
10876536,434.6917503617178
47339936,459.8006994633097
89347542,1105.0011372156623
22457603,439.39052290195787
77199929,246.81409208258037
46378399,364.28340558858326
70602262,-35.11226033182675
54666534,951.4834864576624
56421405,539.6065893169243
97652177,394.0178838999482
15442637,-119.69016605614843
92360497,-47.66673488262222
16847908,782.400918339486
14220385,635.1971265221182
25905603,129.34477857657748
58331647,173.17557450866298
22292196,339.2476998174584
37237832,193.51250773954735
33009500,740.0387221468573
12533428,923.2908512162217
46939545,228.01900192161975
41868505,481.6794757641187
75616535,417.51174660114884
73878512,206.06698229034373
67270933,66.71889248353182
98281662,466.0413150734739
66553316,442.54745237227326
34303551,549.0773777278719
82645628,394.0178838999482
57257821,166.93495889849828
21288888,799.580922100055
85963653,119.9472334960974
47876249,788.6415339496502
21439489,99.61030026521257
52566254,448.7148246519705
57084214,124.64600603633744
16925768,213.92268430089962
32782035,148.13986873753765
31791186,206.06698229034373
62797819,433.14990729179317
35384978,428.4511347515531
21945105,566.3306248189078
81557774,326.693225266662
85407739,-30.41348779158625
86085126,276.5485703939453
95296354,757.3652125683611
90881439,617.9438794310822
30757344,602.305718740437
48457713,-116.53323658583258
89571542,652.4503736131546
94067050,428.4511347515531
48271561,564.6422950880492
69357732,55.706261002660085
86325273,390.86095442963233
18152649,411.27113099098415
33899410,271.84979785370524
22781669,-5.377782020461382
17283281,495.8490367153063
51785872,1097.2186785355734
33104833,608.6195776810691
91682435,368.90893479835586
70713314,599.1487892701216
13110268,328.23506833658666
34642793,809.051710511002
41694899,16.574237610814635
86278349,201.3682097501037
11717089,350.1870879678627
59185456,856.0394359134034
59344396,168.47680196842293
89922228,735.4131929370847
62027210,566.2573814884408
98523447,-17.85901324079032
77330146,862.2800515235681
78386939,696.2079262147722
66831282,378.3797232093034
17596778,500.47456592507933
72290481,394.0178838999482
31606355,567.7992245583646
72940683,300.04243309514595
24736121,1014.2558592116429
47814214,179.48943344929467
39410982,444.1625387726649
44151940,763.6790715089928
65594908,483.29456216451035
79125454,550.6192207977961
50322107,437.8486798320332
76200003,436.23359343164157
85059302,428.5243780820206
95450721,-185.4729816195104
93253826,736.9550360070089
19723778,494.3071936453821
35980406,238.88514674155704
67285479,384.6203388194681
68864075,331.39199780690205
37422791,-114.99139351590838
73798025,763.6058281785254
97232135,-110.29262097566834
50064513,835.702502682519
75638682,306.35629203577764
41937405,326.619981936195
18443662,220.16329991106386
68899727,411.19788766051715
18388313,697.8230126151639
69521945,65.10380608314017
31596715,229.5608449915444
78472605,270.3079547837806
12713963,231.17593139193605
46768823,384.6203388194681
27538097,445.63113851212165
89955366,437.8486798320332
94081889,165.39311582857408
65214899,21.273010151054677
95205973,650.835287212763
83140994,325.07813886627036
69014391,-135.32832674679275
66919280,170.01864503834668
86299194,644.6679149330657
14394397,679.0279224542037
88465251,94.91152772497253
82447513,469.1982445437902
90676745,370.5240211987475
61229086,675.8709929838874
30557316,547.5355346579477
48578361,151.29679820785395
29085329,372.0658642686717
99539415,683.7999383249107
33750162,326.693225266662
51880900,-125.93078166631267
81942693,821.6061850617984
44828087,104.30907280545262
80752087,431.608064221869
99218652,642.9795852022066
37433425,332.9338408768267
39115683,-3.762695620069735
26601986,101.15214333513677
50469308,282.862429334577
69872975,307.89813510570184
18483245,487.9933347047504
12588982,368.9821781288233
79454705,143.4410961972976
76523232,697.8962559456309
96131595,954.6404159279787
99680250,594.5232600603485
82622915,580.4269424396284
11290284,223.3202293813797
80057162,513.0290404758753
72165316,784.0160047398776
79751433,400.33174284057986
33215554,855.966192582936
42852506,254.66979409313626
56093872,373.68095066906335
64167041,611.776507151385
83380458,881.0018983540608
32651438,-13.233484031017724
38364846,162.23618635825824
74621857,-3.8359389505371837
62748794,68.26073555345602
71435421,-166.67789145854977
76163868,574.1130834989967
14677956,295.3436605549059
48283664,345.41507209715564
93787027,372.13910759913915
75353617,821.6061850617984
44130726,509.8721110055594
75634285,613.2451068908417
27969925,462.95762893362553
34662422,610.1614207509933
46428766,337.63261341706675
40279741,57.32134740305173
58991338,657.1491461533947
52295288,66.71889248353182
25429358,409.6560445905925
91223525,398.7166564401882
80429592,326.693225266662
36010937,545.920448257556
61652867,497.3908797852305
34655678,182.57311958914306
32281319,362.6683191881916
74717544,491.15026417506624
81780208,533.4392170372271
74117270,755.8233694984369
94663011,187.2718921293831
18715534,505.24658179578637
89926226,439.46376623242486
31441075,49.392402062028395
85656066,724.4738047866799
63154501,-57.06427996310276
56954947,262.37900944275725
35193891,231.17593139193605
68045567,404.88402871988546
75523548,466.0413150734739
80044768,321.99445272642197
80565568,776.1603027293213
58680458,480.21087602466196
93434632,430.0662211519448
38164915,445.70438184258956
39561694,193.5857510700148
23940974,578.8118560392368
66689621,155.92232741762655
91586014,143.4410961972976
68610549,379.92156627922805
44648566,337.63261341706675
68443861,228.01900192161975
95300751,110.54968841561686
74650313,450.4031543828296
78190939,204.52513922041908
79583687,263.9940958431489
78744133,868.5206671337319
19424377,237.34330367163284
74426958,88.59766878434084
30714675,439.46376623242486
20297631,185.7300490594589
62326689,516.1859699461911
72851226,-13.16024070054982
94924877,-118.14832298622423
39912297,519.342899416507
50554145,-27.329801651737853
51964385,163.7780294281829
91524053,320.4526096564982
67059408,312.5969076459419
13707505,-27.256558321270404
96336923,456.7170133234613
18937921,47.923802322571646
23247466,483.29456216451035
20718626,805.9680243711537
62001591,636.8122129225094
32183930,737.0282793374763
29520078,509.8721110055594
20246948,730.7144203968446
12865925,276.5485703939453
75414040,581.9687855095526
29805887,534.9810601071517
91828173,499.0059661856221
92911827,549.0773777278719
21259879,426.90929168162893
27730704,312.5969076459419
10805384,448.86131131290495
28772124,234.25961753178444
67895243,555.3179933380361
70282510,848.1104905723801
76926492,1288.1800229545588
56029416,513.1022838063427
42166025,689.9673106046075
88855559,553.7761502681119
71679738,206.06698229034373
95011645,298.4273466947543
23391388,43.22502978233115
97276431,610.1614207509933
78499453,738.5701224074005
50845143,340.7895428873826
63593365,577.1235263083777
44645094,430.0662211519448
92805008,542.8367621177072
95966284,459.72745613284224
86968525,361.05323278779997
35459557,262.45225277322515
16959595,25.97178269129472
66852864,1064.2540274234252
64976874,82.35705317417614
90803282,223.3202293813797
32597480,494.3071936453821
22525205,461.41578586370133
18357388,492.69210724499044
55224009,87.05582571441619
12066751,289.1030449447412
51600054,195.127594139939
33097870,610.1614207509933
44165189,-121.23200912607263
92174554,300.04243309514595
75685484,292.2599744150575
79648156,223.3202293813797
34473914,943.7742711080414
42069298,177.87434704890302
24749467,202.98329615049533
37024144,406.5723584507441
53463208,697.8962559456309
61035399,467.5831581433986
92975059,487.9933347047504
16258293,401.87358591050406
80353068,30.670555231535218
69637564,506.788424865711
60889557,362.74156251865907
45682120,696.2079262147722
62566155,420.66867607146423
86829598,87.05582571441619
77516810,434.7649936921848
32602883,635.1971265221182
99658649,253.0547076927446
98115366,923.2908512162217
40551984,502.089652325471
89171680,2.477919990094506
78104461,470.666844283247
80805720,166.93495889849828
44701781,375.22279373898755
32357693,682.1848519245191
16257080,586.6675580497927
63758432,566.2573814884408
86560064,163.704786097715
76704426,415.9699035312242
29021087,317.2956801861819
30903210,484.83640523443455
59650055,560.0167658782761
16537007,738.5701224074005
44043751,274.8602406630862
93550246,329.77691140651086
74795536,19.731167081130934
36252893,732.3295067972363
60712266,525.5835150266712
54795015,559.8702792173412
59038432,447.2462249125133
53101267,423.82560554178053
96137757,152.83864127777815
61894184,353.344017438179
56980533,442.47420904180626
40911725,-423.56853810183156
78253728,819.9910986614068
46517280,588.2094011197169
98578100,448.86131131290495
92998542,91.75459825465668
85778453,718.1599458460482
67897199,152.83864127777815
37385434,212.38084123097542
29978687,516.1127266157237
63462293,320.3793663260303
82610119,444.1625387726649
11195863,571.0293973591479
22813157,517.7278130161153
16061850,328.23506833658666
25000757,229.4876016610765
23839386,-17.85901324079032
62901003,320.4526096564982
85332734,329.77691140651086
41185457,-17.85901324079032
32349244,602.305718740437
75213525,514.6441268762665
24267861,855.819705922001
80759464,97.99521386482093
38052934,758.9070556382853
36983078,536.5229031770755
48438532,119.9472334960974
98811621,370.5240211987475
41602835,791.7984634199661
79191702,919.9874350849709
91526426,542.7635187872402
12436955,455.10192692306964
35460655,163.7780294281829
24893618,395.6329703003398
12318894,-108.75077790574369
75385870,166.93495889849828
24016887,469.1250012133223
93798376,494.23395031491464
10041197,660.3060756237101
44196192,367.36709172843166
34259961,707.220557695644
79360399,843.5582046930745
90648365,610.1614207509933
32784142,273.39164092362944
88014206,686.8836244647591
47541115,672.787306844039
81087277,163.704786097715
99414879,386.16218188939183
96312378,668.0152909733315
45292998,367.4403350588991
62464969,733.8713498671605
89056154,115.2484609558569
43815757,80.8152101042524
36326737,351.72893103778733
66733240,191.97066466962315
82154113,633.5820401217265
75774127,94.83828439450508
99633023,422.2105191413889
54243966,492.69210724499044
21507777,516.1127266157237
89526022,558.4016794778845
35342783,447.2462249125133
75576574,129.34477857657748
86207238,505.24658179578637
11999604,466.0413150734739
64241630,644.5214282721313
49681885,318.8375232561066
20476163,497.3908797852305
82534020,426.90929168162893
80449403,351.72893103778733
91978419,649.2934441428383
13134274,339.17445648699095
30921031,170.09188836881458
35948510,213.92268430089962
37862013,771.3882868586143
74364264,-58.60612303302696
73089121,423.7523622113131
71120219,284.40427240450117
81357330,675.9442363143548
86696339,362.59507585772417
32694372,677.412836053812
86397240,-27.256558321270404
75410743,350.1870879678627
54107967,-41.426119272458436
53182244,-318.58045581615715
84949062,-27.256558321270404
17578514,-116.53323658583258
66553240,561.5586089482008
78244783,561.6318522786678
85750494,253.0547076927446
26835204,356.4277035780274
25568634,481.7527190945857
62833472,470.8133309441814
89441409,-77.40121319398759
30957350,19.731167081130934
83492659,295.3436605549059
14123667,257.7534802329851
81332426,595.9186164693383
75963486,624.2577383717139
97473965,331.39199780690205
52550411,174.79066090905462
38852859,49.392402062028395
86945814,386.16218188939183
99213841,372.0658642686717
93296884,263.9940958431489
74681265,373.68095066906335
67628381,246.74084875211292
53194004,101.15214333513677
79129949,509.9453543360264
21417992,-60.22120943341861
65584374,273.4648842540969
83994457,215.46452737082382
79552394,711.9925735663514
14169455,560.0900092087436
11006346,524.041671956747
55920445,275.0067273240211
42183979,191.97066466962315
27236753,429.9929778214773
38623845,414.42806046130045
56539617,245.27224901265618
89514584,353.344017438179
55800655,475.438860153954
95341263,240.57347647241613
90170967,409.72928792105995
25603899,530.2822875669117
80752063,430.0662211519448
74272993,397.174813370264
83204984,653.9922166830784
56041749,326.693225266662
99929710,417.51174660114884
24093076,1169.1688663786322
76171771,160.69434328833404
87313105,433.2231506222606
13150529,987.5318237096594
85314779,179.48943344929467
23218937,135.58539418674218
15797769,362.74156251865907
18451890,724.4005614562129
23712138,710.3774871659598
40201741,965.579804078383
74044702,231.17593139193605
91758728,611.6300204904501
41605529,314.1387507158661
30345669,533.4392170372271
72490311,287.561201874817
11341429,267.1510253134652
86562367,69.80257862338021
65741146,30.670555231535218
28059650,630.5715973123456
36854120,83.8988962441008
70514815,221.70514298098806
28991223,226.47715885169555
34210782,337.63261341706675
97420540,505.24658179578637
53582966,253.0547076927446
25471995,367.4403350588991
40521306,321.99445272642197
18442744,16.574237610814635
86475933,577.1235263083777
35156621,483.29456216451035
92398280,564.6422950880492
64419847,397.10157003979657
27879667,195.127594139939
33454324,292.2599744150575
78234554,-44.50980541230683
37295459,318.8375232561066
76464828,588.2094011197169
89898019,813.6039963903077
94459827,63.56196301321597
30672049,104.30907280545262
93226295,188.8137351993073
66733496,-105.5938484354283
24799537,483.29456216451035
30909458,513.1022838063427
20815913,683.7266949944437
77231006,296.95874695529756
63770561,431.608064221869
61281100,-107.20893483581995
25443496,1134.7356155270268
90941407,-31.955330861510447
85217471,1054.9297256734126
11330523,275.0067273240211
60135515,437.8486798320332
96537329,588.2094011197169
89713236,827.8468006719627
87856838,639.8958990623582
68427758,-27.256558321270404
35697471,509.9453543360264
30758105,213.92268430089962
66828597,334.54892727721835
64179941,7.176692530334549
57531913,155.995570748094
82276369,340.7895428873826
33117908,492.69210724499044
23807930,605.3894048802858
58313771,154.3072410172349
86361973,329.8501547369783
54136725,530.2822875669117
80609057,174.64417424811973
23386046,188.7404918688403
88923790,376.8378801393792
50739054,823.1480281317226
85701835,118.33214709570575
11164690,281.2473429341853
60686704,30.670555231535218
56500955,602.3789620709049
92377094,231.17593139193605
27377686,635.1238831916507
14820376,104.23582947498517
24454653,569.4143109587562
49068691,296.88550362482965
68870887,-0.7522528106887876
40404763,398.64341310972077
53993271,694.666083144848
76624283,310.90857791508324
84681113,660.3060756237101
39182711,389.31911135970813
99418549,149.6817118074623
54009403,585.052471649401
15732665,138.66908032659057
21105712,88.59766878434084
76841454,231.10268806146814
77456803,491.15026417506624
94681649,226.47715885169555
42127705,320.4526096564982
86327920,320.4526096564982
49706768,458.2588563933855
47210863,196.66943720986364
98862874,296.95874695529756
80625113,146.5980256676139
13147967,392.4760408300235
79644262,202.98329615049533
40821766,-104.05200536550365
38964351,560.0167658782761
80037468,315.7538371162577
10709528,655.60730308347
14006566,21.273010151054677
84355937,260.9104097033005
68139676,491.0770208445988
51613745,680.5697655241274
77042505,364.2101622581158
35307179,76.11643756401236
43137990,406.4991151202771
60366178,453.560083853145
28449137,414.42806046130045
54714633,473.89701708403027
86469326,347.0301584975473
81392986,248.35593515250457
94816275,-201.11114231015472
20992851,182.57311958914306
33220037,66.71889248353182
52922027,284.3310290740342
70522751,746.279337757022
35179027,274.93348399355364
11006610,-215.20745993087485
97027045,433.2231506222606
60842426,342.3313859573068
37962781,356.4277035780274
57446778,298.5005900252213
46803142,617.9438794310822
96412152,677.5593227147465
41948607,459.8006994633097
30401183,433.2231506222606
82446721,298.5005900252213
98640166,47.923802322571646
16426411,354.81261717763573
40919986,505.24658179578637
34959842,614.7137066302989
76545890,436.306836762109
38671669,544.3786051876318
74577885,508.40351126610267
77894868,398.64341310972077
44132106,481.7527190945857
13303745,248.35593515250457
82202428,226.47715885169555
69359286,287.48795854434957
49249118,428.4511347515531
65186472,298.5005900252213
86728284,412.7397307304409
89113200,306.35629203577764
64085288,146.5980256676139
83095293,54.16441793273543
55834975,475.438860153954
12408851,356.4277035780274
45102161,221.7783863114555
21425066,357.9695466479511
49253416,93.29644132458088
91720337,412.8129740609088
38125202,426.90929168162893
76716879,848.2569772333145
75093314,428.4511347515531
94720863,312.5969076459419
69306868,-205.80991485039476
78783123,400.33174284057986
31503266,409.6560445905925
51221256,370.5240211987475
36978860,256.21163716306046
77102844,-182.3160521491941
85218856,367.36709172843166
64674000,509.8721110055594
71928536,267.1510253134652
71632516,370.5240211987475
44645677,433.14990729179317
27089889,260.9104097033005
85001254,733.8713498671605
80789294,487.9933347047504
94921905,364.28340558858326
87557595,397.174813370264
27812172,475.438860153954
70326518,807.3633807801434
76820242,235.8014606017082
37798149,395.6329703003398
95689974,513.0290404758753
86698149,184.11496265906726
82332389,567.7992245583646
38769988,71.41766502377186
62104171,508.40351126610267
20008764,143.4410961972976
88250848,497.3908797852305
99989436,-144.7258718272733
20654244,531.8241306368354
63645129,257.7534802329851
66237213,303.1993625654618
89366030,812.0621533203835
43885604,444.1625387726649
20777495,466.1145584039414
17630232,539.6798326473918
41034819,666.4734479034073
30863558,729.0260906659855
30990096,317.2956801861819
14528263,594.5232600603485
38046616,306.35629203577764
21720690,329.77691140651086
41971276,-327.9780008966377
81966182,561.6318522786678
81876034,506.788424865711
23233042,293.80181748498126
59959368,549.0773777278719
25429816,245.27224901265618
40884180,365.82524865850746
88955672,657.1491461533947
43077536,325.15138219673827
22541133,718.0867025155812
98515757,168.47680196842293
96170890,44.76687285225535
33994765,242.11531954234033
91089578,323.5362957963466
38840418,155.92232741762655
92439017,328.23506833658666
30192634,426.90929168162893
30769461,160.6210999578666
80205723,234.25961753178444
55131937,796.4972359602061
29185681,827.7735573414957
80773149,683.7266949944437
84757256,452.01824078322124
81505232,155.995570748094
57555020,243.65716261226453
70106520,226.4039155212281
43240131,495.7757933848393
57158414,251.51286462282042
63966023,397.174813370264
46075950,455.10192692306964
47516649,270.3079547837806
57203804,315.7538371162577
99285503,763.6790715089928
23511969,58.86319047297593
78376646,741.7270518777163
48884000,616.475279691625
98727752,671.2454637741148
82907215,657.1491461533947
72719170,605.4626482107533
39149918,-64.8467386431912
85435767,444.1625387726649
54111802,475.438860153954
92599919,536.5229031770755
24226064,334.54892727721835
96829833,816.834169191091
27301621,140.28416672698222
15887246,439.46376623242486
51726302,368.9821781288233
51260265,713.5344166362761
45934883,44.69362952178835
97289930,564.7155384185162
42847093,334.54892727721835
13695159,395.6329703003398
21664737,481.7527190945857
72162540,320.4526096564982
45972276,835.6292593520511
71222059,544.3786051876318
18901787,-307.6410676657533
64794868,459.72745613284224
96040179,658.7642325537863
43891507,193.5857510700148
94649367,376.8378801393792
85490151,290.64488801466587
51948440,544.3786051876318
44237958,321.99445272642197
97658202,309.43997817562604
77699657,923.4373378771566
23252427,337.5593700865993
10697423,389.31911135970813
99095154,185.7300490594589
86344123,44.76687285225535
32740825,109.00784534569311
39699187,237.41654700209983
79334316,711.9193302358844
13862142,218.62145684113966
95022546,-171.3766639987898
85671131,123.10416296641324
13946093,303.1993625654618
71911642,552.2343071981877
74557358,805.8947810406867
76424216,138.74232365705757
60569056,223.3202293813797
21429356,237.41654700209983
37147011,470.8133309441814
22363795,514.6441268762665
22711721,105.85091587537681
32781826,238.95839007202449
79919377,43.1517864518637
95950869,451.9449974527538
67975454,379.92156627922805
61846310,425.36744861170473
47190136,284.40427240450117
72140487,1175.3362386583285
33356353,469.1982445437902
57558815,115.2484609558569
85765913,398.7166564401882
67405346,440.9323659718816
47178751,199.82636668017904
92743619,522.4998288868228
67809997,572.5712404290725
95649734,610.1614207509933
35761786,389.31911135970813
20333506,373.68095066906335
39856656,672.787306844039
80659941,140.28416672698222
72539676,433.2231506222606
34808508,307.89813510570184
18684795,505.24658179578637
60926773,411.27113099098415
25343604,415.9699035312242
85280076,159.0792568879424
51516725,727.6307342569962
54359603,835.702502682519
65763192,253.0547076927446
53926540,343.873229027231
77237054,21.273010151054677
75498756,-8.461468160309778
99166662,503.55825206492773
72410551,489.60842110514204
82923327,569.4875542892241
46066488,663.3897617635585
33059137,592.9081736599569
51480279,367.4403350588991
19373977,607.0044912806775
90715980,212.38084123097542
56492794,44.76687285225535
46037369,245.19900568218873
22743995,639.8958990623582
42553042,603.8475618103616
36975311,824.6898712016468
75351486,137.12723725666592
30981897,1087.8211334550933
35580501,318.7642799256387
40483549,188.88697852977475
64819235,144.98293926722226
26688957,370.5240211987475
94904538,229.5608449915444
46754012,439.39052290195787
36796857,40.068100312015304
28461943,332.9338408768267
14026453,564.7887817489841
69053024,267.1510253134652
32733126,251.51286462282042
40931025,141.89925312737387
19427950,129.27153524611003
84597120,533.3659737067601
18811334,434.6917503617178
78324699,733.798106536693
77953974,134.04355111681753
27862041,534.9810601071517
37247191,251.51286462282042
25562317,306.20980537484274
73172608,220.16329991106386
33104896,202.98329615049533
82319650,415.8966602007572
21799452,276.5485703939453
64888946,289.0298016142742
97264595,494.3071936453821
10429454,262.45225277322515
61575325,320.4526096564982
56897257,29.12871216161102
37059519,442.54745237227326
52110520,644.5946716025983
81197632,513.0290404758753
78041929,71.41766502377186
62481600,574.0398401685293
79068390,409.6560445905925
35652591,-89.95568774478352
39694436,262.45225277322515
95898355,509.9453543360264
80006639,-83.71507213461928
53958546,848.1104905723801
58986255,646.1365146725225
35034634,345.48831542762264
21845497,500.5478092555463
40578913,298.5005900252213
52684708,354.8858605081027
89834641,116.79030402578155
65511611,754.2082830980453
65731676,245.19900568218873
83770991,691.5823970049992
56280602,445.70438184258956
44140498,195.127594139939
52748496,140.28416672698222
76136540,340.7895428873826
35483441,185.7300490594589
25193108,404.95727205035246
27434478,-133.859727007336
84357441,636.8122129225094
70840263,33.82748470185106
45633382,160.69434328833404
68317032,508.40351126610267
73465107,321.99445272642197
24929921,600.6906323400458
87300428,472.2086873531707
69871020,109.00784534569311
23755175,685.3417813948354
91971062,486.37824830435875
74483617,118.4053904261732
89642342,179.48943344929467
33276861,231.17593139193605
18861332,300.04243309514595
77211245,281.2473429341853
52041127,228.01900192161975
95864050,278.16365679433693
82528777,90.21275518473249
62702832,954.5671725975108
24146181,328.23506833658666
90263367,270.3079547837806
47033948,536.5229031770755
97856612,204.52513922041908
73014333,917.0502356060574
46731094,422.2105191413889
15781171,455.10192692306964
51156245,82.35705317417614
85958922,466.1145584039414
52550761,-85.25691520454347
15567593,329.8501547369783
50279318,722.8587183862887
88796422,-110.29262097566834
66724358,332.9338408768267
51443999,556.9330797384278
32661637,263.9940958431489
12999579,616.475279691625
32460111,99.61030026521257
70354263,52.549331532343786
99768418,193.43926440908035
93597400,21.273010151054677
42968448,350.1870879678627
11447851,646.2097580029899
76146411,467.65640147386557
86917958,1159.844564628619
57526187,-42.96796234238218
71062405,264.0673391736168
72847399,649.2934441428383
54891075,303.12611923499435
89841901,143.4410961972976
90056417,641.5109854627499
77892346,671.2454637741148
31627402,-108.75077790574369
78864638,312.5969076459419
16022883,589.7512441896415
21980955,340.7895428873826
98291218,-39.81103287206679
37406677,271.84979785370524
73253470,87.05582571441619
80239984,632.0401970518024
60323265,702.3752984944695
93655248,295.3436605549059
58796215,544.1588751962295
94203496,461.3425425332339
89472702,174.79066090905462
29142290,254.66979409313626
71021568,737.0282793374763
69197364,509.9453543360264
67499939,514.6441268762665
51780875,381.4634093491518
46941857,556.8598364079608
57911836,1000.0862982604554
38559875,184.1882059895347
81398050,292.1867310845896
75334315,536.5229031770755
59308610,199.82636668017904
16247087,649.3666874733058
43247285,408.11420152066876
45215633,696.2079262147722
40481058,639.8958990623582
40365284,671.2454637741148
92836079,782.400918339486
70303716,439.46376623242486
81749724,212.38084123097542
41853820,553.7029069376445
81440480,162.23618635825824
84996580,622.6426519713223
35919442,735.4131929370847
19046260,274.93348399355364
90423631,408.11420152066876
92961031,63.56196301321597
89855372,40.068100312015304
77816576,126.18784910626164
12194715,246.81409208258037
20115124,525.5835150266712
73703358,411.19788766051715
89792966,108.93460201522521
43706254,329.77691140651086
70266281,51.00748846242004
78529732,340.7895428873826
31638825,-165.1360483886251
58167471,162.23618635825824
93767960,-146.34095822766494
55879589,362.74156251865907
67388602,303.1993625654618
86008328,744.8107380175652
53844650,392.4760408300235
86660948,508.25702460516777
39941650,11.875465070574592
44395757,243.65716261226453
81989533,500.5478092555463
46504700,-219.9062324711149
39402032,209.22391176065912
85919943,226.47715885169555
80733130,539.6798326473918
25189661,124.64600603633744
14623666,477.05394655434566
70848155,392.4760408300235
68571484,658.6909892233184
51228995,924.8326942861463
49683485,852.8825064430875
56036763,556.8598364079608
32459332,312.5236643154749
10860915,168.47680196842293
43696664,163.7780294281829
87941364,336.09077034714255
76183083,325.07813886627036
20966309,401.87358591050406
37699108,157.5374138180182
55952526,365.82524865850746
15616438,386.16218188939183
86514240,710.4507304964272
92945955,301.6575194955376
63145934,389.31911135970813
58853662,738.5701224074005
79304271,509.9453543360264
24276255,350.1870879678627
43245413,370.5240211987475
59024690,433.14990729179317
13551336,177.87434704890302
44848614,-13.16024070054982
61087377,259.29532330290886
11885900,495.8490367153063
92535927,343.94647235769844
21708152,304.741205635386
45352808,315.7538371162577
75624156,569.4875542892241
32001265,538.0647462470001
20413825,816.9074125215584
40305802,398.7166564401882
61861688,929.6047101568533
33441351,206.06698229034373
30365812,68.26073555345602
43625038,-83.64182880415183
40659534,181.03127651921886
72885406,88.59766878434084
55817366,268.76611171385684
78604997,552.2343071981877
14364198,76.11643756401236
70814486,549.0041343974044
71030650,563.0272086876575
93257457,317.2956801861819
65515227,-89.95568774478352
23048185,838.7861888223674
64021401,195.127594139939
81601136,155.995570748094
60464050,478.52254629380286
62126832,301.6575194955376
76122802,193.5857510700148
68619547,417.51174660114884
69931017,586.6675580497927
52039321,553.7761502681119
96748453,663.3897617635585
40650345,862.2800515235681
94190496,503.6314953953947
40034795,409.6560445905925
16725203,384.6203388194681
37869032,560.0900092087436
87784983,525.5835150266712
67445694,295.3436605549059
44138052,82.35705317417614
56359862,469.1982445437902
27113776,278.16365679433693
73853459,411.19788766051715
76284169,124.64600603633744
42581373,708.8356440960356
74617250,466.0413150734739
29606632,259.29532330290886
22328059,321.99445272642197
94596005,506.788424865711
73640300,383.07849574954344
52511016,658.6909892233184
63643579,19.731167081130934
73979691,472.3551740141056
76806109,592.9081736599569
67084872,619.5589658314734
94616960,63.488719682748524
44018639,260.9104097033005
10369424,694.7393264753155
19417264,221.7783863114555
77137301,278.16365679433693
33598935,13.417308140499244
81379316,400.33174284057986
67627945,414.35481713083254
74067952,627.3414245115623
54161507,273.4648842540969
55930611,-177.61727960895405
64919315,624.2577383717139
92109871,614.8601932912334
88653847,375.22279373898755
50331596,466.1145584039414
68139580,649.2934441428383
80241693,375.22279373898755
74034028,932.6151529662347
22712040,372.13910759913915
18212521,329.8501547369783
60434302,276.5485703939453
45427525,375.22279373898755
95853311,251.51286462282042
70857259,300.04243309514595
81477083,159.0792568879424
27723524,447.1729815820463
25206032,1249.0479995627143
12102381,754.2082830980453
72428170,278.16365679433693
27672042,1153.3842190270525
77000429,285.9461154744258
95589605,414.35481713083254
44647376,520.8114991559637
21338536,132.50170804689333
13820529,538.0647462470001
24568041,489.60842110514204
90117191,572.5712404290725
45800664,-25.787958581813655
13557339,434.7649936921848
19087413,735.4131929370847
11616417,1094.0617490652576
22015830,585.052471649401
42617304,473.89701708403027
72598754,447.2462249125133
34839793,249.97102155289622
77660297,110.54968841561686
13706769,351.72893103778733
71694094,290.64488801466587
26712974,162.23618635825824
11161484,295.3436605549059
92404281,484.83640523443455
29267516,148.13986873753765
44574998,74.50135116362071
66291057,597.606946200197
13701175,170.09188836881458
24177160,129.34477857657748
81405301,664.9316048334831
11589439,198.2845236102553
17537269,514.5708835457995
98168887,494.3071936453821
57508409,267.1510253134652
83408387,348.6452448979385
43301435,807.5098674410783
49258344,351.72893103778733
98631322,332.9338408768267
69659096,276.5485703939453
99106028,307.89813510570184
37856658,249.97102155289622
42881579,25.97178269129472
77859891,264.0673391736168
81041727,475.5121034844219
47217829,323.5362957963466
53083229,311.0550645760177
79619006,433.2231506222606
87897995,62.020119943291775
17964917,639.8958990623582
80568888,414.42806046130045
43042929,134.04355111681753
62796073,124.64600603633744
61083401,599.1487892701216
14141477,387.7772682897835
68306110,177.87434704890302
43708354,693.1242400749238
73883907,429.9929778214773
75966104,372.13910759913915
55672599,16.574237610814635
14917596,307.89813510570184
65294870,10.333622000650394
14049454,155.92232741762655
93295381,536.5229031770755
27730907,1335.0945050264927
52543486,226.47715885169555
79427440,212.38084123097542
46627987,348.57200156747103
63096372,419.0535896710726
21047227,-130.6295542065527
94588817,489.5351777746746
82925355,345.48831542762264
20239710,240.57347647241613
66560522,123.10416296641324
34394729,561.6318522786678
74199492,303.1993625654618
59577067,483.29456216451035
69919638,696.3544128757071
46718033,805.8947810406867
84917912,237.34330367163284
31599665,151.29679820785395
39056365,403.41542898042826
48895978,340.71629955691515
47094246,461.41578586370133
19549587,364.28340558858326
18563899,22.81485322097933
81642903,80.8152101042524
12095543,105.85091587537681
67140026,392.4027974995565
11054636,159.0792568879424
21698635,354.81261717763573
23623849,281.2473429341853
71392936,209.22391176065912
83425325,392.4760408300235
14553390,-274.7496598840721
70274030,394.0178838999482
19402442,664.9316048334831
11041677,470.666844283247
77513563,201.3682097501037
87335721,581.9687855095526
17466406,340.71629955691515
11267365,209.22391176065912
89144675,356.4277035780274
89338457,500.5478092555463
87803439,367.4403350588991
20104582,224.86207245130436
95781089,444.1625387726649
66358482,-75.85937012406293
62863016,691.5823970049992
92557337,881.1483850149957
10876766,451.9449974527538
70473205,138.74232365705757
87569671,766.7627576488412
61139578,155.995570748094
53121878,198.2845236102553
15430462,198.2112802797874
67332796,358.042789978419
75641163,383.07849574954344
23552924,854.4975928434792
56332291,309.3667348451586
83472051,134.04355111681753
73213649,47.923802322571646
47802315,362.6683191881916
42459098,395.6329703003398
59654537,487.9933347047504
49312825,605.4626482107533
80983900,182.57311958914306
58178507,852.7360197821527
50382416,312.5969076459419
66073034,257.7534802329851
43848284,177.87434704890302
85092410,229.5608449915444
22321014,450.32991105236215
31162245,384.6203388194681
26802981,245.27224901265618
89737386,71.34442169330441
22704344,505.1733384653194
56000373,334.4756839467509
96310766,354.8858605081027
70324095,-221.52131887150654
86441629,332.9338408768267
12514793,577.2700129693126
89583392,223.3202293813797
36498032,527.1253580965954
22072881,-14.775327100941468
23992589,384.6203388194681
25380807,232.7177744618598
30026993,-38.26918980214214
65742850,-155.73850330814503
33236806,72.95950809369606
64518820,398.7166564401882
42371713,154.38048434770235
47924596,448.86131131290495
55469978,426.7628050206945
29356220,467.65640147386557
98913649,411.27113099098415
22201860,404.95727205035246
17005574,284.40427240450117
61767605,633.655283452194
63003964,1139.4343880672668
52904792,403.41542898042826
87014699,613.2451068908417
60476269,898.2551454450972
23374773,232.7177744618598
12887652,-18.00549990172476
11366466,191.97066466962315
62053080,259.29532330290886
21354279,545.9936915880235
58635346,246.81409208258037
57475663,401.87358591050406
44627129,321.99445272642197
29419543,567.7259812278976
47538164,539.6798326473918
19854086,495.8490367153063
63381374,61.946876612824326
55348437,18.116080680739287
80254443,901.4853182458805
23105559,414.35481713083254
25129271,231.10268806146814
40257293,624.2577383717139
63509506,412.8129740609088
45432136,708.6891574351012
19785631,-24.172872181422008
22859019,351.72893103778733
36147504,466.1145584039414
54449509,708.8356440960356
81205631,387.7772682897835
98103632,376.8378801393792
32691265,237.41654700209983
72768344,920.2071650763733
51890279,231.10268806146814
48043615,227.94575859115275
25374441,248.35593515250457
59962384,472.2819306836386
28910995,733.8713498671605
13141234,-58.60612303302696
50747063,639.8958990623582
55252279,494.23395031491464
52007426,433.0766639613262
30847276,329.8501547369783
62106368,171.63373143873832
60214573,472.3551740141056
40002314,744.8107380175652
32428356,589.7512441896415
53658343,426.90929168162893
29161839,140.28416672698222
46396012,254.5965507626688
62360708,278.16365679433693
43297939,118.4053904261732
12562149,606.93124795021
36028116,296.95874695529756
87330286,182.57311958914306
88119407,611.776507151385
26750897,472.2819306836386
49969361,298.5005900252213
97204974,122.95767630547834
99702598,376.76463680891175
52763802,437.8486798320332
68901809,412.8129740609088
39208673,409.72928792105995
54033485,-5.377782020461382
54497531,516.1127266157237
53990991,419.1268330015405
84489537,317.2956801861819
35670801,492.69210724499044
78791350,193.5857510700148
20845184,527.1986014270628
13555027,392.3295541690891
37646059,185.7300490594589
76127874,486.37824830435875
92134461,524.041671956747
35770374,560.0167658782761
71020209,635.1971265221182
34171582,513.0290404758753
50654248,339.17445648699095
42458567,212.38084123097542
19190057,583.5106285794768
54080489,270.3079547837806
68542535,431.608064221869
45210646,353.344017438179
59714270,182.57311958914306
88185676,788.7147772801177
71490260,21.273010151054677
30639393,-55.449193562711116
82576353,491.15026417506624
24335906,666.5466912338748
21049647,713.4611733058082
13781432,265.60918224354054
86079138,19.65792375066303
40000990,425.36744861170473
73775201,390.86095442963233
35148701,647.7516010729141
81596880,274.93348399355364
94320273,545.920448257556
36438421,420.66867607146423
53057217,334.54892727721835
25248077,491.15026417506624
73038169,218.62145684113966
73258090,232.7177744618598
87336796,783.9427614094102
78963426,323.5362957963466
12232405,484.83640523443455
86811261,534.9078167766838
43165541,669.7036207041906
83018865,838.8594321528344
37762842,254.5965507626688
65591705,406.5723584507441
67890361,271.84979785370524
94753186,296.88550362482965
93051402,807.4366241106104
18623638,495.8490367153063
35256497,207.60882536026793
79246585,226.47715885169555
23762226,499.0059661856221
67287814,188.88697852977475
78864148,577.2700129693126
30658878,-22.63102911149781
97960066,21.273010151054677
19914732,323.5362957963466
23619037,-6.919625090386035
27095793,251.51286462282042
83667300,619.5589658314734
76686009,566.3306248189078
79911388,577.2700129693126
36038618,104.30907280545262
91489166,326.693225266662
64088644,523.9684286262795
10087238,325.07813886627036
68403788,943.6277844471065
95817054,467.65640147386557
57182933,951.4834864576624
83941537,-72.70244065374754
86909159,929.6047101568533
45478492,373.68095066906335
84142111,395.6329703003398
45223652,520.8847424864312
15651868,912.4247063962848
48952352,251.51286462282042
53380245,545.920448257556
56211427,417.51174660114884
66961588,478.52254629380286
38567012,442.54745237227326
74938615,-172.918507068714
81147200,646.063271342055
74772897,289.1030449447412
80316029,134.04355111681753
76791795,264.0673391736168
95549661,500.47456592507933
91524955,453.486840522678
93849275,368.90893479835586
61885188,-107.1356915053525
17120455,688.4987108651508
71403569,793.3403064898903
57944962,104.30907280545262
72483844,362.74156251865907
45141218,607.0044912806775
47525065,984.448137569811
24379765,278.16365679433693
91215387,232.7177744618598
39945150,661.8479186936347
25481926,275.0067273240211
72167432,400.33174284057986
15652519,395.6329703003398
58079379,152.83864127777815
81779274,273.39164092362944
11313638,581.8955421790852
82915596,581.9687855095526
12551058,782.474161669953
69374139,1208.3741331009446
27490970,501.9431656645361
28663701,353.2707741077111
51901697,238.88514674155704
19964529,397.174813370264
14203976,251.51286462282042
86724526,362.74156251865907
46513661,127.80293550665328
42464585,317.2956801861819
14360059,423.67911888084564
72181637,732.2562634667688
78956787,594.4500167298816
30264496,636.8122129225094
77227528,613.3183502213092
50534372,-69.61875451389915
12187853,447.2462249125133
97814800,303.12611923499435
49704538,372.13910759913915
31844965,826.231714271571
89449307,77.6582806339361
72286626,715.0762597061998
90641879,108.93460201522521
39977212,321.99445272642197
56406335,337.63261341706675
46671061,696.2811695452397
21883230,788.6415339496502
57754484,420.66867607146423
96138639,30.670555231535218
48581654,466.0413150734739
15477564,401.87358591050406
18367532,414.35481713083254
57040971,94.91152772497253
24677280,276.47532706347783
38279741,16.574237610814635
39630161,502.089652325471
94354941,287.48795854434957
73739305,458.2588563933855
36839896,151.29679820785395
60950133,751.1245969581969
34560824,387.7040249593165
89848060,406.4991151202771
21727334,652.4503736131546
96402755,66.71889248353182
99203156,401.87358591050406
69252455,990.6887531799748
86645439,-16.31717017086612
83677892,306.2830487053102
22897635,279.7054998642611
45288708,741.6538085472489
59969436,133.97030778635053
94774349,49.46564539249539
16886474,998.4712118600637
44198009,343.94647235769844
64700341,679.0279224542037
64505698,906.1108474556531
77323444,541.2216757173155
27706778,1114.325438965675
59628829,596.0651031302732
55365465,580.353699109161
69970571,555.3912366685036
94271260,306.35629203577764
52700573,1294.2741519037882
45014443,33.82748470185106
71021280,54.16441793273543
51886091,212.38084123097542
91170937,112.09153148554151
92081846,-149.42464436751334
95719079,309.43997817562604
12428005,356.4277035780274
38292857,935.845325767018
75786036,754.2082830980453
76868352,240.57347647241613
61787836,614.8601932912334
92993294,444.1625387726649
23885591,588.2826444501843
40800066,375.22279373898755
56146741,307.8248917752344
49447892,340.71629955691515
52965378,268.6928683833894
93685952,-176.07543653902985
89649731,202.98329615049533
47102704,361.1264761182674
52908918,307.8248917752344
77943419,595.9918597998053
92500699,473.89701708403027
51420779,740.1119654773252
72830394,29.12871216161102
72781023,736.9550360070089
16161212,384.6203388194681
73724856,605.3894048802858
76991618,506.788424865711
95797758,132.50170804689333
82786703,295.3436605549059
77183119,292.2599744150575
56026782,275.0067273240211
16589083,127.80293550665328
47749953,564.7155384185162
27187508,386.16218188939183
51723171,191.97066466962315
56627258,275.0067273240211
75635227,483.29456216451035
57547046,470.8133309441814
36631973,475.438860153954
17463415,-154.19666023822083
26674861,441.0056093023495
56995341,63.56196301321597
26126144,196.66943720986364
58450363,350.1870879678627
89312269,287.48795854434957
16817991,52.62257486281169
84965319,555.3179933380361
43319013,658.6909892233184
44400321,275.0067273240211
80024230,254.66979409313626
74521218,721.3168753163645
44832141,198.2112802797874
70162625,459.8006994633097
43589357,492.69210724499044
14100726,285.9461154744258
36520084,343.873229027231
98999098,325.15138219673827
14148442,231.10268806146814
90033275,270.3079547837806
19819492,354.8858605081027
94929441,534.9078167766838
64769677,434.7649936921848
80605119,212.38084123097542
61896581,-72.70244065374754
25053770,82.35705317417614
74893395,755.7501261679695
53560531,1023.6534042921235
89710260,215.46452737082382
93875018,359.58463304834277
64766158,730.7144203968446
54305179,226.47715885169555
30403292,542.8367621177072
60767564,215.46452737082382
35303188,392.4760408300235
21177257,375.22279373898755
15350431,-3.762695620069735
19112314,188.8137351993073
10078818,-21.015942711106163
23150338,428.5243780820206
47635759,392.4760408300235
30605686,398.7166564401882
29709781,414.35481713083254
13735642,321.921209395955
99020214,55.706261002660085
28873624,542.8367621177072
70890497,912.4247063962848
99675492,401.87358591050406
62216584,198.2845236102553
84668724,470.74008761371397
88738488,567.8724678888325
35683009,835.6292593520511
72816721,638.354055992434
19163259,353.344017438179
51202613,835.702502682519
56056704,148.13986873753765
49879334,154.38048434770235
16786843,303.1993625654618
47533115,36.91117084169946
22109413,625.7995814416377
85518746,-60.14796610295116
93362991,-257.4964127930357
16124077,57.32134740305173
76182432,83.8988962441008
26790843,331.39199780690205
89672220,-88.41384467485932
12756298,907.7259338560443
16926806,237.41654700209983
14000956,617.9438794310822
36806959,-75.85937012406293
87017954,118.33214709570575
43944283,679.1011657846707
44101724,254.5965507626688
67316534,691.5823970049992
88490548,660.2328322932431
88665651,265.60918224354054
83830852,296.95874695529756
35512699,447.2462249125133
49228670,368.90893479835586
47172196,359.58463304834277
86195285,456.7170133234613
61100752,207.60882536026793
23609539,430.0662211519448
95881788,672.787306844039
44925764,522.4265855563553
83971268,24.356696290903074
17370699,674.4023932444306
76384877,477.05394655434566
93972349,16.574237610814635
64752973,-68.0036681135075
22747583,547.5355346579477
38304968,462.8843856031581
10235307,91.75459825465668
25779125,-19.474099641181965
12843653,699.4380990155555
78094768,528.740444496987
10635284,223.3202293813797
13687234,77.6582806339361
53936042,94.91152772497253
82732686,350.1870879678627
96543781,68.18749222298857
82228529,257.7534802329851
12775154,165.39311582857408
55255907,332.9338408768267
32916130,-44.50980541230683
18504284,812.1353966508505
65825890,462.95762893362553
33391713,536.5229031770755
93331533,624.2577383717139
89345152,426.90929168162893
46576484,431.608064221869
33320733,342.25814262683934
10724817,549.0773777278719
41244276,25.97178269129472
39841607,426.90929168162893
59463885,611.776507151385
61317492,726.0888911870716
33725830,397.174813370264
15316450,411.19788766051715
53318939,47.923802322571646
82300735,560.0167658782761
44927585,372.13910759913915
80951510,671.0989771131804
51421456,632.0401970518024
67936055,581.9687855095526
48065777,705.5322279647849
56103730,719.7017889159729
40566531,336.09077034714255
61129612,392.4027974995565
72015593,458.2588563933855
73826407,109.00784534569311
88021730,-171.3766639987898
85653819,138.74232365705757
45194339,109.00784534569311
91086895,210.76575483058377
51919540,162.23618635825824
23157322,762.0639851086012
51628095,187.2718921293831
96537190,66.64564915306437
53402735,292.2599744150575
36360155,224.86207245130436
37694507,69.80257862338021
83593533,340.7895428873826
24284452,207.68206869073538
21000889,459.72745613284224
18518898,87.05582571441619
11533995,115.2484609558569
91728492,481.7527190945857
32889326,575.6549265689209
16392740,718.1599458460482
93954664,602.3789620709049
40527969,685.3417813948354
13359501,455.10192692306964
54613106,447.2462249125133
89494294,77.58503730346911
43243456,-168.21973452847396
49320975,1228.711066331829
66824387,151.29679820785395
13395531,1054.8564823429451
84702746,264.0673391736168
46376987,321.99445272642197
16949551,763.5325848480579
76113598,597.53370286973
88051686,503.6314953953947
21575972,563.1736953485924
25797068,1082.975874253918
46519671,478.5957896242703
62958708,27.513625761219373
41163598,632.1134403822693
90108134,431.608064221869
40305514,284.40427240450117
28323820,539.6798326473918
36148206,310.98182124555024
41903222,406.4991151202771
34111269,223.3202293813797
22460898,870.1357535341235
87095926,534.9810601071517
99063606,704.1368715557956
41090287,491.15026417506624
76553835,411.27113099098415
40520930,635.1971265221182
72499276,110.54968841561686
40722377,33.82748470185106
23596828,-58.60612303302696
94118199,616.4020363611576
54177823,433.14990729179317
32744353,777.775389129713
83540534,409.72928792105995
60135160,455.10192692306964
32215997,741.6538085472489
60591783,571.0293973591479
75534413,213.92268430089962
74381587,448.86131131290495
83928867,494.23395031491464
31779925,82.35705317417614
71389415,395.5597269698724
36657020,282.7891860041095
52833217,447.3194682429812
43206206,527.1253580965954
21701449,251.51286462282042
38073031,339.2476998174584
34369333,242.11531954234033
92620587,52.62257486281169
11512547,1095.6035921351818
81501365,422.2105191413889
91014044,641.5109854627499
90225400,469.1982445437902
77353219,694.7393264753155
55291546,613.3183502213092
22923482,458.18561306291804
14288303,343.94647235769844
55909136,685.3417813948354
41957261,340.7895428873826
17675131,137.20048058713382
13490253,88.59766878434084
79023756,898.3283887755642
98393510,602.305718740437
36169986,185.7300490594589
98879925,552.2343071981877
64713126,184.1882059895347
54807445,520.8847424864312
76751871,484.909648564902
98441518,242.11531954234033
54149693,542.8367621177072
42794612,-3.762695620069735
76036112,704.1368715557956
14657728,732.3295067972363
73292737,1285.023093484243
37897222,838.7861888223674
24707301,954.7136592584457
54570938,689.9673106046075
47969890,453.560083853145
86391847,650.835287212763
43251995,193.5857510700148
61789630,278.16365679433693
12601759,303.1993625654618
86045386,163.7780294281829
67870680,450.4031543828296
92603070,282.7891860041095
45118743,581.9687855095526
40352166,898.4016321060321
96817260,885.7006708943009
70031890,520.8114991559637
18280163,1164.3236071774568
84418154,588.2094011197169
50657043,469.1250012133223
24196657,395.6329703003398
30339428,-257.4964127930357
97021401,448.78806798243795
35926246,522.4265855563553
78296017,-266.89395787351623
91378970,155.995570748094
80348783,575.7281698993879
90424864,389.31911135970813
65449342,442.62069570274116
50552285,434.6917503617178
96371635,642.9795852022066
72833770,455.10192692306964
94834332,696.2811695452397
34291304,528.740444496987
61020465,11.875465070574592
58556746,441.0056093023495
39138083,509.8721110055594
25334186,268.6928683833894
34764813,2.477919990094506
37404139,475.438860153954
44171473,453.560083853145
32137098,-6.919625090386035
72644851,486.4514916348262
57301182,174.71741757858672
68777856,271.84979785370524
46687209,182.4998762586756
69167315,383.07849574954344
82057134,718.2331891765161
28611499,-91.49753081470772
73817431,491.0770208445988
66885663,1177.0978117196555
81244724,843.4849613626075
17815149,384.6203388194681
76792976,436.306836762109
32232188,730.7876637273121
32884692,447.2462249125133
51904668,365.75200532804
54177086,863.7486512630248
79785130,339.17445648699095
24791309,-110.29262097566834
79748184,-163.52096198823347
71076766,505.24658179578637
91713473,461.41578586370133
21889636,274.93348399355364
88684450,534.9078167766838
13868166,798.0390790301303
72609306,-255.95456972311194
40230821,571.0293973591479
65326864,121.4890765660216
47873334,-417.2546791611999
38502225,367.36709172843166
78086792,401.87358591050406
19000370,428.4511347515531
18794356,472.3551740141056
15695931,364.28340558858326
69820899,453.560083853145
42730808,231.17593139193605
55693372,339.2476998174584
39793167,516.1859699461911
42174587,928.1361104173966
17562701,-111.83446404559254
75887228,655.534059753003
86381737,312.5969076459419
50478816,132.50170804689333
59640073,694.5928398143806
76678970,531.8241306368354
23159711,-276.2915029539963
74146213,90.21275518473249
73679527,949.8684000572707
83678670,487.9933347047504
82153168,738.5701224074005
81585077,-19.474099641181965
51172809,509.8721110055594
93348209,317.2956801861819
40526730,209.22391176065912
35477741,458.18561306291804
26904107,72.95950809369606
98083773,368.9821781288233
62394914,628.956510911954
38403298,589.7512441896415
19395977,29.12871216161102
28561023,852.8825064430875
45885910,599.1487892701216
95086890,357.9695466479511
19776574,217.00637044074801
60586201,395.4864836394049
89147481,938.9290119068664
47209892,278.16365679433693
47476854,547.4622913274802
60953282,251.51286462282042
72001460,141.89925312737387
22546493,54.16441793273543
48912589,381.5366526796197
37241017,157.5374138180182
40152795,534.9810601071517
45771924,389.31911135970813
70307319,384.6203388194681
42825484,179.41619011882722
32535623,221.7783863114555
54789245,459.8006994633097
72682970,589.8244875201085
51218700,585.052471649401
16039328,445.70438184258956
44678506,541.2949190477834
59530373,195.127594139939
81467001,152.83864127777815
50258434,621.1008089013976
27681355,151.29679820785395
69431073,566.3306248189078
93968709,776.0870593988543
56478207,160.69434328833404
19466001,746.4258244179568
45204787,104.30907280545262
44120969,498.9327228551547
11347094,-58.60612303302696
33817003,292.2599744150575
84812841,264.0673391736168
82947487,113.70661788593316
22317982,62.020119943291775
95086863,166.8617155680313
73084974,436.306836762109
96665202,325.15138219673827
52954565,580.4269424396284
22781049,234.25961753178444
39742164,107.31951561483356
20712973,495.8490367153063
76124953,157.5374138180182
53726970,190.35557826923196
30895251,600.6906323400458
87940348,682.2580952549865
95321478,552.2343071981877
41613207,96.45337079489673
64780104,846.6418908329229
72574405,747.8211808269461
87909513,-57.06427996310276
80918662,434.7649936921848
50842195,287.561201874817
37167999,503.7047387258626
56430683,520.8847424864312
62519911,627.4146678420293
29251792,325.07813886627036
85925973,-121.23200912607263
34644536,191.97066466962315
39276706,556.7133497470259
81892516,91.68135492418924
30222761,513.0290404758753
10422044,516.1127266157237
28074362,509.9453543360264
64967123,102.69398640506142
38282963,541.2216757173155
76769818,570.9561540286809
81835353,104.30907280545262
34737343,975.1238358197979
51032996,49.46564539249539
32565254,497.3908797852305
51764743,439.39052290195787
92831396,533.2927303762922
84077215,315.7538371162577
77480283,577.2700129693126
52724196,357.9695466479511
78039908,530.2822875669117
46605850,910.8096199958932
61041851,88.59766878434084
10551671,246.81409208258037
84956232,430.0662211519448
93609795,414.35481713083254
63261476,364.2101622581158
78773692,326.693225266662
41527728,732.3295067972363
86838609,94.91152772497253
46835475,278.0904134638695
23285553,254.66979409313626
83082562,109.00784534569311
33889237,931.146553226778
46836989,312.5969076459419
42683388,954.6404159279787
15212938,384.6203388194681
63857629,76.11643756401236
71736760,589.8244875201085
41166882,483.29456216451035
88287708,389.31911135970813
68218612,794.9553928902819
34505104,580.4269424396284
50756606,707.2938010261114
40004505,160.69434328833404
89798576,492.618863914523
43860123,287.561201874817
93655218,605.4626482107533
71051446,442.62069570274116
93380848,386.23542521985974
27980449,190.42882159969895
57084880,701.0531854159472
46438239,267.1510253134652
30942515,253.0547076927446
19590564,708.8356440960356
83623165,-172.918507068714
76716085,309.43997817562604
60666996,-27.256558321270404
78361983,318.8375232561066
72701952,541.2949190477834
74922910,13.417308140499244
63759907,110.54968841561686
68856134,246.81409208258037
79795778,295.3436605549059
97178936,500.47456592507933
56185778,223.3202293813797
48290079,563.1736953485924
29392023,649.2934441428383
54780943,533.3659737067601
97751068,514.5708835457995
69746506,525.5835150266712
55371174,408.11420152066876
67781652,422.2105191413889
78245291,171.63373143873832
64158812,716.6913461065915
60974365,365.82524865850746
12800790,273.4648842540969
96154030,668.088534303799
98482327,320.4526096564982
17464700,524.041671956747
56270967,733.8713498671605
46584495,260.8371663728335
72785702,782.3276750090185
41281460,185.7300490594589
80424496,665.0048481639501
18835766,118.4053904261732
87502261,-191.78684056014208
96135205,135.58539418674218
26258289,16.574237610814635
75302604,375.22279373898755
98645752,174.79066090905462
58643859,776.2335460597888
90141148,724.4738047866799
52181895,141.89925312737387
16710404,257.7534802329851
26056734,666.4734479034073
39602380,751.051353627729
66983144,683.7999383249107
52507579,445.70438184258956
97432890,439.39052290195787
85547503,135.58539418674218
63906202,522.4998288868228
84599750,-77.40121319398759
84325254,350.1870879678627
39975048,694.7393264753155
81574706,561.6318522786678
30468791,495.8490367153063
97533812,367.36709172843166
18711694,152.83864127777815
51787778,693.1242400749238
61409887,-22.55778578103036
22014620,567.8724678888325
38836545,134.04355111681753
87391833,810.4470669199918
69117778,328.23506833658666
68122788,561.6318522786678
51241051,271.84979785370524
87186215,594.4500167298816
84468326,406.5723584507441
86410473,702.5217851554039
56236242,209.22391176065912
59626902,810.5935535809267
66112801,140.28416672698222
84626603,328.1618250061192
68630773,373.68095066906335
33563434,790.2566203500419
52975992,649.3666874733058
26817104,649.3666874733058
19501484,213.92268430089962
62595745,574.1863268294642
41563117,268.76611171385684
52796320,334.4756839467509
21489695,390.9341977600998
56658010,235.8747039321761
91048109,705.6787146257197
68814610,364.28340558858326
47089966,686.8836244647591
79261064,249.89777822242877
43267298,257.7534802329851
35491922,96.45337079489673
91103900,664.9316048334831
81885878,528.66720116652
10004659,143.4410961972976
49810234,210.76575483058377
65062190,307.89813510570184
57566037,643.0528285326741
55754004,520.8847424864312
99179360,228.01900192161975
67491962,223.2469860509127
55660033,345.48831542762264
96584547,184.1882059895347
36088377,-102.436918965112
97242422,-30.486731122053698
12109366,342.3313859573068
57248099,439.46376623242486
46843789,628.956510911954
15574311,415.9699035312242
39119987,358.042789978419
95964371,249.97102155289622
93965777,553.7761502681119
32720737,265.60918224354054
38011636,614.7869499607659
28738450,195.127594139939
82845868,466.0413150734739
92357814,727.5574909265288
94273774,650.90853054323
86770972,522.4265855563553
95965665,469.1982445437902
80658412,818.4492555914826
11188732,132.42846471642588
78466957,-166.67789145854977
77853776,174.71741757858672
81589793,220.16329991106386
49765777,314.1387507158661
88579415,597.606946200197
65011154,132.50170804689333
32352609,317.2956801861819
25644810,414.42806046130045
36867135,246.81409208258037
88848522,632.1134403822693
54293859,166.93495889849828
33019527,467.65640147386557
46924492,437.8486798320332
19488750,425.2942052812373
94594464,82.35705317417614
73247876,-5.377782020461382
71373451,464.4994720035497
27655514,649.2934441428383
94112335,212.38084123097542
79135715,437.8486798320332
69231521,176.33250397897837
11994136,238.95839007202449
27288623,624.2577383717139
88123955,426.90929168162893
10000265,575.7281698993879
79772833,15.032394540890891
93882232,718.0867025155812
32109681,135.58539418674218
65404136,217.07961377121546
33831079,469.1982445437902
71847266,306.35629203577764
81003839,429.9929778214773
19285579,-143.1840287573491
51911514,519.196412755572
55539434,718.2331891765161
44536751,376.76463680891175
70028057,132.42846471642588
86860126,622.7158953017893
64254454,439.39052290195787
98284782,566.3306248189078
34610652,420.66867607146423
75568847,242.11531954234033
65674652,-135.32832674679275
55019276,392.4760408300235
55592552,719.7750322464399
94267636,292.1867310845896
69222634,62.020119943291775
85591369,646.1365146725225
43835656,234.25961753178444
87803052,397.174813370264
26232040,331.39199780690205
91061668,650.90853054323
30001734,323.5362957963466
64074995,459.8006994633097
98892450,364.28340558858326
30473837,538.1379895774671
95158643,62.020119943291775
42377220,176.33250397897837
64814717,254.66979409313626
30148862,668.088534303799
62010302,207.68206869073538
99477712,152.83864127777815
70875105,677.5593227147465
20465640,1059.6284982136526
27850961,115.1752176253899
44835254,996.9293687901395
37634561,375.22279373898755
46702648,419.1268330015405
86839823,754.2815264285123
67985741,467.5831581433986
27791703,-100.89507589518826
27289673,511.48719740595106
47043760,94.91152772497253
54808934,76.04319423354445
98155995,472.3551740141056
69341643,525.4370283657368
19401682,223.3202293813797
97496254,585.1257149798685
26009392,381.4634093491518
76357312,752.5199533671862
60644292,489.5351777746746
92095667,245.19900568218873
16021125,218.62145684113966
52662306,309.43997817562604
22527415,575.7281698993879
11178457,639.9691423928257
19452873,516.1859699461911
89463603,221.70514298098806
55778959,-129.08771113662897
45079947,487.9933347047504
71913651,260.9104097033005
26030335,301.6575194955376
18887144,328.23506833658666
67192573,719.8482755769078
93955593,412.8129740609088
51025425,135.58539418674218
59882564,444.0892954421979
39586553,702.5217851554039
10235871,162.23618635825824
44636319,372.0658642686717
37290007,538.0647462470001
14108687,245.27224901265618
34932666,2.477919990094506
80941617,534.9810601071517
54682782,494.23395031491464
89652985,448.7148246519705
13137515,315.6805937857903
69623259,228.01900192161975
58672181,282.862429334577
19145583,293.80181748498126
15756823,-307.6410676657533
48404289,415.9699035312242
81082424,553.7761502681119
73224913,356.4277035780274
75845341,-2.2208525501459917
98474913,57.32134740305173
41962691,419.1268330015405
48961741,57.32134740305173
87593653,77.6582806339361
84917993,226.47715885169555
24081947,492.69210724499044
54462462,442.54745237227326
51963469,461.3425425332339
94467679,357.9695466479511
31642363,595.9918597998053
66097711,176.33250397897837
12884742,0.9360769201703079
94999391,165.39311582857408
44605879,586.6675580497927
35787017,577.2700129693126
45450960,296.95874695529756
95291199,115.2484609558569
96016558,611.7032638209175
84566828,77.6582806339361
47412693,365.82524865850746
49029700,229.5608449915444
60010012,313.99226405493164
75883768,450.4031543828296
26202342,353.2707741077111
42317663,370.5240211987475
81534336,589.8244875201085
89007837,414.35481713083254
55830410,616.4020363611576
42889086,235.8747039321761
81610198,524.041671956747
17452253,217.07961377121546
71203731,170.09188836881458
80449971,412.8129740609088
69429731,353.344017438179
54605956,265.60918224354054
34299688,357.9695466479511
87819668,534.9078167766838
35995429,119.9472334960974
79395935,-78.94305626391179
77309412,387.7772682897835
43863935,611.7032638209175
25184246,664.9316048334831
36615071,486.4514916348262
38474717,359.58463304834277
93825316,762.1372284390686
33683398,440.9323659718816
69346242,547.4622913274802
59095929,415.8966602007572
87118088,638.354055992434
45924958,721.3168753163645
78591323,176.33250397897837
37759814,838.7861888223674
79378632,115.1752176253899
74799649,112.09153148554151
53222755,542.7635187872402
36749663,260.8371663728335
48476133,513.0290404758753
49028666,650.90853054323
74177764,229.5608449915444
14771208,384.6203388194681
53613430,658.6909892233184
58749152,207.68206869073538
32751897,110.54968841561686
26470651,-163.52096198823347
35002941,464.4994720035497
18541890,412.8129740609088
57596711,566.2573814884408
24072464,129.34477857657748
31435093,918.6653220064491
30602585,439.46376623242486
75360000,127.80293550665328
46273615,549.0041343974044
95181699,331.39199780690205
91310621,771.3882868586143
82017783,-158.82218944799342
70908643,951.5567297881298
15861638,204.52513922041908
50835625,116.79030402578155
28964861,628.956510911954
29864397,372.0658642686717
12057084,448.86131131290495
28334945,314.1387507158661
60084019,118.4053904261732
63996133,57.32134740305173
24215888,321.99445272642197
73974645,397.174813370264
75072747,262.45225277322515
45633768,462.95762893362553
35646913,613.3183502213092
53661067,223.3202293813797
78907585,188.88697852977475
76922109,403.41542898042826
62248680,273.4648842540969
73320273,470.74008761371397
22179940,66.71889248353182
26991418,298.5005900252213
21855522,165.39311582857408
55265808,644.5946716025983
58224140,33.754241371383614
19913819,263.9208525126819
90275479,300.04243309514595
97988475,213.92268430089962
83636674,368.9821781288233
19875524,693.0509967444564
90421480,-163.52096198823347
81793670,212.38084123097542
85521270,683.7266949944437
97359529,259.29532330290886
91814930,527.1253580965954
39016297,340.7895428873826
94156929,367.36709172843166
45023538,188.88697852977475
58269517,118.33214709570575
35694304,702.5950284858714
64951262,268.76611171385684
95920942,96.45337079489673
41847450,682.1848519245191
15255858,-274.7496598840721
95924527,90.13951185426504
12518283,317.2956801861819
99811369,173.17557450866298
59569343,428.4511347515531
47206769,-85.25691520454347
51079651,345.48831542762264
23194465,337.63261341706675
83356805,264.0673391736168
26586384,365.75200532804
55548495,-238.70132263207552
86324071,263.9208525126819
75101749,304.66796230491855
16463144,-201.11114231015472
19396787,68.26073555345602
33279246,644.5946716025983
49233593,251.51286462282042
48210075,317.2956801861819
55054820,514.6441268762665
96257897,685.3417813948354
51430742,585.1257149798685
83437485,238.95839007202449
50578351,212.38084123097542
97275251,378.3797232093034
16222585,552.1610638677203
39525336,455.10192692306964
78481250,423.7523622113131
90967247,353.344017438179
84855982,323.5362957963466
57782649,412.7397307304409
77997002,771.5347735195487
36215630,256.21163716306046
95580912,379.92156627922805
59034107,397.174813370264
74775777,282.7891860041095
39971311,810.5203102504593
89020638,365.82524865850746
51169286,340.7895428873826
99644215,-44.50980541230683
90744203,-191.71359722967418
96320211,464.4262286730823
36465697,520.8847424864312
86214609,381.5366526796197
81033519,760.3756553777421
61860616,516.1127266157237
11758072,951.5567297881298
72796099,716.5448594456566
12154166,445.70438184258956
48588483,248.35593515250457
75800458,677.486079384279
27360889,13.417308140499244
84455620,957.797345398294
94594944,552.1610638677203
73063439,808.9052238500676
81513909,406.4991151202771
76078349,-154.12341690775338
18738053,228.01900192161975
29574045,353.2707741077111
80540560,135.58539418674218
25751173,93.29644132458088
26008933,666.4734479034073
99638568,415.8966602007572
16106243,417.51174660114884
46712863,228.01900192161975
62434322,428.3778914210857
41483187,320.4526096564982
56776930,315.7538371162577
79612305,-53.90735049278692
64780825,234.25961753178444
45536007,138.66908032659057
46661025,691.5823970049992
77061678,275.0067273240211
60393588,464.4994720035497
63346660,464.4994720035497
27845955,520.8847424864312
55504400,571.0293973591479
29005367,235.8014606017082
22069246,256.21163716306046
84008491,400.33174284057986
17133631,405.0305153808199
84832150,263.9940958431489
45723864,647.6783577424467
43493787,790.2566203500419
66097518,495.8490367153063
70168465,188.8137351993073
94063743,121.4890765660216
14576418,470.666844283247
67277120,495.8490367153063
94345958,-116.53323658583258
30685847,166.93495889849828
85948230,340.7895428873826
89817663,107.39275894530147
32957921,727.5574909265288
46701128,229.5608449915444
70035645,447.3194682429812
60395047,1244.4224703529412
88839252,733.798106536693
84131490,275.0067273240211
75586325,489.60842110514204
80103534,323.5362957963466
43032685,348.6452448979385
15972126,365.82524865850746
41404247,414.42806046130045
38893753,376.8378801393792
73633779,965.6530474088504
35904393,613.1718635603743
24714022,624.2577383717139
19048345,812.2086399813184
47004008,93.29644132458088
94742593,683.7999383249107
75269823,545.9936915880235
25552669,-22.55778578103036
51828771,459.8006994633097
70179002,774.5452163289297
38115411,22.81485322097933
40317565,437.8486798320332
21110207,885.7739142247683
84762082,563.1736953485924
48690899,685.2685380643675
76594160,276.5485703939453
54192522,428.5243780820206
72813893,198.2112802797874
21004583,160.69434328833404
64817154,315.6805937857903
42706195,301.58427616507015
48103074,592.8349303294899
21878260,774.5452163289297
36272220,-6.919625090386035
13817497,607.0044912806775
41737305,843.41171803214
45517239,409.72928792105995
89500514,628.956510911954
35952974,350.1870879678627
79180368,713.5344166362761
49972479,242.11531954234033
16468436,-32.028574191977896
66415757,107.39275894530147
60737619,514.6441268762665
61065232,-27.256558321270404
40172654,32.212398301459416
89609665,96.45337079489673
23952725,-171.4499073292568
72896307,77.6582806339361
43835334,199.82636668017904
15170417,151.29679820785395
67479665,362.6683191881916
33361674,-194.87052669999048
44130617,417.51174660114884
51579953,232.7177744618598
75908580,600.7638756705132
55554604,278.0904134638695
78855633,-58.60612303302696
16657542,411.27113099098415
54732615,655.60730308347
61746292,212.38084123097542
57869356,387.7040249593165
29926611,608.6195776810691
75275045,445.70438184258956
47886535,412.8129740609088
44918482,365.82524865850746
78968246,552.2343071981877
54136456,264.0673391736168
90807736,275.0067273240211
60276696,226.47715885169555
82048962,134.04355111681753
92669446,304.741205635386
48680297,69.80257862338021
20902349,323.5362957963466
56991657,452.01824078322124
47839152,350.1138446373957
78844128,594.5232600603485
13384224,558.474922808352
46213331,119.9472334960974
34116626,256.21163716306046
13884884,-232.46070702191128
86060261,213.92268430089962
33698474,296.88550362482965
65729973,240.57347647241613
10671871,613.3183502213092
35704807,-77.40121319398759
55231783,11.875465070574592
62208192,539.6798326473918
67563103,389.31911135970813
72548470,472.3551740141056
35725437,652.4503736131546
91119982,583.5838719099443
58303560,538.1379895774671
48430844,279.7054998642611
17825416,491.15026417506624
97821966,5.634849460410351
76538437,664.8583615030157
46855429,264.0673391736168
70135617,378.3797232093034
68330883,616.4020363611576
82205109,873.2194396739719
47743752,323.3898091354117
55059767,469.1982445437902
88243398,630.4251106514107
44699350,605.3894048802858
35330178,655.60730308347
25203468,-22.55778578103036
40479165,199.75312334971204
10947997,101.15214333513677
76351104,547.5355346579477
11445786,401.8003425800366
49470754,348.57200156747103
25466549,275.0067273240211
68081302,307.89813510570184
66965573,130.88662164650168
91230160,301.6575194955376
44322697,462.95762893362553
17542284,475.438860153954
43035885,35.36932777177526
73926094,242.11531954234033
64948505,436.306836762109
78950808,426.90929168162893
38422125,459.8006994633097
70854487,503.7047387258626
96303461,738.5701224074005
46698218,-47.66673488262222
42918073,234.25961753178444
60976113,256.21163716306046
80414616,85.51398264449244
11919826,336.09077034714255
78548658,790.2566203500419
21857739,182.4998762586756
29877271,721.3168753163645
12698388,409.72928792105995
11871707,555.3179933380361
80819542,268.76611171385684
95941128,364.28340558858326
15401105,115.2484609558569
32754426,517.7278130161153
69235267,72.95950809369606
71590075,566.2573814884408
93562904,555.2447500075691
48418506,304.741205635386
91190923,500.5478092555463
33120061,732.1830201363018
79992717,414.42806046130045
57263719,354.8858605081027
97902872,866.9055807333402
11659952,151.29679820785395
19463140,71.41766502377186
32523829,754.1350397675778
91862885,805.9680243711537
72799092,516.1859699461911
53477503,260.9104097033005
66993460,273.39164092362944
13665562,437.92192316250066
80709687,525.5835150266712
40330962,381.4634093491518
42684844,531.8241306368354
27675885,-28.87164472166205
38250322,425.2942052812373
63478776,-64.8467386431912
62285686,198.2845236102553
97553472,950.0148867182056
64732641,539.6798326473918
10341748,891.8680431739976
34930451,260.9104097033005
53726168,636.665726261575
69426758,32.212398301459416
90029637,292.2599744150575
94611401,608.5463343506017
31394855,-105.5938484354283
36645175,-191.71359722967418
56281801,672.8605501745064
12148162,49.46564539249539
18771087,115.2484609558569
15509457,669.7036207041906
58811830,296.88550362482965
73003066,154.38048434770235
34190353,331.39199780690205
70731913,552.2343071981877
55320872,663.3897617635585
41886703,439.46376623242486
16884593,270.3079547837806
90415325,863.7486512630248
28408198,166.78847223756338
65914001,549.0773777278719
75122895,226.4039155212281
80177938,451.9449974527538
37984269,237.41654700209983
81491790,155.995570748094
37294085,160.69434328833404
23335477,229.5608449915444
74996570,-3.762695620069735
11602841,621.0275655709306
70152712,934.3034826970934
37504288,36.83792751123201
76619689,44.76687285225535
95075447,489.60842110514204
62779399,711.8460869054165
66278648,287.561201874817
18002070,132.42846471642588
94135062,646.063271342055
74396322,724.4738047866799
97169764,816.834169191091
84630384,544.3053618571644
46052909,596.0651031302732
60213474,544.3786051876318
33797784,140.28416672698222
59759309,744.8107380175652
47001738,356.4277035780274
76899861,184.11496265906726
54444766,893.5563729048572
26850612,636.7389695920424
22468145,459.8006994633097
39243645,312.5969076459419
35759583,112.09153148554151
92468992,350.1138446373957
68717112,722.9319617167562
47344834,603.8475618103616
52115284,480.21087602466196
21042322,-66.46182504358285
79258805,910.8096199958932
51304748,480.21087602466196
23253686,196.66943720986364
43275074,372.13910759913915
81602713,331.31875447643506
60924053,852.8825064430875
50363853,409.50955792965806
28412591,314.1387507158661
65145713,422.13727581092144
47077663,857.5080356528601
58136966,168.47680196842293
67034290,157.5374138180182
72057747,618.0171227615492
78034116,-55.449193562711116
99365155,860.7382084536434
56151729,635.2703698525856
68997667,165.39311582857408
46532370,213.92268430089962
43276809,561.5586089482008
70460118,384.6203388194681
66150334,323.5362957963466
92614050,367.4403350588991
69313526,589.7512441896415
70949373,506.788424865711
98595102,188.88697852977475
57731071,-31.955330861510447
58855043,101.15214333513677
45456441,165.31987249810663
39733268,326.693225266662
71064725,-154.12341690775338
29668017,486.4514916348262
94555207,486.4514916348262
60811404,882.6902280849199
53154973,91.75459825465668
79534885,321.99445272642197
82049293,478.5957896242703
19578533,-224.60500501135493
66374977,552.1610638677203
16850211,151.2235548773865
98217866,296.88550362482965
33773989,1053.387882603488
14998381,486.4514916348262
92421507,176.33250397897837
66591282,43.22502978233115
27243576,58.86319047297593
58962954,328.23506833658666
62891715,357.9695466479511
40256776,350.1138446373957
92014626,810.5203102504593
68868046,470.8133309441814
47811896,646.1365146725225
86438296,397.174813370264
10421272,240.57347647241613
56519274,232.7177744618598
84854339,177.87434704890302
95049673,697.8230126151639
65578696,80.8152101042524
85747970,10.333622000650394
69874974,665.0048481639501
34594425,224.86207245130436
14874183,732.2562634667688
91643227,127.72969217618584
94998930,445.63113851212165
25184219,632.0401970518024
78637662,708.6891574351012
40102355,475.5121034844219
33004293,575.6549265689209
85498300,627.3414245115623
37721019,373.68095066906335
78482421,481.7527190945857
81912650,220.16329991106386
86410146,162.23618635825824
69095320,279.7054998642611
56569332,323.5362957963466
97340317,251.43962129235342
37533494,361.1264761182674
55430447,274.93348399355364
45610406,538.0647462470001
64085140,882.6169847544525
81416250,982.9062944998864
70034683,306.35629203577764
40315264,276.5485703939453
73160601,632.1134403822693
54677638,304.741205635386
90571590,683.7266949944437
84772888,97.99521386482093
90285847,520.8847424864312
80203339,315.6805937857903
73536003,348.57200156747103
56021479,390.9341977600998
10526589,896.7133023751726
23648848,362.74156251865907
27805990,348.6452448979385
46740683,-68.0036681135075
66243364,289.1030449447412
88626421,345.41507209715564
81009655,428.3778914210857
47576712,54.09117460226844
73803450,694.7393264753155
47427075,462.8843856031581
72540520,-58.60612303302696
55407503,-69.54551118343124
49275948,801.1960085004466
74312584,207.60882536026793
84174297,550.6924641282635
96261162,534.9078167766838
22879870,508.33026793563477
13933179,464.4994720035497
20116066,437.8486798320332
38689361,524.041671956747
63156536,459.8006994633097
95340838,500.5478092555463
75352375,887.2425139642255
48265534,492.69210724499044
74912030,188.88697852977475
70071430,597.606946200197
87025516,115.2484609558569
52784904,470.74008761371397
96281041,77.6582806339361
60302206,721.3168753163645
88862209,157.5374138180182
66359731,755.7501261679695
56582999,357.9695466479511
78391067,611.6300204904501
84566381,621.1740522318651
15548328,228.01900192161975
49432086,127.80293550665328
49054075,146.5980256676139
71689174,93.29644132458088
64196832,162.23618635825824
85965917,539.6798326473918
30935690,1067.3377135632736
55460540,422.2105191413889
89457485,212.30759790050797
10188743,506.788424865711
58823191,431.608064221869
20643935,307.89813510570184
40325735,356.4277035780274
91136520,270.3079547837806
32259671,262.45225277322515
26400774,929.6047101568533
28057887,713.5344166362761
82844555,221.70514298098806
51111773,829.4618870723543
42987529,605.4626482107533
62978911,439.39052290195787
11881525,445.70438184258956
86857890,411.27113099098415
79797628,91.75459825465668
80357222,603.8475618103616
35431033,237.41654700209983
99201502,486.37824830435875
90452446,453.560083853145
18670977,663.3897617635585
66979442,177.87434704890302
93738605,212.38084123097542
29213200,384.6203388194681
31107212,-24.172872181422008
91594833,168.47680196842293
82943336,-177.61727960895405
68443662,503.7047387258626
93641230,453.560083853145
50244475,704.1368715557956
87626955,808.9784671805351
51387553,906.1840907861206
71504785,577.1235263083777
58768482,339.2476998174584
47301702,38.526257242091106
46285200,210.76575483058377
27113638,545.8472049270886
63361835,185.7300490594589
42709073,182.57311958914306
87920715,475.5121034844219
59996173,143.4410961972976
97865712,-21.015942711106163
76462362,899.8702318454889
38643308,204.52513922041908
62694540,116.79030402578155
62141335,226.4039155212281
34503041,309.43997817562604
11311229,868.5939104641998
51623206,395.6329703003398
28560163,339.2476998174584
94388349,494.3071936453821
86256710,110.54968841561686
61215694,351.65568770731943
80946911,146.5980256676139
35537651,663.3897617635585
66755381,431.608064221869
73455092,353.2707741077111
34041393,336.09077034714255
30484078,790.2566203500419
62329986,383.07849574954344
62897188,874.8345260743636
51881772,827.7735573414957
94211751,361.05323278779997
61613645,124.64600603633744
71479652,499.0059661856221
85310501,467.65640147386557
23110318,337.63261341706675
82884759,486.4514916348262
51095836,126.18784910626164
52772048,373.68095066906335
17245854,370.5240211987475
96708865,453.560083853145
67276218,581.9687855095526
89528454,242.11531954234033
73044839,531.8973739673029
92820854,57.32134740305173
81415527,484.83640523443455
54704500,370.5240211987475
62696690,342.3313859573068
43848311,567.8724678888325
30447397,285.9461154744258
96343937,49.46564539249539
19151468,757.3652125683611
75047192,304.741205635386
29891460,29.12871216161102
47625277,256.21163716306046
57930980,486.4514916348262
48354539,188.8137351993073
27628114,575.6549265689209
32690361,201.29496641963578
93744019,54.16441793273543
99861438,127.80293550665328
30181088,581.9687855095526
31181640,354.8858605081027
44766788,329.8501547369783
65594080,581.9687855095526
22508377,-35.11226033182675
97181173,368.9821781288233
17420303,445.70438184258956
67800143,466.0413150734739
33454469,275.0067273240211
30418520,511.48719740595106
89752463,76.11643756401236
55142148,367.36709172843166
20848293,-31.955330861510447
12617495,292.1867310845896
20378275,560.0900092087436
37172337,639.9691423928257
21839038,741.7270518777163
66993155,160.69434328833404
41249770,394.0178838999482
80181790,934.3767260275613
36248478,434.6917503617178
99097401,461.3425425332339
16998435,265.60918224354054
28345246,699.3648556850881
97230601,381.5366526796197
67442292,94.91152772497253
54477624,703.9903848948611
22866548,87.05582571441619
86504569,492.69210724499044
81257074,594.4500167298816
53101206,318.8375232561066
77626907,251.51286462282042
15402267,-111.83446404559254
66190974,339.2476998174584
85276459,372.13910759913915
61882567,300.04243309514595
67503548,226.47715885169555
80801220,367.36709172843166
45827465,146.52478233714646
13145303,475.438860153954
92842662,312.5969076459419
73150077,428.5243780820206
10904048,517.7278130161153
89655386,732.3295067972363
91827598,348.57200156747103
36736446,237.41654700209983
73791907,124.64600603633744
93237533,600.7638756705132
29020722,387.7772682897835
31344857,104.30907280545262
67961594,170.09188836881458
82896045,848.1104905723801
79782925,5.561606129942902
65627534,552.2343071981877
51055429,558.4016794778845
24073352,242.11531954234033
63468697,411.27113099098415
69815836,135.58539418674218
94658489,395.5597269698724
89803063,561.5586089482008
41826065,188.88697852977475
95957321,571.0293973591479
72164672,137.12723725666592
88171071,237.41654700209983
47273090,246.81409208258037
19574799,-93.03937388463191
74042503,597.606946200197
73199665,290.57164468419796
32553552,229.5608449915444
99007181,1176.9513250587206
86459252,231.17593139193605
33160158,799.580922100055
89403244,351.72893103778733
83607429,607.0044912806775
54979491,170.01864503834668
34711897,173.17557450866298
76049090,370.5240211987475
38209438,317.2956801861819
43607471,354.8858605081027
37603490,455.0286835926022
28133465,763.6790715089928
66543688,-78.94305626391179
13310180,780.9323186000292
70639698,24.429939621370977
31227382,202.98329615049533
27953042,173.10233117819507
62042217,181.03127651921886
91860613,368.9821781288233
55497701,348.57200156747103
20529003,513.1022838063427
95270433,415.9699035312242
99713042,279.7054998642611
78850782,484.909648564902
57339822,179.48943344929467
89910926,539.6798326473918
22738331,863.8951379239593
29399410,398.7166564401882
48960030,262.45225277322515
23209349,232.7177744618598
40869262,882.6169847544525
13469481,865.4369809938835
37901584,99.61030026521257
15827667,367.4403350588991
36279211,871.6775966040482
60254169,523.9684286262795
15666676,437.8486798320332
83527323,477.05394655434566
38323312,503.7047387258626
16145827,585.1257149798685
25816799,378.3797232093034
31540608,448.86131131290495
78332853,181.03127651921886
50241601,326.693225266662
59793938,519.2696560860395
99765396,431.608064221869
22142241,585.052471649401
28238312,61.946876612824326
56677251,217.07961377121546
79286536,818.4492555914826
20049898,477.05394655434566
79883465,146.52478233714646
64419086,-13.16024070054982
35428504,193.5857510700148
83636473,517.7278130161153
91911110,415.9699035312242
94747885,372.13910759913915
77052407,354.8858605081027
89274668,206.06698229034373
65429257,285.9461154744258
18949424,-11.618397630626077
78354959,96.45337079489673
38613499,367.4403350588991
99410878,1056.3983254128693
17066881,224.86207245130436
84559340,224.86207245130436
45796615,502.089652325471
18650747,354.8858605081027
87098836,350.1870879678627
18956602,118.4053904261732
49896714,766.6895143183742
51066559,331.39199780690205
72393934,520.8847424864312
63389143,422.2105191413889
35204339,199.82636668017904
51345357,79.20012370386075
46322354,33.82748470185106
33951394,553.7029069376445
41031096,246.81409208258037
42228451,412.6664873999739
41161057,202.98329615049533
98892524,314.06550738539863
19811103,63.56196301321597
65448488,708.7624007655681
32428376,303.1993625654618
85323274,588.2826444501843
92258087,-149.42464436751334
79217297,260.9104097033005
11989719,38.526257242091106
28471365,202.98329615049533
34542074,2.477919990094506
29164293,569.4143109587562
84304086,417.51174660114884
31817572,265.60918224354054
77771839,657.0759028229268
14239440,527.1986014270628
46882099,-33.570417261902094
38983396,367.36709172843166
31683463,453.560083853145
78092716,415.8966602007572
42013895,279.7054998642611
65197071,90.21275518473249
64495960,383.07849574954344
68745703,132.50170804689333
51390927,533.4392170372271
94850983,-80.55814266430343
24328415,425.2942052812373
85572847,498.9327228551547
42303463,442.62069570274116
48215084,672.787306844039
35427122,376.8378801393792
62307341,256.21163716306046
63212299,-74.24428372367129
97856687,586.5943147193252
35540248,105.85091587537681
41303810,483.29456216451035
72749855,505.24658179578637
21620577,132.50170804689333
33846878,201.3682097501037
72596574,-35.11226033182675
85230815,397.174813370264
72103187,253.0547076927446
39368813,285.9461154744258
77055150,592.9081736599569
61280124,204.52513922041908
88442406,359.58463304834277
34283144,256.21163716306046
20283328,195.127594139939
15081148,249.89777822242877
30803223,437.7021931710983
95977285,345.48831542762264
73578397,29.12871216161102
23548274,600.7638756705132
70020229,213.92268430089962
13657037,826.3049576020385
62209540,591.2930872595653
69122837,325.15138219673827
56882140,437.8486798320332
31090970,534.9810601071517
18895583,251.43962129235342
56220075,871.6775966040482
81883128,246.81409208258037
85178304,574.1863268294642
44572294,415.9699035312242
69139777,462.8843856031581
77682175,541.2949190477834
98697835,312.5969076459419
82862062,855.8929492524685
63154444,361.1264761182674
36052607,466.0413150734739
80221636,209.15066843019213
14612606,301.6575194955376
22793087,585.1257149798685
27221763,251.51286462282042
85356281,581.8955421790852
72870330,152.7653979473107
21631750,155.995570748094
65662420,390.86095442963233
94704718,-14.775327100941468
68031612,254.66979409313626
23780065,394.0178838999482
76854946,174.64417424811973
65320814,264.0673391736168
98544588,603.9208051408286
66236365,123.03091963594579
33614608,275.0067273240211
41538321,481.7527190945857
52604597,143.4410961972976
51929168,517.8010563465828
34989178,18.116080680739287
17968995,231.17593139193605
17104507,746.279337757022
31799006,276.5485703939453
80534303,-71.16059758382289
39486975,220.16329991106386
70473933,672.7140635135715
39315812,232.7177744618598
32664756,467.5831581433986
40582877,509.9453543360264
14853484,592.9081736599569
72018275,495.8490367153063
85501233,433.2231506222606
62857702,484.7631619039671
37589957,689.9673106046075
75861106,217.07961377121546
82048801,2.477919990094506
41226392,354.8858605081027
43191623,749.5095105578052
98896014,165.31987249810663
39009427,166.93495889849828
67635937,749.5827538882722
93989030,945.3161141779656
58213050,94.91152772497253
39089500,215.46452737082382
48099206,351.72893103778733
65115683,480.13763269419405
19072238,406.5723584507441
50691779,191.97066466962315
74240054,473.89701708403027
57606331,686.8836244647591
50124096,15.032394540890891
50596395,394.0178838999482
96230340,296.88550362482965
73626141,-144.7258718272733
12420303,354.8858605081027
64008469,990.7619965104427
44066450,586.6675580497927
27734466,702.4485418249365
30219489,461.41578586370133
43296487,387.7772682897835
22060633,426.90929168162893
23197881,571.0293973591479
65499520,309.43997817562604
42012431,221.7783863114555
42076492,215.46452737082382
92931745,262.45225277322515
47924563,610.1614207509933
17036042,473.89701708403027
79903869,652.3038869522197
27876581,348.57200156747103
10911722,680.4965221936604
21207465,312.5969076459419
90406241,430.0662211519448
92048586,373.60770733859636
72112785,368.9821781288233
10881048,594.4500167298816
71511312,591.2930872595653
42854203,152.83864127777815
23271785,646.1365146725225
92261360,383.07849574954344
14679655,450.32991105236215
90532154,351.72893103778733
32402071,331.39199780690205
90864060,165.31987249810663
27274358,22.81485322097933
26334631,321.921209395955
39224642,466.1145584039414
19272671,265.60918224354054
77841869,312.5969076459419
27204546,669.7036207041906
12405459,359.58463304834277
23265034,425.36744861170473
97633242,538.0647462470001
15746059,289.1030449447412
91462754,282.862429334577
71359730,802.6646082399034
61463575,660.3060756237101
66429439,235.8747039321761
63351764,635.1971265221182
96265907,234.25961753178444
87085441,516.1127266157237
53920662,591.3663305900332
67679919,185.7300490594589
96779897,-74.24428372367129
27837717,306.2830487053102
37035368,478.5957896242703
26123523,588.2094011197169
79652243,118.4053904261732
91451403,733.798106536693
29758902,138.74232365705757
47019965,668.0152909733315
14375753,553.7029069376445
85119076,785.5578478098014
58032446,137.20048058713382
58129049,589.8244875201085
89574518,325.07813886627036
61206117,176.25926064851137
30554474,162.23618635825824
65452020,361.1264761182674
97089415,547.5355346579477
75395475,170.01864503834668
58881030,503.6314953953947
49402947,-33.570417261902094
68947111,370.5240211987475
48259609,773.0033732590059
46561397,401.72709924956916
99687364,232.6445311313928
91051315,254.66979409313626
88446486,480.06438936372706
57583992,455.10192692306964
50054814,442.54745237227326
42048168,693.1242400749238
49480319,204.52513922041908
72653841,182.57311958914306
93923592,10.333622000650394
60863343,489.60842110514204
64544903,647.7516010729141
13683649,472.3551740141056
35441685,491.15026417506624
52702103,361.1264761182674
33316809,264.0673391736168
99319395,784.0160047398776
42958811,376.8378801393792
79034999,390.86095442963233
76692806,235.8747039321761
12247918,265.53593891307355
82872484,-135.32832674679275
74712172,509.79886767509197
40198101,218.62145684113966
21709825,467.65640147386557
56134477,1184.880270399744
64741940,409.6560445905925
20094279,72.95950809369606
86415472,-27.256558321270404
71923505,231.17593139193605
86463105,444.0892954421979
27182144,160.69434328833404
78605487,151.29679820785395
61339703,215.46452737082382
19457777,381.5366526796197
14282521,513.0290404758753
53055745,104.30907280545262
64045100,348.57200156747103
67336212,342.3313859573068
30110453,215.46452737082382
84766140,105.85091587537681
37132913,123.10416296641324
37337576,975.0505924893305
81785280,594.4500167298816
33749639,76.11643756401236
65293655,401.87358591050406
99472212,918.5920786759816
78611736,160.69434328833404
34109955,390.9341977600998
85732620,398.7166564401882
22271257,232.7177744618598
17111467,343.94647235769844
87529909,2.477919990094506
80109140,705.6787146257197
74139761,141.89925312737387
46468468,553.7029069376445
11871024,436.306836762109
38948416,747.8944241574136
79710564,921.8222514767649
76775271,221.70514298098806
39022631,325.15138219673827
90991831,217.07961377121546
89162323,285.9461154744258
23588134,561.6318522786678
97925196,722.8587183862887
73394555,500.47456592507933
81939394,298.4273466947543
34503849,339.17445648699095
97624284,937.3871688369422
83688015,160.69434328833404
26753007,-191.78684056014208
87953339,509.79886767509197
63187534,489.5351777746746
67816850,430.0662211519448
58193423,367.36709172843166
63256520,108.93460201522521
14482256,688.4987108651508
70047018,212.38084123097542
25694473,453.486840522678
18876734,531.8241306368354
24815106,608.6195776810691
32093953,276.5485703939453
21672606,437.92192316250066
51265019,-440.7485418624001
46633682,453.560083853145
99505720,433.2231506222606
72684116,455.10192692306964
73603518,331.39199780690205
42812113,624.184495041246
91497924,25.97178269129472
94645725,-199.56929924023052
83011406,472.3551740141056
40459671,713.4611733058082
28128683,495.8490367153063
89799485,246.81409208258037
78077056,469.1982445437902
60018274,334.54892727721835
63035070,423.7523622113131
50452662,124.64600603633744
90748238,-107.1356915053525
19626211,284.3310290740342
76831160,79.20012370386075
64430456,129.34477857657748
21788725,357.8963033174841
62692428,1076.8085019742216
44601450,104.23582947498517
84918858,895.0982159747809
60654538,310.98182124555024
33549671,263.9940958431489
96482407,223.3202293813797
38139452,531.7508873063684
25148521,495.7757933848393
39090111,483.29456216451035
37364225,152.7653979473107
79808740,68.26073555345602
54570288,119.9472334960974
81519320,384.6203388194681
61290981,-147.88280129758914
82595740,417.51174660114884
99018938,134.04355111681753
84429722,367.4403350588991
70463415,-180.7742090792699
13251670,309.43997817562604
63915791,187.2718921293831
37156544,392.4760408300235
19087720,19.731167081130934
15777066,221.7783863114555
88419707,271.84979785370524
48515636,367.36709172843166
88810042,262.37900944275725
55078871,527.0521147661284
82278966,207.68206869073538
33265741,411.19788766051715
64678931,647.7516010729141
26504939,165.31987249810663
64056925,367.4403350588991
46046461,43.22502978233115
47352478,517.7278130161153
91442238,304.741205635386
89293921,354.81261717763573
12378808,494.23395031491464
10153799,83.8988962441008
21954731,417.51174660114884
76938502,85.51398264449244
51632874,215.46452737082382
56510091,869.9892668731891
54773302,575.7281698993879
29181400,428.5243780820206
36937513,863.7486512630248
75732466,414.35481713083254
53117846,367.4403350588991
38538746,553.7761502681119
27988038,-2.2208525501459917
48886162,287.561201874817
24085686,296.88550362482965
57820012,564.7155384185162
46878225,647.7516010729141
20632751,276.5485703939453
47775231,198.2845236102553
46789610,702.5217851554039
72806360,378.3797232093034
21856002,848.1837339028475
42319053,383.07849574954344
99630613,328.1618250061192
61255494,212.38084123097542
76945971,381.4634093491518
40393163,325.15138219673827
81941837,359.58463304834277
45930551,719.7017889159729
24573538,682.0383652635842
52994547,66.71889248353182
28445231,610.0881774205259
45643109,937.4604121674097
75887247,138.74232365705757
46367713,343.873229027231
12575157,141.89925312737387
85076068,383.07849574954344
84603623,793.3403064898903
45514815,289.1030449447412
52278951,530.2822875669117
50360032,653.9922166830784
52896193,249.97102155289622
91847198,666.5466912338748
25179521,287.561201874817
92545328,-152.58157383782918
75231573,179.48943344929467
37926120,505.24658179578637
51096687,123.10416296641324
62646217,350.1870879678627
62619222,462.8843856031581
39457866,323.4630524658787
47130686,437.8486798320332
78763249,752.5931966976536
69618147,238.95839007202449
64127746,176.33250397897837
56593004,387.7772682897835
97403924,726.0888911870716
73948550,744.8107380175652
11236514,766.7627576488412
54389520,202.98329615049533
76068841,312.5969076459419
59631248,213.92268430089962
34575405,116.79030402578155
91359645,323.5362957963466
14542871,235.8014606017082
37836409,375.22279373898755
99958710,157.5374138180182
50329848,436.306836762109
55825298,456.64376999299384
43158591,401.87358591050406
95022900,744.8107380175652
11903900,317.2956801861819
59905554,430.0662211519448
33394781,542.8367621177072
85262305,315.7538371162577
18156267,478.5957896242703
77719072,240.57347647241613
72353806,602.305718740437
61973490,265.60918224354054
80257850,790.2566203500419
27763246,213.92268430089962
28152447,314.1387507158661
40447839,367.4403350588991
88401173,505.24658179578637
77151749,-334.2918598372694
76938434,217.07961377121546
14595997,19.65792375066303
22245783,270.3079547837806
45164346,434.6917503617178
44320199,38.526257242091106
35470526,199.82636668017904
83276172,350.1138446373957
65081928,415.9699035312242
34774976,581.9687855095526
10096416,278.16365679433693
76574726,722.8587183862887
88509347,365.82524865850746
11304650,434.7649936921848
26418453,-492.43503980504147
69643263,231.10268806146814
30241547,185.7300490594589
89725513,467.65640147386557
32289745,425.22096195076983
33888699,390.86095442963233
67508421,245.27224901265618
86446610,473.89701708403027
71641515,884.1588278243767
46243423,151.29679820785395
86921194,441.0056093023495
15222892,365.82524865850746
29435694,459.72745613284224
35795322,1000.0130549299879
39026338,83.8988962441008
27051431,376.8378801393792
91107111,-8.461468160309778
76674186,276.5485703939453
17932616,685.3417813948354
86326117,467.65640147386557
64151997,819.9910986614068
